"horario_alinhado";"data_hora_et";"status";"RU_ET";"bulbo_umido_stull_ET";"globo_ET";"bulbo_seco_ET";"IBUTG_ET";"temperatura_simepar";"umidade_simepar";"bulbo_umido_stull_recalc_ET";"IBUTG_recalc_coluna_ET";"IBUTG_recalc_stull_ET";"bulbo_umido_stull_simepar";"IBUTG_stull_simepar_T_RH";"dif_ibutg_coluna_menos_original";"dif_ibutg_stull_ET_menos_original";"dif_ibutg_simepar_menos_ET";"dif_bulbo_umido_recalc_menos_coluna"
2026-06-18 16:00:00;2026-06-18 16:07:10;"1F";63,8;10,1;18,8;14,1;12,2;13,7;70,5;10,1167586717033;12,24;12,2517310701923;10,4644376102746;12,4551063271922;0,0400000000000009;0,051731070192309;0,255106327192195;0,0167586717032986
2026-06-18 16:15:00;2026-06-18 16:22:07;"1F";65,6;9,9;17,3;13,6;11,7;13,7;70,4;9,85147768177085;11,75;11,7160343772396;10,4537857418418;12,1476500192893;0,0500000000000007;0,0160343772395937;0,447650019289256;-0,0485223182291517
2026-06-18 16:30:00;2026-06-18 16:37:12;"1F_SUSPEITO";67,7;9,9;15,5;13,4;11,4;13,3;72,4;9,88911640485614;11,37;11,3623814833993;10,2914632485809;11,6340242740066;-0,0300000000000011;-0,0376185166007019;0,234024274006613;-0,0108835951438593
2026-06-18 17:15:00;2026-06-18 17:22:06;"1F";71,6;9,7;12,6;12,8;10,6;12,7;75,7;9,73888548687022;10,59;10,6172198408092;10,071273332726;10,8398913329082;-0,00999999999999979;0,0172198408091528;0,239891332908213;0,0388854868702175
2026-06-18 17:30:00;2026-06-18 17:37:10;"1F";73,8;9,5;11,5;12,3;10,2;12,5;76,3;9,49639664336246;10,18;10,1774776503537;9,94382763826577;10,510679346786;-0,0199999999999996;-0,0225223496462785;0,31067934678604;-0,00360335663754263
2026-06-18 17:45:00;2026-06-18 17:52:04;"1F";75,8;9,4;10,6;12;9,9;12,1;77,9;9,41768429598589;9,9;9,91237900719012;9,72826138484785;10,1397829693935;-1,77635683940025e-15;0,0123790071901215;0,239782969393493;0,0176842959858909
2026-06-18 18:00:00;2026-06-18 18:07:04;"1F";77,2;9,4;10,2;11,8;9,8;11,9;79,3;9,37051998586151;9,8;9,77936399010306;9,68088602279058;10,0066202159534;0;-0,0206360098969434;0,206620215953405;-0,0294800141384908
2026-06-18 18:15:00;2026-06-18 18:22:03;"1F";79,7;9,2;9,8;11,4;9,6;11,6;80,7;9,24232327109969;9,54;9,56962628976978;9,53620559130314;9,7953439139122;-0,0599999999999987;-0,0303737102302186;0,1953439139122;0,0423232710996864
2026-06-18 18:30:00;2026-06-18 18:37:03;"1F";81,4;9,1;9,4;11,1;9,4;11,2;82,4;9,12587386833112;9,36;9,37811170783178;9,32360726354772;9,5265250844834;-0,0400000000000009;-0,0218882921682173;0,126525084483404;0,0258738683311197
2026-06-18 18:45:00;2026-06-18 18:52:02;"1F";81,9;9;9,1;10,9;9,2;10,9;83,4;8,98338198875774;9,21;9,19836739213042;9,13452561446778;9,30416793012744;0,00999999999999979;-0,00163260786958297;0,104167930127444;-0,0166180112422616
2026-06-18 19:00:00;2026-06-18 19:07:02;"1F";82,9;9;8,9;10,8;9,1;10,8;83,9;8,9873199513963;9,16;9,15112396597741;9,08801175324071;9,2216082272685;0,0600000000000005;0,051123965977407;0,121608227268499;-0,0126800486037038
2026-06-18 19:15:00;2026-06-18 19:22:01;"1F";83,3;8,9;8,8;10,7;9,1;10,7;84,6;8,93070127535707;9,06;9,08149089274995;9,06145121160463;9,17301584812324;-0,0399999999999991;-0,0185091072500487;0,073015848123239;0,0307012753570728
2026-06-18 19:30:00;2026-06-18 19:37:01;"1F";83,4;8,8;8,6;10,6;9;10,6;84,9;8,84385279930791;8,94;8,97069695951554;8,99441670537602;9,07609169376321;-0,0600000000000005;-0,0293030404844625;0,0760916937632121;0,0438527993079116
2026-06-18 19:45:00;2026-06-18 19:52:01;"1F";84;8,9;8,6;10,6;9;10,5;85,1;8,90400887841588;9,01;9,01280621489112;8,91721728931723;9,01205210252206;0,00999999999999979;0,0128062148911177;0,0120521025220643;0,00400887841588293
2026-06-18 20:00:00;2026-06-18 20:06:59;"1F";85,2;8,8;8,3;10,4;8,9;10,5;85,5;8,82991248352882;8,86;8,88093873847017;8,95738734640809;8,98017114248567;-0,0400000000000009;-0,0190612615298296;0,0801711424856659;0,0299124835288165
2026-06-18 20:15:00;2026-06-18 20:22:01;"1F";85,4;8,8;8,2;10,4;8,9;10,3;86,1;8,84994788264854;8,84;8,87496351785397;8,82259007245757;8,8458130507203;-0,0600000000000005;-0,0250364821460263;-0,0541869492797034;0,0499478826485351
2026-06-18 20:30:00;2026-06-18 20:37:00;"1F";86;8,7;8;10,2;8,7;10,2;86,5;8,71503574991343;8,71;8,7205250249394;8,76500597289123;8,75550418102386;0,00999999999999979;0,0205250249394027;0,0555041810238617;0,0150357499134319
2026-06-18 20:45:00;2026-06-18 20:52:01;"1F";86,1;8,7;8,1;10,2;8,7;10,1;86,9;8,72502431170586;8,73;8,7475170181941;8,70727025872458;8,72508918110721;0,0299999999999994;0,0475170181940996;0,0250891811072087;0,025024311705856
2026-06-18 21:00:00;2026-06-18 21:07:01;"1F";86,4;8,7;8,2;10,1;8,7;10,1;87,1;8,65736710242161;8,74;8,71015697169513;8,72725099687162;8,75907569781013;0,0399999999999991;0,0101569716951264;0,059075697810135;-0,0426328975783896
2026-06-18 21:15:00;2026-06-18 21:22:00;"1F";87,5;8,7;8,3;10;8,7;10;87,4;8,66933920826188;8,75;8,72853744578332;8,65936044283591;8,72155230998514;0,0500000000000007;0,0285374457833196;0,0215523099851396;-0,0306607917381143
2026-06-18 21:30:00;2026-06-18 21:36:58;"1F";88,2;8,7;8,2;10;8,8;9,9;88,1;8,73926971057782;8,73;8,75748879740447;8,63122010033496;8,67185407023447;-0,0700000000000021;-0,0425112025955272;-0,12814592976553;0,0392697105778197
2026-06-18 21:45:00;2026-06-18 21:51:56;"1F";88,5;8,8;8,2;10;8,8;9,9;88,6;8,76928240729479;8,8;8,77849768510635;8,68112182710055;8,70678527897038;0;-0,0215023148936488;-0,0932147210296179;-0,0307175927052121
2026-06-18 22:00:00;2026-06-18 22:06:55;"1F";88,8;8,7;8,2;9,9;8,7;9,9;88,9;8,70110259229299;8,72;8,72077181460509;8,71109728211849;8,72776809748295;0,0199999999999996;0,0207718146050926;0,0277680974829462;0,00110259229299103
2026-06-18 22:15:00;2026-06-18 22:21:57;"1F";89,3;8,8;8,1;9,9;8,7;9,8;89,2;8,75110478815985;8,77;8,7357733517119;8,64278572577286;8,649950008041;0,0700000000000003;0,0357733517118959;-0,0500499919589998;-0,0488952118401507
2026-06-18 22:30:00;2026-06-18 22:36:54;"1F";89,9;8,7;7,9;9,8;8,7;9,8;89,5;8,71272478692992;8,65;8,65890735085094;8,67274214618276;8,63091950232793;-0,0500000000000007;-0,0410926491490571;-0,0690804976720685;0,012724786929919
2026-06-18 22:45:00;2026-06-18 22:51:54;"1F";90,4;8,8;8;9,8;8,7;9,7;89,9;8,76276868607629;8,74;8,7139380802534;8,61424711856774;8,59997298299742;0,0400000000000009;0,0139380802533999;-0,100027017002583;-0,0372313139237157
2026-06-18 23:00:00;2026-06-18 23:06:53;"1F";91,3;8,8;8,1;9,7;8,7;9,7;90,3;8,75422877963077;8,75;8,71796014574154;8,6541828697543;8,64792800882801;0,0500000000000007;0,0179601457415401;-0,0520719911719905;-0,0457712203692289
2026-06-18 23:15:00;2026-06-18 23:21:52;"1F";91,9;8,8;8,2;9,7;8,8;9,6;90,9;8,81439830453897;8,77;8,78007881317728;8,61546429607093;8,63082500724965;-0,0300000000000011;-0,0199211868227209;-0,169174992750353;0,01439830453897
2026-06-18 23:30:00;2026-06-18 23:36:56;"1F";91;8,9;8,4;9,9;8,9;9,7;91,3;8,92165154983481;8,9;8,91515608488437;8,75422877963077;8,77796014574154;0;0,015156084884369;-0,12203985425846;0,0216515498348127
2026-06-18 23:45:00;2026-06-18 23:51:53;"1F";90,4;8,9;8,4;9,9;8,9;9,7;91,2;8,86136317713513;8,9;8,87295422399459;8,74421088961401;8,77094762272981;0;-0,0270457760054068;-0,129052377270193;-0,0386368228648664
2026-06-19;2026-06-19 00:06:50;"1F";90,8;8,8;8,3;9,8;8,8;9,7;90,9;8,8028563790534;8,8;8,80199946533738;8,71417496493482;8,72992247545437;0;0,00199946533738071;-0,070077524545626;0,00285637905340153
2026-06-19 00:15:00;2026-06-19 00:21:53;"1F";91,6;8,8;8;9,7;8,7;9,7;90,9;8,7843002103192;8,73;8,71901014722344;8,71417496493482;8,66992247545437;0,0300000000000011;0,0190101472234421;-0,0300775245456251;-0,0156997896807987
2026-06-19 00:30:00;2026-06-19 00:36:50;"1F";92,1;8,6;7,9;9,5;8,6;9,6;91,1;8,6365053707953;8,55;8,57555375955671;8,63543902942766;8,58480732059936;-0,0500000000000007;-0,0244462404432912;-0,0151926794006396;0,0365053707952985
2026-06-19 00:45:00;2026-06-19 00:51:49;"1F";92,7;8,7;8;9,5;8,6;9,4;91,5;8,6965443546714;8,64;8,63758104826998;8,47772603627099;8,47440822538969;0,0399999999999991;0,0375810482699812;-0,125591774610308;-0,00345564532859655
2026-06-19 01:00:00;2026-06-19 01:06:48;"1F";91,9;8,9;8,4;9,8;8,9;9,5;91,9;8,91333914590953;8,89;8,89933740213667;8,61651656454273;8,66156159517991;-0,00999999999999979;-0,000662597863330561;-0,238438404820092;0,0133391459095265
2026-06-19 01:15:00;2026-06-19 01:21:53;"1F";90,4;9;8,9;10;9;9,6;91,9;8,95995764837683;9,08;9,05197035386378;8,71545744410217;8,84082021087152;0,0800000000000001;0,0519703538637817;-0,15917978912848;-0,0400423516231694
2026-06-19 01:30:00;2026-06-19 01:36:48;"1F";89,9;8,8;9,1;9,9;9;9,7;91,2;8,81120243511505;8,97;8,97784170458054;8,74421088961401;8,91094762272981;-0,0299999999999994;-0,0221582954194623;-0,0890523772701926;0,0112024351150524
2026-06-19 01:45:00;2026-06-19 01:51:52;"1F_SUSPEITO";89,9;8,7;9;9,8;8,9;9,7;90,6;8,71272478692992;8,87;8,87890735085094;8,68416563508117;8,84891594455682;-0,0300000000000011;-0,0210926491490575;-0,0510840554431802;0,012724786929919
2026-06-19 02:00:00;2026-06-19 02:06:51;"1F";89,9;8,6;8,7;9,7;8,7;9,6;90,4;8,61424711856774;8,73;8,73997298299741;8,56557964426935;8,69590575098854;0,0300000000000011;0,0399729829974156;-0,00409424901145883;0,0142471185677362
2026-06-19 02:15:00;2026-06-19 02:21:47;"1F";89,6;8,7;8,8;9,8;8,8;9,6;90,4;8,68273343811336;8,83;8,81791340667936;8,56557964426935;8,71590575098854;0,0299999999999994;0,0179134066793551;-0,0840942490114607;-0,0172665618866343
2026-06-19 02:30:00;2026-06-19 02:36:45;"1F";89,4;8,7;8,9;9,8;8,8;9,6;90,2;8,66275376432841;8,85;8,82392763502989;8,54564663368224;8,72195264357757;0,0499999999999989;0,0239276350298887;-0,0780473564224309;-0,037246235671585
2026-06-19 02:45:00;2026-06-19 02:51:44;"1F";89,1;8,5;8,8;9,7;8,7;9,6;90;8,53451682928466;8,68;8,70416178049926;8,52572552439022;8,68800786707315;-0,0199999999999996;0,0041617804992633;-0,0119921329268458;0,0345168292846605
2026-06-19 03:00:00;2026-06-19 03:06:44;"1F";88,7;8,6;8,8;9,8;8,8;9,6;89,8;8,59291646615463;8,76;8,75504152630824;8,50581630754138;8,67407141527897;-0,0400000000000009;-0,0449584736917572;-0,125928584721034;-0,00708353384536586
2026-06-19 03:15:00;2026-06-19 03:21:44;"1F";88;8,6;8,9;9,9;8,8;9,6;89,5;8,62124834709064;8,79;8,80487384296345;8,47597476098044;8,67318233268631;-0,0100000000000016;0,00487384296344828;-0,126817667313695;0,0212483470906424
2026-06-19 03:30:00;2026-06-19 03:36:43;"1F";87,3;8,7;9,1;10,1;8,9;9,8;89,1;8,74724288369899;8,92;8,95307001858929;8,63280606651627;8,84296424656139;0,0199999999999996;0,0530700185892918;-0,0570357534386083;0,0472428836989902
2026-06-19 03:45:00;2026-06-19 03:51:42;"1F";86,9;8,9;9,3;10,3;9,1;10;88,6;8,90279288119617;9,12;9,12195501683732;8,77929231457802;9,00550462020461;0,0199999999999996;0,021955016837321;-0,0944953797953865;0,00279288119617327
2026-06-19 04:00:00;2026-06-19 04:06:42;"1F";86,7;9,1;9,5;10,5;9,3;10,2;88,2;9,07815100625022;9,32;9,30470570437515;8,93541963699728;9,17479374589809;0,0199999999999996;0,0047057043751515;-0,125206254101908;-0,0218489937497832
2026-06-19 04:15:00;2026-06-19 04:21:42;"1F";86,4;9,1;9,7;10,6;9,4;10,3;87,9;9,14556357894921;9,37;9,40189450526445;9,0032915912931;9,27230411390517;-0,0300000000000011;0,00189450526444723;-0,127695886094831;0,0455635789492099
2026-06-19 04:30:00;2026-06-19 04:36:42;"1F";86,8;9,2;9,8;10,6;9,4;10,4;87,7;9,18596878023475;9,46;9,45017814616433;9,08112485896268;9,35678740127388;0,0600000000000005;0,0501781461643276;-0,0432125987261198;-0,014031219765247
2026-06-19 04:45:00;2026-06-19 04:51:40;"1F";87;9,1;9,8;10,5;9,4;10,4;87,9;9,10840161487497;9,38;9,38588113041248;9,10129457252422;9,37090620076696;-0,0199999999999996;-0,0141188695875165;-0,0290937992330438;0,00840161487497504
2026-06-19 05:00:00;2026-06-19 05:06:40;"1F";86,9;9;9,8;10,4;9,3;10,4;88;9,00055415973719;9,3;9,30038791181603;9,11138349487882;9,37796844641517;0;0,000387911816030595;0,07796844641517;0,000554159737189863
2026-06-19 05:15:00;2026-06-19 05:21:40;"1F";86,9;9;9,6;10,4;9,3;10,3;87,9;9,00055415973719;9,26;9,26038791181603;9,0032915912931;9,25230411390517;-0,0400000000000027;-0,0396120881839686;-0,0476958860948304;0,000554159737189863
2026-06-19 05:30:00;2026-06-19 05:36:39;"1F";86,7;8,9;9,6;10,3;9,2;10,2;88;8,88272587501395;9,18;9,16790811250977;8,9153294991756;9,18073064942292;-0,0200000000000014;-0,0320918874902336;-0,0192693505770762;-0,0172741249860469
2026-06-19 05:45:00;2026-06-19 05:51:38;"1F";86,9;8,8;9,4;10,2;9,1;10,1;87,9;8,80503158088108;9,06;9,06352210661676;8,80728556541906;9,05509989579334;-0,0399999999999991;-0,0364778933832426;-0,0449001042066595;0,0050315808810808
2026-06-19 06:00:00;2026-06-19 06:06:38;"1F";87,1;8,8;9,1;10,2;9;10,1;88;8,82506089959961;9;9,01754262971972;8,8173024696826;9,00211172877782;0;0,0175426297197241;0,00211172877781962;0,0250608995996053
2026-06-19 06:15:00;2026-06-19 06:21:37;"1F";87,1;8,8;9,1;10,2;9;10,1;88,2;8,82506089959961;9;9,01754262971972;8,83734468431322;9,01614127901926;0;0,0175426297197241;0,0161412790192568;0,0250608995996053
2026-06-19 06:30:00;2026-06-19 06:36:37;"1F";87,1;8,8;9,1;10,2;9;10,1;88,2;8,82506089959961;9;9,01754262971972;8,83734468431322;9,01614127901926;0;0,0175426297197241;0,0161412790192568;0,0250608995996053
2026-06-19 06:45:00;2026-06-19 06:51:36;"1F";87,3;8,8;9,1;10,2;9;10,1;88,2;8,84510124634626;9;9,03157087244238;8,83734468431322;9,01614127901926;0;0,0315708724423782;0,0161412790192568;0,0451012463462543
2026-06-19 07:00:00;2026-06-19 07:06:38;"1F";87,3;8,8;8,9;10,2;9;10,1;88,3;8,84510124634626;8,96;8,99157087244238;8,84736999777848;8,98315899844493;-0,0399999999999991;-0,00842912755762093;-0,0168410015550666;0,0451012463462543
2026-06-19 07:15:00;2026-06-19 07:21:35;"1F";88,9;8,9;8,7;10,1;9;10,1;88,5;8,90758086101002;8,98;8,98530660270701;8,86742904469447;8,95720033128613;-0,0199999999999996;-0,0146933972929855;-0,0427996687138723;0,00758086101002142
2026-06-19 07:30:00;2026-06-19 07:36:34;"1F";89;9;8,8;10,1;9,1;10;89,1;8,91762584937785;9,07;9,0123380945645;8,82938447903031;8,94056913532122;-0,0299999999999994;-0,0876619054355032;-0,159430864678784;-0,0823741506221474
2026-06-19 07:45:00;2026-06-19 07:51:35;"1F";88,7;9,2;9,5;10,4;9,4;10,1;89,5;9,18208200406899;9,38;9,3674574028483;8,96789307097582;9,18752514968307;-0,0200000000000014;-0,0325425971517053;-0,212474850316926;-0,0179179959310076
2026-06-19 08:00:00;2026-06-19 08:06:34;"1F";88,8;9,4;10,7;10,6;9,8;10,3;89,6;9,38862856610385;9,78;9,77203999627269;9,1747692427103;9,59233846989721;-0,0199999999999996;-0,0279600037273067;-0,207661530102788;-0,0113714338961532
2026-06-19 08:15:00;2026-06-19 08:21:34;"1F";88,3;9,5;11,8;10,8;10,1;10,4;89,8;9,53406165082932;10,09;10,1138431555805;9,29344962255276;9,90541473578693;-0,00999999999999979;0,0138431555805258;-0,194585264213066;0,0340616508293223
2026-06-19 08:30:00;2026-06-19 08:36:33;"1F";85,9;9,8;13,4;11,4;10,7;10,6;89,6;9,87524728799732;10,68;10,7326731015981;9,4699904843089;10,3689933390162;-0,0199999999999978;0,0326731015981263;-0,331006660983771;0,0752472879973212
2026-06-19 08:45:00;2026-06-19 08:51:32;"1F";83,7;10;15,3;11,8;11,3;11;88,8;10,037522709659;11,24;11,2662658967613;9,78150010184474;11,0070500712913;-0,0600000000000005;-0,0337341032386718;-0,292949928708685;0,0375227096590436
2026-06-19 09:00:00;2026-06-19 09:06:32;"1F";81,8;10,4;16,8;12,4;11,9;11,3;87,5;10,4205213531455;11,88;11,8943649472019;9,94212496040152;11,4494874722811;-0,0199999999999996;-0,00563505279812304;-0,450512527718935;0,0205213531455382
2026-06-19 09:15:00;2026-06-19 09:21:31;"1F";80,9;10,4;17,6;12,5;12,1;11,8;85,9;10,4228389187798;12,05;12,0659872431459;10,265312374925;11,8857186624475;-0,0499999999999989;-0,034012756854116;-0,214281337552487;0,0228389187798346
2026-06-19 09:30:00;2026-06-19 09:36:30;"1F";80,3;10,6;17,7;12,7;12,2;12,1;84,5;10,5523199597546;12,23;12,1966239718282;10,4117368230602;12,0382157761421;0,0299999999999994;-0,00337602817177007;-0,161784223857854;-0,0476800402453854
2026-06-19 09:45:00;2026-06-19 09:51:33;"1F";78,4;11,2;19,4;13,6;13,1;12,3;83,9;11,2133963495117;13,08;13,0893774446582;10,5432735633452;12,4902914943416;-0,0200000000000014;-0,0106225553417776;-0,60970850565838;0,0133963495117495
2026-06-19 10:00:00;2026-06-19 10:06:30;"1F";76,5;11,3;24;13,9;14,1;13,1;82,2;11,295339790272;14,1;14,0967378531904;11,1383973760121;13,9068781632085;1,77635683940025e-15;-0,0032621468096341;-0,193121836791528;-0,00466020972804948
2026-06-19 10:15:00;2026-06-19 10:21:30;"1F";74,3;11,9;24,2;14,8;14,6;13,5;81,1;11,9086011700022;14,65;14,6560208190015;11,4067198410488;14,1747038887342;0,0500000000000007;0,0560208190015459;-0,42529611126584;0,00860117000220662
2026-06-19 10:30:00;2026-06-19 10:36:31;"1F";69,9;12,7;22,7;16,2;15;14,6;78,2;12,7287289982725;15,05;15,0701102987908;12,1472054280567;14,5030437996397;0,0500000000000007;0,0701102987907767;-0,496956200360302;0,0287289982725376
2026-06-19 10:45:00;2026-06-19 10:51:29;"1F";66,9;13,4;23,3;17,3;15,8;15,8;74,5;13,4002136949531;15,77;15,7701495864672;12,8754967026629;15,252847691864;-0,0300000000000011;-0,0298504135328095;-0,547152308136001;0,000213694953130172
2026-06-19 11:15:00;2026-06-19 11:21:54;"1F";58,8;13,7;27,1;18,7;16,9;18;67,2;13,6925233376826;16,88;16,8747663363778;14,0815405700338;17,0770783990236;-0,0199999999999996;-0,0252336636221706;0,17707839902365;-0,00747666231738719
2026-06-19 11:30:00;2026-06-19 11:36:34;"1F";56,9;14,1;28;19,4;17,4;18,4;65,6;14,0765746851289;17,41;17,3936022795902;14,2564089289171;17,419486250242;0,0100000000000016;-0,00639772040975117;0,0194862502419646;-0,0234253148710781
2026-06-19 12:00:00;2026-06-19 12:06:26;"1F";55,8;14,5;29,3;20;18;19,3;63,8;14,4656630584183;18,01;17,9859641408928;14,8578024702628;18,1904617291839;0,00999999999999801;-0,0140358591072065;0,190461729183941;-0,0343369415817207
2026-06-19 12:15:00;2026-06-19 12:21:38;"1F";54,7;14,9;29,2;20,7;18,4;19,7;62,8;14,9369888904877;18,34;18,3658922233414;15,0960285075135;18,3772199552595;-0,0599999999999987;-0,0341077766585869;-0,0227800447405251;0,0369888904877325
2026-06-19 12:30:00;2026-06-19 12:36:30;"1F";53,8;14,9;29,9;20,8;18,5;20,3;61,5;14,9038603139782;18,49;18,4927022197848;15,4734720701789;18,8414304491253;-0,00999999999999801;-0,00729778021523231;0,341430449125262;0,0038603139782456
2026-06-19 13:00:00;2026-06-19 13:06:31;"1F";54,2;15;28,7;20,9;18,4;20,4;61,6;15,0453936940771;18,33;18,361775585854;15,57680550418;18,683763852926;-0,0699999999999967;-0,0382244141460006;0,283763852926029;0,0453936940771413
2026-06-19 13:15:00;2026-06-19 13:21:22;"1F";55,2;15;28,4;20,7;18,2;20,1;61,9;15,003819462519;18,25;18,2526736237633;15,3440440927426;18,4308308649198;0,0500000000000007;0,052673623763301;0,230830864919806;0,00381946251900089
2026-06-19 13:30:00;2026-06-19 13:36:21;"1F";56,7;14,8;26,8;20,3;17,8;20,1;62,7;14,8488805561245;17,75;17,7842163892872;15,4465675845304;18,1825973091713;-0,0500000000000007;-0,0157836107128411;0,382597309171299;0,0488805561245123
2026-06-19 13:45:00;2026-06-19 13:51:21;"1F";57,6;14,9;26;20,3;17,7;20;63,7;14,9667697627967;17,66;17,7067388339577;15,483278713718;18,0382950996026;-0,0399999999999991;0,00673883395769792;0,33829509960259;0,0667697627967083
2026-06-19 14:00:00;2026-06-19 14:06:20;"1F";57,5;15,1;26;20,5;17,8;20;64;15,131590042761;17,82;17,8421130299327;15,5214701102624;18,0650290771837;0,0199999999999996;0,0421130299326862;0,265029077183666;0,0315900427609836
2026-06-19 14:15:00;2026-06-19 14:21:19;"1F";58,1;14,9;25,3;20,2;17,5;20,1;63,8;14,9429269263058;17,51;17,5400488484141;15,5871849888143;17,98102949217;0,0100000000000016;0,0400488484140915;0,481029492169977;0,042926926305844
2026-06-19 14:30:00;2026-06-19 14:36:19;"1F";59,2;15,1;24,1;20,2;17,4;19,9;64,9;15,0858534040784;17,41;17,4000973828549;15,5443413943514;17,691038976046;0,0100000000000016;9,73828548964661e-05;0,291038976046011;-0,014146595921579
2026-06-19 15:00:00;2026-06-19 15:06:18;"1F";59,3;15,4;25,2;20,5;17,9;20,1;65,7;15,3676460688771;17,87;17,847352248214;15,8291794537628;18,130425617634;-0,0299999999999976;-0,0526477517860293;0,230425617633959;-0,0323539311229037
2026-06-19 15:15:00;2026-06-19 15:21:17;"1F";59,3;15,4;25;20,5;17,8;20,2;65,3;15,3676460688771;17,83;17,807352248214;15,8699919192208;18,1289943434545;0,0299999999999976;0,00735224821396585;0,328994343454539;-0,0323539311229037
2026-06-19 15:45:00;2026-06-19 15:51:17;"1F";59,5;15,4;24,4;20,5;17,7;20,2;65,6;15,3937843484671;17,71;17,705649043927;15,9082373401327;18,0357661380929;0,0100000000000016;0,0056490439269723;0,335766138092875;-0,00621565153289971
2026-06-19 16:00:00;2026-06-19 16:06:16;"1F";60,5;15,3;23,7;20,3;17,5;20,2;65,7;15,3441467603489;17,48;17,5109027322442;15,9209800159024;17,9046860111317;-0,0199999999999996;0,0109027322442401;0,404686011131712;0,0441467603489158
2026-06-19 16:15:00;2026-06-19 16:21:22;"1F";61,8;15,2;22;19,9;17;20;66,4;15,1502301289716;17,03;16,9951610902801;15,8260447451511;17,4782313216058;0,0299999999999976;-0,00483890971989354;0,478231321605758;-0,0497698710284169
2026-06-19 16:30:00;2026-06-19 16:36:15;"1F";63,3;15,2;20,9;19,7;16,8;19,7;67,7;15,1592995021555;16,79;16,7615096515089;15,7130435782558;17,149130504779;-0,0100000000000016;-0,0384903484911483;0,34913050477903;-0,0407004978444938
2026-06-19 16:45:00;2026-06-19 16:51:15;"1F";65,1;15;19,6;19,3;16,4;19,5;68,7;15,020040793081;16,35;16,3640285551567;15,6527137592137;16,8268996314496;-0,0499999999999972;-0,0359714448432769;0,426899631449615;0,0200407930810336
2026-06-19 17:00:00;2026-06-19 17:06:14;"1F";65,5;15,2;19,3;19,4;16,4;19,3;69,8;15,1616082558448;16,44;16,4131257790913;15,6032977384717;16,7123084169302;0,0400000000000027;0,0131257790913395;0,312308416930222;-0,0383917441552306
2026-06-19 17:15:00;2026-06-19 17:21:13;"1F";68,7;15;19;18,8;16,2;19,1;71,1;15,0034212505379;16,18;16,1823948753765;15,5768807198971;16,613816503928;-0,0199999999999996;-0,0176051246234721;0,413816503927972;0,00342125053789388
2026-06-19 17:30:00;2026-06-19 17:36:14;"1F";69,6;14,8;18;18,5;15,8;18,6;72,9;14,8342938424755;15,81;15,8340056897328;15,3275666274938;16,1892966392457;0,00999999999999801;0,0340056897328349;0,389296639245654;0,0342938424754813
2026-06-19 17:45:00;2026-06-19 17:51:11;"1F";72,2;14,7;17,2;18;15,5;18,2;73,9;14,6798698825037;15,53;15,5159089177526;15,071336393977;15,8099354757839;0,0299999999999994;0,0159089177526184;0,309935475783874;-0,020130117496258
2026-06-19 18:00:00;2026-06-19 18:06:11;"1F";74,2;13,8;16,8;16,8;14,7;17,8;75,4;13,7856505641751;14,7;14,6899553949226;14,8720140298957;15,550409820927;0;-0,0100446050774252;0,850409820927002;-0,0143494358248937
2026-06-19 18:15:00;2026-06-19 18:21:10;"1F";77,7;13;15,4;15,5;13,7;16;78,6;12,9507979600772;13,73;13,6955585720541;13,5299514988169;14,1509660491718;0,0300000000000011;-0,00444142794592395;0,450966049171827;-0,0492020399227506
2026-06-19 18:30:00;2026-06-19 18:36:10;"1F";78,1;12,9;14,8;15,4;13,5;15,3;80;12,9001865538378;13,53;13,5301305876865;13,0170069523546;13,6019048666482;0,0300000000000011;0,0301305876864895;0,101904866648216;0,000186553837840719
2026-06-19 18:45:00;2026-06-19 18:51:09;"1F";78,3;12,8;14,1;15,3;13,3;15,2;80,4;12,8270282645927;13,31;13,3289197852149;12,9656287919729;13,415940154381;0,00999999999999801;0,0289197852148817;0,115940154381043;0,0270282645926869
2026-06-19 19:00:00;2026-06-19 19:06:08;"1F";76,9;12,7;14,4;15,4;13,3;15,2;80;12,7658943147037;13,31;13,3561260202926;12,9210008114407;13,4447005680085;0,00999999999999801;0,0561260202925666;0,144700568008469;0,0658943147036695
2026-06-19 19:15:00;2026-06-19 19:21:08;"1F";74,5;12,1;14,5;15;12,9;15,1;78,6;12,119586202843;12,87;12,8837103419901;12,6692770136624;13,2784939095637;-0,0300000000000011;-0,0162896580099154;0,378493909563675;0,0195862028429783
2026-06-19 19:30:00;2026-06-19 19:36:10;"1F";75,4;11,7;14,2;14,5;12,5;14,7;77,7;11,7454364881717;12,48;12,5118055417202;12,1877145712275;12,8414001998592;-0,0199999999999996;0,0118055417201823;0,341400199859237;0,0454364881716884
2026-06-19 19:45:00;2026-06-19 19:51:08;"1F";77,1;11,5;13,6;14;12,1;14,2;78,8;11,4551846534087;12,17;12,1386292573861;11,8303492028263;12,4212444419784;0,0700000000000003;0,038629257386118;0,321244441978379;-0,0448153465912604
2026-06-19 20:15:00;2026-06-19 20:21:05;"1F";79,6;11,3;12,5;13,6;11,8;13,6;81,2;11,3419904533792;11,77;11,7993933173655;11,5137632708817;11,9196342896172;-0,0300000000000011;-0,000606682634529676;0,119634289617156;0,0419904533792455
2026-06-19 20:30:00;2026-06-19 20:36:05;"1F";79,8;11,4;12,8;13,6;11,9;13,5;82;11,3634420926981;11,9;11,8744094648886;11,5032589359606;11,9622812551724;-1,77635683940025e-15;-0,0255905351113643;0,0622812551723992;-0,0365579073019493
2026-06-19 20:45:00;2026-06-19 20:51:05;"1F";79,1;11,3;12,9;13,6;11,8;13,4;81,8;11,2883856811614;11,85;11,841869976813;11,3853157767492;11,8897210437244;0,0499999999999989;0,0418699768129613;0,089721043724424;-0,0116143188386246
2026-06-19 21:00:00;2026-06-19 21:06:06;"1F_SUSPEITO";77,6;10,9;12,8;13,4;11,6;13,4;81;10,9370572096132;11,53;11,5559400467292;11,2997302802355;11,8098111961649;-0,0699999999999985;-0,0440599532707733;0,209811196164884;0,0370572096131792
2026-06-19 21:15:00;2026-06-19 21:21:06;"1F_SUSPEITO";76,5;10,7;12,6;13,3;11,4;13,2;79,9;10,7250144151311;11,34;11,3575100905917;10,9902500656049;11,5331750459234;-0,0600000000000005;-0,0424899094082658;0,133175045923428;0,0250144151310518
2026-06-19 21:30:00;2026-06-19 21:36:03;"1F";76,7;10,7;12,4;13,3;11,3;13,2;79,6;10,7462174916738;11,3;11,3323522441716;10,9583904727144;11,4708733309001;-1,77635683940025e-15;0,0323522441716353;0,170873330900056;0,046217491673767
2026-06-19 21:45:00;2026-06-19 21:51:02;"1F";76,5;10,6;12,4;13,2;11,2;13,1;79,7;10,6299600898342;11,22;11,240972062884;10,873082036163;11,4011574253141;0,0199999999999996;0,0409720628839629;0,201157425314134;0,0299600898342316
2026-06-19 22:00:00;2026-06-19 22:06:02;"1F";78,6;10,7;11,9;13;11,1;13;79,9;10,6610287909314;11,17;11,142720153652;10,7982899409457;11,238802958662;0,0700000000000003;0,042720153652013;0,138802958661991;-0,0389712090685528
2026-06-19 22:15:00;2026-06-19 22:21:01;"1F";79,7;10,6;11,4;12,8;11;12,8;81,2;10,5853016145787;10,98;10,9697111302051;10,7431790247519;11,0802253173263;-0,0199999999999996;-0,0302888697949335;0,0802253173263381;-0,0146983854213314
2026-06-19 22:30:00;2026-06-19 22:36:01;"1F";80,8;10,5;11,1;12,6;10,8;12,7;82,1;10,5086040091388;10,83;10,8360228063971;10,7415363123501;11,0090754186451;0,0299999999999994;0,0360228063971331;0,209075418645053;0,00860400913876269
2026-06-19 22:45:00;2026-06-19 22:50:59;"1F";81,7;10,3;10,5;12,3;10,5;12,5;82,5;10,3136238275558;10,54;10,5495366792891;10,5903429292817;10,7632400504972;0,0400000000000009;0,0495366792890763;0,263240050497222;0,013623827555822
2026-06-19 23:00:00;2026-06-19 23:05:59;"1F";83,6;10,1;9,9;11,9;10,3;12,2;83,1;10,1241353544792;10,24;10,2568947481354;10,3628392631532;10,4539874842072;-0,0600000000000023;-0,0431052518645938;0,15398748420721;0,0241353544791547
2026-06-19 23:15:00;2026-06-19 23:20:58;"1F";84,7;9,9;9,8;11,6;10,1;11,9;84,1;9,94649405825094;10,05;10,0825458407757;10,1759275898165;10,2731493128715;-0,0499999999999989;-0,0174541592243411;0,173149312871525;0,046494058250941
2026-06-19 23:30:00;2026-06-19 23:35:58;"1F";85,4;10,2;9,9;11,8;10,3;11,9;85;10,2134478709898;10,3;10,3094135096928;10,2692896704945;10,3585027693461;-1,77635683940025e-15;0,00941350969283228;0,0585027693461164;0,0134478709897632
2026-06-19 23:45:00;2026-06-19 23:50:58;"1F";82,6;10,8;11,1;12,6;11;12;85,6;10,6975140303937;11,04;10,9682598212756;10,4290713409036;10,7203499386325;0,0399999999999991;-0,0317401787244318;-0,279650061367462;-0,102485969606331
2026-06-20;2026-06-20 00:05:57;"1F";81,7;10,8;11,6;12,8;11,1;12,6;84,4;10,7958915954748;11,16;11,1571241168324;10,887031126782;11,2009217887474;0,0600000000000005;0,0571241168323677;0,100921788747415;-0,00410840452518713
2026-06-20 00:15:00;2026-06-20 00:20:57;"1F";81,9;10,8;11,3;12,8;11,1;12,7;83,6;10,8169889903865;11,1;11,1118922932706;10,8996662054624;11,1597663438236;1,77635683940025e-15;0,0118922932705505;0,0597663438236449;0,0169889903865013
2026-06-20 00:30:00;2026-06-20 00:35:56;"1F";82,2;10,9;11,5;12,9;11,3;12,7;83,7;10,9452314396953;11,22;11,2516620077867;10,9102230910776;11,2071561637544;-0,0800000000000018;-0,0483379922132592;-0,092843836245649;0,0452314396953444
2026-06-20 00:45:00;2026-06-20 00:50:57;"1F";83,2;10,9;11,6;12,7;11,2;12,7;84;10,8574574202506;11,22;11,1902201941754;10,9419050627376;11,2493335439163;0,0199999999999996;-0,00977980582456084;0,0493335439163403;-0,0425425797493713
2026-06-20 01:15:00;2026-06-20 01:20:54;"1F";84,3;10,9;11,2;12,6;11,1;12,6;84,8;10,8764860956295;11,13;11,1135402669407;10,9292306995951;11,1504614897166;0,0299999999999994;0,0135402669406641;0,0504614897165681;-0,0235139043704802
2026-06-20 01:30:00;2026-06-20 01:35:58;"1F";84,6;10,9;11,3;12,6;11,1;12,5;85,2;10,9081270164021;11,15;11,1556889114815;10,874118649984;11,1218830549888;0,0500000000000007;0,0556889114814663;0,0218830549888356;0,0081270164020939
2026-06-20 01:45:00;2026-06-20 01:50:57;"1F";84,6;10,9;11,4;12,6;11,2;12,5;85,5;10,9081270164021;11,17;11,1756889114815;10,9057380643534;11,1640166450474;-0,0299999999999994;-0,0243110885185338;-0,0359833549526449;0,0081270164020939
2026-06-20 02:00:00;2026-06-20 02:05:52;"1F";84,6;10,8;11,3;12,5;11,1;12,5;85,6;10,8109337530704;11,07;11,0776536271493;10,9162818867885;11,1513973207519;-0,0299999999999994;-0,0223463728507092;0,051397320751942;0,0109337530704146
2026-06-20 02:15:00;2026-06-20 02:20:51;"1F";84,4;10,9;11,3;12,6;11,1;12,4;85,7;10,887031126782;11,15;11,1409217887474;10,8293609513379;11,0805526659365;0,0500000000000007;0,0409217887474149;-0,0194473340634644;-0,0129688732179787
2026-06-20 02:30:00;2026-06-20 02:35:51;"1F";84,4;11;11,6;12,7;11,3;12,5;85,6;10,984174232198;11,29;11,2789219625386;10,9162818867885;11,2113973207519;-0,0100000000000016;-0,0210780374613719;-0,0886026792480585;-0,0158257678019567
2026-06-20 02:45:00;2026-06-20 02:50:51;"1F";84,3;11;11,8;12,7;11,3;12,6;85,6;10,9736040850823;11,33;11,3115228595576;11,013723932164;11,3296067525148;0,0299999999999976;0,0115228595576049;0,0296067525148178;-0,0263959149177069
2026-06-20 03:00:00;2026-06-20 03:05:50;"1F";84,6;11;11,8;12,7;11,3;12,6;85,5;11,0053202579597;11,33;11,3337241805718;11,0031553727611;11,3222087609328;0,0299999999999976;0,0337241805717845;0,0222087609327932;0,0053202579596956
2026-06-20 03:15:00;2026-06-20 03:20:49;"1F";84,5;11;11,9;12,7;11,3;12,6;85,6;10,9947462886063;11,35;11,3463224020244;11,013723932164;11,3496067525148;0,0499999999999989;0,046322402024412;0,0496067525148192;-0,00525371139369568
2026-06-20 03:30:00;2026-06-20 03:35:49;"1F";85,2;11;11,9;12,6;11,3;12,6;85,7;10,9714615599773;11,34;11,3200230919841;11,024294474858;11,3570061324006;0,0399999999999991;0,0200230919840845;0,0570061324006286;-0,028538440022734
2026-06-20 03:45:00;2026-06-20 03:50:48;"1F";85,6;11;11,9;12,6;11,3;12,5;86,1;11,013723932164;11,34;11,3496067525148;10,9690312821394;11,3083218974976;0,0399999999999991;0,0496067525148192;0,00832189749757006;0,0137239321640283
2026-06-20 04:00:00;2026-06-20 04:05:48;"1F";86,2;11;11,8;12,5;11,3;12,5;86,4;10,9795872410669;11,31;11,2957110687468;11,0007052650737;11,3104936855516;0,00999999999999801;-0,00428893125318908;0,0104936855515732;-0,0204127589331264
2026-06-20 04:15:00;2026-06-20 04:20:47;"1F";86,7;11;11,6;12,5;11,3;12,4;86,7;11,03239761521;11,27;11,292678330647;10,9346854835602;11,2142798384922;-0,0300000000000011;-0,00732166935299006;-0,0857201615078349;0,0323976152100158
2026-06-20 04:30:00;2026-06-20 04:35:49;"1F";86,5;11,1;11,6;12,6;11,3;12,4;87;11,1089306212997;11,35;11,3562514349098;10,9663232763318;11,2364262934323;0,0499999999999989;0,0562514349097896;-0,0635737065677073;0,00893062129970268
2026-06-20 04:45:00;2026-06-20 04:50:46;"1F";87;11,2;11,8;12,6;11,4;12,5;87,1;11,161893542517;11,46;11,4333254797619;11,0746828035222;11,3622779624655;0,0599999999999987;0,0333254797619276;-0,0377220375344525;-0,0381064574829573
2026-06-20 05:00:00;2026-06-20 05:05:46;"1F";87,8;11,2;11,9;12,6;11,5;12,6;87,5;11,2467399309992;11,48;11,5127179516995;11,2149072079928;11,4904350455949;-0,0200000000000014;0,0127179516994573;-0,00956495440507332;0,0467399309992267
2026-06-20 05:15:00;2026-06-20 05:20:46;"1F";87,8;11,3;12;12,7;11,6;12,6;87,9;11,3447184066448;11,58;11,6113028846514;11,2573549448912;11,5401484614238;-0,0199999999999996;0,0113028846513554;-0,0598515385761615;0,0447184066447939
2026-06-20 05:30:00;2026-06-20 05:35:45;"1F";87,7;11,3;11,9;12,7;11,6;12,6;88,1;11,3340813810484;11,56;11,5838569667339;11,278591150735;11,5350138055145;-0,0399999999999991;-0,0161430332661006;-0,0649861944854742;0,0340813810484271
2026-06-20 05:45:00;2026-06-20 05:50:47;"1F";88,1;11,4;12;12,7;11,6;12,6;88,2;11,3766416489596;11,65;11,6336491542717;11,2892123488843;11,562448644219;0,0499999999999989;0,0336491542717212;-0,0375513557809626;-0,0233583510403985
2026-06-20 06:00:00;2026-06-20 06:05:43;"1F";88,5;11,3;11,9;12,6;11,6;12,6;88,4;11,3210883611629;11,55;11,564761852814;11,3104609510371;11,557322665726;-0,0499999999999989;-0,0352381471859875;-0,0426773342740319;0,0210883611628745
2026-06-20 06:15:00;2026-06-20 06:20:42;"1F";88,1;11,3;11,8;12,6;11,5;12,5;88,5;11,278591150735;11,53;11,5150138055145;11,2229422268323;11,4660595587826;0,0299999999999994;0,0150138055145259;-0,0339404412174069;-0,0214088492649633
2026-06-20 06:30:00;2026-06-20 06:35:42;"1F";88,8;11,4;11,8;12,6;11,6;12,5;88,5;11,3529830642118;11,6;11,5670881449483;11,2229422268323;11,4660595587826;0;-0,0329118550517382;-0,133940441217407;-0,0470169357881982
2026-06-20 06:45:00;2026-06-20 06:50:42;"1F";90,1;11,4;11,7;12,5;11,6;12,5;88,8;11,392887443546;11,57;11,5650212104822;11,2547655253583;11,4683358677508;-0,0299999999999994;-0,0349787895177815;-0,131664132249176;-0,0071125564539738
2026-06-20 07:00:00;2026-06-20 07:05:42;"1F";90,2;11,4;11,6;12,5;11,5;12,5;89,1;11,4035271924445;11,55;11,5524690347112;11,2866078582136;11,4706255007495;0,0499999999999989;0,052469034711164;-0,0293744992504852;0,00352719244452082
2026-06-20 07:15:00;2026-06-20 07:20:41;"1F";90,5;11,4;11,8;12,5;11,6;12,4;89,4;11,4354593798221;11,59;11,6148215658754;11,2201097220796;11,4540768054557;-0,00999999999999979;0,0148215658754456;-0,145923194544288;0,0354593798220666
2026-06-20 07:30:00;2026-06-20 07:35:40;"1F";89,8;11,6;12;12,7;11,8;12,5;89,7;11,5578884204704;11,79;11,7605218943293;11,3503499414828;11,595244959038;-0,0100000000000016;-0,0394781056706943;-0,204755040962034;-0,0421115795295623
2026-06-20 07:45:00;2026-06-20 07:50:40;"1F";88,1;11,4;12,2;12,7;11,7;12,5;89,5;11,3766416489596;11,69;11,6736491542717;11,3290940471786;11,620365833025;-0,00999999999999979;-0,0263508457282793;-0,0796341669749516;-0,0233583510403985
2026-06-20 08:00:00;2026-06-20 08:05:40;"1F";88,8;11,5;12,3;12,7;11,7;12,5;89,2;11,451200583886;11,78;11,7458404087202;11,297226212678;11,6180583488746;0,0800000000000001;0,0458404087202098;-0,081941651125419;-0,0487994161139866
2026-06-20 08:15:00;2026-06-20 08:20:41;"1F";89,4;11,6;12,4;12,8;11,9;12,5;89,3;11,6135479377142;11,88;11,8894835564;11,3078466937382;11,6454926856167;-0,0200000000000014;-0,0105164436000411;-0,254507314383256;0,0135479377142271
2026-06-20 08:30:00;2026-06-20 08:35:38;"1F";89,5;11,7;12,7;12,9;12;12,6;89,6;11,7226264668118;12,02;12,0358385267683;11,4381275993609;11,8066893195527;0,0199999999999996;0,0358385267682699;-0,193310680447334;0,0226264668118148
2026-06-20 08:45:00;2026-06-20 08:50:38;"1F";89,6;11,7;12,8;12,9;12;12,7;89,7;11,733347509381;12,04;12,0633432565667;11,5472102957114;11,913047206998;0,0399999999999991;0,0633432565667;-0,0869527930020215;0,0333475093810023
2026-06-20 09:00:00;2026-06-20 09:05:37;"1F";91;12;12,9;13;12,3;12,8;90,1;11,9823891509368;12,28;12,2676724056557;11,6884592404718;12,0419214683303;-0,0200000000000014;-0,0323275943442756;-0,258078531669714;-0,0176108490632494
2026-06-20 09:15:00;2026-06-20 09:20:37;"1F";92,6;12,1;12,9;12,9;12,3;12,9;90,7;12,0559331578358;12,34;12,3091532104851;11,8514131989002;12,1659892392302;0,0399999999999991;0,00915321048507067;-0,134010760769851;-0,0440668421641828
2026-06-20 09:30:00;2026-06-20 09:35:36;"1F";93,6;12,2;12,9;12,9;12,4;12,8;91,4;12,163880057675;12,41;12,3847160403725;11,8278497084622;12,1394947959236;0,00999999999999979;-0,0152839596275012;-0,26050520407645;-0,0361199423250014
2026-06-20 09:45:00;2026-06-20 09:50:36;"1F";94,3;12,3;13;13;12,5;12,9;92,1;12,3390516185477;12,51;12,5373361329834;12,002039025193;12,2914273176351;0,00999999999999979;0,0373361329834125;-0,208572682364885;0,039051618547731
2026-06-20 10:00:00;2026-06-20 10:05:35;"1F";94,7;12,4;13,1;13;12,6;12,9;92,6;12,3824390905931;12,6;12,5877073634152;12,0559331578358;12,3491532104851;1,77635683940025e-15;-0,0122926365848297;-0,250846789514929;-0,0175609094069014
2026-06-20 10:15:00;2026-06-20 10:20:34;"1F";94,9;12,4;12,9;13;12,6;12,9;92,9;12,4041456558439;12,56;12,5629019590907;12,0882949429443;12,331806460061;-0,0399999999999991;-0,0370980409093029;-0,268193539938968;0,00414565584385151
2026-06-20 10:30:00;2026-06-20 10:35:34;"1F";95,2;12,5;13;13,1;12,7;12,9;93,2;12,5364024311972;12,66;12,685481701838;12,1206757971245;12,3744730579872;-0,0399999999999991;-0,0145182981619723;-0,325526942012836;0,0364024311971818
2026-06-20 10:45:00;2026-06-20 10:50:34;"1F";95,8;12,7;13,1;13,2;12,8;13;93,5;12,701556529628;12,83;12,8310895707396;12,252378724636;12,4966651072452;0,0299999999999976;0,0310895707395957;-0,303334892754815;0,0015565296279938
2026-06-20 11:00:00;2026-06-20 11:05:33;"1F";96,4;12,8;13;13,2;12,9;13,1;93,8;12,7671060215545;12,88;12,8569742150881;12,3842353289867;12,5789647302907;-0,0200000000000014;-0,0430257849118583;-0,321035269709325;-0,0328939784455109
2026-06-20 11:15:00;2026-06-20 11:20:32;"1F";96,3;12,9;13;13,3;12,9;13,2;94,1;12,8560971703984;12,96;12,9292680192789;12,5162449710011;12,6813714797008;0,0599999999999987;0,0292680192788879;-0,218628520299243;-0,0439028296015866
2026-06-20 11:30:00;2026-06-20 11:35:32;"1F";96,4;13;13,2;13,4;13,1;13,2;94,2;12,9669922051853;13,08;13,0568945436297;12,5271289457441;12,7289902620209;-0,0199999999999996;-0,0431054563702986;-0,371009737979122;-0,0330077948147114
2026-06-20 11:45:00;2026-06-20 11:50:31;"1F";96,6;13,1;13,3;13,5;13,2;13,4;94,4;13,088932227521;13,18;13,1722525592647;12,7479108943907;12,9235376260735;-0,0199999999999996;-0,0277474407353111;-0,276462373926503;-0,0110677724790147
2026-06-20 12:00:00;2026-06-20 12:05:30;"1F";96,1;12,8;13,3;13,3;13;13,4;94,5;12,8341995806333;12,95;12,9739397064433;12,7588455094224;12,9311918565956;-0,0500000000000007;-0,0260602935566805;-0,0688081434043522;0,0341995806333131
2026-06-20 12:15:00;2026-06-20 12:20:31;"1F";96,1;12,5;12,8;13;12,6;13;94,4;12,5345659369495;12,61;12,6341961558647;12,3498952857089;12,5049266999962;0,0100000000000016;0,0341961558646542;-0,0950733000038007;0,0345659369495053
2026-06-20 12:30:00;2026-06-20 12:35:30;"1F";96,3;12,5;12,7;12,9;12,5;12,9;94,6;12,4564115589906;12,58;12,5494880912934;12,2720406950577;12,4204284865404;0,0799999999999983;0,0494880912934477;-0,0795715134596158;-0,0435884410093585
2026-06-20 12:45:00;2026-06-20 12:50:29;"1F";96,6;12,6;12,8;13;12,7;12,8;94,7;12,588999910981;12,68;12,6722999376867;12,1832981224608;12,3683086857225;-0,0199999999999996;-0,0277000623133041;-0,331691314277474;-0,0110000890190083
2026-06-20 13:00:00;2026-06-20 13:05:28;"1F";96,6;13;13,1;13,4;13,1;13;95;12,9889457943429;13,06;13,05226205604;12,4150021547631;12,6105015083342;-0,0400000000000009;-0,047737943959989;-0,489498491665811;-0,0110542056571248
2026-06-20 13:15:00;2026-06-20 13:20:30;"1F";95,6;13;13,3;13,5;13,1;13,3;95;12,9790295348326;13,11;13,0953206743828;12,7139123907116;12,8897386734981;0,00999999999999979;-0,00467932561719664;-0,210261326501884;-0,020970465167423
2026-06-20 13:30:00;2026-06-20 13:35:27;"1F";95,8;12,9;13,3;13,4;13;13,3;94,8;12,9011813262926;13,03;13,0308269284048;12,692069012812;12,8744483089684;0,0299999999999994;0,0308269284048226;-0,125551691031601;0,00118132629260437
2026-06-20 13:45:00;2026-06-20 13:50:30;"1F";95,4;12,8;13;13,3;12,9;13,1;94,7;12,7576240138574;12,89;12,8603368097002;12,4820095506265;12,6474066854386;-0,0100000000000016;-0,0396631902998248;-0,252593314561434;-0,0423759861426056
2026-06-20 14:00:00;2026-06-20 14:05:28;"1F";95,5;12,7;12,7;13,2;12,7;13;94,7;12,6688103974802;12,75;12,7281672782361;12,3824390905931;12,5077073634152;0,0500000000000007;0,0281672782361326;-0,192292636584831;-0,0311896025198095
2026-06-20 14:30:00;2026-06-20 14:35:27;"1F";96,9;11;11,3;11,4;11,1;11,6;94,3;11,0208628047669;11,1;11,1146039633368;10,9463061483838;11,0824143038687;0;0,0146039633368211;-0,0175856961313379;0,0208628047668853
2026-06-20 14:45:00;2026-06-20 14:50:27;"1F";97,1;10,8;11;11,2;10,9;11,3;94,6;10,8417855382546;10,88;10,9092498767782;10,679265289601;10,8054857027207;-0,0200000000000014;0,00924987677818478;-0,094514297279316;0,0417855382545511
2026-06-20 15:00:00;2026-06-20 15:05:27;"1F";97,4;10,9;10,9;11,2;10,9;11,3;94,8;10,8733443298295;10,93;10,9113410308806;10,7002148577772;10,800150400444;0,0299999999999994;0,0113410308806188;-0,0998495995559594;-0,0266556701705429
2026-06-20 15:15:00;2026-06-20 15:20:23;"1F";97,4;10,8;10,9;11,1;10,8;11,1;94,8;10,7731850845846;10,85;10,8312295592092;10,5010290800813;10,6407203560569;0,0499999999999989;0,0312295592092386;-0,159279643943078;-0,0268149154153718
2026-06-20 15:30:00;2026-06-20 15:35:23;"1F";97,3;10,9;11;11,2;10,9;11,1;94,9;10,8628220873216;10,95;10,9239754611251;10,511463535935;10,6680244751545;0,0499999999999989;0,0239754611250973;-0,231975524845534;-0,0371779126784322
2026-06-20 15:45:00;2026-06-20 15:50:22;"1F";97,4;10,9;11,1;11,2;11;11,2;95;10,8733443298295;10,97;10,9513410308806;10,6215376965071;10,775076387555;-0,0300000000000011;-0,0486589691193817;-0,224923612445027;-0,0266556701705429
2026-06-20 16:00:00;2026-06-20 16:05:22;"1F";97,3;11;11,4;11,3;11,1;11,2;95,1;10,962959846263;11,11;11,0840718923841;10,6319994705147;10,8423996293603;0,0100000000000016;-0,0159281076159274;-0,25760037063969;-0,0370401537370419
2026-06-20 16:15:00;2026-06-20 16:20:21;"1F";97,2;11;11,4;11,4;11,1;11,2;95,1;11,052535002322;11,12;11,1567745016254;10,6319994705147;10,8423996293603;0,0200000000000014;0,05677450162543;-0,25760037063969;0,0525350023220419
2026-06-20 16:30:00;2026-06-20 16:35:20;"1F";97,2;11,1;11,4;11,4;11,2;11,3;95,1;11,052535002322;11,19;11,1567745016254;10,7316585723532;10,9221610006472;-0,00999999999999801;-0,0432254983745697;-0,277838999352765;-0,0474649976779578
2026-06-20 16:45:00;2026-06-20 16:50:20;"1F";97;10,9;11,3;11,3;11;11,2;95;10,9313444279859;11,02;11,0419410995901;10,6215376965071;10,815076387555;0,0200000000000014;0,0419410995901259;-0,184923612445028;0,0313444279858928
2026-06-20 17:00:00;2026-06-20 17:05:22;"1F";96,5;11,1;11,1;11,5;11,1;11,3;95,1;11,078634538264;11,14;11,1250441767848;10,7316585723532;10,8621610006472;0,0400000000000009;0,0250441767847782;-0,237838999352766;-0,0213654617360302
2026-06-20 17:15:00;2026-06-20 17:20:19;"1F";95,8;11,1;13;11,6;11,5;11,4;94,9;11,1045559038084;11,53;11,5331891326659;10,8103084759176;11,3072159331423;0,0299999999999994;0,0331891326658535;-0,192784066857671;0,00455590380836313
2026-06-20 17:30:00;2026-06-20 17:35:18;"1F";95,5;11;12,7;11,5;11,4;11,4;94,8;10,9731137659814;11,39;11,371179636187;10,7998077214884;11,2398654050419;-0,0100000000000016;-0,0288203638129865;-0,160134594958089;-0,0268862340185532
2026-06-20 17:45:00;2026-06-20 17:50:17;"1F";95,8;10,8;11;11,3;10,9;11,2;94,7;10,805117831919;10,89;10,8935824823433;10,5901680288697;10,7331176202088;-0,00999999999999979;-0,00641751765668097;-0,166882379791229;0,00511783191902637
2026-06-20 18:00:00;2026-06-20 18:05:17;"1F";96,4;10,5;9,9;10,9;10,4;11,1;94,5;10,4684104575254;10,42;10,3978873202678;10,4697415021622;10,4188190515135;0,0199999999999996;-0,00211267973221396;0,0188190515135283;-0,03158954247459
2026-06-20 18:15:00;2026-06-20 18:20:16;"1F";96,8;9,9;8,9;10,3;9,7;10,7;94,3;9,9099794890712;9,74;9,74698564234984;10,0509680400718;9,88567762805028;0,0400000000000009;0,0469856423498403;0,185677628050279;0,00997948907120083
2026-06-20 18:30:00;2026-06-20 18:35:16;"1F";97,3;9,9;8,6;10,2;9,6;10,4;94,6;9,86144362964635;9,67;9,64301054075244;9,78332724206602;9,60832906944621;0,0700000000000003;0,0430105407524444;0,00832906944621037;-0,0385563703536516
2026-06-20 18:45:00;2026-06-20 18:50:16;"1F";97,4;9,8;8,3;10,1;9,5;10,3;94,8;9,77159176387501;9,53;9,51011423471251;9,70428529197112;9,48299970437978;0,0299999999999994;0,0101142347125087;-0,0170002956202193;-0,0284082361249887
2026-06-20 19:00:00;2026-06-20 19:05:15;"1F";97,6;9,6;8,1;9,9;9,3;10,2;94,8;9,59176806212389;9,33;9,32423764348673;9,60469224145991;9,36328456902193;0,0299999999999994;0,0242376434867246;0,063284569021933;-0,00823193787610599
2026-06-20 19:15:00;2026-06-20 19:20:14;"1F";97,7;9,6;8;9,9;9,3;10;95;9,60202009042541;9,31;9,31141406329779;9,42589173559608;9,19812421491726;0,00999999999999979;0,0114140632977886;-0,101875785082745;0,00202009042541285
2026-06-20 19:30:00;2026-06-20 19:35:16;"1F";97,8;9,6;8,1;9,9;9,3;10;95,2;9,61227508733852;9,33;9,33859256113696;9,44628905661772;9,2324023396324;0,0299999999999994;0,038592561136964;-0,0675976603675963;0,0122750873385229
2026-06-20 19:45:00;2026-06-20 19:50:14;"1F";97,9;9,8;8,3;10,1;9,5;10,1;95,4;9,82306587716423;9,53;9,54614611401496;9,56642335340873;9,36649634738611;0,0299999999999994;0,0461461140149595;-0,133503652613888;0,0230658771642283
2026-06-20 20:00:00;2026-06-20 20:05:13;"1F";98;10,2;8,8;10,5;10;10,3;95,5;10,2345202133652;9,95;9,97416414935563;9,77614861035171;9,6333040272462;-0,0500000000000007;-0,0258358506443734;-0,366695972753803;0,0345202133651803
2026-06-20 20:15:00;2026-06-20 20:20:12;"1F";97,8;10,1;9,1;10,4;9,9;10,4;95,4;10,1135002867546;9,93;9,93945020072821;9,86559913225325;9,76591939257727;0,0299999999999994;0,039450200728206;-0,134080607422726;0,0135002867545833
2026-06-20 20:30:00;2026-06-20 20:35:11;"1F";96,9;10;9,1;10,4;9,9;10,3;95,4;10,0203459471516;9,86;9,87424216300609;9,76587388958722;9,68611172271105;-0,0400000000000009;-0,0257578369939129;-0,213888277288948;0,0203459471515544
2026-06-20 20:45:00;2026-06-20 20:50:11;"1F";97;9,9;9,3;10,3;9,8;10,2;95,3;9,93061171986257;9,82;9,8414282039038;9,65589872612412;9,63912910828689;0,0199999999999978;0,041428203903795;-0,160870891713113;0,0306117198625664
2026-06-20 21:00:00;2026-06-20 21:05:10;"1F_SUSPEITO";97,1;9,9;9,4;10,3;9,9;10,3;95,4;9,9409321304126;9,84;9,86865249128882;9,76587388958722;9,74611172271105;-0,0600000000000005;-0,0313475087111819;-0,153888277288948;0,0409321304125978
2026-06-20 21:15:00;2026-06-20 21:20:09;"1F";97,1;9,9;9,3;10,3;9,8;10,3;95,3;9,9409321304126;9,82;9,84865249128882;9,75560201490222;9,71892141043155;0,0199999999999978;0,0486524912888182;-0,0810785895684507;0,0409321304125978
2026-06-20 21:30:00;2026-06-20 21:35:09;"1F";97,1;9,5;8,2;9,9;9,3;10;95,1;9,54055242029292;9,28;9,30838669420504;9,43608893634521;9,24526225544165;-0,0200000000000014;0,00838669420504168;-0,0547377445583557;0,0405524202929186
2026-06-20 21:45:00;2026-06-20 21:50:09;"1F";97,4;9,6;8;9,9;9,3;9,9;95,3;9,57127290799936;9,31;9,28989103559955;9,35678875742026;9,13975213019418;0,00999999999999979;-0,0101089644004499;-0,160247869805819;-0,0287270920006417
2026-06-20 22:00:00;2026-06-20 22:05:08;"1F";97,4;8,9;7,6;9,2;8,6;9,6;95;8,8701564001639;8,67;8,64910948011473;9,02734253335872;8,7991397733511;0,0700000000000003;0,0491094801147316;0,199139773351101;-0,0298435998360969
2026-06-20 22:15:00;2026-06-20 22:20:07;"1F";97,5;8,9;7,5;9,2;8,6;9,5;95,5;8,88025237587604;8,65;8,63617666311323;8,97817049412164;8,73471934588515;0,0499999999999989;0,0361766631132259;0,13471934588515;-0,0197476241239638
2026-06-20 22:30:00;2026-06-20 22:35:07;"1F";97,9;9,6;8,7;9,9;9,5;9,7;95,7;9,62253305369616;9,45;9,46577313758731;9,19796022542655;9,14857215779859;-0,0500000000000007;-0,0342268624126891;-0,351427842201412;0,0225330536961597
2026-06-20 22:45:00;2026-06-20 22:50:06;"1F";98;9,6;9,1;9,9;9,5;9,9;95,7;9,63279399032635;9,53;9,55295579322844;9,39754241631881;9,38827969142316;0,0299999999999994;0,0529557932284437;-0,111720308576835;0,0327939903263488
2026-06-20 23:00:00;2026-06-20 23:05:06;"1F";98;9,6;9,1;9,9;9,5;9,9;95,7;9,63279399032635;9,53;9,55295579322844;9,39754241631881;9,38827969142316;0,0299999999999994;0,0529557932284437;-0,111720308576835;0,0327939903263488
2026-06-20 23:15:00;2026-06-20 23:20:06;"1F";98;9,4;8,6;9,7;9,3;9,8;95,6;9,43221845577097;9,27;9,29255291903968;9,28758038497791;9,20130626948454;-0,0299999999999994;-0,00744708096032021;-0,0986937305154605;0,0322184557709715
2026-06-20 23:30:00;2026-06-20 23:35:04;"1F";98;9,2;8,2;9,5;9;9,6;95,6;9,23164285718766;9,03;9,05215000003136;9,0880419484246;8,96162936389722;0,0299999999999994;0,0521500000313626;-0,0383706361027762;0,0316428571876628
2026-06-20 23:45:00;2026-06-20 23:50:04;"1F";98,1;9,4;7,9;9,7;9,2;9,6;95,9;9,44243976474245;9,13;9,15970783531972;9,1184324978767;8,92290274851369;-0,0699999999999985;-0,0402921646802827;-0,277097251486309;0,0424397647424524
2026-06-21;2026-06-21 00:05:04;"1F";98,1;9,4;8,4;9,7;9,3;9,7;95,9;9,44243976474245;9,23;9,25970783531972;9,21826733133022;9,10278713193116;-0,0700000000000003;-0,0402921646802827;-0,197212868068844;0,0424397647424524
2026-06-21 00:30:00;2026-06-21 00:35:03;"1F";98,2;9,4;8,4;9,6;9,2;9,6;95,9;9,35233372832601;9,22;9,18663360982821;9,1184324978767;9,02290274851369;0,0199999999999996;-0,0133663901717931;-0,177097251486309;-0,0476662716739913
2026-06-21 00:45:00;2026-06-21 00:50:02;"1F";98,2;9,4;8,6;9,6;9,2;9,6;96;9,35233372832601;9,26;9,22663360982821;9,12856873697121;9,06999811587984;0,0600000000000023;0,0266336098282061;-0,130001884120155;-0,0476662716739913
2026-06-21 01:00:00;2026-06-21 01:05:02;"1F";98,3;9,5;8,9;9,7;9,4;9,6;96,1;9,46289144431902;9,4;9,37402401102332;9,1387080053372;9,13709560373604;0;-0,0259759889766826;-0,262904396263957;-0,0371085556809767
2026-06-21 01:15:00;2026-06-21 01:20:01;"1F";98,2;9,1;8,3;9,3;8,9;9,6;96;9,05134253529678;8,96;8,92593977470775;9,12856873697121;9,00999811587985;0,0599999999999987;0,0259397747077479;0,109998115879845;-0,0486574647032167
2026-06-21 01:30:00;2026-06-21 01:35:01;"1F";98,2;9;7,7;9,2;8,7;9,3;95,9;8,95101210548721;8,76;8,72570847384105;8,81892789514654;8,64324952660258;0,0600000000000005;0,0257084738410498;-0,0567504733974218;-0,0489878945127877
2026-06-21 01:45:00;2026-06-21 01:50:00;"1F";98,2;8,8;7,6;9,1;8,6;9,1;96;8,85068165953621;8,59;8,62547716167535;8,62928522244524;8,47049965571167;-0,00999999999999979;0,0254771616753473;-0,12950034428833;0,0506816595362096
2026-06-21 02:00:00;2026-06-21 02:05:00;"1F";98,2;8,7;7,1;8,9;8,4;8,9;96;8,65002071902905;8,4;8,36501450332033;8,42957169640636;8,21070018748445;-1,77635683940025e-15;-0,034985496679667;-0,18929981251555;-0,0499792809709518
2026-06-21 02:15:00;2026-06-21 02:19:59;"1F";98,2;8,3;6,7;8,6;8;8,7;96,1;8,34902918607285;8,01;8,04432043025099;8,23980123355814;7,9778608634907;0,00999999999999979;0,0443204302509947;-0,0221391365093;0,0490291860728505
2026-06-21 02:30:00;2026-06-21 02:34:58;"1F";98,2;8,2;6,6;8,4;7,9;8,6;96,1;8,14836808210354;7,9;7,86385765747248;8,1399226171543;7,87794583200801;-8,88178419700125e-16;-0,0361423425275218;-0,0220541679919926;-0,0516319178964579
2026-06-21 02:45:00;2026-06-21 02:49:59;"1F";98,2;8;6,1;8,3;7,7;8,3;95,9;8,04803750538076;7,65;7,68362625376653;7,82057809547692;7,52440466683384;-0,0500000000000007;-0,0163737462334677;-0,175595333166159;0,048037505380762
2026-06-21 03:00:00;2026-06-21 03:04:57;"1F";98,2;7,8;6,1;8,1;7,5;8,3;96,3;7,84737630222625;7,49;7,52316341155838;7,86000865869009;7,55200606108306;-0,00999999999999979;0,0231634115583752;0,0520060610830608;0,0473763022262519
2026-06-21 03:15:00;2026-06-21 03:19:56;"1F";98,2;7,6;5,8;7,9;7,3;8;96,1;7,64671503248085;7,27;7,30270052273659;7,54065055110108;7,23845538577075;-0,0300000000000002;0,00270052273659438;-0,0615446142292448;0,046715032480849
2026-06-21 03:30:00;2026-06-21 03:34:56;"1F";98,1;7,3;5,7;7,6;7;7,8;96;7,33594544076357;7,01;7,0351618085345;7,3311460538512;7,05180223769584;0,00999999999999979;0,035161808534502;0,0518022376958429;0,035945440763574
2026-06-21 03:45:00;2026-06-21 03:49:56;"1F";98,1;7,1;5,5;7,4;6,8;7,6;96,3;7,13532655112693;6,81;6,83472858578885;7,16055291787655;6,87238704251358;0,0100000000000007;0,0347285857888506;0,072387042513582;0,0353265511269303
2026-06-21 04:00:00;2026-06-21 04:04:56;"1F";98,2;7,4;5,4;7,7;7,1;7,7;96,5;7,44605369576731;7,03;7,06223758703712;7,2799501897278;6,94596513280946;-0,0700000000000003;-0,0377624129628842;-0,154034867190543;0,0460536957673074
2026-06-21 04:15:00;2026-06-21 04:19:55;"1F";98,4;8,7;7,4;8,9;8,4;8,2;96,9;8,67013862121385;8,46;8,4390970348497;7,81920309717073;7,77344216801951;0,0599999999999987;0,0390970348496964;-0,626557831980488;-0,0298613787861477
2026-06-21 04:30:00;2026-06-21 04:34:54;"1F";98,4;8,9;8,4;9,1;8,8;8,9;97;8,87088451622233;8,82;8,79961916135563;8,52958319863543;8,5407082390448;0,0199999999999996;-0,000380838644373327;-0,259291760955202;-0,0291154837776748
2026-06-21 04:45:00;2026-06-21 04:49:54;"1F";98,5;9;8,7;9,3;9;9,1;96,8;9,08177893037226;8,97;9,02724525126058;8,70961604117038;8,74673122881927;-0,0300000000000011;0,0272452512605774;-0,25326877118073;0,0817789303722556
2026-06-21 05:00:00;2026-06-21 05:04:53;"1F";98,5;9,2;8,9;9,4;9,1;9,2;96,8;9,1821730243266;9,16;9,14752111702862;8,80964641997512;8,86675249398258;0,0599999999999987;0,0475211170286212;-0,233247506017419;-0,0178269756733975
2026-06-21 05:15:00;2026-06-21 05:19:53;"1F";98,6;9,4;9,1;9,6;9,3;9,4;96,8;9,39317640338422;9,36;9,35522348236896;9,00970712726377;9,06679498908464;0,0599999999999987;0,0552234823689552;-0,233205010915363;-0,00682359661577614
2026-06-21 05:30:00;2026-06-21 05:34:54;"1F";98,6;9,5;9,3;9,7;9,5;9,6;96,8;9,49359162851441;9,48;9,47551413996009;9,20976776777326;9,26683743744128;-0,0199999999999996;-0,0244858600399134;-0,233162562558718;-0,00640837148559115
2026-06-21 05:45:00;2026-06-21 05:49:51;"1F";98,6;9,6;9,3;9,8;9,6;9,6;96,8;9,59400683790219;9,56;9,55580478653154;9,20976776777326;9,26683743744128;-0,0399999999999991;-0,0441952134684644;-0,333162562558718;-0,00599316209780731
2026-06-21 06:00:00;2026-06-21 06:04:53;"1F";98,6;9,6;9,3;9,8;9,6;9,7;96,8;9,59400683790219;9,56;9,55580478653154;9,30979806310338;9,34685864417236;-0,0399999999999991;-0,0441952134684644;-0,253141355827637;-0,00599316209780731
2026-06-21 06:15:00;2026-06-21 06:19:53;"1F_SUSPEITO";98,6;9,7;9,4;9,9;9,7;9,7;96,8;9,6944220315911;9,66;9,65609542211377;9,30979806310338;9,36685864417236;-0,0399999999999991;-0,043904577886229;-0,333141355827635;-0,00557796840890035
2026-06-21 06:30:00;2026-06-21 06:34:50;"1F";98,6;9,7;9,4;9,9;9,7;9,8;96,8;9,6944220315911;9,66;9,65609542211377;9,40982834187941;9,44687983931559;-0,0399999999999991;-0,043904577886229;-0,253120160684409;-0,00557796840890035
2026-06-21 06:45:00;2026-06-21 06:49:50;"1F";98,5;9,7;9,4;9,9;9,6;9,6;96,7;9,6841432562077;9,66;9,64890027934539;9,19960727315023;9,27972509120516;0,0600000000000005;0,0489002793453892;-0,320274908794842;-0,0158567437923018
2026-06-21 07:00:00;2026-06-21 07:04:49;"1F";98,4;9,7;9,4;9,9;9,6;9,7;96,7;9,67386745596366;9,66;9,64170721917456;9,29961595036933;9,35973116525853;0,0600000000000005;0,0417072191745653;-0,240268834741467;-0,0261325440363365
2026-06-21 07:15:00;2026-06-21 07:19:48;"1F";98,3;9,8;9,4;10;9,7;9,8;96,7;9,76394619922918;9,74;9,71476233946042;9,39962461098765;9,43973722769135;0,0400000000000009;0,0147623394604253;-0,260262772308646;-0,0360538007708229
2026-06-21 07:30:00;2026-06-21 07:34:48;"1F";98,2;9,8;9,6;10;9,7;9,8;96,7;9,75365509576243;9,78;9,7475585670337;9,39962461098765;9,47973722769135;0,0800000000000018;0,0475585670337004;-0,220262772308647;-0,0463449042375714
2026-06-21 07:45:00;2026-06-21 07:49:47;"1F";98,1;9,9;9,9;10,2;10;9,9;96,7;9,94398497907209;9,93;9,96078948535047;9,49963325505188;9,61974327853632;-0,0700000000000003;-0,0392105146495343;-0,380256721463681;0,0439849790720945
2026-06-21 08:00:00;2026-06-21 08:04:47;"1F";97,9;10;10,1;10,3;10,1;10;96,6;10,0235986371364;10,05;10,0665190459955;9,58939785041423;9,73257849528996;-0,0500000000000007;-0,033480954004526;-0,367421504710038;0,0235986371363914
2026-06-21 08:15:00;2026-06-21 08:19:46;"1F";95,6;10,9;11,5;11,4;11;10,2;96,8;10,883885450376;11,07;11,0587198152632;9,80994929237095;10,1869645046597;0,0700000000000003;0,0587198152632222;-0,813035495340337;-0,0161145496239694
2026-06-21 08:30:00;2026-06-21 08:34:46;"1F";90,7;10,7;13,9;11,7;11,4;10,7;96,9;10,667447674141;11,44;11,4172133718987;10,3205011723568;11,0743508206497;0,0399999999999991;0,0172133718987304;-0,325649179350263;-0,0325523258589531
2026-06-21 08:45:00;2026-06-21 08:49:46;"1F";91,6;10,9;14;11,9;11,6;10,6;96,5;10,9594814756397;11,62;11,6616370329478;10,1789483050508;10,9852638135356;0,0199999999999996;0,0616370329478109;-0,61473618646442;0,0594814756397302
2026-06-21 09:00:00;2026-06-21 09:04:45;"1F";87,7;10,4;13,5;11,7;11,1;10,5;96,1;10,3545363946947;11,15;11,1181754762863;10,0376134054647;10,7763293838253;0,0500000000000007;0,0181754762863235;-0,323670616174685;-0,0454636053052528
2026-06-21 09:15:00;2026-06-21 09:19:45;"1F";85,6;10,5;14,5;12,1;11,5;10,5;96;10,5265134928325;11,46;11,4785594449828;10,0272779973158;10,969094598121;-0,0399999999999991;-0,0214405550172252;-0,530905401878972;0,0265134928325352
2026-06-21 09:45:00;2026-06-21 09:49:50;"1F";75,7;10,6;22,4;13,3;13,2;11,7;91,2;10,6402551731872;13,23;13,258178621231;10,7198072088008;13,1538650461606;0,0299999999999994;0,058178621231038;-0,0461349538394202;0,0402551731871963
2026-06-21 10:00:00;2026-06-21 10:04:43;"1F";79,5;10,4;21,2;12,6;12,8;12,2;84,6;10,3725333753339;12,78;12,7607733627337;10,5193538317562;12,8235476822293;-0,0200000000000014;-0,03922663726628;0,0235476822293403;-0,027466624666113
2026-06-21 10:15:00;2026-06-21 10:19:42;"1F";80,9;10,5;19,5;12,6;12,5;12,3;82,6;10,5190834748175;12,51;12,5233584323723;10,4074557049727;12,4152189934809;0,00999999999999979;0,0233584323722571;-0,0847810065190906;0,0190834748175099
2026-06-21 10:30:00;2026-06-21 10:34:42;"1F";78,8;10,1;18,8;12,4;12,1;12,4;81;10,1080167046262;12,07;12,0756116932383;10,3370231206822;12,2359161844775;-0,0299999999999994;-0,0243883067616704;0,135916184477543;0,00801670462618453
2026-06-21 10:45:00;2026-06-21 10:49:41;"1F";74,3;10,8;25,7;13,6;14,1;12,9;79,1;10,775419671731;14,06;14,0427937702117;10,6180236787859;13,8626165751502;-0,0400000000000009;-0,0572062297883225;-0,237383424849847;-0,0245803282690318
2026-06-21 11:00:00;2026-06-21 11:04:41;"1F";74,8;10,4;24,3;13,1;13,4;13,3;77,3;10,3558493609487;13,45;13,4190945526641;10,8098592798694;13,7569014959086;0,0500000000000007;0,0190945526641233;0,356901495908614;-0,0441506390512529
2026-06-21 11:15:00;2026-06-21 11:19:40;"1F";70,5;11,3;26,2;14,6;14,6;13,4;77;11,3042330415463;14,61;14,6129631290824;10,8732253522263;14,1912577465584;0,00999999999999979;0,0129631290824168;-0,408742253441577;0,00423304154630699
2026-06-21 11:30:00;2026-06-21 11:34:40;"1F";67,3;11,7;28,7;15,4;15,5;14,1;75,2;11,6933115477917;15,47;15,4653180834542;11,3448331562394;15,0913832093676;-0,0300000000000011;-0,0346819165457859;-0,408616790632443;-0,00668845220826597
2026-06-21 11:45:00;2026-06-21 11:49:39;"1F";66,2;11,7;28,8;15,5;15,5;14,7;73,7;11,6623645651531;15,5;15,4736551956071;11,7483354858753;15,4538348401127;0;-0,0263448043928527;-0,0461651598873036;-0,0376354348469334
2026-06-21 12:00:00;2026-06-21 12:04:38;"1F";65,8;11,5;28,7;15,4;15,3;14,6;72,6;11,5256932004154;15,33;15,3479852402908;11,5337570894963;15,2736299626474;0,0299999999999976;0,0479852402908101;-0,0263700373525815;0,0256932004154429
2026-06-21 12:15:00;2026-06-21 12:19:38;"1F";62,9;11,4;29;15,6;15,3;14,8;71;11,3830340163847;15,34;15,3281238114693;11,5457863825155;15,3620504677608;0,0400000000000009;0,028123811469305;0,062050467760832;-0,0169659836152771
2026-06-21 12:30:00;2026-06-21 12:34:40;"1F";62,2;11,8;30;16,2;15,9;15,1;70,7;11,8479440957985;15,88;15,913560867059;11,7929386144169;15,7650570300919;-0,0200000000000014;0,0135608670589757;-0,134942969908144;0,0479440957985346
2026-06-21 12:45:00;2026-06-21 12:49:39;"1F";61,2;12;30,1;16,5;16,1;15,7;69,1;12,0039478199583;16,07;16,0727634739708;12,1730111325926;16,1111077928148;-0,0300000000000047;-0,0272365260291956;0,0111077928148298;0,00394781995829874
2026-06-21 13:00:00;2026-06-21 13:04:36;"1F";59,1;12,2;29,4;17;16,1;15,9;68,2;12,2076999670007;16,12;16,1253899769005;12,2568523615131;16,0497966530592;0,019999999999996;0,0253899769004562;-0,0502033469408332;0,00769996700065434
2026-06-21 13:15:00;2026-06-21 13:19:35;"1F";57;12,1;29,8;17,2;16,2;16,4;65,8;12,136526025275;16,15;16,1755682176925;12,4440386981721;16,3108270887204;-0,0500000000000007;-0,0244317823075093;0,110827088720445;0,0365260252749859
2026-06-21 13:30:00;2026-06-21 13:34:34;"1F";56,1;12,6;31,3;17,8;16,8;16,6;65,3;12,5594502588547;16,86;16,8316151811983;12,5698546813226;16,7188982769258;0,0599999999999987;0,031615181198287;-0,0811017230742124;-0,0405497411453037
2026-06-21 13:45:00;2026-06-21 13:49:34;"1F";55,7;12,5;30,9;17,8;16,7;17,1;63,8;12,5106209164861;16,71;16,7174346415403;12,85198884642;16,886392192494;0,0100000000000016;0,0174346415402589;0,186392192493983;0,0106209164860829
2026-06-21 14:00:00;2026-06-21 14:04:34;"1F";53;12,9;31,1;18,6;17,1;17,3;62,9;12,8771705510805;17,11;17,0940193857564;12,92782560937;16,999477926559;0,00999999999999801;-0,00598061424364715;-0,100522073441031;-0,0228294489194933
2026-06-21 14:30:00;2026-06-21 14:34:32;"1F";49,9;13,2;33,4;19,5;17,9;18,3;59,5;13,2562708518713;17,87;17,9093895963099;13,4208083852538;17,9045658696777;-0,0300000000000011;0,00938959630994418;0,00456586967768402;0,0562708518713464
2026-06-21 14:45:00;2026-06-21 14:49:32;"1F";51,5;12,9;32,6;18,9;17,5;17,9;60,5;12,9468180095812;17,44;17,4727726067068;13,1832564065781;17,5382794846047;-0,0599999999999987;-0,027227393293181;0,0382794846047005;0,0468180095811714
2026-06-21 15:00:00;2026-06-21 15:04:35;"1F";50,5;13;33,1;19,1;17,6;18,3;59,6;12,9905184681138;17,63;17,6233629276796;13,4330815101847;17,8531570571293;0,0300000000000011;0,0233629276796279;0,253157057129314;-0,00948153188624445
2026-06-21 15:15:00;2026-06-21 15:19:30;"1F";48,4;13,6;33,6;20,2;18,3;18,7;58,8;13,6547554566705;18,26;18,2983288196693;13,6925233376826;18,1747663363778;-0,0399999999999991;-0,00167118033067837;-0,125233663622172;0,0547554566704616
2026-06-21 15:30:00;2026-06-21 15:34:30;"1F";49;13,7;33,3;20,2;18,3;18,7;59,3;13,7361785076633;18,27;18,2953249553643;13,7546896010014;18,158282720701;-0,0300000000000011;-0,004675044635718;-0,141717279299041;0,0361785076632657
2026-06-21 15:45:00;2026-06-21 15:49:29;"1F";51,3;13,2;31,8;19,3;17,5;18,8;59,1;13,2672152944091;17,53;17,5770507060863;13,8193700425497;17,9135590297848;0,0299999999999976;0,0770507060863395;0,413559029784818;0,0672152944090598
2026-06-21 16:00:00;2026-06-21 16:04:29;"1F";56,2;13,6;30,1;19;17,5;18,5;62,1;13,6332045223317;17,44;17,4632431656322;13,9201726186691;17,6141208330684;-0,0600000000000023;-0,0367568343678109;0,11412083306837;0,0332045223316992
2026-06-21 16:15:00;2026-06-21 16:19:28;"1F";56,7;13,5;28,6;18,8;17,1;18,2;64,3;13,5191100593329;17,05;17,063377041533;13,9155129438258;17,2808590606781;-0,0500000000000007;-0,036622958466964;0,180859060678067;0,0191100593329097
2026-06-21 16:30:00;2026-06-21 16:34:27;"1F";57,3;13,6;28;18,8;17;18,2;64,7;13,5943765619714;17;16,99606359338;13,9639671567663;17,1947770097364;0;-0,00393640662001005;0,194777009736413;-0,005623438028584
2026-06-21 16:45:00;2026-06-21 16:49:26;"1F";59;13,3;25,6;18,2;16,2;17,9;65,5;13,2698959268607;16,25;16,2289271488025;13,7855709688186;16,559899678173;0,0500000000000007;0,02892714880252;0,359899678172997;-0,0301040731392561
2026-06-21 17:00:00;2026-06-21 17:04:26;"1F";61,8;13,2;24,2;17,8;15,9;17,6;67,3;13,2499023215088;15,86;15,8949316250561;13,7242752299284;16,2069926609499;-0,0400000000000009;-0,00506837494386936;0,306992660949868;0,0499023215087604
2026-06-21 17:15:00;2026-06-21 17:19:25;"1F";71,6;13,3;21,1;16,6;15,2;16,9;73;13,2972539087021;15,19;15,1880777360915;13,7407563290134;15,5285294303094;-0,00999999999999801;-0,0119222639085201;0,328529430309407;-0,00274609129788672
2026-06-21 17:30:00;2026-06-21 17:34:24;"1F";74,9;13,1;18,1;16;14,4;16,1;76,4;13,109866738902;14,39;14,3969067172314;13,3751445215378;14,5926011650765;-0,00999999999999979;-0,00309328276859411;0,192601165076466;0,0098667389020104
2026-06-21 17:45:00;2026-06-21 17:49:24;"1F";78,9;13;14,4;15,4;13,5;15,6;79,1;12,9897662327502;13,52;13,5128363629251;13,2036990033387;13,6825893023371;0,0199999999999996;0,0128363629251389;0,182589302337089;-0,010233767249801
2026-06-21 18:00:00;2026-06-21 18:04:25;"1F";81,6;12,8;13,3;14,9;13,1;15,1;81,7;12,810317688841;13,11;13,1172223821887;13,0143158400928;13,280021088065;0,00999999999999979;0,017222382188697;0,180021088064981;0,0103176888409955
2026-06-21 18:30:00;2026-06-21 18:34:23;"1F";86,2;12,2;12,1;13,8;12,4;14,1;85,4;12,2482532435091;12,34;12,3737772704564;12,4534743831492;12,5474320682044;-0,0600000000000005;-0,0262227295435995;0,147432068204406;0,0482532435091443
2026-06-21 18:45:00;2026-06-21 18:49:21;"1F";88,3;12,1;11,8;13,4;12,1;13,6;86,8;12,0846219979925;12,17;12,1592353985948;12,1180659852212;12,2026461896548;0,0699999999999985;0,0592353985947707;0,102646189654815;-0,0153780020074716
2026-06-21 19:00:00;2026-06-21 19:04:23;"1F";89,4;11,9;11,5;13,1;11,9;13,2;88,2;11,9086264025548;11,94;11,9460384817884;11,8776587375181;11,9343611162627;0,0400000000000009;0,0460384817883543;0,0343611162626924;0,00862640255479086
2026-06-21 19:15:00;2026-06-21 19:19:21;"1F";90,4;11,7;11,3;12,8;11,7;12,9;89;11,7205950312382;11,73;11,7444165218668;11,6690514979658;11,718336048576;0,0300000000000011;0,0444165218667685;0,0183360485760353;0,0205950312382406
2026-06-21 19:30:00;2026-06-21 19:34:20;"1F";91,6;11,5;10,9;12,4;11,4;12,6;89,9;11,4538396162699;11,47;11,4376877313889;11,4700915249485;11,469064067464;0,0699999999999985;0,0376877313889441;0,0690640674639713;-0,0461603837300792
2026-06-21 19:45:00;2026-06-21 19:49:19;"1F";92,5;11,4;10,6;12,2;11,3;12,3;90,7;11,3516101516528;11,32;11,286127106157;11,2594307659207;11,2316015361445;0,0199999999999996;-0,0138728938430486;-0,0683984638555089;-0,0483898483472114
2026-06-21 20:00:00;2026-06-21 20:04:19;"1F";93,4;11,2;10,4;12;11,2;12,1;91,2;11,2487487187338;11,12;11,1541241031137;11,1149255777239;11,0704479044067;-0,0800000000000018;-0,0458758968863258;-0,129552095593301;0,0487487187338225
2026-06-21 20:15:00;2026-06-21 20:19:21;"1F";94,2;11,3;10,8;12;11,3;12;91,8;11,3336147757416;11,27;11,2935303430191;11,0794706749033;11,1156294724323;-0,0300000000000011;-0,00646965698091151;-0,184370527567655;0,0336147757415581
2026-06-21 20:30:00;2026-06-21 20:34:24;"1F";94,5;11,4;10,9;12;11,3;12;92,3;11,3654788909771;11,36;11,335835223684;11,1323054141531;11,1726137899072;0,0599999999999987;0,0358352236839643;-0,12738621009283;-0,0345211090229061
2026-06-21 20:45:00;2026-06-21 20:49:17;"1F";95,3;11,3;11,2;11,8;11,3;11,9;92,7;11,251149335499;11,33;11,2958045348493;11,0754927983546;11,1828449588482;0,0299999999999994;-0,00419546515072433;-0,117155041151772;-0,0488506645010318
2026-06-21 21:00:00;2026-06-21 21:04:16;"1F";95,2;11;10,7;11,6;11;11,7;93;11,0411882542646;11;11,0288317779852;10,9088010920492;10,9461607644344;0;0,0288317779852356;-0,0538392355655795;0,0411882542646218
2026-06-21 21:15:00;2026-06-21 21:19:18;"1F";95,3;10,8;9,8;11,3;10,6;11,3;93,2;10,7526339766177;10,65;10,6168437836324;10,5329062317;10,46303436219;0,0500000000000007;0,016843783632412;-0,136965637809981;-0,0473660233822706
2026-06-21 21:30:00;2026-06-21 21:34:15;"1F";94,6;10,6;9,3;11,2;10,4;11,2;93,4;10,579716685642;10,4;10,3858016799494;10,4545031635296;10,2981522144707;-1,77635683940025e-15;-0,0141983200505784;-0,101847785529261;-0,0202833143579664
2026-06-21 21:45:00;2026-06-21 21:49:15;"1F";94,1;10,7;9,5;11,4;10,6;11,1;93,6;10,7263738897077;10,53;10,5484617227954;10,3760204956751;10,2732143469725;-0,0700000000000003;-0,0515382772046262;-0,326785653027464;0,0263738897076777
2026-06-21 22:00:00;2026-06-21 22:04:14;"1F";93,2;10,6;9,6;11,4;10,5;11,2;93,5;10,6321419588541;10,48;10,5024993711979;10,4649233755235;10,3654463628664;-0,0199999999999996;0,00249937119790289;-0,134553637133559;0,0321419588541492
2026-06-21 22:15:00;2026-06-21 22:19:14;"1F";93,8;10,5;9,1;11,2;10,3;11,1;93,4;10,496199527444;10,29;10,2873396692108;10,3552223910248;10,1786556737174;-0,0100000000000016;-0,0126603307892239;-0,12134432628263;-0,00380047255602989
2026-06-21 22:30:00;2026-06-21 22:34:15;"1F";94,5;10,2;8,5;10,8;9,9;11;93,3;10,1711620686206;9,92;9,89981344803443;10,2455689557128;9,97189826899898;0,0199999999999996;-0,000186551965569492;0,0718982689989787;-0,0288379313793818
2026-06-21 22:45:00;2026-06-21 22:49:13;"1F";95,4;9,9;8,1;10,4;9,6;10,7;93,3;9,86559913225325;9,59;9,56591939257727;9,94779395505349;9,65345576853744;-0,00999999999999979;-0,0340806074227249;0,0534557685374413;-0,0344008677467489
2026-06-21 23:00:00;2026-06-21 23:04:12;"1F";96,4;9,9;7,8;10,3;9,5;10,5;93,4;9,86874935873382;9,52;9,49812455111367;9,75953738624781;9,44167617037347;0,0199999999999996;-0,00187544888632551;-0,0583238296265325;-0,0312506412661779
2026-06-21 23:15:00;2026-06-21 23:19:11;"1F";96,6;9,8;7,8;10,2;9,4;10,4;93,6;9,78937176983727;9,44;9,43256023888609;9,6807402683263;9,37651818782841;0,0399999999999991;0,0325602388860915;-0,0234818121715872;-0,0106282301627267
2026-06-21 23:30:00;2026-06-21 23:34:11;"1F";96,6;9,5;7,5;9,9;9,1;10,2;93,7;9,48941086596459;9,14;9,13258760617521;9,49228987690844;9,16460291383591;0,0399999999999991;0,0325876061752108;0,0646029138359072;-0,0105891340354134
2026-06-21 23:45:00;2026-06-21 23:49:10;"1F";96,8;9,3;7,3;9,7;8,9;10,1;93,9;9,30979806310338;8,94;8,94685864417236;9,4133079466932;9,05931556268524;0,0399999999999991;0,046858644172362;0,159315562685242;0,00979806310337494
2026-06-22;2026-06-22 00:04:12;"1F";97;9,3;7,3;9,7;9;9,8;94;9,33017132087732;8,94;8,96111992461413;9,12524929917952;8,82767450942566;-0,0600000000000005;-0,0388800753858742;-0,172325490574337;0,0301713208773222
2026-06-22 00:15:00;2026-06-22 00:19:09;"1F";96,7;8,6;6,9;9;8,3;9,6;94;8,59955485858077;8,3;8,29968840100653;8,92641845301307;8,58849291710915;-1,77635683940025e-15;-0,000311598993466333;0,288492917109149;-0,000445141419234574
2026-06-22 00:30:00;2026-06-22 00:34:12;"1F";96,7;8;6,2;8,4;7,7;9;93,9;7,99950183441295;7,68;7,67965128408906;8,31998365299419;7,96398855709594;-0,0200000000000005;-0,0203487159109352;0,263988557095935;-0,000498165587050181
2026-06-22 00:45:00;2026-06-22 00:49:08;"1F";96,7;7,6;5,5;8,1;7,3;8,4;94;7,69947509045812;7,23;7,29963256332068;7,73343185065998;7,35340229546198;-0,0699999999999994;-0,000367436679318267;0,0534022954619848;0,0994750904581174
2026-06-22 01:00:00;2026-06-22 01:04:08;"1F";97,5;8,7;6;9;8,2;8,9;95;8,67989033535183;8,19;8,17592323474628;8,32988075479934;7,92091652835954;-0,00999999999999979;-0,024076765253719;-0,27908347164046;-0,0201096646481709
2026-06-22 01:15:00;2026-06-22 01:19:07;"1F";97,7;9;6,7;9,3;8,6;9,4;95;9,00067755529934;8,57;8,57047428870954;8,82806782760419;8,45964747932293;-0,0299999999999994;-0,029525711290459;-0,140352520677066;0,000677555299343879
2026-06-22 01:30:00;2026-06-22 01:34:06;"1F";97,6;8,8;7,1;9,1;8,5;9,3;94,7;8,79014905708123;8,49;8,48310433995686;8,6983204269998;8,43882429889986;-0,00999999999999979;-0,0168956600431418;-0,0611757011001437;-0,00985094291877431
2026-06-22 01:45:00;2026-06-22 01:49:06;"1F";97,3;8,4;6,6;8,7;8;8,9;94,6;8,35937291055683;8,07;8,04156103738978;8,29009403533765;8,01306582473635;0,0700000000000003;0,0415610373897763;0,0130658247363513;-0,0406270894431753
2026-06-22 02:00:00;2026-06-22 02:04:08;"1F";97,4;8,7;6,7;9;8,3;8,9;95;8,66983725004918;8,33;8,30888607503443;8,32988075479934;8,06091652835954;0,0299999999999976;0,00888607503442529;-0,239083471640461;-0,0301627499508186
2026-06-22 02:15:00;2026-06-22 02:19:04;"1F";97,3;8,4;6,6;8,7;8;8,9;94,9;8,35937291055683;8,07;8,04156103738978;8,31992927443748;8,03395049210623;0,0700000000000003;0,0415610373897763;0,0339504921062339;-0,0406270894431753
2026-06-22 02:30:00;2026-06-22 02:34:07;"1F";97,3;8,4;6,8;8,7;8,1;8,8;95;8,35937291055683;8,11;8,08156103738978;8,23024328695919;8,00117030087143;0,00999999999999979;-0,0184389626102224;-0,0988296991285704;-0,0406270894431753
2026-06-22 02:45:00;2026-06-22 02:49:04;"1F";97,3;8,3;6,7;8,6;8;8,7;95,1;8,25923473005125;8,01;7,98146431103587;8,14051638897425;7,90836147228197;0,00999999999999979;-0,0185356889641275;-0,0916385277180263;-0,0407652699487535
2026-06-22 03:00:00;2026-06-22 03:04:03;"1F";97,1;7,7;6,4;8,1;7,5;8,5;95;7,73884044972766;7,48;7,50718831480936;7,93133077595385;7,6819315431677;-0,0199999999999996;0,00718831480936188;0,181931543167698;0,0388404497276609
2026-06-22 03:15:00;2026-06-22 03:19:03;"1F";97,1;7,7;5,9;8,1;7,4;8,1;95;7,73884044972766;7,38;7,40718831480936;7,53278050853627;7,26294635597539;-0,0199999999999996;0,00718831480936188;-0,137053644024613;0,0388404497276609
2026-06-22 03:30:00;2026-06-22 03:34:03;"1F";97,3;7,7;5,8;8;7,3;8,1;95,3;7,65840529176179;7,35;7,32088370423325;7,56212565195376;7,26348795636764;0,0499999999999998;0,0208837042332544;-0,0365120436323645;-0,0415947082382084
2026-06-22 03:45:00;2026-06-22 03:49:02;"1F";97,5;7,8;5,9;8,1;7,4;8,2;95,4;7,77826032813271;7,45;7,43478222969289;7,67163980663188;7,37014786464231;0,0500000000000007;0,0347822296928939;-0,0298521353576859;-0,0217396718672935
2026-06-22 04:00:00;2026-06-22 04:04:01;"1F";97,5;7,7;6,1;8;7,4;8,1;95,3;7,67807913195267;7,41;7,39465539236687;7,56212565195376;7,32348795636763;0,0099999999999989;-0,00534460763313405;-0,0765120436323663;-0,0219208680473324
2026-06-22 04:15:00;2026-06-22 04:19:00;"1F";97,5;7,5;6,1;7,8;7,2;7,9;95,3;7,4777166884564;7,25;7,23440168191948;7,36271828397811;7,16390279878468;0,0499999999999998;0,0344016819194772;-0,0360972012153224;-0,0222833115436032
2026-06-22 04:30:00;2026-06-22 04:34:00;"1F";97,5;7,5;6,1;7,8;7,2;7,8;95,5;7,4777166884564;7,25;7,23440168191948;7,28246329429748;7,09772430600823;0,0499999999999998;0,0344016819194772;-0,102275693991767;-0,0222833115436032
2026-06-22 04:45:00;2026-06-22 04:48:59;"1F";97,4;7,4;6;7,7;7,1;7,7;95,5;7,3677611387837;7,15;7,12743279714859;7,18271565117836;6,99790095582485;0,0500000000000007;0,0274327971485935;-0,102099044175146;-0,032238861216296
2026-06-22 05:00:00;2026-06-22 05:03:59;"1F";97,4;7,4;6;7,7;7,1;7,7;95,5;7,3677611387837;7,15;7,12743279714859;7,18271565117836;6,99790095582485;0,0500000000000007;0,0274327971485935;-0,102099044175146;-0,032238861216296
2026-06-22 05:15:00;2026-06-22 05:18:59;"1F";97,3;7,5;6,1;7,8;7,2;7,7;95,6;7,45812867583759;7,25;7,22069007308631;7,19242331830126;7,02469632281088;0,0499999999999998;0,0206900730863095;-0,175303677189118;-0,0418713241624147
2026-06-22 05:30:00;2026-06-22 05:33:58;"1F";97,1;7,2;6;7,6;7;7,6;95,5;7,23836392674394;7;7,02685474872075;7,08296798986602;6,91807759290621;0;0,0268547487207549;-0,0819224070937858;0,0383639267439362
2026-06-22 05:45:00;2026-06-22 05:48:57;"1F";96,9;6,9;5,5;7,3;6,7;7,4;95,5;6,91873319376803;6,66;6,67311323563762;6,88347261244951;6,65843082871466;-0,04;-0,026886764362378;-0,0415691712853414;0,0187331937680302
2026-06-22 06:00:00;2026-06-22 06:03:57;"1F";96,9;6,6;5,4;7;6,4;7,3;95,6;6,61857624297306;6,4;6,41300337008114;6,79334488938402;6,56534142256881;-8,88178419700125e-16;0,0130033700811385;0,165341422568813;0,0185762429730563
2026-06-22 06:15:00;2026-06-22 06:18:57;"1F";97;6,7;5,3;7,1;6,5;7,3;95,6;6,72825594566434;6,46;6,47977916196504;6,79334488938402;6,54534142256881;-0,04;-0,0202208380349633;0,0453414225688142;0,0282559456643385
2026-06-22 06:30:00;2026-06-22 06:33:56;"1F";97,4;7,2;5,4;7,6;6,9;7,4;95,9;7,26760131870612;6,88;6,92732092309429;6,92206176592922;6,66544323615045;-0,0200000000000005;0,0273209230942859;-0,234556763849549;0,0676013187061235
2026-06-22 06:45:00;2026-06-22 06:48:55;"1F";97,3;7;5,4;7,3;6,7;7,5;95,7;6,95743683373518;6,71;6,68020578361462;7,00255152971257;6,7317860707988;0,0099999999999989;-0,0197942163853773;0,0317860707987965;-0,0425631662648236
2026-06-22 07:00:00;2026-06-22 07:03:55;"1F";97,2;6,4;5,2;6,8;6,2;7,1;95,4;6,4471707043744;6,2;6,23301949306208;6,57465691341636;6,35225983939145;-8,88178419700125e-16;0,0330194930620795;0,152259839391448;0,0471707043744001
2026-06-22 07:15:00;2026-06-22 07:18:54;"1F";97,3;6,6;5,2;6,9;6,4;7;95,9;6,5568830458425;6,35;6,31981813208975;6,52272070562377;6,30590449393664;-0,0500000000000007;-0,0801818679102526;-0,0940955060633621;-0,0431169541575027
2026-06-22 07:30:00;2026-06-22 07:33:53;"1F";97,7;7,8;6,3;8,1;7,5;7,8;96,5;7,79799071209969;7,53;7,52859349846979;7,37991588249302;7,20594111774511;0,0299999999999994;0,0285934984697853;-0,294058882254889;-0,00200928790030641
2026-06-22 07:45:00;2026-06-22 07:48:53;"1F";97,8;8,5;7,5;8,8;8,3;8,3;96,4;8,5095782320555;8,33;8,33670476243885;7,8698746921677;7,83891228451739;0,0299999999999994;0,0367047624388466;-0,461087715482611;0,00957823205549602
2026-06-22 08:00:00;2026-06-22 08:03:52;"1F";92,2;9,4;10,2;10,3;9,7;9,1;96,6;9,43857899099423;9,65;9,67700529369596;8,68951439047443;9,0326600733321;-0,0499999999999989;-0,0229947063040417;-0,667339926667896;0,0385789909942247
2026-06-22 08:15:00;2026-06-22 08:18:53;"1F";86;9,7;11,7;11,2;10,2;9,7;96,3;9,69044655424794;10,25;10,2433125879736;9,25891758870191;9,79124231209133;0,0499999999999989;0,0433125879735616;-0,408757687908667;-0,0095534457520543
2026-06-22 08:30:00;2026-06-22 08:33:51;"1F";80;10,5;12,5;12,7;11,1;10,3;96;10,5208395616751;11,12;11,1345876931726;9,82756494543607;10,4092954618053;0,0199999999999996;0,0345876931725702;-0,690704538194748;0,0208395616750998
2026-06-22 08:45:00;2026-06-22 08:48:51;"1F";75,9;10,9;13,2;13,6;11,7;11,4;93,6;10,9460964136011;11,63;11,6622674895208;10,6739974736226;11,2517982315358;-0,0700000000000003;-0,0377325104792092;-0,448201768464214;0,0460964136011306
2026-06-22 09:00:00;2026-06-22 09:03:52;"1F";73,9;11,6;14,9;14,6;12,6;12,9;86,4;11,6759612245377;12,56;12,6131728571764;11,3912604439575;12,2438823107702;-0,0400000000000009;0,0131728571763663;-0,356117689229782;0,0759612245376662
2026-06-22 09:15:00;2026-06-22 09:18:53;"1F";66,9;11,8;17,9;15,6;13,4;14,4;76,9;11,8330002269847;13,4;13,4231001588893;11,8142441664206;13,2899709164944;0;0,0231001588893012;-0,110029083505603;0,0330002269847149
2026-06-22 09:30:00;2026-06-22 09:33:58;"1F_SUSPEITO";67,7;12,5;20,3;16,2;14,4;15,3;73,6;12,4775449562947;14,43;14,4142814694063;12,3027424989632;14,2019197492742;0,0299999999999994;0,0142814694062583;-0,19808025072575;-0,0224550437053459
2026-06-22 09:45:00;2026-06-22 09:48:49;"1F";66,1;13,7;23,3;17,7;16;16,3;73;13,67365170524;16,02;16,001556193668;13,1764304087539;15,5135012861277;0,0199999999999996;0,00155619366799442;-0,486498713872294;-0,0263482947600089
2026-06-22 10:15:00;2026-06-22 10:18:56;"1F";64,1;14,5;24,9;18,8;17;18,2;70,2;14,4389149269129;17,01;16,9672404488391;14,6273341295336;17,0391338906735;0,00999999999999801;-0,0327595511609395;0,0391338906735115;-0,0610850730870567
2026-06-22 10:45:00;2026-06-22 10:48:49;"1F_SUSPEITO";62,3;15,2;25,6;19,9;17,8;19,1;68,8;15,2140061804154;17,75;17,7598043262908;15,2940092275168;17,7358064592618;-0,0500000000000007;-0,0401956737092313;-0,0641935407382199;0,0140061804153859
2026-06-22 11:30:00;2026-06-22 11:34:06;"1F_SUSPEITO";59,8;15,5;26,7;20,6;18,3;20,1;66,4;15,5227471297848;18,25;18,2659229908494;15,918072099351;18,4926504695457;-0,0500000000000043;-0,0340770091506499;0,192650469545683;0,0227471297847899
2026-06-22 11:45:00;2026-06-22 11:48:44;"1F_SUSPEITO";59,7;15,7;27,1;20,8;18,5;20,3;66,1;15,689161153496;18,49;18,4824128074472;16,0638526149979;18,6946968304986;-0,00999999999999801;-0,0175871925527957;0,194696830498554;-0,0108388465039901
2026-06-22 12:00:00;2026-06-22 12:03:47;"1F";59,9;15,7;27,6;20,8;18,6;20,4;66,2;15,7154794651332;18,59;18,6008356255932;16,1685761895894;18,8780033327126;-0,0100000000000051;0,000835625593232692;0,278003332712558;0,0154794651331898
2026-06-22 12:15:00;2026-06-22 12:18:43;"1F";60,3;15,9;27,7;20,9;18,7;20,4;66,4;15,8580290446214;18,76;18,730620331235;16,1941539770171;18,9159077839119;0,0599999999999987;0,0306203312350064;0,215907783911934;-0,0419709553785612
2026-06-22 12:30:00;2026-06-22 12:33:45;"1F";59,5;16,1;28,1;21,3;19;20,7;66,1;16,1112253824532;19,02;19,0278577677172;16,4315739229742;19,192101746082;0,0199999999999996;0,0278577677172471;0,192101746081967;0,0112253824532118
2026-06-22 12:45:00;2026-06-22 12:48:43;"1F";58,8;16,5;28,7;21,8;19,4;21,1;65,6;16,4647763669313;19,47;19,4453434568519;16,7341476579599;19,5639033605719;0,0700000000000003;0,0453434568519242;0,163903360571929;-0,0352236330686786
2026-06-22 13:45:00;2026-06-22 13:48:43;"1F_SUSPEITO";59,4;17;27,4;22,3;19,6;22;65,2;16,994309232901;19,61;19,6060164630307;17,506700029499;19,9346900206493;0,00999999999999801;0,00601646303066516;0,334690020649266;-0,00569076709904692
2026-06-22 14:00:00;2026-06-22 14:03:40;"1F_SUSPEITO";59,3;17,3;27,8;22,7;20;22,3;65,1;17,3390200714403;19,94;19,9673140500082;17,768162456277;20,2277137193939;-0,0599999999999987;-0,0326859499917873;0,227713719393893;0,0390200714403051
2026-06-22 15:00:00;2026-06-22 15:03:37;"1F_SUSPEITO";63,4;17;23,2;21,7;18,7;21,4;68,3;16,9927027442025;18,71;18,7048919209418;17,3629023399325;18,9340316379528;0,0100000000000016;0,00489192094176261;0,234031637952778;-0,00729725579748219
2026-06-22 16:00:00;2026-06-22 16:03:35;"1F_SUSPEITO";65,9;16,2;20,6;20,5;17,5;20,5;69,5;16,2220533844791;17,51;17,5254373691354;16,6822442709129;17,847570989639;0,00999999999999801;0,0254373691353535;0,347570989639017;0,0220533844790793
2026-06-22 17:15:00;2026-06-22 17:18:33;"1F";87,8;15,9;16,5;17,4;16,2;17,8;84;15,9496855129097;16,17;16,2047798590368;15,8910420877003;16,2037294613902;-0,0300000000000011;0,00477985903681599;0,00372946139022901;0,049685512909738
2026-06-22 17:30:00;2026-06-22 17:33:31;"1F";91,1;16;16,2;17,1;16,2;17,3;88,1;16,0421581406343;16,15;16,179510698444;15,8869443630739;16,0908610541517;-0,0500000000000007;-0,0204893015559691;-0,10913894584829;0,0421581406343314
2026-06-22 17:45:00;2026-06-22 17:48:33;"1F";90;16,1;16;17,3;16,2;17,1;89,5;16,1102563706309;16,2;16,2071794594416;15,8546995241818;16,0082896669273;0;0,00717945944162679;-0,19171033307272;0,0102563706308914
2026-06-22 18:00:00;2026-06-22 18:03:30;"1F";89,1;16;15,9;17,3;16,2;17,2;88,6;16,0044440444152;16,11;16,1131108310906;15,8475162717307;15,9932613902115;-0,0899999999999999;-0,0868891689093516;-0,206738609788541;0,00444404441521229
2026-06-22 18:15:00;2026-06-22 18:18:30;"1F";87,8;16,1;16;17,6;16,3;17,4;87,5;16,1456406807137;16,23;16,2619484764996;15,9143826738281;16,0800678716797;-0,0700000000000003;-0,0380515235003891;-0,219932128320323;0,0456406807137277
2026-06-22 18:30:00;2026-06-22 18:33:29;"1F";86,3;16,3;16,2;17,9;16,4;17,7;86,3;16,2612912687129;16,44;16,4129038880991;16,0660646089718;16,2562452262802;0,0400000000000027;0,0129038880990642;-0,14375477371976;-0,038708731287052
2026-06-22 18:45:00;2026-06-22 18:48:30;"1F";85,6;16,3;16,3;18;16,4;17,9;85,5;16,2755646295529;16,47;16,452895240687;16,1662439333394;16,3663707533376;0,0700000000000003;0,0528952406870502;-0,0336292466623895;-0,0244353704470726
2026-06-22 19:00:00;2026-06-22 19:03:29;"1F_SUSPEITO";84,3;16,4;16,4;18,3;16,6;18,1;84,8;16,412178401833;16,59;16,5985248812831;16,277579086828;16,4843053607796;-0,0100000000000051;-0,00147511871692529;-0,115694639220386;0,0121784018329691
2026-06-22 19:15:00;2026-06-22 19:18:26;"1F";83,8;16,4;16,7;18,4;16,7;18,3;84,1;16,4492869870448;16,66;16,6945008909314;16,38822524785;16,641757673495;-0,0400000000000027;-0,00549910906864781;-0,0582423265049812;0,0492869870447912
2026-06-22 19:30:00;2026-06-22 19:33:26;"1F";83,8;16,6;16,9;18,6;16,9;18,5;84,1;16,643268454881;16,86;16,8902879184167;16,5823582411781;16,8376507688246;-0,0399999999999991;-0,00971208158328452;-0,0623492311753502;0,0432684548810194
2026-06-22 19:45:00;2026-06-22 19:48:28;"1F";85,4;16,7;16,9;18,5;16,9;18,4;85,1;16,7387131617553;16,92;16,9470992132287;16,6053130051728;16,843719103621;0,0200000000000031;0,0470992132286803;-0,0562808963790289;0,0387131617552576
2026-06-22 20:00:00;2026-06-22 20:03:28;"1F";88,4;16,9;16,9;18,3;17;18,4;86,5;16,9034001883877;17,04;17,0423801318714;16,7733678862815;16,9613575203971;0,0399999999999991;0,0423801318713828;-0,0386424796029416;0,00340018838769396
2026-06-22 20:15:00;2026-06-22 20:18:30;"1F_SUSPEITO";90,7;17;16,9;18,1;17,1;18,1;88,8;16,9819016447773;17,09;17,0773311513441;16,7549196568959;16,9184437598272;-0,0100000000000051;-0,0226688486558757;-0,181556240172849;-0,0180983552226763
2026-06-22 20:30:00;2026-06-22 20:33:24;"1F";89,6;16,9;16,9;18,1;17;18,1;88,1;16,850467271216;17,02;16,9853270898512;16,6713410070412;16,8599387049288;0,019999999999996;-0,0146729101488248;-0,140061295071192;-0,0495327287840333
2026-06-22 20:45:00;2026-06-22 20:48:26;"1F_SUSPEITO";91,8;16,7;16,7;17,7;16,8;17,8;89,3;16,7177423674843;16,8;16,812419657239;16,5196280266375;16,6837396186463;0;0,0124196572389792;-0,116260381353747;0,0177423674842601
2026-06-22 21:00:00;2026-06-22 21:03:22;"1F";89,6;16,4;16,5;17,6;16,5;17,5;89,8;16,3584385103214;16,54;16,510906957225;16,2836428187679;16,4485499731375;0,0399999999999991;0,010906957224968;-0,05145002686249;-0,0415614896786174
2026-06-22 21:15:00;2026-06-22 21:18:22;"1F";87,5;16;16,3;17,5;16,2;17,5;87,7;16,0122879683593;16,21;16,2186015778515;16,0358708031336;16,2351095621935;0,0100000000000016;0,0186015778515163;0,0351095621935009;0,0122879683593062
2026-06-22 21:30:00;2026-06-22 21:33:22;"1F";85,8;15,7;16,1;17,4;16;17,5;85,8;15,7144318929341;15,95;15,9601023250539;15,8119223610935;16,0383456527655;-0,0500000000000007;-0,039897674946122;0,0383456527654786;0,0144318929341125
2026-06-22 21:45:00;2026-06-22 21:48:21;"1F";86,1;15,6;16;17,2;15,8;17,3;85,2;15,5545772079976;15,84;15,8082040455983;15,5465552996718;15,8125887097703;0,0400000000000009;0,00820404559831012;0,0125887097702879;-0,0454227920024106
2026-06-22 22:00:00;2026-06-22 22:03:20;"1F";86,9;15,4;15,9;16,9;15,6;17;86,1;15,3549935738212;15,65;15,6184955016748;15,3594484510162;15,6316139157113;0,0499999999999989;0,0184955016748347;0,0316139157113273;-0,0450064261788068
2026-06-22 22:30:00;2026-06-22 22:33:19;"1F";90,4;15,4;15,6;16,5;15,5;16,5;88,4;15,3685584351578;15,55;15,5279909046105;15,1372150589064;15,3660505412345;0,0499999999999989;0,0279909046104674;-0,133949458765491;-0,0314415648421882
2026-06-22 22:45:00;2026-06-22 22:48:18;"1F";91,1;15,4;15,6;16,5;15,6;16,5;89,5;15,4496241423752;15,55;15,5847368996626;15,2644052395597;15,4550836676918;-0,0500000000000007;-0,0152631003373713;-0,144916332308174;0,0496241423751815
2026-06-22 23:00:00;2026-06-22 23:03:18;"1F";91,8;15,6;15,7;16,6;15,7;16,5;90,1;15,629658954007;15,72;15,7407612678049;15,3338315878365;15,5236821114855;0,0200000000000014;0,0407612678049176;-0,176317888514474;0,029658954007024
2026-06-22 23:15:00;2026-06-22 23:18:17;"1F";92;15,6;15,6;16,5;15,7;16,5;90,6;15,5539286186468;15,69;15,6577500330528;15,3917148243451;15,5442003770416;-0,00999999999999979;-0,0422499669472405;-0,155799622958417;-0,0460713813531992
2026-06-22 23:30:00;2026-06-22 23:33:17;"1F";91,1;15,2;15,1;16,2;15,2;16,3;90,5;15,1533569271482;15,28;15,2473498490037;15,1829029196478;15,2780320437535;0,0799999999999983;0,0473498490037194;0,0780320437534687;-0,046643072851829
2026-06-22 23:45:00;2026-06-22 23:48:16;"1F";91,7;15;14,8;16;15,1;16;90,3;15,0246811829249;15,06;15,0772768280474;14,8641317050482;14,9648921935337;-0,0399999999999991;-0,0227231719525722;-0,135107806466253;0,0246811829248976
2026-06-23;2026-06-23 00:03:16;"1F";92,3;14,9;14,6;15,8;14,9;15,8;90,7;14,8954992649613;14,93;14,9268494854729;14,7126526952101;14,7988568866471;0,0299999999999994;0,0268494854728871;-0,101143113352929;-0,0045007350387305
2026-06-23 00:15:00;2026-06-23 00:18:15;"1F";92,4;14,8;14,4;15,7;14,8;15,7;91,1;14,8078842983904;14,81;14,8155190088733;14,6595779107626;14,7117045375338;0,00999999999999979;0,0155190088732979;-0,0882954624661672;0,00788429839042593
2026-06-23 00:30:00;2026-06-23 00:33:15;"1F";93;14,9;14,5;15,7;14,9;15,6;91,5;14,8764096228002;14,9;14,8834867359601;14,6063389146692;14,6844372402684;0;-0,0165132640398564;-0,215562759731572;-0,0235903771997936
2026-06-23 00:45:00;2026-06-23 00:48:14;"1F";92,7;14,8;14,8;15,7;14,9;15,6;91,7;14,8421408399883;14,89;14,9194985879918;14,6291053401411;14,7603737380988;-0,00999999999999979;0,019498587991837;-0,139626261901199;0,0421408399883383
2026-06-23 01:00:00;2026-06-23 01:03:13;"1F";84,1;13,1;14,4;14,9;13,5;14,9;88,6;13,0879525956681;13,54;13,5315668169677;13,5896218326324;13,8827352828427;0,0400000000000009;0,0315668169676897;0,382735282842665;-0,0120474043318719
2026-06-23 01:15:00;2026-06-23 01:18:13;"1F";86,2;12,8;13,8;14,4;13,2;14,5;85,8;12,8337902505868;13,16;13,1836531754107;12,8872001813544;13,2310401269481;-0,0400000000000009;-0,0163468245892702;0,0310401269480671;0,0337902505867582
2026-06-23 01:30:00;2026-06-23 01:33:13;"1F";86,8;12,7;13,4;14,1;13;14,2;86,8;12,6067470794828;12,98;12,914722955638;12,7044832397052;12,9931382677937;-0,0200000000000014;-0,085277044362007;-0,00686173220633002;-0,0932529205171519
2026-06-23 01:45:00;2026-06-23 01:48:12;"1F";86,6;12,4;13,2;13,9;12,7;13,9;86,9;12,3894575945642;12,71;12,7026203161949;12,4221856944626;12,7255299861238;0,0100000000000016;0,00262031619494252;0,0255299861238019;-0,0105424054357979
2026-06-23 02:00:00;2026-06-23 02:03:12;"1F";86,6;12,3;13,1;13,8;12,6;13,7;86,8;12,2917701429561;12,61;12,6042391000693;12,2158022433546;12,5410615703482;0,0100000000000016;0,00423910006928452;-0,0589384296518052;-0,00822985704388302
2026-06-23 02:15:00;2026-06-23 02:18:11;"1F";87,6;12,2;12,9;13,6;12,5;13,6;87,3;12,2048183013912;12,48;12,4833728109738;12,1722731597493;12,4605912118245;-0,0200000000000014;-0,016627189026174;-0,0394087881754803;0,00481830139118244
2026-06-23 02:30:00;2026-06-23 02:33:10;"1F_SUSPEITO";87,1;12,1;12,8;13,5;12,3;13,5;87,7;12,0527758992932;12,38;12,3469431295053;12,1177159446039;12,3924011612227;0,0799999999999983;0,0469431295052605;0,0924011612227229;-0,0472241007067691
2026-06-23 02:45:00;2026-06-23 02:48:11;"1F";82;11,2;12,7;13,2;11,7;13,1;85;11,2136653973937;11,7;11,7095657781756;11,4368076540547;11,8557653578383;0;0,00956577817559889;0,155765357838325;0,0136653973937122
2026-06-23 03:00:00;2026-06-23 03:03:11;"1F";82,9;11,3;12,4;13,2;11,7;13,1;83,7;11,309634938387;11,71;11,7167444568709;11,2980893438807;11,6986625407165;0,0100000000000016;0,0167444568709119;-0,00133745928353157;0,00963493838701446
2026-06-23 03:15:00;2026-06-23 03:18:09;"1F";83,4;11,3;12,4;13,1;11,7;13;84,7;11,2661198306247;11,7;11,6762838814373;11,3075507999391;11,6952855599574;1,77635683940025e-15;-0,0237161185626906;-0,00471444004263688;-0,0338801693752746
2026-06-23 03:30:00;2026-06-23 03:33:08;"1F";81,5;11;12,4;13;11,5;12,9;84,1;10,967604134586;11,48;11,4573228942102;11,1466047607699;11,5726233325389;-0,0199999999999996;-0,042677105789771;0,0726233325389032;-0,0323958654139602
2026-06-23 03:45:00;2026-06-23 03:48:07;"1F";81,8;10,9;12,3;12,9;11,4;12,8;83,5;10,9029188592576;11,38;11,3820432014803;10,986027080111;11,4302189560777;-0,0200000000000014;-0,0179567985197036;0,0302189560776664;0,00291885925756752
2026-06-23 04:00:00;2026-06-23 04:03:07;"1F";84;11;12,2;12,8;11,4;12,8;84,6;11,0389474897907;11,42;11,4472632428535;11,1025134778103;11,4917594344672;0,0199999999999978;0,0472632428535054;0,0917594344671944;0,038947489790722
2026-06-23 04:15:00;2026-06-23 04:18:06;"1F";86,5;11,3;12,2;12,8;11,6;12,8;86,3;11,3042571289923;11,63;11,6329799902946;11,2829881800123;11,6180917260086;0,0299999999999994;0,0329799902945833;0,0180917260086115;0,00425712899226127
2026-06-23 04:30:00;2026-06-23 04:33:06;"1F";85,5;11,1;12,1;12,7;11,5;12,6;87;11,1005726599886;11,46;11,460400861992;11,161893542517;11,4933254797619;-0,0400000000000009;-0,039599138008013;-0,00667452023807158;0,000572659988554491
2026-06-23 04:45:00;2026-06-23 04:48:25;"1F";83,1;10,6;12;12,4;11;12,3;85,7;10,5564675843682;11,06;11,0295273090577;10,7318941578396;11,1423259104877;0,0600000000000005;0,0295273090577357;0,142325910487743;-0,0435324156318053
2026-06-23 05:00:00;2026-06-23 05:03:05;"1F";81,9;10,2;11,7;12,2;10,7;12,1;84,3;10,2379561433914;10,7;10,726569300374;10,3908958173443;10,823627072141;0;0,0265693003739766;0,123627072141041;0,0379561433913942
2026-06-23 05:15:00;2026-06-23 05:18:04;"1F";82,9;10,2;11,5;12,1;10,7;12;84,3;10,2452422406444;10,65;10,6816695684511;10,2937776950019;10,7056443865013;-0,0500000000000007;-0,0183304315489288;0,00564438650131294;0,045242240644388
2026-06-23 05:30:00;2026-06-23 05:33:04;"1F";82,6;10;11,4;11,9;10,5;11,9;84,5;10,0207109431894;10,47;10,4844976602325;10,2174001578163;10,6221801104714;-0,0299999999999994;-0,015502339767453;0,122180110471399;0,0207109431893553
2026-06-23 05:45:00;2026-06-23 05:48:06;"1F";84,1;10,1;11,3;11,8;10,5;11,7;85;10,0788597495703;10,51;10,4952018246992;10,0747030353593;10,4822921247515;0,00999999999999979;-0,00479817530081483;-0,0177078752485027;-0,0211402504297347
2026-06-23 06:00:00;2026-06-23 06:03:02;"1F";84,8;10,1;11,3;11,7;10,5;11,6;85,9;10,054040463731;10,5;10,4678283246117;10,0702798746088;10,4691959122261;0;-0,0321716753882662;-0,0308040877738645;-0,0459595362689509
2026-06-23 06:15:00;2026-06-23 06:18:01;"1F";81,6;9,5;11,1;11,5;10;11,4;85,3;9,53178616868088;10,02;10,0422503180766;9,81360987532225;10,2295269127256;0,0199999999999996;0,0422503180766149;0,229526912725573;0,0317861686808794
2026-06-23 06:30:00;2026-06-23 06:33:01;"1F";82,9;9,6;11;11,4;10;11,3;84,2;9,56789996974893;10,06;10,0375299788243;9,60373403171182;10,0526138221983;0,0600000000000005;0,0375299788242529;0,0526138221982748;-0,032100030251069
2026-06-23 06:45:00;2026-06-23 06:48:00;"1F";83,5;9,5;10,8;11,3;10;11,2;85,1;9,53228647836128;9,94;9,9626005348529;9,59844624864344;9,9989123740504;-0,0600000000000005;-0,0373994651471019;-0,00108762594959622;0,032286478361284
2026-06-23 07:00:00;2026-06-23 07:03:02;"1F";84,6;9,4;10,7;11,1;9,9;11;85,7;9,45022574193037;9,83;9,86515801935126;9,46482388505639;9,86537671953947;-0,0700000000000003;-0,0348419806487392;-0,0346232804605275;0,0502257419303742
2026-06-23 07:15:00;2026-06-23 07:18:01;"1F";84,4;9,4;10,6;11,1;9,8;10,9;86;9,4298818779234;9,81;9,83091731454638;9,39782354466647;9,78847648126653;0,00999999999999801;0,0309173145463753;-0,011523518733469;0,0298818779233958
2026-06-23 07:30:00;2026-06-23 07:33:10;"1F";83,3;9,3;10,6;11,1;9,8;10,9;85,7;9,31816313352649;9,74;9,75271419346854;9,36735678809658;9,76714975166761;-0,0600000000000023;-0,0472858065314625;-0,0328502483323945;0,0181631335264854
2026-06-23 07:45:00;2026-06-23 07:47:58;"1F";83,1;9,2;10,7;11;9,7;10,8;85,2;9,20106737463954;9,68;9,68074716224768;9,21928584487716;9,67350009141401;-0,0199999999999996;-0,0192528377523224;-0,0264999085859863;0,00106737463953976
2026-06-23 08:00:00;2026-06-23 08:02:57;"1F";81;9;10,9;11;9,6;10,8;84,7;8,98922895604552;9,58;9,57246026923186;9,16874539034301;9,67812177324011;-0,0199999999999996;-0,0275397307681349;0,0781217732401061;-0,0107710439544793
2026-06-23 08:15:00;2026-06-23 08:17:57;"1F";77,6;8,6;11;11;9,4;10,8;82,1;8,64844691453951;9,32;9,35391284017766;8,90694516509438;9,51486161556607;-0,0800000000000018;-0,046087159822342;0,114861615566065;0,0484469145395128
2026-06-23 09:00:00;2026-06-23 09:03:00;"1F_SUSPEITO";74,8;8,4;11,9;11;9,3;10,7;79,4;8,36976340286372;9,36;9,33883438200461;8,54098687012447;9,42869080908713;0,0599999999999987;0,0388343820046053;0,12869080908713;-0,0302365971362768
2026-06-23 10:00:00;2026-06-23 10:02:58;"1F_SUSPEITO";70,1;8;12,7;11,1;9,2;10,9;75,7;7,99890527479005;9,25;9,24923369235303;8,36432147247908;9,48502503073536;0,0500000000000007;0,0492336923530328;0,285025030735357;-0,00109472520995268
2026-06-23 10:30:00;2026-06-23 10:32:55;"1F";70,1;8,1;12,8;11,2;9,3;10,8;75,7;8,09209532040582;9,35;9,34446672428407;8,2694905267277;9,42864336870939;0,0499999999999989;0,0444667242840726;0,128643368709389;-0,00790467959417818
2026-06-23 10:45:00;2026-06-23 10:47:52;"1F";71,8;8,4;13,4;11,3;9,7;11;76,7;8,3541476241624;9,69;9,65790333691368;8,55868117013148;9,77107681909203;-0,00999999999999801;-0,0420966630863209;0,0710768190920348;-0,0458523758376046
2026-06-23 11:00:00;2026-06-23 11:02:51;"1F";73,9;8,8;13,7;11,5;10;11,1;78,1;8,75213610893499;10,05;10,0164952762545;8,79389130028017;10,0057239101961;0,0500000000000007;0,0164952762544974;0,00572391019612084;-0,0478638910650062
2026-06-23 11:15:00;2026-06-23 11:17:52;"1F";70,6;8,3;14,6;11,4;9,9;11,2;78,2;8,32823712112356;9,87;9,88976598478649;8,89943808798154;10,2696066615871;-0,0299999999999994;-0,0102340152135074;0,369606661587079;0,0282371211235617
2026-06-23 11:30:00;2026-06-23 11:32:50;"1F";68,8;8,1;13,8;11,3;9,5;11;75;8,05650969883138;9,56;9,52955678918197;8,38961246800053;9,73272872760037;0,0600000000000005;0,029556789181969;0,232728727600369;-0,0434903011686156
2026-06-23 11:45:00;2026-06-23 11:47:49;"1F";69,2;8,6;14,8;11,8;10,1;11,1;75,4;8,56066948770825;10,16;10,1324686413958;8,52408274897898;10,0368579242853;0,0600000000000005;0,0324686413957718;-0,0631420757147119;-0,0393305122917535
2026-06-23 12:00:00;2026-06-23 12:02:53;"1F";71,7;8,4;14,5;11,4;10;11,2;76;8,43787180091547;9,92;9,94651026064083;8,67881828065987;10,0951727964619;-0,0799999999999983;-0,0534897393591685;0,0951727964619078;0,0378718009154717
2026-06-23 12:45:00;2026-06-23 12:47:51;"1F";73,1;8,5;14,8;11,3;10;11,1;77,8;8,48364607915158;10,04;10,0285522554061;8,76383344676398;10,2046834127348;0,0400000000000009;0,0285522554061099;0,204683412734786;-0,0163539208484167
2026-06-23 13:00:00;2026-06-23 13:02:46;"1F";74;8,6;14;11,3;9,9;11,1;78,3;8,57349201936247;9,95;9,93144441355373;8,81394103015804;10,0797587211106;0,0500000000000007;0,0314444135537286;0,179758721110625;-0,0265079806375308
2026-06-23 13:15:00;2026-06-23 13:17:46;"1F";74,4;8,6;13,6;11,3;9,9;10,9;79,1;8,61347529174998;9,87;9,87943270422498;8,70269663836013;9,90188764685209;-0,0299999999999994;-0,0205672957750167;0,00188764685209364;0,0134752917499767
2026-06-23 13:30:00;2026-06-23 13:32:45;"1F";75,6;8,5;13;11,1;9,7;10,8;79,5;8,54401428968428;9,66;9,69081000277899;8,64680683056651;9,73276478139656;-0,0400000000000009;-0,00918999722100722;0,0327647813965566;0,0440142896842755
2026-06-23 13:45:00;2026-06-23 13:47:44;"1F";76,6;8,7;12,9;11,1;9,8;10,8;80,5;8,64380114756759;9,78;9,74066080329731;8,74666636081615;9,78266645257131;-0,0200000000000031;-0,0593391967026875;-0,0173335474286933;-0,0561988524324075
2026-06-23 14:00:00;2026-06-23 14:02:45;"1F";76,8;8,9;13,3;11,3;10;10,8;81;8,85406117857985;10,02;9,98784282500589;8,7966865269513;9,89768056886591;0,0200000000000014;-0,0121571749941065;-0,10231943113409;-0,0459388214201528
2026-06-23 14:15:00;2026-06-23 14:17:43;"1F";76,1;8,8;14,5;11,3;10,2;10,9;80,7;8,78376706690004;10,19;10,17863694683;8,86285955533276;10,1940016887329;-0,00999999999999801;-0,0213630531699724;-0,00599831126707073;-0,016232933099964
2026-06-23 14:30:00;2026-06-23 14:32:43;"1F";77,2;8,7;13;11,1;9,8;10,8;80,9;8,70377766519054;9,8;9,80264436563338;8,78667764587976;9,83067435211584;-1,77635683940025e-15;0,00264436563337433;0,0306743521158346;0,00377766519053679
2026-06-23 14:45:00;2026-06-23 14:47:42;"1F";77,1;8,7;12,6;11,1;9,7;10,9;81,2;8,69377609535521;9,72;9,71564326674865;8,91303519102225;9,84912463371558;0,0199999999999996;0,015643266748647;0,149124633715576;-0,00622390464478784
2026-06-23 15:00:00;2026-06-23 15:02:41;"1F";76,3;8,6;12,4;11,1;9,6;10,8;80,7;8,61384236887168;9,61;9,61968965821018;8,7666671610922;9,69666701276454;0,00999999999999979;0,0196896582101758;0,0966670127645379;0,0138423688716802
2026-06-23 15:15:00;2026-06-23 15:17:43;"1F";75,4;8,4;12,9;11;9,6;10,8;79,8;8,42933652997432;9,56;9,58053557098202;8,67673949798377;9,73371764858864;-0,0399999999999991;-0,0194644290179777;0,133717648588638;0,0293365299743176
2026-06-23 15:30:00;2026-06-23 15:32:40;"1F";75,9;8,5;12,6;11;9,6;10,8;80,1;8,47904054487906;9,57;9,55532838141534;8,70669372341662;9,69468560639164;-0,0300000000000011;-0,0446716185846618;0,0946856063916375;-0,0209594551209449
2026-06-23 15:45:00;2026-06-23 15:47:40;"1F";77,3;8,5;11,8;10,9;9,4;10,8;80,3;8,52322822633501;9,4;9,41625975843451;8,72667522250997;9,54867265575698;-1,77635683940025e-15;0,0162597584345097;0,148672655756975;0,0232282263350143
2026-06-23 16:00:00;2026-06-23 16:02:39;"1F";78,6;8,6;11,4;10,8;9,3;10,7;81,4;8,55713737465816;9,38;9,34999616226071;8,74037049110872;9,4682593437761;0,0800000000000001;0,0499961622607135;0,1682593437761;-0,0428626253418347
2026-06-23 16:15:00;2026-06-23 16:17:39;"1F";77,9;8,4;11,2;10,7;9,2;10,5;81,9;8,39208536233057;9,19;9,1844597536314;8,59735832939071;9,3081508305735;-0,00999999999999979;-0,0155402463685999;0,108150830573496;-0,00791463766942968
2026-06-23 16:30:00;2026-06-23 16:32:38;"1F";78,4;8,4;11;10,7;9,2;10,5;81,5;8,44165933752025;9,15;9,17916153626417;8,55756148989702;9,24029304292791;-0,0499999999999989;-0,0208384637358279;0,040293042927912;0,0416593375202456
2026-06-23 16:45:00;2026-06-23 16:47:37;"1F";78,6;8,5;11;10,7;9,2;10,4;82;8,46150563220677;9,22;9,19305394254474;8,51078204054303;9,19754742838012;0,0199999999999996;-0,00694605745525934;-0,00245257161988022;-0,038494367793227
2026-06-23 17:00:00;2026-06-23 17:02:37;"1F";79,1;8,4;10,8;10,6;9,1;10,4;82,2;8,41539665350014;9,1;9,1107776574501;8,53064919451986;9,1714544361639;0;0,0107776574501006;0,0714544361638989;0,015396653500142
2026-06-23 17:15:00;2026-06-23 17:17:36;"1F";80,1;8,4;10,3;10,5;9;10,4;82,6;8,41859219175134;8,99;9,00301453422594;8,57041467012419;9,09929026908694;-0,00999999999999979;0,00301453422593667;0,0992902690869357;0,0185921917513365
2026-06-23 17:30:00;2026-06-23 17:32:35;"1F";81;8,4;9,8;10,4;8,9;10,3;83,1;8,41160135792685;8,88;8,88812095054879;8,52336551880063;8,95635586316044;-0,0200000000000014;-0,011879049451208;0,0563558631604373;0,0116013579268479
2026-06-23 17:45:00;2026-06-23 17:47:35;"1F";82,6;8,3;9;10,1;8,6;10,1;83,7;8,28035475283753;8,62;8,60624832698627;8,38908353854061;8,68235847697843;0,0200000000000014;0,00624832698627031;0,0823584769784294;-0,0196452471624724
2026-06-23 18:00:00;2026-06-23 18:02:34;"1F";83,5;8,2;8,4;9,9;8,4;10;84,8;8,17545715627919;8,41;8,39282000939543;8,4008983920896;8,56062887446272;0,00999999999999979;-0,00717999060456798;0,160628874462722;-0,0245428437208108
2026-06-23 18:15:00;2026-06-23 18:17:34;"1F";82,5;8,2;8,3;10;8,4;9,9;84,8;8,17382559773663;8,4;8,38167791841564;8,30365453309037;8,46255817316326;-1,77635683940025e-15;-0,0183220815843619;0,0625581731632572;-0,0261744022633721
2026-06-23 18:30:00;2026-06-23 18:32:33;"1F";82,1;8,3;9,1;10,2;8,7;10;84,8;8,32759874740677;8,65;8,66931912318474;8,4008983920896;8,70062887446272;-0,0499999999999989;-0,0306808768152589;0,000628874462723417;0,0275987474067705
2026-06-23 18:45:00;2026-06-23 18:47:33;"1F";81,4;8,4;9,6;10,3;8,8;10,1;84,2;8,35486670436465;8,83;8,79840669305525;8,43861461841408;8,83703023288986;0,0299999999999994;-0,00159330694474846;0,0370302328898546;-0,0451332956353525
2026-06-23 19:00:00;2026-06-23 19:02:32;"1F";80,5;8,4;9,8;10,4;8,8;10,2;83,6;8,36210743434889;8,88;8,85347520404422;8,4761273705236;8,91328915936652;0,0799999999999983;0,0534752040442221;0,113289159366522;-0,0378925656511111
2026-06-23 19:15:00;2026-06-23 19:17:32;"1F";80,1;8,3;9,8;10,4;8,8;10,2;83;8,32255829420748;8,81;8,82579080594523;8,41664362430895;8,87165053701626;0,00999999999999979;0,0257908059452312;0,0716505370162608;0,0225582942074745
2026-06-23 19:30:00;2026-06-23 19:32:31;"1F";78,6;8,2;9,8;10,4;8,7;10,2;82,4;8,17461023600567;8,74;8,72222716520397;8,35725634997038;8,83007944497927;0,0399999999999991;0,0222271652039687;0,130079444979266;-0,0253897639943315
2026-06-23 19:45:00;2026-06-23 19:47:31;"1F";82;8,3;9,8;10,2;8,8;10,2;83,6;8,31771820400023;8,79;8,80240274280016;8,4761273705236;8,91328915936652;-0,00999999999999979;0,00240274280016273;0,113289159366522;0,0177182040002322
2026-06-23 20:00:00;2026-06-23 20:02:30;"1F";82,5;8,3;9,6;10,1;8,7;10;84,3;8,2704865858716;8,74;8,71934061011012;8,35141045148797;8,76598731604158;0,0400000000000009;0,0193406101101186;0,0659873160415785;-0,0295134141284024
2026-06-23 20:15:00;2026-06-23 20:17:30;"1F";84,4;8,4;9,5;10;8,7;9,9;85,3;8,36130249227303;8,78;8,75291174459112;8,35308748904569;8,73716124233198;0,0800000000000018;0,0529117445911229;0,0371612423319849;-0,0386975077269689
2026-06-23 20:30:00;2026-06-23 20:32:29;"1F";85,6;8,2;9,3;9,7;8,6;9,7;86,3;8,18789577345588;8,57;8,56152704141912;8,25693517488363;8,60985462241854;-0,0299999999999994;-0,0384729585808845;0,00985462241854052;-0,0121042265441211
2026-06-23 20:45:00;2026-06-23 20:47:28;"1F";82,7;7,8;9,2;9,6;8,3;9,4;86,3;7,80666358742609;8,26;8,26466451119827;7,96409021559295;8,35486315091506;-0,0400000000000009;-0,035335488801735;0,054863150915061;0,00666358742609408
2026-06-23 21:00:00;2026-06-23 21:02:28;"1F";82,2;7,8;9,1;9,6;8,2;9,4;85;7,75797961116561;8,24;8,21058572781593;7,83695023223312;8,24586516256318;0,0400000000000009;0,0105857278159291;0,0458651625631834;-0,0420203888343869
2026-06-23 21:15:00;2026-06-23 21:17:27;"1F";82,2;7,6;8,8;9,4;8;9,3;84,4;7,56481195853698;8,02;7,99536837097588;7,68129593740012;8,06690715618008;0,0199999999999996;-0,00463162902411529;0,0669071561800827;-0,0351880414630212
2026-06-23 21:30:00;2026-06-23 21:32:27;"1F";82,9;7,7;8,6;9,4;8;9,3;84,8;7,6326298094464;8,05;8,00284086661248;7,72019088204029;8,0541336174282;0,0499999999999989;0,00284086661248217;0,0541336174282012;-0,0673701905535973
2026-06-23 21:45:00;2026-06-23 21:47:29;"1F";83;7,7;8,8;9,5;8,1;9,4;85,1;7,73911914068828;8,1;8,1273833984818;7,84671236356773;8,19269865449741;0;0,027383398481799;0,0926986544974095;0,0391191406882845
2026-06-23 22:00:00;2026-06-23 22:02:26;"1F";84,3;7,9;8,9;9,5;8,2;9,4;85,5;7,86581717346623;8,26;8,23607202142636;7,88579063299978;8,24005344309985;0,0600000000000005;0,0360720214263637;0,0400534430998487;-0,0341828265337671
2026-06-23 22:15:00;2026-06-23 22:17:25;"1F";83,1;7,7;8,9;9,5;8,1;9,4;85,8;7,74884763800324;8,12;8,15419334660227;7,91513060326675;8,26059142228673;0,0199999999999996;0,0541933466022702;0,160591422286727;0,0488476380032425
2026-06-23 22:30:00;2026-06-23 22:32:28;"1F";83,1;7,8;8,9;9,6;8,2;9,4;85,3;7,84566246039197;8,2;8,23196372227438;7,86624554681032;8,22637188276722;0;0,0319637222743836;0,0263718827672257;0,0456624603919744
2026-06-23 22:45:00;2026-06-23 22:47:24;"1F";83,2;7,9;9;9,6;8,3;9,4;85,3;7,85541937201555;8,29;8,25879356041088;7,86624554681032;8,24637188276722;-0,0100000000000016;-0,0412064395891178;-0,0536281172327762;-0,0445806279844536
2026-06-23 23:00:00;2026-06-23 23:02:24;"1F";83,7;7,9;9;9,6;8,3;9,4;85,5;7,90424717236001;8,29;8,29297302065201;7,88579063299978;8,26005344309985;-0,0100000000000016;-0,00702697934799446;-0,0399465569001531;0,00424717236000838
2026-06-23 23:15:00;2026-06-23 23:17:23;"1F";84,9;8;9;9,6;8,4;9,4;86,1;8,02172891304986;8,36;8,3752102391349;7,94449741373767;8,30114818961637;-0,0400000000000009;-0,0247897608650991;-0,0988518103836302;0,021728913049861
2026-06-23 23:30:00;2026-06-23 23:32:25;"1F";86;8;9;9,5;8,4;9,4;86,7;8,03224685455915;8,35;8,37257279819141;8,00331169205238;8,34231818443667;-0,0500000000000007;-0,0274272018085924;-0,057681815563333;0,0322468545591548
2026-06-23 23:45:00;2026-06-23 23:47:22;"1F";84,4;7,8;8,9;9,4;8,2;9,3;87;7,77843980325342;8,18;8,16490786227739;7,93497342258067;8,26448139580647;-0,0199999999999996;-0,0350921377226072;0,0644813958064709;-0,0215601967465817
2026-06-24;2026-06-24 00:02:22;"1F";84;7,7;8,9;9,4;8,1;9,1;86,3;7,73949213932194;8,11;8,13764449752535;7,67124505097523;8,05987153568266;0,00999999999999979;0,0376444975253545;-0,0401284643173359;0,0394921393219354
2026-06-24 00:15:00;2026-06-24 00:17:23;"1F";84,1;7,7;8,8;9,3;8;9,1;86,1;7,65215618587325;8,08;8,04650933011128;7,65179945016357;8,0262596151145;0,0800000000000001;0,0465093301112773;0,0262596151144958;-0,0478438141267459
2026-06-24 00:30:00;2026-06-24 00:32:21;"1F";85,3;7,8;8,8;9,3;8,1;9,1;86,3;7,76887708802742;8,15;8,12821396161919;7,67124505097523;8,03987153568266;0,0500000000000007;0,0282139616191941;-0,0601284643173354;-0,03112291197258
2026-06-24 00:45:00;2026-06-24 00:47:20;"1F";86,1;7,7;8,8;9,2;8,1;9,1;87,1;7,74936546109976;8,07;8,10455582276983;7,74915076081528;8,0944055325707;-0,0299999999999994;0,00455582276983435;-0,00559446742930092;0,0493654610997636
2026-06-24 01:00:00;2026-06-24 01:02:19;"1F";86,6;7,8;8,8;9,2;8,1;9,1;87,5;7,79812500745447;8,14;8,13868750521813;7,78817771406351;8,12172439984445;0,0400000000000009;0,0386875052181317;0,0217243998444552;-0,00187499254552659
2026-06-24 01:15:00;2026-06-24 01:17:19;"1F";86,3;7,6;8,7;9,1;8;8,9;87,6;7,67124505097523;7,97;8,01987153568266;7,60208002569002;7,95145601798301;-0,0300000000000002;0,0198715356826629;-0,0485439820169855;0,071245050975234
2026-06-24 01:30:00;2026-06-24 01:32:18;"1F";87,6;7,5;8,4;8,8;7,8;8,7;88;7,50414891431919;7,81;7,81290424002343;7,44492180295;7,761445262065;0,00999999999999979;0,0129042400234312;-0,0385547379350015;0,00414891431918818
2026-06-24 01:45:00;2026-06-24 01:47:19;"1F";89,6;7,4;8,1;8,4;7,6;8,4;88,9;7,30503045239545;7,64;7,57352131667682;7,23746776160035;7,52622743312025;0,04;-0,026478683323182;-0,0737725668797538;-0,0949695476045456
2026-06-24 02:00:00;2026-06-24 02:02:23;"1F_SUSPEITO";91,7;7,1;7,8;8;7,3;8,1;90,1;7,11311156614998;7,33;7,33917809630498;7,0578144789223;7,31047013524561;0,0299999999999994;0,039178096304985;0,0104701352456074;0,0131115661499788
2026-06-24 02:15:00;2026-06-24 02:17:19;"1F";92,5;6,7;7,3;7,5;6,9;7,6;90,9;6,69496164848303;6,9;6,89647315393812;6,64124670219779;6,86887269153845;-8,88178419700125e-16;-0,00352684606188092;-0,0311273084615511;-0,00503835151697185
2026-06-24 02:30:00;2026-06-24 02:32:16;"1F";92,9;6,5;6,9;7,3;6,7;7,2;91,6;6,53487332158531;6,66;6,68441132510971;6,31249197704268;6,51874438392987;-0,04;-0,015588674890286;-0,181255616070128;0,034873321585307
2026-06-24 02:45:00;2026-06-24 02:47:16;"1F";92,8;6;6,6;6,8;6,2;6,8;91,8;6,02961993962858;6,2;6,22073395774001;5,93573365226132;6,15501355658292;-8,88178419700125e-16;0,0207339577400081;-0,0449864434170788;0,0296199396285832
2026-06-24 03:00:00;2026-06-24 03:02:16;"1F";94,1;6,1;6,3;6,7;6,2;6,6;92,4;6,0527948537031;6,2;6,16695639759217;5,79390933883381;5,97573653718366;-8,88178419700125e-16;-0,0330436024078322;-0,224263462816336;-0,0472051462969016
2026-06-24 03:15:00;2026-06-24 03:17:15;"1F";94,8;6;6,3;6,6;6,1;6,6;92,9;6,01933052177717;6,12;6,13353136524402;5,84069143889675;6,00848400722772;0,0199999999999996;0,0335313652440208;-0,0915159927722753;0,0193305217771726
2026-06-24 03:30:00;2026-06-24 03:32:14;"1F";94,6;5,6;6,1;6,1;5,7;6,3;92,9;5,50271438295877;5,75;5,68190006807114;5,54318461447323;5,73022923013126;0,0499999999999998;-0,0180999319288624;0,0302292301312628;-0,0972856170412317
2026-06-24 03:45:00;2026-06-24 03:47:13;"1F";92,8;5;5,4;5,8;5,2;5,6;93;5,03815644103452;5,16;5,18670950872416;4,85814318958974;5,04070023271282;-0,04;-0,0132904912758383;-0,159299767287184;0,0381564410345163
2026-06-24 04:00:00;2026-06-24 04:02:13;"1F";90,8;5;5,3;5,9;5,1;5,5;93,1;4,95402959855173;5,15;5,11782071898621;4,76807485635886;4,9476523994512;0,0500000000000007;0,0178207189862105;-0,152347600548796;-0,0459704014482707
2026-06-24 04:15:00;2026-06-24 04:17:12;"1F";89,3;4,9;5,3;6;5,1;5,5;92,7;4,91596559460402;5,09;5,10117591622281;4,7316059002921;4,92212413020447;-0,00999999999999979;0,00117591622281488;-0,177875869795533;0,0159655946040207
2026-06-24 04:30:00;2026-06-24 04:32:12;"1F";88,3;4,8;5,3;6;5;5,6;91,9;4,82529749005909;5,02;5,03770824304136;4,75780671892316;4,95046470324621;0,0199999999999996;0,0377082430413598;-0,049535296753791;0,0252974900590859
2026-06-24 04:45:00;2026-06-24 04:47:11;"1F";86,2;4,7;5,3;6,1;5;5,7;90,9;4,73379283853726;4,96;4,98365498697608;4,76573224073786;4,9660125685165;-0,04;-0,0163450130239182;-0,0339874314835011;0,0337928385372583
2026-06-24 05:00:00;2026-06-24 05:02:11;"1F";85,1;4,7;5,3;6,2;5;5,8;89,1;4,73249953734961;4,97;4,99274967614473;4,70121975772511;4,93085383040758;-0,0300000000000002;-0,00725032385527324;-0,0691461695924209;0,0324995373496089
2026-06-24 05:15:00;2026-06-24 05:17:10;"1F";83,5;4,7;5,4;6,3;5;6;86,9;4,68644483805197;5;4,99051138663638;4,69903637454987;4,96932546218491;0;-0,00948861336361784;-0,0306745378150932;-0,0135551619480259
2026-06-24 05:30:00;2026-06-24 05:32:09;"1F";81,1;4,5;5,4;6,3;4,8;6,1;84,9;4,47328520090305;4,86;4,84129964063214;4,61730246625398;4,92211172637779;0,0600000000000005;0,0412996406321371;0,122111726377788;-0,026714799096947
2026-06-24 05:45:00;2026-06-24 05:47:09;"1F";79,6;4,3;5,3;6,3;4,7;6,1;82,7;4,34122302511135;4,7;4,72885611757795;4,42171092678074;4,76519764874652;0;0,0288561175779449;0,0651976487465173;0,0412230251113508
2026-06-24 06:00:00;2026-06-24 06:02:08;"1F";78,9;4,3;5,4;6,3;4,7;6,1;82,6;4,27990084294119;4,72;4,70593059005883;4,41286670166843;4,7790066911679;0,0199999999999996;0,00593059005883134;0,0790066911678995;-0,0200991570588114
2026-06-24 06:15:00;2026-06-24 06:17:08;"1F";77,8;4,2;5,4;6,3;4,6;6,1;81,8;4,18393259598338;4,65;4,63875281718837;4,34225815541449;4,72958070879014;0,0499999999999998;0,0387528171883682;0,129580708790145;-0,016067404016618
2026-06-24 06:30:00;2026-06-24 06:32:07;"1F";78,5;4,2;5,4;6,3;4,7;6,1;81,9;4,24494738300043;4,65;4,6814631681003;4,35107009385884;4,73574906570119;-0,0500000000000007;-0,0185368318997003;0,0357490657011885;0,0449473830004292
2026-06-24 06:45:00;2026-06-24 06:47:07;"1F";76,6;4,2;5,5;6,4;4,7;6,1;81,6;4,17487595323577;4,68;4,66241316726504;4,3246463981901;4,73725247873307;-0,0200000000000005;-0,0375868327349584;0,0372524787330679;-0,0251240467642271
2026-06-24 07:00:00;2026-06-24 07:02:06;"1F";79;4,3;5,6;6,3;4,7;6,1;81,8;4,28864918680975;4,76;4,75205443076682;4,34225815541449;4,76958070879014;0,0599999999999996;0,052054430766824;0,0695807087901441;-0,0113508131902504
2026-06-24 07:15:00;2026-06-24 07:17:06;"1F";79,6;4,4;5,6;6,4;4,9;6,2;83;4,43712499426059;4,84;4,86598749598241;4,54505798526649;4,92154058968654;-0,0600000000000005;-0,0340125040175856;0,021540589686543;0,0371249942605925
2026-06-24 07:30:00;2026-06-24 07:32:05;"1F";82;4,7;5,9;6,5;5,1;6,2;83,9;4,74601809354008;5,12;5,15221266547806;4,62517469154927;5,03762228408449;0,0200000000000014;0,0522126654780593;-0,0623777159155141;0,0460180935400833
2026-06-24 07:45:00;2026-06-24 07:47:05;"1F";83,4;4,8;6,1;6,4;5,2;6,2;85,3;4,77440964903646;5,22;5,20208675432552;4,75044276673537;5,16530993671476;0,0200000000000005;0,00208675432552408;-0,0346900632852414;-0,0255903509635358
2026-06-24 08:00:00;2026-06-24 08:02:04;"1F";83,6;4,9;6,6;6,5;5,4;6,2;86,1;4,88926171489356;5,4;5,39248320042549;4,82237474601908;5,31566232221335;0;-0,00751679957451046;-0,0843376777866469;-0,0107382851064433
2026-06-24 08:15:00;2026-06-24 08:17:03;"1F";82,1;4,9;7,1;6,7;5,5;6,3;86,1;4,94805913598285;5,52;5,553641395188;4,91994145991189;5,49395902193832;0,0199999999999996;0,053641395187995;-0,00604097806167747;0,0480591359828502
2026-06-24 08:30:00;2026-06-24 08:32:05;"1F";80,6;5;7,5;6,9;5,7;6,4;85,2;5,0061683927801;5,69;5,69431787494607;4,93615793901993;5,59531055731395;-0,00999999999999979;-0,00568212505392651;-0,104689442686049;0,00616839278010417
2026-06-24 08:45:00;2026-06-24 08:47:02;"1F";79,4;5,2;8,2;7,2;6;6,5;84,8;5,18631761648603;6;5,99042233154022;4,99734881206219;5,78814416844353;-8,88178419700125e-16;-0,00957766845978281;-0,211855831556465;-0,0136823835139745
2026-06-24 10:30:00;2026-06-24 10:32:04;"1F_SUSPEITO";80,1;6,5;13,4;8,5;8,1;7,9;84,4;6,49790901130865;8,08;8,07853630791606;6,32127922738817;7,89489545917172;-0,0199999999999996;-0,0214636920839428;-0,205104540828281;-0,0020909886913465
2026-06-24 12:00:00;2026-06-24 12:01:56;"1F";77,1;6,1;12,8;8,4;7,7;7,9;83,2;6,12278750356077;7,67;7,68595125249254;6,20913037985316;7,69639126589721;-0,0300000000000002;-0,0140487475074593;-0,00360873410279172;0,0227875035607727
2026-06-24 12:15:00;2026-06-24 12:16:55;"1F";75,1;5,9;11,7;8,4;7,3;7,9;81,4;5,93833766263202;7,31;7,33683636384242;6,0418350758225;7,35928455307575;0,00999999999999979;0,0368363638424158;0,0592845530757495;0,0383376626320224
2026-06-24 12:30:00;2026-06-24 12:31:55;"1F";75,8;6,1;11,7;8,5;7,5;8;81,1;6,09760944516496;7,46;7,45832661161547;6,11035884652556;7,41725119256789;-0,0400000000000009;-0,0416733883845257;-0,082748807432111;-0,00239055483503492
2026-06-24 12:45:00;2026-06-24 12:46:54;"1F";75,9;6,1;12,7;8,5;7,7;8,1;81,4;6,10685202209909;7,66;7,66479641546936;6,23458831174262;7,71421181821984;-0,04;-0,0352035845306373;0,0142118182198354;0,00685202209909086
2026-06-24 13:30:00;2026-06-24 13:31:58;"1F";79,3;6,4;12,1;8,5;7,8;8,2;83,2;6,42298787200762;7,75;7,76609151040533;6,4996525101228;7,78975675708596;-0,0499999999999998;-0,03390848959467;-0,0102432429140382;0,0229878720076151
2026-06-24 14:00:00;2026-06-24 14:01:51;"1F";79,8;6,6;11;8,6;7,7;8,2;83,9;6,56574418641095;7,68;7,65602093048766;6,56554524697947;7,61588167288563;-0,0200000000000005;-0,0439790695123357;-0,0841183271143722;-0,0342558135890503
2026-06-24 14:15:00;2026-06-24 14:16:52;"1F";79;6,7;12,3;8,8;8;8,4;83,1;6,68216637196321;8,03;8,01751646037424;6,68388291153068;7,97871803807148;0,0300000000000011;0,0175164603742441;-0,0212819619285245;-0,0178336280367946
2026-06-24 17:45:00;2026-06-24 17:46:43;"1F";71,1;6;8,4;8,9;6,8;8,8;76,7;6,04071621269348;6,77;6,79850134888544;6,46624045735961;7,08636832015173;-0,0300000000000002;-0,00149865111456027;0,286368320151727;0,0407162126934839
2026-06-24 18:00:00;2026-06-24 18:01:42;"1F";73,8;5,6;6,2;8,1;6;8,3;77,4;5,53626036971962;5,97;5,92538225880373;6,05526062078219;6,30868243454753;-0,0299999999999994;-0,074617741196267;0,308682434547535;-0,0637396302803825
2026-06-24 18:15:00;2026-06-24 18:16:41;"1F";75,7;5,2;4,6;7,6;5,3;7,8;78,8;5,23488334402481;5,32;5,34441834081736;5,70646024886337;5,69452217420436;0,0199999999999996;0,0444183408173631;0,394522174204356;0,0348833440248049
2026-06-24 18:30:00;2026-06-24 18:31:41;"1F";79,7;4,7;3,8;6,7;4,7;7,3;80,6;4,73371374971471;4,72;4,7435996248003;5,39083675908075;5,26358573135652;0,0199999999999996;0,0435996248002954;0,563585731356524;0,0337137497147078
2026-06-24 18:45:00;2026-06-24 18:46:41;"1F";83,6;4,6;3,2;6,2;4,5;6,7;82,3;4,59843318905735;4,48;4,47890323234014;4,96602105206276;4,78621473644393;-0,0199999999999996;-0,0210967676598575;0,286214736443934;-0,00156681094265387
2026-06-24 19:00:00;2026-06-24 19:01:40;"1F";86,2;4,4;2,8;5,8;4,2;6,3;83,7;4,4410188282369;4,22;4,24871317976583;4,70431123829502;4,48301786680651;0,0199999999999996;0,0487131797658291;0,283017866806514;0,0410188282368988
2026-06-24 19:15:00;2026-06-24 19:16:39;"1F";84,4;4,8;3;6,3;4,6;6,3;85,5;4,76696829821292;4,59;4,56687780874904;4,8658206944281;4,63607448609967;-0,00999999999999979;-0,0331221912509587;0,0360744860996709;-0,0330317017870838
2026-06-24 19:30:00;2026-06-24 19:31:38;"1F";85,5;4,5;2,9;5,9;4,3;6,2;85,3;4,47614539615772;4,32;4,30330177731041;4,75044276673537;4,52530993671476;0,0200000000000005;0,00330177731040671;0,225309936714759;-0,0238546038422758
2026-06-24 19:45:00;2026-06-24 19:46:38;"1F";85,3;4,4;2,8;5,8;4,2;6,1;86;4,36096559545075;4,22;4,19267591681553;4,7158271772644;4,47107902408508;0,0199999999999996;-0,00732408318447497;0,271079024085081;-0,0390344045492501
2026-06-24 20:00:00;2026-06-24 20:01:37;"1F";87,7;4;2,4;5,2;3,8;5,9;86,2;3,98744141226451;3,8;3,79120898858516;4,53861019057061;4,24702713339943;0;-0,0087910114148424;0,447027133399429;-0,012558587735489
2026-06-24 20:15:00;2026-06-24 20:16:42;"1F_SUSPEITO";88,4;4,1;2,3;5,3;3,9;5,7;86,8;4,1474798951607;3,86;3,89323592661249;4,39683389333947;4,10778372533763;-0,0400000000000005;-0,00676407338751295;0,207783725337626;0,0474798951606967
2026-06-24 20:30:00;2026-06-24 20:31:36;"1F";86,4;4,8;2,5;6,1;4,4;5,9;87,4;4,75177450586925;4,47;4,43624215410847;4,64615567904564;4,34230897533195;0,0699999999999994;0,0362421541084723;-0,0576910246680518;-0,0482254941307536
2026-06-24 20:45:00;2026-06-24 20:46:36;"1F";84,4;4,8;2,9;6,3;4,5;6,2;86,8;4,76696829821292;4,57;4,54687780874904;4,88552375176833;4,61986662623783;0,0700000000000003;0,0468778087490413;0,119866626237832;-0,0330317017870838
2026-06-24 21:00:00;2026-06-24 21:01:35;"1F";85,8;4,7;3;6,1;4,5;6,2;86,6;4,69787752917813;4,5;4,49851427042469;4,86746133719663;4,62722293603764;0;-0,0014857295753119;0,127222936037643;-0,00212247082187478
2026-06-24 21:15:00;2026-06-24 21:16:35;"1F";87,3;4,4;2,9;5,7;4,3;6;87;4,4414525129669;4,23;4,25901675907683;4,70802889108734;4,47562022376114;-0,0699999999999994;-0,0409832409231692;0,175620223761137;0,0414525129669006
2026-06-24 21:30:00;2026-06-24 21:31:34;"1F";89;4,6;2,9;5,7;4,4;5,9;87,8;4,59392385245767;4,37;4,36574669672037;4,68213388415868;4,44749371891107;-0,0300000000000002;-0,0342533032796322;0,047493718911074;-0,00607614754233055
2026-06-24 21:45:00;2026-06-24 21:46:34;"1F";89,5;4,4;2,9;5,5;4,2;5,7;88,4;4,44222450983754;4,21;4,23955715688628;4,53997510640437;4,32798257448306;0,00999999999999979;0,0395571568862758;0,12798257448306;0,0422245098375367
2026-06-24 22:00:00;2026-06-24 22:01:34;"1F";91,5;4,5;2,8;5,4;4,3;5,8;89,1;4,52374328802633;4,25;4,26662030161843;4,70121975772511;4,43085383040758;-0,0499999999999998;-0,0333796983815686;0,130853830407579;0,0237432880263295
2026-06-24 22:15:00;2026-06-24 22:16:33;"1F";90,7;4,8;3,3;5,8;4,6;5,9;89,6;4,84624293329854;4,6;4,63237005330898;4,8448360708641;4,64138524960487;0;0,0323700533089797;0,0413852496048674;0,0462429332985428
2026-06-24 22:30:00;2026-06-24 22:31:32;"1F";88,4;5;3,6;6,2;4,9;6;89,5;5,03059358107983;4,84;4,86141550675588;4,93414727377804;4,77390309164463;-0,0600000000000005;-0,0385844932441186;-0,126096908355372;0,030593581079831
2026-06-24 22:45:00;2026-06-24 22:46:32;"1F";88,8;4,9;3,5;6;4,7;5,9;89,3;4,87058145321656;4,73;4,70940701725159;4,81762824785508;4,66233977349856;0,0300000000000002;0,00940701725158899;-0,0376602265014423;-0,0294185467834449
2026-06-24 23:00:00;2026-06-24 23:01:31;"1F";88,5;4,8;3,4;6;4,7;5,9;89,4;4,84339904614873;4,64;4,67037933230411;4,82669349251335;4,64868544475935;-0,0599999999999996;-0,0296206676958883;-0,0513145552406531;0,043399046148731
2026-06-24 23:15:00;2026-06-24 23:16:30;"1F";87,6;4,9;3,5;6,1;4,7;5,9;89,2;4,86000023603784;4,74;4,71200016522649;4,80856703425562;4,65599692397893;0,04;0,0120001652264854;-0,0440030760210659;-0,0399997639621645
2026-06-24 23:30:00;2026-06-24 23:31:31;"1F";88,3;4,6;3,3;5,8;4,5;5,8;89;4,6290978464392;4,46;4,48036849250744;4,6921902901505;4,52453320310535;-0,04;-0,0196315074925604;0,0245332031053502;0,0290978464391998
2026-06-24 23:45:00;2026-06-24 23:46:29;"1F";89;4,6;3,3;5,7;4,4;5,6;89,2;4,59392385245767;4,45;4,44574669672037;4,51362572349955;4,37953800644968;0,0499999999999998;0,0457466967203679;-0,0204619935503185;-0,00607614754233055
2026-06-25;2026-06-25 00:01:29;"1F";90;4,5;3,4;5,5;4,4;5,5;89,6;4,48716170640807;4,38;4,37101319448565;4,45120366678991;4,34584256675294;-0,0200000000000005;-0,0289868055143536;-0,0541574332470605;-0,0128382935919333
2026-06-25 00:15:00;2026-06-25 00:16:28;"1F";91,4;4,4;3,4;5,3;4,3;5,4;90,2;4,41588164452819;4,29;4,30111715116974;4,40661677664624;4,30463174365237;-0,00999999999999979;0,00111715116973699;0,00463174365236885;0,0158816445281946
2026-06-25 00:30:00;2026-06-25 00:31:28;"1F";92;4,5;3,4;5,3;4,3;5,2;90,8;4,47001406896458;4,36;4,3390098482752;4,26321108816295;4,18424776171406;0,0600000000000005;0,0390098482752039;-0,115752238285938;-0,0299859310354229
2026-06-25 00:45:00;2026-06-25 00:46:27;"1F";92,5;4,3;3,2;5,1;4,2;5,1;91,2;4,3170819110466;4,16;4,17195733773262;4,20030899686677;4,09021629780674;-0,04;-0,0280426622673779;-0,109783702193258;0,0170819110466036
2026-06-25 01:00:00;2026-06-25 01:01:26;"1F";93;4,2;3;4,9;4;4,9;91,5;4,16380068865999;4,03;4,00466048206199;4,02949305778305;3,91064514044814;0,0300000000000002;0,00466048206199421;-0,089354859551865;-0,0361993113400088
2026-06-25 01:15:00;2026-06-25 01:16:26;"1F";93,4;4,2;2,9;4,9;4;4,9;91,9;4,19977815045923;4,01;4,00984470532146;4,06521440833178;3,91565008583225;0,00999999999999979;0,00984470532145831;-0,0843499141677513;-0,000221849540774421
2026-06-25 01:30:00;2026-06-25 01:31:25;"1F";92,6;4,2;3,1;5;4,1;4,9;92,1;4,22699269302687;4,06;4,07889488511881;4,08310075335845;3,96817052735092;-0,0399999999999991;-0,0211051148811938;-0,131829472649084;0,0269926930268651
2026-06-25 01:45:00;2026-06-25 01:46:25;"1F";92,7;4,1;3,1;4,9;4;4,8;92,2;4,13686231499297;3,98;4,00580362049508;3,99303997828479;3,89512798479935;-0,02;0,00580362049507954;-0,104872015200646;0,0368623149929714
2026-06-25 02:00:00;2026-06-25 02:01:25;"1F";93,4;4;2,8;4,7;3,8;4,7;92,3;4,00121416307739;3,83;3,83084991415417;3,90293788714076;3,76205652099853;0,0300000000000002;0,0308499141541727;-0,037943479001465;0,00121416307738897
2026-06-25 02:15:00;2026-06-25 02:16:24;"1F";93,4;3,9;2,6;4,6;3,7;4,5;92,4;3,90193213764826;3,71;3,71135249635378;3,71373859518149;3,56961701662705;0,00999999999999979;0,0113524963537786;-0,130382983372955;0,00193213764825595
2026-06-25 02:30:00;2026-06-25 02:31:23;"1F";94,1;3,8;2,5;4,4;3,6;4,4;92,6;3,76570889450012;3,6;3,57599622615009;3,63238451459347;3,48266916021543;-4,44089209850063e-16;-0,0240037738499148;-0,117330839784572;-0,0342911054998778
2026-06-25 02:45:00;2026-06-25 02:46:23;"1F";94,5;3,7;2,5;4,3;3,5;4,3;92,8;3,70190078398764;3,52;3,52133054879135;3,55095726139137;3,41567008297396;0,02;0,0213305487913451;-0,0843299170260403;0,00190078398763571
2026-06-25 03:00:00;2026-06-25 03:01:23;"1F";94,8;3,5;2,4;4,1;3,4;4,2;93,1;3,52948151442786;3,34;3,3606370600995;3,47828714788154;3,33480100351708;-0,0600000000000001;-0,0393629399004976;-0,0651989964829234;0,0294815144278608
2026-06-25 03:15:00;2026-06-25 03:16:22;"1F";95,1;3,4;2,2;3,9;3,2;4;93,1;3,35683680113549;3,21;3,17978576079484;3,27985794767996;3,13590056337597;0,00999999999999979;-0,0202142392051599;-0,0640994366240291;-0,0431631988645136
2026-06-25 03:30:00;2026-06-25 03:31:21;"1F";95,4;3,1;2,2;3,6;3;3,7;93,3;3,0842414869537;2,97;2,95896904086759;2,99966204982833;2,90976343487983;-0,0300000000000002;-0,0410309591324083;-0,0902365651201684;-0,0157585130462974
2026-06-25 03:45:00;2026-06-25 03:46:20;"1F";95,7;3,1;2,5;3,6;3;3,6;93,6;3,11066863877003;3,03;3,03746804713902;2,92654131132396;2,90857891792677;0,0299999999999998;0,0374680471390216;-0,0914210820732264;0,010668638770031
2026-06-25 04:00:00;2026-06-25 04:01:22;"1F";96;3;2,7;3,5;3;3,4;93,7;3,03727893211481;2,99;3,01609525248037;2,73656435255791;2,79559504679054;-0,0100000000000002;0,016095252480365;-0,204404953209462;0,0372789321148073
2026-06-25 04:15:00;2026-06-25 04:16:21;"1F";96,2;3,2;2,8;3,6;3,1;3,4;94,1;3,15480480652224;3,16;3,12836336456557;2,77132028665675;2,83992420065972;0,0599999999999996;0,0283633645655685;-0,260075799340275;-0,0451951934777588
2026-06-25 04:30:00;2026-06-25 04:31:19;"1F";96,4;3,2;3;3,6;3,2;3,5;94,3;3,17249104315314;3,2;3,18074373020719;2,88820955551091;2,97174668885764;-4,44089209850063e-16;-0,0192562697928058;-0,228253311142361;-0,0275089568468649
2026-06-25 04:45:00;2026-06-25 04:46:20;"1F";96,5;3;3,1;3,4;3;3,4;94,4;2,98140797788666;3,06;3,04698558452066;2,79743590988239;2,91820513691767;0,0599999999999996;0,0469855845206628;-0,0817948630823286;-0,0185920221133387
2026-06-25 05:00:00;2026-06-25 05:01:17;"1F";96,6;3;2,3;3,4;2,9;3,2;94,5;2,99021909598714;2,9;2,893153367191;2,60709449724358;2,6049661480705;-4,44089209850063e-16;-0,00684663280900111;-0,295033851929496;-0,00978090401285847
2026-06-25 05:15:00;2026-06-25 05:16:17;"1F";96,6;2,9;2,2;3,3;2,8;3,2;94,6;2,89023091007569;2,8;2,79316163705299;2,61576924372124;2,59103847060487;0;-0,00683836294701479;-0,208961529395133;-0,00976908992430703
2026-06-25 05:30:00;2026-06-25 05:31:16;"1F";96,6;2,7;2,1;3,1;2,6;3;94,7;2,69025447802409;2,62;2,61317813461687;2,42530406219058;2,41771284353341;0,02;0,0131781346168656;-0,182287156466594;-0,00974552197590661
2026-06-25 05:45:00;2026-06-25 05:46:16;"1F";96,7;2,7;1,7;3,1;2,5;2,9;94,8;2,69900525495359;2,54;2,53930367846751;2,33434946019204;2,26404462213442;0,04;0,0393036784675145;-0,235955377865575;-0,000994745046408063
2026-06-25 06:00:00;2026-06-25 06:01:16;"1F";96,7;2,4;1,3;2,8;2,2;2,8;94,8;2,39897553726576;2,22;2,21928287608603;2,23475498451901;2,10432848916331;0,0199999999999996;0,0192828760860322;-0,095671510836691;-0,00102446273423906
2026-06-25 06:15:00;2026-06-25 06:16:15;"1F";96,7;2,5;1,1;2,9;2,3;2,8;95,1;2,4989854633793;2,26;2,25928982436551;2,2605704458391;2,08239931208737;-0,04;-0,040710175634489;-0,217600687912628;-0,00101453662069861
2026-06-25 06:30:00;2026-06-25 06:31:15;"1F";96,7;2,4;1,1;2,8;2,2;2,7;95;2,39897553726576;2,18;2,17928287608603;2,15232186229308;1,99662530360516;-0,0200000000000005;-0,0207171239139678;-0,203374696394841;-0,00102446273423906
2026-06-25 06:45:00;2026-06-25 06:46:14;"1F";96,7;2,1;0,9;2,5;1,9;2,6;95,1;2,09894563688595;1,9;1,89926194582017;2,06124901581267;1,88287431106887;0;-0,000738054179834524;-0,0171256889311302;-0,00105436311404938
2026-06-25 07:00:00;2026-06-25 07:01:13;"1F";96,7;1,9;0,6;2,3;1,7;2,5;95,1;1,89892560098381;1,68;1,67924792068867;1,96158826867001;1,74311178806901;-0,0200000000000002;-0,0207520793113314;0,043111788069006;-0,00107439901618767
2026-06-25 07:15:00;2026-06-25 07:16:13;"1F";96,8;2,5;0,9;2,9;2,2;2,7;95,5;2,50769766096831;2,22;2,22538836267782;2,19530914155515;1,98671639908861;0,0199999999999996;0,0253883626778189;-0,213283600911394;0,00769766096831326
2026-06-25 07:30:00;2026-06-25 07:31:12;"1F";96,9;2,5;1,3;2,9;2,3;2,8;95,4;2,51641455555191;2,3;2,31149018888633;2,28642879517564;2,14050015662295;0;0,0114901888863344;-0,159499843377052;0,016414555551906
2026-06-25 07:45:00;2026-06-25 07:46:11;"1F";96,9;2,5;1,7;2,9;2,4;2,7;95,3;2,51641455555191;2,38;2,39149018888633;2,17809987018841;2,13466990913189;-0,02;-0,00850981111366567;-0,265330090868115;0,016414555551906
2026-06-25 08:00:00;2026-06-25 08:01:11;"1F";96,9;2,6;2,5;3;2,6;2,7;95,5;2,61646766570311;2,62;2,63152736599218;2,19530914155515;2,30671639908861;0,02;0,031527365992178;-0,293283600911394;0,0164676657031122
2026-06-25 08:15:00;2026-06-25 08:16:10;"1F";97,1;3,1;3,6;3,5;3,3;3,1;95,8;3,13443942060604;3,24;3,26410759442423;2,62041594226704;2,86429115958693;-0,0599999999999996;-0,0358924055757708;-0,435708840413069;0,034439420606041
2026-06-25 08:30:00;2026-06-25 08:31:10;"1F";97,2;3,6;4,6;4;3,8;3,6;96;3,64388735501563;3,84;3,87072114851094;3,13713671524948;3,47599570067463;0,04;0,0707211485109398;-0,324004299325366;0,0438873550156287
2026-06-25 08:45:00;2026-06-25 08:46:09;"1F";97,4;4,3;5,9;4,6;4,6;4,2;96,1;4,26279845579995;4,65;4,62395891905996;3,74524550772095;4,22167185540466;0,0499999999999998;0,0239589190599618;-0,378328144595335;-0,0372015442000544
2026-06-25 09:00:00;2026-06-25 09:01:09;"1F";97,4;4,5;6,8;4,8;5;4,5;96;4,46311915818418;4,99;4,96418341072893;4,03585586000565;4,63509910200396;-0,00999999999999979;-0,0358165892710733;-0,364900897996043;-0,0368808418158189
2026-06-25 09:15:00;2026-06-25 09:16:08;"1F";97,5;4,8;6,8;5,1;5,2;4,7;96;4,77281683288241;5,23;5,21097178301769;4,23557100729363;4,79489970510554;0,0299999999999994;0,0109717830176859;-0,405100294894462;-0,0271831671175908
2026-06-25 09:30:00;2026-06-25 09:31:08;"1F";97,5;4,9;7,1;5,2;5,3;4,8;95,9;4,87299854330066;5,37;5,35109898031046;4,32633953115699;4,9284376718099;0,0699999999999994;0,0510989803104627;-0,371562328190104;-0,02700145669934
2026-06-25 09:45:00;2026-06-25 09:46:07;"1F";97,5;5,6;8,1;5,9;6,1;5;96,1;5,5742700023414;6,13;6,11198900163898;4,54428042156437;5,30099629509506;0,0299999999999994;0,0119890016389776;-0,799003704904943;-0,025729997658603
2026-06-25 10:00:00;2026-06-25 10:01:07;"1F";97,6;5,9;10,4;6,2;6,8;5,5;96,3;5,88427115323406;6,83;6,81898980726384;5,06218038168606;6,17352626718024;0,0300000000000002;0,0189898072638401;-0,626473732819756;-0,0157288467659438
2026-06-25 10:15:00;2026-06-25 10:16:06;"1F";96,9;6,3;12,1;6,7;7,5;5,9;96,3;6,31841913172464;7,5;7,51289339220725;5,46187101752384;6,83330971226669;-8,88178419700125e-16;0,0128933922072463;-0,666690287733311;0,0184191317246389
2026-06-25 10:30:00;2026-06-25 10:31:05;"1F";89,1;6;11,8;7,1;7,3;5,9;95,9;5,97898919474206;7,27;7,25529243631945;5,42453126524646;6,74717188567253;-0,0300000000000002;-0,0447075636805545;-0,552828114327474;-0,0210108052579354
2026-06-25 10:45:00;2026-06-25 10:46:05;"1F";84,3;6,5;13,5;8,1;8,1;6,4;96;6,50615274116856;8,06;8,06430691881799;5,93314664306373;7,49320265014461;-0,0399999999999991;-0,0356930811820106;-0,606797349855391;0,00615274116855602
2026-06-25 11:00:00;2026-06-25 11:01:04;"1F_SUSPEITO";79,3;6,7;18,3;8,8;9,2;6,9;94,9;6,71045079152494;9,23;9,23731555406746;6,32761790230924;8,77933253161646;0,0300000000000011;0,0373155540674599;-0,420667468383536;0,0104507915249394
2026-06-25 11:15:00;2026-06-25 11:16:04;"1F";77;6,7;18,3;9,1;9,3;7,4;92,3;6,77989581286935;9,26;9,31592706900854;6,57682585855042;9,0037781009853;-0,0400000000000009;0,0159270690085442;-0,296221899014705;0,0798958128693483
2026-06-25 11:30:00;2026-06-25 11:31:03;"1F";74;7;20;9,6;9,8;8,3;87,6;6,96959947290056;9,86;9,83871963103039;7,0144930212597;9,74014511488179;0,0599999999999987;0,0387196310303928;-0,0598548851182077;-0,0304005270994381
2026-06-25 11:45:00;2026-06-25 11:46:04;"1F";73;7,2;21,7;9,9;10,4;8,9;82,9;7,15688662859857;10,37;10,339820640019;7,14881070531205;10,2341674937184;-0,0300000000000011;-0,060179359981003;-0,165832506281564;-0,0431133714014313
2026-06-25 12:00:00;2026-06-25 12:01:02;"1F";72,8;7,2;20,6;10;10,2;9,2;80,2;7,23176425894471;10,16;10,1822349812613;7,1797146117427;10,0658002282199;-0,0399999999999991;-0,0177650187387055;-0,134199771780107;0,0317642589447056
2026-06-25 12:15:00;2026-06-25 12:16:02;"1F";73,6;7,4;19,2;10,1;10,1;9,4;79,9;7,40277029381769;10,03;10,0319392056724;7,34298998922259;9,92009299245581;-0,0700000000000003;-0,0680607943276144;-0,179907007544186;0,00277029381769367
2026-06-25 12:30:00;2026-06-25 12:31:01;"1F";73,9;7,7;19,3;10,4;10,3;9,6;80,2;7,71464252829503;10,29;10,3002497698065;7,56395743304936;10,1147702031346;-0,0100000000000016;0,000249769806522693;-0,185229796865446;0,0146425282950338
2026-06-25 12:45:00;2026-06-25 12:46:01;"1F";72,4;8;20,3;10,9;10,8;10,1;79,3;8,03835656448833;10,75;10,7768495951418;7,95612043569128;10,6392843049839;-0,0500000000000007;-0,0231504048581677;-0,160715695016103;0,0383565644883337
2026-06-25 13:00:00;2026-06-25 13:00:59;"1F";73,5;8;18,8;10,7;10,4;10,2;79,2;7,95834734999815;10,43;10,4008431449987;8,04213400263161;10,4094938018421;0,0299999999999994;0,00084314499870608;0,00949380184212778;-0,041652650001847
2026-06-25 13:45:00;2026-06-25 13:45:59;"1F_SUSPEITO";68,8;8,6;19,7;11,9;11,2;11,2;76,8;8,61324803265326;11,15;11,1592736228573;8,75892288440492;11,1912460190834;-0,0500000000000007;-0,0407263771427164;-0,00875398091655555;0,013248032653264
2026-06-25 14:00:00;2026-06-25 14:01:01;"1F";67;8,6;20,7;12,1;11,4;11,4;74,7;8,61646981787581;11,37;11,3815288725131;8,73803108521002;11,396621759647;-0,0299999999999994;-0,0184711274869311;-0,00337824035298517;0,016469817875814
2026-06-25 14:15:00;2026-06-25 14:15:57;"1F";64,3;8,8;23,4;12,6;12,1;11,9;72,4;8,80039293440466;12,1;12,1002750540833;8,97715334188862;12,154007339322;0;0,000275054083257231;0,0540073393220322;0,00039293440465471
2026-06-25 14:30:00;2026-06-25 14:30:59;"1F_SUSPEITO";64,6;8,8;22,5;12,6;11,9;11,9;72,4;8,83116033324737;11,92;11,9418122332732;8,97715334188862;11,974007339322;0,0199999999999996;0,0418122332731556;0,0740073393220317;0,0311603332473673
2026-06-25 15:00:00;2026-06-25 15:00:58;"1F";62,3;8,9;22,7;12,9;12;12,6;70;8,86744646158623;12,06;12,0372125231104;9,38643892248979;12,3705072457429;0,0599999999999987;0,0372125231103588;0,370507245742852;-0,0325535384137741
2026-06-25 15:45:00;2026-06-25 15:45:54;"1F_SUSPEITO";60,5;9,4;23,6;13,7;12,7;12,9;69,4;9,40163933283747;12,67;12,6711475329862;9,60351010245918;12,7324570717214;-0,0299999999999976;-0,0288524670137669;0,0324570717214243;0,00163933283747397
2026-06-25 16:00:00;2026-06-25 16:14:27;"1F";62,2;9,2;20,2;13,3;11,8;13,1;68,7;9,21963183325714;11,81;11,82374228328;9,71626733788755;12,1513871365213;0,00999999999999979;0,0237422832799989;0,35138713652128;0,0196318332571419
2026-06-25 16:45:00;2026-06-25 16:59:26;"1F";72,9;9,5;18,5;12,4;11,6;13;71,9;9,49799331394575;11,59;11,588595319762;9,95753159269172;11,9702721148842;-0,00999999999999979;-0,0114046802379733;0,370272114884207;-0,00200668605424781
2026-06-25 17:00:00;2026-06-25 17:14:25;"1F";75,1;9,4;15,6;12,1;10,9;12,3;76,7;9,44081175777757;10,91;10,9385682304443;9,79511659330317;11,2065816153122;0,00999999999999979;0,0385682304442962;0,30658161531222;0,0408117577775666
2026-06-25 17:15:00;2026-06-25 17:29:24;"1F";77,8;9,2;14,6;11,6;10,6;11,9;79,1;9,24090248838922;10,52;10,5486317418725;9,66036148542774;10,8722530397994;-0,0800000000000001;-0,0513682581275425;0,272253039799415;0,0409024883892251
2026-06-25 17:30:00;2026-06-25 17:44:24;"1F";79,9;9;11,4;11,1;9,7;11,5;80,6;8,97466368836122;9,69;9,67226458185286;9,4298273379968;10,0308791365978;-0,00999999999999979;-0,0277354181471434;0,330879136597758;-0,0253363116387764
2026-06-25 17:45:00;2026-06-25 17:59:23;"1F";81,4;8,8;9,6;10,8;9,2;11;82,1;8,8367463735988;9,16;9,18572246151916;9,10006043727803;9,39004230609462;-0,0399999999999991;-0,0142775384808349;0,19004230609462;0,0367463735988043
2026-06-25 18:00:00;2026-06-25 18:14:22;"1F";83,1;8,7;8,6;10,5;8,9;10,7;83,3;8,71699474200035;8,86;8,87189631940024;8,93070127535707;9,04149089274995;-0,0400000000000009;-0,0281036805997559;0,14149089274995;0,0169947420003496
2026-06-25 18:15:00;2026-06-25 18:29:22;"1F";84,4;8,6;8,3;10,2;8,7;10,5;84,2;8,55558986431347;8,7;8,66891290501943;8,82698813131566;8,88889169192096;0;-0,0310870949805704;0,188891691920961;-0,0444101356865296
2026-06-25 18:30:00;2026-06-25 18:44:21;"1F";87,2;8,4;8,1;9,8;8,5;10,2;85,3;8,44374297216258;8,48;8,51062008051381;8,64519237569461;8,69163466298623;-0,0199999999999996;0,0106200805138084;0,191634662986228;0,0437429721625833
2026-06-25 18:45:00;2026-06-25 18:59:21;"1F";89,1;8,2;7,6;9,4;8,2;9,8;87;8,23964899293684;8,2;8,22775429505579;8,42390222104415;8,39673155473091;0;0,0277542950557894;0,196731554730906;0,0396489929368418
2026-06-25 19:00:00;2026-06-25 19:14:20;"1F";88,8;8,2;7,4;9,4;8,1;9,4;88,3;8,21001198834495;8,16;8,16700839184146;8,16067731630162;8,13247412141114;0,0600000000000005;0,0670083918414619;0,0324741214111359;0,0100119883449459
2026-06-25 19:15:00;2026-06-25 19:29:20;"1F";89,5;7,9;7,2;9,1;7,9;9,2;89;7,9840559373299;7,88;7,93883915613093;8,03323567640319;7,98326497348223;-0,0199999999999996;0,038839156130928;0,0832649734822342;0,0840559373298966
2026-06-25 19:30:00;2026-06-25 19:44:20;"1F";90,8;7,9;7;8,9;7,8;9;89,3;7,9146683668239;7,82;7,83026785677673;7,866075571358;7,8062528999506;0,0200000000000005;0,0302678567767272;0,00625289995059752;0,0146683668238961
2026-06-25 19:45:00;2026-06-25 19:59:19;"1F";91,7;7,8;6,9;8,7;7,7;8,8;89,9;7,80537864669289;7,71;7,71376505268503;7,72794718522325;7,66956302965627;0,00999999999999979;0,0137650526850255;-0,0304369703437279;0,00537864669289423
2026-06-25 20:00:00;2026-06-25 20:14:18;"1F";92;7,8;7,3;8,7;7,8;8,7;90,6;7,83479878420561;7,79;7,81435914894393;7,69775403162897;7,71842782214028;-0,00999999999999979;0,014359148943929;-0,0815721778597229;0,0347987842056137
2026-06-25 20:15:00;2026-06-25 20:29:17;"1F";91,7;8;7,6;8,9;8;8,6;91,1;8,00316906241947;8,01;8,01221834369363;7,64786865806178;7,73350806064325;0,00999999999999979;0,012218343693629;-0,266491939356752;0,00316906241947024
2026-06-25 20:30:00;2026-06-25 20:44:19;"1F";91,1;8,2;8,1;9,2;8,3;8,7;91,5;8,24041111916769;8,28;8,30828778341738;7,78578141277132;7,94004698893993;-0,0200000000000014;0,00828778341738357;-0,359953011060074;0,0404111191676932
2026-06-25 20:45:00;2026-06-25 20:59:17;"1F";89,1;8,2;8,4;9,4;8,4;8,9;91,5;8,23964899293684;8,36;8,38775429505579;7,98347997512501;8,15843598258751;-0,0400000000000009;-0,0122457049442115;-0,241564017412493;0,0396489929368418
2026-06-25 21:00:00;2026-06-25 21:14:16;"1F";87,6;8;8,5;9,3;8,2;9,1;90,9;7,99380424934922;8,23;8,22566297454445;8,12191065508325;8,29533745855828;0,0300000000000011;0,0256629745444545;0,0953374585582765;-0,0061957506507806
2026-06-25 21:15:00;2026-06-25 21:29:15;"1F";86,9;7,9;8,4;9,3;8,2;9,1;89,7;7,92517888700954;8,14;8,15762522090668;8,00371208404112;8,19259845882878;-0,0599999999999987;-0,042374779093322;-0,00740154117121605;0,02517888700954
2026-06-25 21:30:00;2026-06-25 21:44:15;"1F";87;7,7;8,4;9,1;8;9,1;88,8;7,73940174694905;7,98;8,00758122286434;7,91535737309875;8,13075016116913;-0,0199999999999996;0,00758122286433682;0,130750161169125;0,0394017469490526
2026-06-25 21:45:00;2026-06-25 21:59:15;"1F";87,6;7,8;8,4;9,1;8,1;9;88,2;7,79794218174683;8,05;8,04855952722278;7,75851880110723;8,01096316077506;-0,0499999999999989;-0,0514404727772195;-0,089036839224935;-0,00205781825316986
2026-06-25 22:00:00;2026-06-25 22:14:14;"1F";87,8;7,8;8,4;9,1;8,1;9;88,4;7,81748039916473;8,05;8,06223627941531;7,77804638467328;8,02463246927129;-0,0499999999999989;-0,037763720584687;-0,0753675307287054;0,0174803991647332
2026-06-25 22:15:00;2026-06-25 22:29:14;"1F";87,7;7,7;8,4;9;8;8,9;88,6;7,70975458178768;7,97;7,97682820725137;7,69941579091772;7,95959105364241;-0,0299999999999994;-0,0231717927486255;-0,0404089463575925;0,00975458178767763
2026-06-25 22:30:00;2026-06-25 22:44:13;"1F";87,1;7,7;8,4;9;7,9;8,9;88,7;7,65134061482282;7,97;7,93593843037598;7,70916674256202;7,96641671979341;0,0700000000000003;0,0359384303759747;0,0664167197934127;-0,0486593851771788
2026-06-25 22:45:00;2026-06-25 22:59:12;"1F";85,8;7,4;8,4;8,9;7,8;8,8;88,4;7,42766970566269;7,75;7,76936879396388;7,58180033633349;7,86726023543345;-0,0499999999999998;-0,0306312060361149;0,0672602354334462;0,0276697056626922
2026-06-25 23:00:00;2026-06-25 23:14:12;"1F";86,4;7,6;8,3;9;7,9;8,7;87,8;7,58333288358294;7,88;7,86833301850806;7,4255633627937;7,72789435395559;-0,0200000000000005;-0,0316669814919415;-0,172105646044409;-0,0166671164170591
2026-06-25 23:15:00;2026-06-25 23:29:11;"1F";88,1;7,7;8,4;9;8;8,8;87,7;7,74875970303565;7,97;8,00413179212496;7,51384419270101;7,81969093489071;-0,0299999999999994;0,00413179212495685;-0,180309065109294;0,0487597030356524
2026-06-25 23:30:00;2026-06-25 23:44:11;"1F";88,7;7,8;8,4;9;8,1;8,9;88,5;7,80736124145123;8,04;8,04515286901586;7,6896680007779;7,95276760054453;-0,0599999999999987;-0,0548471309841396;-0,14723239945547;0,00736124145122918
2026-06-25 23:45:00;2026-06-25 23:59:11;"1F";88,9;7,8;8,4;9;8,1;8,8;89;7,82692014346268;8,04;8,05884410042388;7,6401728310557;7,90812098173899;-0,0599999999999987;-0,0411558995761219;-0,191879018261012;0,0269201434626813
2026-06-26;2026-06-26 00:14:10;"1F";89,7;7,9;8,5;9;8,1;8,9;89,4;7,90528120770192;8,13;8,13369684539134;7,7775119910052;8,03425839370364;0,0300000000000011;0,0336968453913435;-0,0657416062963616;0,00528120770191975
2026-06-26 00:15:00;2026-06-26 00:29:10;"1F";91,1;7,9;8,4;8,9;8,1;8,8;89,7;7,94413997859755;8,1;8,13089798501829;7,70841939257075;7,95589357479952;1,77635683940025e-15;0,0308979850182869;-0,144106425200476;0,0441399785975509
2026-06-26 00:30:00;2026-06-26 00:44:08;"1F";91,3;8,1;8,4;9;8,2;8,9;90,1;8,06260683000204;8,25;8,22382478100143;7,84601245016415;8,06220871511491;0,0500000000000007;0,0238247810014265;-0,137791284885092;-0,0373931699979622
2026-06-26 00:45:00;2026-06-26 00:59:08;"1F";93,3;8,2;8,5;8,9;8,3;8,9;90,7;8,16114054197845;8,33;8,30279837938492;7,90485085191517;8,12339559634062;0,0299999999999994;0,0027983793849149;-0,176604403659379;-0,0388594580215482
2026-06-26 01:00:00;2026-06-26 01:14:07;"1F";94,8;8,3;8,4;8,9;8,4;8,9;91,2;8,30998099472595;8,38;8,38698669630816;7,95397020706105;8,13777914494274;-0,0199999999999996;-0,013013303691837;-0,262220855057265;0,0099809947259466
2026-06-26 01:15:00;2026-06-26 01:29:07;"1F";95,6;8,3;8,4;8,8;8,4;8,9;92;8,28988751124905;8,37;8,36292125787434;8,03272656873259;8,19290859811281;-0,0299999999999994;-0,0370787421256633;-0,207091401887189;-0,0101124887509485
2026-06-26 01:30:00;2026-06-26 01:44:07;"1F";96;8,3;8,3;8,8;8,4;8,8;92,6;8,32971490742702;8,35;8,37080043519892;7,99282707621555;8,13497895335088;-0,0499999999999989;-0,0291995648010843;-0,265021046649117;0,0297149074270209
2026-06-26 01:45:00;2026-06-26 01:59:06;"1F";96;8,3;8,3;8,8;8,4;8,8;93,1;8,32971490742702;8,35;8,37080043519892;8,04213582253773;8,16949507577641;-0,0499999999999989;-0,0291995648010843;-0,230504924223586;0,0297149074270209
2026-06-26 02:00:00;2026-06-26 02:14:05;"1F";94,7;8,3;8,3;8,9;8,4;8,7;93,4;8,30003591518674;8,36;8,36002514063072;7,97247847568246;8,11073493297772;-0,0399999999999991;-0,0399748593692841;-0,289265067022278;3,59151867357355e-05
2026-06-26 02:15:00;2026-06-26 02:29:05;"1F_SUSPEITO";94,6;8,4;8,3;9;8,4;8,7;93,6;8,38964304011117;8,44;8,43275012807782;7,99219891129152;8,12453923790407;0,0399999999999991;0,0327501280778222;-0,275460762095934;-0,010356959888826
2026-06-26 02:30:00;2026-06-26 02:44:04;"1F";91,9;8,3;8,4;9,2;8,4;8,8;93,7;8,31969381056116;8,41;8,42378566739281;8,10141251946975;8,23098876362883;0,00999999999999979;0,0237856673928096;-0,169011236371174;0,0196938105611562
2026-06-26 02:45:00;2026-06-26 02:59:04;"1F";92;8,3;8,4;9,2;8,4;8,8;93,6;8,32961809967357;8,41;8,4307326697715;8,09152502030485;8,2240675142134;0,00999999999999979;0,0307326697715009;-0,175932485786605;0,0296180996735735
2026-06-26 03:00:00;2026-06-26 03:14:03;"1F";87,9;8,1;8,4;9,4;8,3;8,8;93,4;8,12126380219403;8,29;8,30488466153582;8,07175968304357;8,2102317781305;-0,0100000000000016;0,0048846615358169;-0,0897682218695035;0,0212638021940261
2026-06-26 03:15:00;2026-06-26 03:29:02;"1F";84,9;8,1;8,6;9,7;8,4;8,9;92,7;8,1189977976774;8,36;8,37329845837418;8,10180558678307;8,28126391074814;-0,0400000000000009;-0,0267015416258225;-0,118736089251856;0,0189977976773967
2026-06-26 03:30:00;2026-06-26 03:44:01;"1F";86,5;8,2;8,7;9,6;8,4;9,2;90,4;8,1790228566422;8,44;8,42531599964954;8,17120132022073;8,37984092415451;0,0399999999999991;0,0253159996495373;-0,0201590758454859;-0,0209771433578005
2026-06-26 03:45:00;2026-06-26 03:59:02;"1F";86,3;8,2;8,7;9,6;8,4;9,4;88,4;8,15932021114859;8,44;8,41152414780401;8,17053822220014;8,3993767555401;0,0399999999999991;0,0115241478040087;-0,000623244459900363;-0,0406797888514134
2026-06-26 04:00:00;2026-06-26 04:14:03;"1F";84,8;8;8,3;9,6;8,2;9,4;88;8,0119228145283;8,22;8,22834597016981;8,13111266652895;8,29177886657026;0,0199999999999996;0,0283459701698074;0,0917788665702624;0,0119228145282957
2026-06-26 04:15:00;2026-06-26 04:29:00;"1F";84,5;7,8;7,7;9,4;8;9,4;87;7,78818412454725;7,94;7,93172888718308;8,03275922677624;8,10293145874337;-0,0599999999999996;-0,0682711128169249;0,10293145874337;-0,0118158754527498
2026-06-26 04:30:00;2026-06-26 04:44:00;"1F";88,5;7,6;6,9;8,8;7,6;9,3;86,5;7,59152110802567;7,58;7,57406477561797;7,88603099529999;7,83022169670999;-0,0200000000000005;-0,0259352243820334;0,230221696709995;-0,00847889197433283
2026-06-26 04:45:00;2026-06-26 04:58:59;"1F";94,1;7,6;6,9;8,3;7,6;9,1;87,2;7,64380503691422;7,53;7,56066352583996;7,7589028634683;7,72123200442781;-0,0700000000000003;-0,0393364741600442;0,12123200442781;0,0438050369142235
2026-06-26 05:00:00;2026-06-26 05:13:58;"1F";96,3;7,7;7,4;8,1;7,7;8,6;90;7,66016424943437;7,68;7,65211497460406;7,54071326372372;7,6184992846066;-0,0200000000000005;-0,0478850253959413;-0,081500715393398;-0,0398357505656302
2026-06-26 05:15:00;2026-06-26 05:28:58;"1F";96,9;7,7;7,6;8,1;7,7;8,2;92,1;7,71915095524019;7,72;7,73340566866813;7,34967797022173;7,48477457915521;0,0200000000000005;0,0334056686681317;-0,215225420844789;0,0191509552401881
2026-06-26 05:30:00;2026-06-26 05:43:57;"1F";97,1;7,6;7,6;8;7,7;8,1;93,2;7,63874517967837;7,64;7,66712162577486;7,35735342766649;7,48014739936654;-0,0600000000000005;-0,0328783742251417;-0,219852600633456;0,0387451796783704
2026-06-26 05:45:00;2026-06-26 05:58:56;"1F";97,3;7,7;7,6;8;7,7;8;93,7;7,65840529176179;7,71;7,68088370423325;7,30662383338834;7,43463668337184;0,00999999999999979;-0,0191162957667466;-0,265363316628163;-0,0415947082382084
2026-06-26 06:00:00;2026-06-26 06:13:56;"1F";97,4;7,9;7,7;8,2;7,9;8;94,1;7,86855998178444;7,89;7,86799198724911;7,34549099755598;7,48184369828919;-0,00999999999999979;-0,0320080127508922;-0,418156301710812;-0,0314400182155605
2026-06-26 06:15:00;2026-06-26 06:28:56;"1F";97,5;8;7,8;8,3;8;8,1;94,4;7,97862266959822;7,99;7,97503586871876;7,47418219934676;7,60192753954274;-0,00999999999999979;-0,0249641312812443;-0,398072460457264;-0,0213773304017764
2026-06-26 06:30:00;2026-06-26 06:43:55;"1F";97,5;8,1;7,8;8,4;8,1;8,2;94,6;8,07880381497981;8,07;8,05516267048587;7,59325049398176;7,69527534578723;-0,0300000000000011;-0,0448373295141344;-0,404724654212766;-0,0211961850201927
2026-06-26 06:45:00;2026-06-26 06:58:54;"1F";97,5;8,1;7,8;8,4;8,1;8,3;94,7;8,07880381497981;8,07;8,05516267048587;7,70260860691214;7,78182602483849;-0,0300000000000011;-0,0448373295141344;-0,318173975161505;-0,0211961850201927
2026-06-26 07:00:00;2026-06-26 07:13:54;"1F";97,4;8,1;7,6;8,4;8;8,3;94,7;8,06887939977885;8,03;8,0082155798452;7,70260860691214;7,7418260248385;0,0299999999999994;0,00821557984519572;-0,258173975161505;-0,0311206002211488
2026-06-26 07:15:00;2026-06-26 07:28:53;"1F";97,3;8,1;7,4;8,4;8;8,2;94,7;8,05895831848127;7,99;7,96127082293689;7,60303732512754;7,62212612758928;-0,0100000000000007;-0,0387291770631109;-0,377873872410723;-0,0410416815187293
2026-06-26 07:30:00;2026-06-26 07:43:52;"1F";96,8;8,3;8,2;8,7;8,3;8,2;94,8;8,3094943571026;8,32;8,32664604997182;7,61282753686652;7,78897927580656;0,0199999999999996;0,0266460499718164;-0,511020724193441;0,0094943571025965
2026-06-26 07:45:00;2026-06-26 07:58:52;"1F";93,2;8,4;9,5;9,2;8,7;8,4;95;8,44895183466302;8,7;8,73426628426412;7,8316932362839;8,22218526539873;0;0,0342662842641168;-0,477814734601273;0,0489518346630238
2026-06-26 08:00:00;2026-06-26 08:13:52;"1F";92,4;8,4;9,9;9,2;8,8;8,6;94,9;8,36934629580756;8,78;8,75854240706529;8,02108303485109;8,45475812439576;-0,0199999999999996;-0,0414575929347087;-0,345241875604239;-0,0306537041924404
2026-06-26 08:15:00;2026-06-26 08:28:52;"1F";92,7;8,5;10,4;9,3;9;8,7;94,8;8,49829817422856;8,96;8,95880872195999;8,11079438292079;8,62755606804455;-0,0400000000000009;-0,0411912780400066;-0,37244393195545;-0,00170182577143763
2026-06-26 08:30:00;2026-06-26 08:43:54;"1F_SUSPEITO";92,9;8,4;10,9;9,2;9;8,8;94,6;8,41907643684072;8,98;8,9933535057885;8,19054501252861;8,79338150877003;-0,0199999999999996;-0,00664649421149655;-0,206618491229971;0,0190764368407201
2026-06-26 08:45:00;2026-06-26 08:58:53;"1F";94,5;8,5;11,5;9,1;9,2;8,9;94,4;8,47920899436364;9,16;9,14544629605455;8,27021987276006;8,97915391093204;-0,0399999999999991;-0,0545537039454498;-0,220846089067958;-0,0207910056363581
2026-06-26 09:00:00;2026-06-26 09:13:50;"1F";94,1;8,7;12,3;9,4;9,5;8,9;94,4;8,7376217583347;9,49;9,51633523083429;8,27021987276006;9,13915391093204;-0,0100000000000016;0,0163352308342883;-0,360846089067959;0,0376217583346978
2026-06-26 09:15:00;2026-06-26 09:28:49;"1F";91,8;9,1;14,4;9,9;10,2;9,1;94,6;9,00219851509652;10,24;10,1715389605676;8,48919202690137;9,73243441883096;0,0400000000000009;-0,0284610394324378;-0,467565581169039;-0,0978014849034832
2026-06-26 09:30:00;2026-06-26 09:43:49;"1F";90,1;9,3;15,8;10,4;10,7;9,4;94,4;9,32388011588965;10,71;10,7267160811228;8,76774282734013;10,2374199791381;0,0100000000000016;0,0267160811227534;-0,462580020861912;0,0238801158896482
2026-06-26 09:45:00;2026-06-26 09:58:48;"1F";88,7;9,5;15,8;10,8;10,9;9,6;94,3;9,57485861759062;10,89;10,9424010323134;8,95666400379556;10,3896648026569;-0,0100000000000016;0,0424010323134372;-0,510335197343109;0,0748586175906247
2026-06-26 10:15:00;2026-06-26 10:28:47;"1F";87;10,1;16,8;11,5;11,6;10,4;92,5;10,0862560635011;11,58;11,5703792444508;9,56821769680776;11,0977523877654;-0,0199999999999996;-0,0296207555492209;-0,502247612234571;-0,0137439364988889
2026-06-26 10:30:00;2026-06-26 10:43:46;"1F";88,2;10,4;16,2;11,7;11,7;10,9;91,4;10,4065414440777;11,69;11,6945790108544;9,95016145242906;11,2951130167003;-0,00999999999999979;-0,00542098914561784;-0,404886983299654;0,00654144407768698
2026-06-26 10:45:00;2026-06-26 10:58:46;"1F";88,6;10,8;15,7;12,1;11,9;11,4;90,1;10,8408678286783;11,91;11,9386074800748;10,3091227513094;11,4963859259166;0,00999999999999979;0,0386074800748286;-0,403614074083393;0,0408678286783282
2026-06-26 11:00:00;2026-06-26 11:13:45;"1F";85,9;11,3;18,7;12,9;12,9;11,6;90,1;11,3379896075535;12,94;12,9665927252875;10,5061710470946;12,2543197329662;0,0400000000000009;0,0665927252874656;-0,645680267033802;0,0379896075535235
2026-06-26 11:15:00;2026-06-26 11:28:45;"1F";81,9;11,6;22,1;13,6;13,9;12,2;89,3;11,589031470615;13,9;13,8923220294305;11,0128386853611;13,3489870797528;-1,77635683940025e-15;-0,00767797056951203;-0,551012920247237;-0,0109685293850159
2026-06-26 11:30:00;2026-06-26 11:43:44;"1F";81,3;11,6;21,8;13,7;13,9;12,9;86,4;11,6208604719572;13,85;13,86460233037;11,3912604439575;13,6238823107702;-0,0499999999999989;-0,035397669629992;-0,27611768922978;0,020860471957155
2026-06-26 11:45:00;2026-06-26 11:58:46;"1F";76,3;12,4;24,7;15,1;15,1;13,4;84,8;12,4137856241422;15,13;15,1396499368996;11,70717610276;14,475023271932;0,0300000000000011;0,0396499368995649;-0,624976728067972;0,0137856241422352
2026-06-26 12:00:00;2026-06-26 12:13:44;"1F";76,3;12,3;23,8;15;14,9;14,3;81,9;12,3187875773605;14,87;14,8831513041523;12,2645674342087;14,7751972039461;-0,0299999999999994;-0,0168486958476759;-0,12480279605394;0,0187875773604631
2026-06-26 12:15:00;2026-06-26 12:28:43;"1F";76;12,2;22;14,9;14,4;14,4;80,6;12,1906592080494;14,43;14,4234614456346;12,2186274004709;14,3930391803296;0,0299999999999994;0,0234614456345827;-0,00696081967037898;-0,00934079195059567
2026-06-26 12:30:00;2026-06-26 12:43:44;"1F";74,6;12,4;22,5;15,3;14,7;14,4;80,2;12,4142004401301;14,71;14,7199403080911;12,1748384311803;14,4623869018262;0,0100000000000016;0,0199403080910798;-0,237613098173801;0,0142004401301126
2026-06-26 12:45:00;2026-06-26 12:58:41;"1F";71,8;13;25,1;16,3;15,8;14,7;79,5;13,0392053494264;15,75;15,7774437445985;12,3858705592814;15,160109391497;-0,0499999999999989;-0,0225562554015415;-0,639890608503007;0,0392053494263713
2026-06-26 13:30:00;2026-06-26 13:43:40;"1F";64,9;13,4;29,3;17,6;17;16;75,3;13,4389469026929;17;17,027262831885;13,1552622426483;16,6686835698538;0;0,0272628318850252;-0,331316430146206;0,0389469026928904
2026-06-26 13:45:00;2026-06-26 13:58:42;"1F";67,4;13;25,1;16,8;15,8;16,8;72,1;12,9973612472002;15,8;15,7981528730402;13,542461017933;16,1797227125531;0;-0,00184712695984146;0,3797227125531;-0,00263875279977199
2026-06-26 14:00:00;2026-06-26 14:13:38;"1F_SUSPEITO";66,5;13,3;26,9;17,2;16,4;16,3;73,2;13,2610201622761;16,41;16,3827141135933;13,1992991655626;16,2495094158938;0,0100000000000016;-0,0172858864067358;-0,150490584106159;-0,0389798377239075
2026-06-26 14:15:00;2026-06-26 14:28:38;"1F";67,9;13,1;25,9;16,9;16,1;16,5;72,9;13,1479352724783;16,04;16,0735546907348;13,3530460672713;16,1771322470899;-0,0600000000000023;-0,0264453092651635;0,0771322470898816;0,0479352724783428
2026-06-26 15:00:00;2026-06-26 15:13:36;"1F";66,1;13,5;25,8;17,5;16,4;16,4;73,6;13,4897891718805;16,36;16,3528524203163;13,3392647353588;16,1374853147512;-0,0399999999999991;-0,0471475796836742;-0,262514685248835;-0,0102108281195328
2026-06-26 15:30:00;2026-06-26 15:43:35;"1F";66,3;13,4;26,6;17,4;16,4;16,5;74,5;13,421502234743;16,44;16,4550515643201;13,5369169626551;16,4458418738586;0,0399999999999991;0,055051564320113;0,0458418738585884;0,021502234743016
2026-06-26 16:15:00;2026-06-26 16:27:32;"1F";70,9;12,8;22,9;16,2;15,2;16,1;74,5;12,8428344826462;15,16;15,1899841378523;13,1589626895193;15,4012738826635;-0,0399999999999991;-0,0100158621476609;0,201273882663529;0,0428344826461995
2026-06-26 16:30:00;2026-06-26 16:42:31;"1F_SUSPEITO";72,2;12,8;21,1;16;14,8;15,8;75,9;12,803492625565;14,78;14,7824448378955;13,0335904228298;14,9235132959809;-0,0200000000000014;-0,0175551621044914;0,123513295980874;0,00349262556501273
2026-06-26 17:00:00;2026-06-26 17:12:30;"1F";76,1;12,5;17,7;15,2;13,8;15,6;77,6;12,486528233158;13,81;13,8005697632106;13,0349365157798;14,2244555610458;0,00999999999999801;0,000569763210595653;0,42445556104583;-0,0134717668420024
2026-06-26 17:15:00;2026-06-26 17:27:29;"1F";77,7;12,3;14,9;14,8;13,1;15,1;78,8;12,2831000826889;13,07;13,0581700578822;12,6915124014912;13,3740586810438;-0,0299999999999994;-0,0418299421177846;0,274058681043835;-0,0168999173111217
2026-06-26 17:30:00;2026-06-26 17:42:29;"1F";79,2;12,3;13,2;14,6;12,7;14,7;80,2;12,2570305394309;12,71;12,6799213776016;12,46301659617;12,834111617319;0,0100000000000016;-0,0200786223983513;0,134111617319018;-0,0429694605690756
2026-06-26 17:45:00;2026-06-26 17:57:28;"1F";80,4;12,2;12,5;14,4;12,5;14,6;81,1;12,1967306016744;12,48;12,4777114211721;12,4659830417566;12,6861881292297;-0,0200000000000014;-0,0222885788278973;0,186188129229652;-0,00326939832556405
2026-06-26 18:00:00;2026-06-26 18:12:28;"1F";81,2;12,1;12,3;14,3;12,4;14,4;81,7;12,1880232527058;12,36;12,4216162768941;12,33914451768;12,537401162376;-0,0400000000000009;0,0216162768940649;0,137401162375999;0,088023252705808
2026-06-26 18:15:00;2026-06-26 18:27:28;"1F";82,5;12,1;12,1;14,1;12,3;14,2;82,6;12,1369062952971;12,3;12,325834406708;12,2444882906098;12,4111418034268;-1,77635683940025e-15;0,0258344067079701;0,111141803426834;0,0369062952971024
2026-06-26 18:30:00;2026-06-26 18:42:27;"1F";83,3;12;11,9;13,9;12,2;14;83,5;12,0303857547674;12,17;12,1912700283372;12,1490159222607;12,2843111455825;-0,0299999999999994;-0,00872997166280243;0,0843111455824825;0,0303857547674227
2026-06-26 18:45:00;2026-06-26 18:57:26;"1F";84,1;12;11,7;13,8;12,1;13,9;84,1;12,0202123392964;12,12;12,1341486375074;12,1172797405908;12,2120958184136;0,0199999999999996;0,0341486375074478;0,112095818413577;0,0202123392963536
2026-06-26 19:00:00;2026-06-26 19:12:25;"1F";84,3;12;11,6;13,8;12,1;13,8;84,8;12,0419005378055;12,1;12,1293303764638;12,0961482954764;12,1673038068335;0;0,0293303764638253;0,0673038068334506;0,0419005378054642
2026-06-26 19:15:00;2026-06-26 19:27:25;"1F";85,7;11,9;11,3;13,5;11,9;13,8;85,1;11,9014942960056;11,94;11,9410460072039;12,1287158190505;12,1301010733353;0,0399999999999991;0,0410460072039083;0,230101073335343;0,00149429600558371
2026-06-26 19:30:00;2026-06-26 19:42:24;"1F";86,3;11,9;11,1;13,4;11,9;13,6;85,7;11,8686735183862;11,89;11,8680714628703;11,9989608395481;11,9792725876837;-0,00999999999999979;-0,0319285371296534;0,0792725876837022;-0,0313264816137906
2026-06-26 19:45:00;2026-06-26 19:57:24;"1F";88,8;11,6;10,6;12,9;11,6;13,4;86,1;11,6476355659229;11,53;11,563344896146;11,8471179184957;11,752982542947;-0,0700000000000021;-0,0366551038539722;0,152982542946978;0,0476355659228975
2026-06-26 20:00:00;2026-06-26 20:12:23;"1F";88,7;11,7;10,6;13;11,6;13,2;86,9;11,7351242891137;11,61;11,6345870023796;11,7378613835181;11,6565029684627;0,00999999999999979;0,0345870023796149;0,0565029684626754;0,0351242891137353
2026-06-26 20:15:00;2026-06-26 20:27:22;"1F";90;11,6;10,7;12,7;11,5;13,1;87,7;11,5792509329811;11,53;11,5154756530868;11,7258988190185;11,658129173313;0,0299999999999994;0,0154756530867584;0,15812917331295;-0,020749067018917
2026-06-26 20:30:00;2026-06-26 20:42:22;"1F";91,3;11,6;10,6;12,6;11,5;12,9;88,1;11,6195097968443;11,5;11,513656857791;11,5727425868955;11,5109198108268;-1,77635683940025e-15;0,0136568577909753;0,0109198108268167;0,0195097968442521
2026-06-26 20:45:00;2026-06-26 20:57:21;"1F";92,1;11,3;10,3;12,2;11,2;12,9;88,8;11,3091367358197;11,19;11,1963957150738;11,6476355659229;11,503344896146;-0,00999999999999801;-0,00360428492623655;0,303344896146029;0,00913673581965924
2026-06-26 21:00:00;2026-06-26 21:12:23;"1F";93,2;11,3;10,3;12,1;11,2;12,6;89,2;11,3267915624893;11,18;11,1987540937425;11,3955385501746;11,2968769851222;-0,0199999999999996;-0,00124590625749477;0,0968769851221953;0,02679156248929
2026-06-26 21:15:00;2026-06-26 21:27:20;"1F";93,6;11,2;10,2;11,9;11,1;12,5;89,9;11,1706254253814;11,07;11,049437797767;11,3716143994127;11,2501300795889;-0,0300000000000011;-0,050562202233035;0,150130079588887;-0,0293745746186183
2026-06-26 21:30:00;2026-06-26 21:42:20;"1F";93;11,5;10,2;12,3;11,3;12,3;90,3;11,5039440736188;11,32;11,3227608515331;11,2170277158777;11,1219194011144;0,0199999999999996;0,0227608515331248;-0,178080598885639;0,00394407361875082
2026-06-26 21:45:00;2026-06-26 21:57:19;"1F";92,4;11,4;10,3;12,3;11,3;12,4;90,8;11,4400428151019;11,27;11,2980299705713;11,3687240689332;11,2581068482533;-0,0300000000000011;-0,00197002942869418;-0,041893151746736;0,0400428151018648
2026-06-26 22:00:00;2026-06-26 22:12:18;"1F";93,1;10,7;9,9;11,5;10,6;12,3;90,9;10,7208975650693;10,62;10,6346282955485;11,2806456285897;11,1064519400128;0,0199999999999996;0,0346282955485062;0,506451940012825;0,020897565069296
2026-06-26 22:15:00;2026-06-26 22:27:22;"1F";94,6;11,2;9,9;11,9;11;11,9;90,9;11,2765565614371;11,01;11,063589593006;10,8858048124098;10,7900633686869;0,00999999999999801;0,063589593006002;-0,20993663131312;0,0765565614371475
2026-06-26 22:30:00;2026-06-26 22:42:20;"1F";93,6;10,9;10;11,6;10,8;11,9;91,6;10,8726487058033;10,79;10,7708540940623;10,9594814756397;10,8616370329478;-0,0100000000000016;-0,0291459059376695;0,0616370329478091;-0,02735129419667
2026-06-26 22:45:00;2026-06-26 22:57:17;"1F";94,3;10,9;9,9;11,6;10,8;11,7;91,7;10,9463061483838;10,77;10,8024143038687;10,772226840988;10,6905587886916;-0,0300000000000011;0,0024143038686617;-0,109441211308395;0,0463061483838025
2026-06-26 23:00:00;2026-06-26 23:12:16;"1F";93,9;10,9;10,1;11,6;10,8;11,6;92,1;10,9042012571385;10,81;10,8129408799969;10,7152198010926;10,6806538607648;0,00999999999999979;0,0129408799969468;-0,11934613923516;0,00420125713849728
2026-06-26 23:15:00;2026-06-26 23:27:15;"1F";94,4;10,9;10,1;11,5;10,8;11,5;92,3;10,8573344290775;10,8;10,7701341003542;10,6371464917585;10,616002544231;0;-0,0298658996457721;-0,183997455769022;-0,0426655709225319
2026-06-26 23:30:00;2026-06-26 23:42:15;"1F";94,9;10,7;9,8;11,3;10,6;11,5;92,4;10,7106935126339;10,58;10,5874854588437;10,6476066681589;10,5633246677112;-0,0199999999999996;-0,0125145411562766;-0,0366753322887767;0,010693512633889
2026-06-26 23:45:00;2026-06-26 23:57:15;"1F";95,6;10,7;9,6;11,2;10,5;11,4;92,6;10,6843475496278;10,53;10,5190432847394;10,5694344376261;10,4586041063383;0,0299999999999994;0,0190432847394408;-0,0413958936617291;-0,015652450372226
2026-06-27;2026-06-27 00:12:14;"1F";94,9;10,6;9,6;11,2;10,5;11,3;92,8;10,6110785326554;10,46;10,4677549728588;10,4911814784419;10,3938270349093;-0,0400000000000009;-0,0322450271412098;-0,106172965090702;0,0110785326554161
2026-06-27 00:15:00;2026-06-27 00:27:14;"1F";94,9;10,4;9,6;11;10,3;11,2;92,8;10,4118485224251;10,3;10,3082939656976;10,3920360744367;10,3144252521057;-1,77635683940025e-15;0,00829396569755403;0,0144252521057044;0,0118485224250797
2026-06-27 00:30:00;2026-06-27 00:42:14;"1F";95,7;10,3;9,3;10,8;10,1;11,1;93;10,2956614403012;10,15;10,1469630082108;10,3136574832487;10,1895602382741;0,0500000000000007;0,0469630082108381;0,0895602382740588;-0,00433855969880526
2026-06-27 00:45:00;2026-06-27 00:57:13;"1F";96,3;10,5;9,3;10,9;10,3;10,9;93,2;10,4579797613654;10,3;10,2705858329558;10,1359631473512;10,0451742031459;0;-0,0294141670442372;-0,25482579685414;-0,042020238634624
2026-06-27 01:00:00;2026-06-27 01:12:12;"1F";96,5;10,2;9,1;10,6;10;11;93,3;10,1789483050508;10,02;10,0052638135356;10,2455689557128;10,091898268999;0,0199999999999996;0,00526381353557959;0,0918982689989782;-0,0210516949491719
2026-06-27 01:15:00;2026-06-27 01:27:12;"1F";96,8;10,2;9,1;10,6;10;10,7;93,5;10,2100699816891;10,02;10,0270489871824;9,96840701118016;9,86788490782611;0,0199999999999996;0,0270489871823969;-0,132115092173887;0,0100699816891385
2026-06-27 01:30:00;2026-06-27 01:42:11;"1F";97,2;10,6;9,4;10,9;10,4;10,8;93,9;10,5519536052194;10,39;10,3563675236536;10,1090586456241;10,0363410519368;-0,0100000000000016;-0,0436324763464171;-0,363658948063163;-0,0480463947805934
2026-06-27 01:45:00;2026-06-27 01:57:11;"1F";97,1;10,1;9,4;10,4;10;11,1;94,2;10,0410270174758;9,99;9,94871891223305;10,4384775748809;10,2969343024166;-0,0100000000000016;-0,0512810877669452;0,296934302416629;-0,0589729825242049
2026-06-27 02:00:00;2026-06-27 02:12:10;"1F";97,3;10,2;9,2;10,5;10;10,7;93,7;10,1618573339379;10,03;10,0033001337565;9,98903093599444;9,90232165519611;0,0299999999999994;0,00330013375651816;-0,0976783448038905;-0,038142666062118
2026-06-27 02:15:00;2026-06-27 02:27:10;"1F";97,6;10,4;9,6;10,8;10,3;10,8;94,4;10,493588212488;10,28;10,3455117487416;10,1608047424669;10,1125633197268;-0,0200000000000014;0,0455117487416334;-0,187436680273157;0,0935882124880489
2026-06-27 02:30:00;2026-06-27 02:42:09;"1F";97,6;10,5;9,7;10,9;10,4;10,8;94,1;10,5937903723389;10,38;10,4456532606373;10,1297489835113;10,1108242884579;-0,0200000000000014;0,0456532606372519;-0,289175711542095;0,0937903723389333
2026-06-27 02:45:00;2026-06-27 02:57:11;"1F";97,2;10,5;9,9;10,8;10,4;10,9;94,5;10,451837278484;10,41;10,3762860949388;10,2706885635294;10,2594819944706;0,00999999999999979;-0,0237139050612054;-0,14051800552944;-0,0481627215160074
2026-06-27 03:00:00;2026-06-27 03:12:10;"1F";96,4;10,3;9,8;10,7;10,2;10,7;94,3;10,2685234898269;10,24;10,2179664428788;10,0509680400718;10,0656776280503;0,0400000000000009;0,0179664428788033;-0,134322371949722;-0,0314765101731407
2026-06-27 03:15:00;2026-06-27 03:27:08;"1F";96,3;10;9,3;10,4;9,9;10,6;94,5;9,9583708113757;9,9;9,87085956796299;9,97210902737491;9,90047631916244;-1,77635683940025e-15;-0,0291404320370088;0,000476319162437733;-0,0416291886242952
2026-06-27 03:30:00;2026-06-27 03:42:07;"1F";96,5;9,8;9,1;10,2;9,7;10,4;94,3;9,77908733569611;9,7;9,68536113498728;9,75252169480158;9,68676518636111;0;-0,0146388650127225;-0,013234813638892;-0,0209126643038893
2026-06-27 03:45:00;2026-06-27 03:57:06;"1F";96,9;9,8;9,2;10,2;9,7;10,2;94,5;9,82024238282339;9,72;9,73416966797637;9,5740027377956;9,56180191645692;0,0199999999999996;0,0341696679763714;-0,138198083543077;0,0202423828233869
2026-06-27 04:00:00;2026-06-27 04:12:06;"1F";97,2;10,1;9,6;10,4;10;10,3;94,7;10,0513718123604;10,03;9,9959602686523;9,69403046925914;9,7358213284814;0,0299999999999976;-0,00403973134769942;-0,264178671518604;-0,0486281876395669
2026-06-27 04:15:00;2026-06-27 04:27:06;"1F";97,4;10,5;9,8;10,8;10,4;10,4;94,9;10,4727072547434;10,39;10,3708950783204;9,81415808610985;9,8699106602769;-0,00999999999999979;-0,029104921679588;-0,530089339723103;-0,0272927452565526
2026-06-27 04:30:00;2026-06-27 04:42:05;"1F";97,4;10,7;10,2;11;10,6;10,8;95,2;10,6730258236843;10,63;10,611118076579;10,2437391927325;10,2906174349127;0,0299999999999994;0,0111180765790007;-0,309382565087269;-0,0269741763157114
2026-06-27 04:45:00;2026-06-27 04:57:04;"1F";97,4;10,7;10,3;11,1;10,7;11;95;10,7731850845846;10,66;10,7112295592092;10,4222635388622;10,4555844772035;-0,0400000000000009;0,0112295592092391;-0,244415522796452;0,0731850845846296
2026-06-27 05:00:00;2026-06-27 05:12:04;"1F";97,5;10,6;10,2;10,9;10,5;11;95,1;10,583327098628;10,55;10,5383289690396;10,4326812168477;10,4428768517934;0,0499999999999989;0,0383289690396325;-0,0571231482066086;-0,0166729013719529
2026-06-27 05:15:00;2026-06-27 05:27:03;"1F";97,6;10,4;9,7;10,7;10,3;10,8;94,9;10,3933860369383;10,29;10,2853702258568;10,2126184448465;10,1688329113926;-0,0100000000000016;-0,0146297741432022;-0,131167088607443;-0,00661396306171547
2026-06-27 05:30:00;2026-06-27 05:42:05;"1F";97,8;10,4;9,6;10,7;10,3;10,7;95,1;10,4142352166182;10,27;10,2799646516327;10,1337037106632;10,0835925974643;-0,0300000000000011;-0,0200353483672764;-0,216407402535733;0,0142352166181787
2026-06-27 05:45:00;2026-06-27 05:57:02;"1F";97,9;10,3;9,5;10,6;10,2;10,7;95,1;10,3243976588078;10,17;10,1870783611655;10,1337037106632;10,0635925974643;-0,0299999999999994;-0,0129216388345341;-0,136407402535731;0,024397658807807
2026-06-27 06:00:00;2026-06-27 06:12:02;"1F";98;10,4;9,6;10,7;10,3;10,7;95,3;10,4350954953361;10,27;10,2945668467353;10,1544150006861;10,0980905004803;-0,0300000000000011;-0,00543315326472893;-0,201909499519736;0,0350954953361011
2026-06-27 06:15:00;2026-06-27 06:27:01;"1F";98;10,1;9,4;10,4;10;10,7;95,3;10,134232548918;9,99;10,0139627842426;10,1544150006861;10,0580905004803;-0,0100000000000016;0,0139627842426329;0,0580905004802652;0,0342325489180482
2026-06-27 06:30:00;2026-06-27 06:42:00;"1F";98,2;10,6;9,9;10,8;10,4;10,5;95,3;10,5562970756739;10,48;10,4494079529718;9,95500854156383;9,99850597909468;0,0799999999999983;0,0494079529717588;-0,401494020905316;-0,0437029243260572
2026-06-27 06:45:00;2026-06-27 06:57:00;"1F";98,3;10,7;10,4;10,9;10,6;10,7;95,7;10,6671096185346;10,66;10,6369767329742;10,1958705044798;10,2871093531358;0,0600000000000005;0,0369767329742015;-0,312890646864163;-0,0328903814654247
2026-06-27 07:00:00;2026-06-27 07:12:00;"1F";98,4;10,9;10,7;11,1;10,9;10,9;95,7;10,8783399832866;10,88;10,8648379883006;10,3954523595685;10,506816651698;-0,0200000000000014;-0,0351620116993878;-0,393183348302021;-0,02166001671341
2026-06-27 07:15:00;2026-06-27 07:26:59;"1F";98,4;11;10,9;11,2;11;11;95,8;10,9787125938929;11;10,985098815725;10,5056796135317;10,6339757294722;-1,77635683940025e-15;-0,0149011842750042;-0,366024270527838;-0,0212874061071471
2026-06-27 07:30:00;2026-06-27 07:41:58;"1F";98,5;11,1;11,1;11,3;11,1;11,1;95,9;11,0896578345942;11,12;11,1127604842159;10,6159532383449;10,7611672668414;0,0200000000000014;0,0127604842159421;-0,338832733158576;-0,0103421654057971
2026-06-27 07:45:00;2026-06-27 07:56:58;"1F";98,6;11,3;11,4;11,5;11,3;11,3;95,9;11,3010630304678;11,34;11,3407441213274;10,8156223894946;10,9809356726462;0,0400000000000009;0,0407441213274353;-0,319064327353781;0,00106303046776546
2026-06-27 08:00:00;2026-06-27 08:12:00;"1F";98,6;11,5;11,9;11,7;11,6;11,4;96;11,5018928821544;11,6;11,6013250175081;10,9259859166855;11,1681901416798;0;0,00132501750809411;-0,431809858320163;0,00189288215441863
2026-06-27 08:15:00;2026-06-27 08:26:57;"1F";98,5;11,3;11,9;11,5;11,4;11,3;95,8;11,2904453871336;11,44;11,4333117709935;10,805117831919;11,0735824823433;0,0400000000000009;0,033311770993544;-0,326417517656681;-0,00955461286636705
2026-06-27 08:30:00;2026-06-27 08:41:56;"1F";98,5;11,5;12,5;11,7;11,7;11,2;95,8;11,4912328795776;11,72;11,7138630157043;10,705305108795;11,1137135761565;0,0199999999999996;0,0138630157043291;-0,58628642384352;-0,00876712042238736
2026-06-27 08:45:00;2026-06-27 08:56:56;"1F";95,4;11,7;12,9;12,3;12;11,4;96,1;11,7603755884081;12;12,0422629118857;10,9365174683875;11,3755622278713;0;0,0422629118856648;-0,624437772128749;0,0603755884080925
2026-06-27 09:00:00;2026-06-27 09:11:56;"1F";91,8;12,1;14,2;13;12,6;11,8;96,1;12,0686450922928;12,61;12,5880515646049;11,3360299647664;11,9552209753365;0,00999999999999979;-0,0119484353950607;-0,644779024663501;-0,0313549077072306
2026-06-27 09:15:00;2026-06-27 09:26:55;"1F";86,6;13,1;18;14,6;14,2;12,1;95,9;13,073269207516;14,23;14,2112884452612;11,6142983484208;12,9400088438946;0,0300000000000011;0,0112884452611723;-1,25999115610544;-0,0267307924840399
2026-06-27 09:30:00;2026-06-27 09:41:54;"1F";83,1;13,2;20,4;15,1;14,8;12,8;96;13,1704411616533;14,83;14,8093088131573;12,3239734264734;13,9867813985314;0,0299999999999976;0,00930881315727916;-0,813218601468602;-0,0295588383467411
2026-06-27 09:45:00;2026-06-27 09:56:53;"1F";82,4;13,7;23;15,7;15,7;13,4;94,9;13,6721572726675;15,76;15,7405100908672;12,8026043069058;14,9018230148341;0,0599999999999987;0,040510090867226;-0,798176985165938;-0,0278427273325335
2026-06-27 10:00:00;2026-06-27 10:11:53;"1F";80,1;14,3;26,1;16,7;16,9;14,4;92,5;14,3726446379344;16,9;16,9508512465541;13,5313044014272;16,131913080999;0;0,0508512465541102;-0,768086919000986;0,0726446379344416
2026-06-27 10:15:00;2026-06-27 10:26:53;"1F";76,6;15;28,9;17,8;18,1;15,4;89,1;15,0142855107538;18,06;18,0699998575276;14,136972097341;17,2158804681387;-0,0399999999999991;-0,0300001424723746;-0,88411953186128;0,0142855107537514
2026-06-27 10:30:00;2026-06-27 10:41:52;"1F";75,9;15,4;30;18,3;18,6;16,6;83,9;15,4057275113688;18,61;18,6140092579581;14,714996851537;17,9604977960759;0,00999999999999801;0,0140092579581435;-0,639502203924085;0,00572751136878402
2026-06-27 10:45:00;2026-06-27 10:56:51;"1F";78,7;15,4;26,8;17,9;17,9;17,3;81,7;15,358799746057;17,93;17,9011598222399;15,1362759271913;17,6853931490339;0,0300000000000011;0,00115982223988098;-0,214606850966092;-0,0412002539430301
2026-06-27 11:00:00;2026-06-27 11:11:51;"1F";75,6;15,9;29,5;18,9;18,9;17,3;83,1;15,9385381792477;18,92;18,9469767254734;15,3003341112747;18,3402338778923;0,0200000000000031;0,0469767254733924;-0,559766122107728;0,0385381792477002
2026-06-27 11:15:00;2026-06-27 11:26:50;"1F";76,7;16;26,6;18,8;18,4;18;80,7;15,977225709123;18,4;18,3840579963861;15,6924577649177;18,1047204354424;0;-0,0159420036139046;-0,295279564557614;-0,0227742908770061
2026-06-27 11:30:00;2026-06-27 11:41:50;"1F";77,1;15,9;26,3;18,7;18,3;18;81,4;15,9305245438339;18,26;18,2813671806837;15,7757476569125;18,1030233598388;-0,0399999999999991;-0,018632819316263;-0,196976640161228;0,0305245438339075
2026-06-27 11:45:00;2026-06-27 11:56:49;"1F";76,7;16,5;27,5;19,4;19;18,2;80,9;16,5478767209315;18,99;19,023513704652;15,9087417376741;18,4561192163718;-0,0100000000000016;0,0235137046520251;-0,543880783628151;0,0478767209314626
2026-06-27 12:00:00;2026-06-27 12:11:49;"1F";75,8;16,5;27,5;19,5;19;18,6;80,7;16,5320134740678;19;19,0224094318475;16,269601764375;18,7487212350625;-3,5527136788005e-15;0,0224094318474606;-0,251278764937467;0,0320134740678029
2026-06-27 12:15:00;2026-06-27 12:26:48;"1F";75;16,5;26,3;19,6;18,8;18,9;80,1;16,5279275808449;18,77;18,7895493065914;16,4853516454862;18,6897461518403;-0,0300000000000011;-0,0104506934085968;-0,110253848159655;0,0279275808448638
2026-06-27 12:30:00;2026-06-27 12:41:48;"1F";76,5;16,4;24,4;19,3;18,3;19;79,6;16,4282265149175;18,29;18,3097585604423;16,5205534739105;18,3443874317373;-0,0100000000000016;0,0097585604422683;0,0443874317373236;0,0282265149175309
2026-06-27 12:45:00;2026-06-27 12:56:47;"1F";77,2;16,6;23,4;19,4;18,3;19,1;79,5;16,6093535374092;18,24;18,2465474761864;16,6042578998249;18,2129805298774;-0,0599999999999987;-0,0534525238135615;-0,0870194701225664;0,00935353740920064
2026-06-27 13:00:00;2026-06-27 13:11:46;"1F";78,5;16,8;22,3;19,4;18,1;19,1;80,2;16,7690899185714;18,16;18,138362943;16,6896064900502;18,0527245430351;0,0599999999999987;0,0383629429999743;-0,0472754569648615;-0,0309100814286083
2026-06-27 13:15:00;2026-06-27 13:26:47;"1F";76,1;16,9;22,7;19,8;18,3;19,2;80,9;16,8538364749862;18,35;18,3176855324904;16,8711735988679;18,2698215192076;0,0499999999999972;0,0176855324903507;-0,030178480792447;-0,0461635250137817
2026-06-27 13:30:00;2026-06-27 13:41:45;"1F";74,8;16,7;22,7;19,8;18,2;19,5;78,9;16,6923267032239;18,21;18,2046286922567;16,9139228585912;18,3297460010138;0,0100000000000016;0,00462869225674822;0,129746001013842;-0,00767329677607265
2026-06-27 13:45:00;2026-06-27 13:56:45;"1F";73,9;16,5;25,2;19,7;18,5;19,5;78;16,4860660230437;18,56;18,5502462161306;16,803136072133;18,7521952504931;0,0599999999999987;0,0502462161306028;0,252195250493063;-0,0139339769562774
2026-06-27 14:00:00;2026-06-27 14:11:44;"1F";74,2;16,2;22,7;19,4;17,8;19,4;77,1;16,2401024518671;17,82;17,848071716307;16,5970600402347;18,0979420281643;0,0199999999999996;0,0480717163069855;0,297942028164265;0,0401024518671207
2026-06-27 14:15:00;2026-06-27 14:26:43;"1F";74,7;15,9;22,5;19;17,5;19,1;77,3;15,9235339226438;17,53;17,5464737458507;16,3358226004283;17,8450758202998;0,0299999999999976;0,0464737458506619;0,345075820299833;0,0235339226438054
2026-06-27 14:45:00;2026-06-27 14:56:42;"1F";78,5;15,7;20,9;18,3;17;18,5;79,1;15,717460783883;17;17,0122225487181;15,9808867392097;17,2166207174468;0;0,0122225487180785;0,216620717446794;0,0174607838829743
2026-06-27 15:00:00;2026-06-27 15:11:41;"1F";79,3;15,6;20,8;18,1;16,9;18,1;80,6;15,6216828235028;16,89;16,905177976452;15,7767233465746;17,0137063426022;-0,00999999999999801;0,00517797645196083;0,113706342602192;0,0216828235027986
2026-06-27 15:15:00;2026-06-27 15:26:43;"1F";79,4;15,4;20,1;17,9;16,6;17,9;81,2;15,4419193123816;16,59;16,6193435186671;15,6556287662505;16,7689401363754;-0,0100000000000016;0,019343518667096;0,168940136375351;0,0419193123815713
2026-06-27 15:30:00;2026-06-27 15:41:40;"1F";79,7;15,5;19,8;17,9;16,6;17,7;81,5;15,4775395686528;16,6;16,5842776980569;15,4984450779778;16,5789115545845;0;-0,015722301943061;-0,0210884454155504;-0,022460431347227
2026-06-27 15:45:00;2026-06-27 15:56:39;"1F";80,1;15,4;19,4;17,8;16,5;17,7;81,6;15,4289994311514;16,44;16,460299601806;15,5102653681604;16,5071857577123;-0,0599999999999987;-0,0397003981940429;0,00718575771228203;0,0289994311513677
2026-06-27 16:00:00;2026-06-27 16:11:39;"1F";80,1;15,3;18,9;17,7;16,3;17,6;81,9;15,3329672850953;16,26;16,2830770995667;15,4492225397581;16,3544557778307;-0,0400000000000027;-0,0169229004332934;0,0544557778307002;0,032967285095296
2026-06-27 16:15:00;2026-06-27 16:26:38;"1F";80,7;15,5;19,1;17,8;16,4;17,5;82,1;15,500076266063;16,45;16,4500533862441;15,3762562395075;16,3333793676552;0,0500000000000007;0,0500533862440911;-0,066620632344776;7,62660629867185e-05
2026-06-27 16:30:00;2026-06-27 16:41:38;"1F";81,3;15,4;18,8;17,6;16,3;17,5;82,7;15,3784565844163;16,3;16,2849196090914;15,44687567192;16,322812970344;0;-0,0150803909085582;0,0228129703440025;-0,0215434155836522
2026-06-27 16:45:00;2026-06-27 16:56:37;"1F";81,8;15,2;18,1;17,4;16;17,4;82,9;15,2444709942584;16;16,0311296959809;15,3736554799044;16,1215588359331;0;0,0311296959809013;0,121558835933108;0,0444709942584325
2026-06-27 17:00:00;2026-06-27 17:11:37;"1F";82,4;15,1;17,3;17,2;15,8;17,3;83,2;15,1216641034853;15,75;15,7651648724397;15,3120549307356;15,9084384515149;-0,0500000000000007;-0,0348351275602869;0,108438451514912;0,0216641034853051
2026-06-27 17:15:00;2026-06-27 17:26:36;"1F";82,8;15,1;16,7;17,1;15,6;17,1;83,5;15,0717009294738;15,62;15,6001906506316;15,1533896550009;15,6573727585006;0,0199999999999996;0,000190650631642697;0,057372758500609;-0,0282990705262254
2026-06-27 17:30:00;2026-06-27 17:41:36;"1F";83,7;15,1;16,2;17;15,5;17;83,9;15,079767466008;15,51;15,4958372262056;15,103062207357;15,5121435451499;0,00999999999999801;-0,00416277379439123;0,0121435451499323;-0,0202325339919849
2026-06-27 17:45:00;2026-06-27 17:56:35;"1F";85,1;15,1;15,8;16,8;15,4;16,9;84,5;15,0482403239765;15,41;15,3737682267836;15,0757913775007;15,4030539642505;0,00999999999999801;-0,0262317732164501;0,00305396425050652;-0,0517596760234991
2026-06-27 18:00:00;2026-06-27 18:11:35;"1F";87,9;15,2;15,3;16,6;15,4;16,7;85,4;15,17744069517;15,36;15,344208486619;14,985665367143;15,2199657570001;-0,0400000000000009;-0,0557915133810134;-0,180034242999888;-0,0225593048300183
2026-06-27 18:15:00;2026-06-27 18:26:34;"1F";90,3;15,3;15,2;16,4;15,4;16,6;86,7;15,2584118083609;15,39;15,3608882658526;15,0385780592682;15,2270046414877;-0,00999999999999979;-0,0391117341473848;-0,172995358512287;-0,0415881916391214
2026-06-27 18:30:00;2026-06-27 18:41:33;"1F";91,8;15,2;15;16,2;15,3;16,4;88,3;15,2339917902352;15,26;15,2837942531647;15,027560326879;15,1592922288153;-0,0400000000000027;-0,0162057468353467;-0,140707771184667;0,0339917902352198
2026-06-27 18:45:00;2026-06-27 18:56:32;"1F";92,2;15,3;15;16,2;15,3;16,2;89,7;15,2800948097207;15,33;15,3160663668045;14,9922548120494;15,1145783684346;0,0299999999999976;0,0160663668044876;-0,18542163156545;-0,019905190279303
2026-06-27 19:00:00;2026-06-27 19:11:32;"1F";92,4;15,1;15;16;15,2;16,1;90,4;15,1050458776331;15,17;15,1735321143431;14,9741851363947;15,0919295954763;-0,0300000000000011;-0,0264678856568512;-0,108070404523712;0,00504587763307107
2026-06-27 19:15:00;2026-06-27 19:26:32;"1F";93,4;15;14,8;15,8;15,1;15,9;90,8;15,0214005891932;15,04;15,0549804124352;14,8227574587027;14,9259302210919;-0,0599999999999987;-0,0450195875647772;-0,174069778908095;0,0214005891931741
2026-06-27 19:30:00;2026-06-27 19:41:31;"1F";94;15;14,7;15,7;15;15,8;91,3;14,9907287582518;15,01;15,0035101307762;14,7811818302196;14,8668272811538;0,00999999999999979;0,00351013077623996;-0,133172718846248;-0,0092712417482268
2026-06-27 19:45:00;2026-06-27 19:56:30;"1F";94,9;15;14,6;15,6;15;15,7;91,7;14,9941224586964;14,98;14,9758857210875;14,7279993250043;14,799599527503;-0,0199999999999996;-0,0241142789125064;-0,200400472497002;-0,00587754130357965
2026-06-27 20:00:00;2026-06-27 20:11:30;"1F";95,4;15;14,6;15,5;14,9;15,7;92,1;14,9515651283033;14,97;14,9360955898123;14,77363988311;14,831547918177;0,0700000000000003;0,0360955898123176;-0,0684520818230148;-0,0484348716966885
2026-06-27 20:15:00;2026-06-27 20:26:29;"1F";95,8;15;14,6;15,5;15;15,6;92,4;14,9972380459917;14,97;14,9680666321942;14,7088304070414;14,776181284929;-0,0299999999999994;-0,0319333678058271;-0,223818715070999;-0,00276195400832435
2026-06-27 20:30:00;2026-06-27 20:41:29;"1F";95,4;14,9;14,5;15,4;14,8;15,5;92,8;14,8518406893901;14,87;14,836288482573;14,6552730464321;14,7086911325025;0,0700000000000003;0,0362884825730454;-0,0913088674975171;-0,0481593106099343
2026-06-27 20:45:00;2026-06-27 20:56:28;"1F";96;14,6;14,1;15,1;14,6;15,5;92,9;14,6206606385101;14,55;14,5644624469571;14,6666507179437;14,6366555025606;-0,0500000000000007;-0,0355375530429463;0,0366555025605937;0,020660638510078
2026-06-27 21:00:00;2026-06-27 21:11:27;"1F";97;14,6;14,1;15;14,6;15,2;93;14,6340420888411;14,54;14,5638294621887;14,3804599773413;14,4063219841389;-0,0600000000000005;-0,0361705378112536;-0,193678015861057;0,0340420888410673
2026-06-27 21:15:00;2026-06-27 21:26:27;"1F";97,4;14,8;14,2;15,1;14,7;15,2;93,3;14,7795431280616;14,71;14,6956801896431;14,4144029089766;14,4500820362836;0,00999999999999979;-0,0043198103568507;-0,249917963716372;-0,0204568719383573
2026-06-27 21:30:00;2026-06-27 21:41:26;"1F";97,3;14,7;14,2;15;14,6;15,2;93,7;14,6680463034403;14,63;14,6076324124082;14,4596814236522;14,4817769965566;0,0299999999999994;0,00763241240824364;-0,118223003443429;-0,0319536965596505
2026-06-27 21:45:00;2026-06-27 21:56:26;"1F";97,4;14,7;14,1;15;14,6;15,1;93,7;14,6793844611888;14,61;14,5955691228322;14,3603339906853;14,3822337934797;0,00999999999999979;-0,0044308771678061;-0,217766206520279;-0,0206155388111497
2026-06-27 22:00:00;2026-06-27 22:11:28;"1F";97,6;15;14,2;15,3;14,9;15;94;15,0026704970598;14,87;14,8718693479419;14,2948273478638;14,3463791435047;-0,0299999999999994;-0,0281306520581079;-0,553620856495311;0,0026704970598459
2026-06-27 22:15:00;2026-06-27 22:26:26;"1F";94,6;14,8;14,3;15,4;14,7;15,3;94,2;14,760744082341;14,76;14,7325208576387;14,6157731955174;14,6210412368622;0,0599999999999987;0,0325208576386764;-0,0789587631378339;-0,0392559176590339
2026-06-27 22:30:00;2026-06-27 22:41:24;"1F";95,1;14,5;14;15,1;14,5;15,1;93,8;14,5186925539984;14,46;14,4730847877989;14,371635055829;14,3701445390803;-0,0400000000000009;-0,0269152122011267;-0,129855460919693;0,0186925539983918
2026-06-27 22:45:00;2026-06-27 22:56:23;"1F";95,5;14,4;13,8;14,9;14,3;15;93,8;14,3645025283635;14,33;14,3051517698544;14,2722652194709;14,2505856536296;0,0299999999999994;0,005151769854427;-0,04941434637038;-0,0354974716365302
2026-06-27 23:00:00;2026-06-27 23:11:25;"1F";95,6;14,2;13,5;14,7;14,1;14,9;93,7;14,1762516510028;14,11;14,093376155702;14,1616390781294;14,1031473546906;0,0100000000000016;-0,00662384429802643;0,00314735469059713;-0,0237483489971808
2026-06-27 23:45:00;2026-06-27 23:56:22;"1F";91,4;14,1;13,9;15,1;14,2;14,7;93,8;14,1008322476928;14,16;14,1605825733849;13,9741556170665;14,0319089319466;-0,0400000000000009;-0,0394174266150689;-0,16809106805343;0,000832247692757804
2026-06-28;2026-06-28 00:11:22;"1F_SUSPEITO";89;13,8;13,8;15,1;14;14,6;93,1;13,830875474254;13,93;13,9516128319778;13,7964972391921;13,8775480674345;-0,0700000000000003;-0,0483871680221934;-0,122451932565518;0,0308754742540103
2026-06-28 00:15:00;2026-06-28 00:26:21;"1F";87,1;13,6;13,8;15,1;13,8;14,7;91,2;13,6177207909038;13,79;13,8024045536327;13,6831880478067;13,8082316334647;-0,0100000000000016;0,00240455363268843;0,00823163346467837;0,0177207909038426
2026-06-28 00:30:00;2026-06-28 00:41:20;"1F";88,4;13,6;13,7;14,9;13,7;14,8;88,5;13,5672680174544;13,75;13,7270876122181;13,4802985202741;13,6562089641919;0,0500000000000007;0,0270876122180947;-0,0437910358081108;-0,0327319825455792
2026-06-28 00:45:00;2026-06-28 00:56:22;"1F";90,9;13,5;13,6;14,6;13,6;14,8;88,6;13,550974774272;13,63;13,6656823419904;13,4914522972671;13,644016608087;0,0299999999999994;0,0656823419904082;0,0440166080869631;0,0509747742720137
2026-06-28 01:00:00;2026-06-28 01:11:19;"1F";91,6;13,3;13,3;14,3;13,4;14,5;89,8;13,3323965510736;13,4;13,4226775857515;13,3300510264242;13,4410357184969;0;0,0226775857514987;0,0410357184969055;0,0323965510735711
2026-06-28 01:15:00;2026-06-28 01:26:19;"1F";93;13,3;13,1;14,1;13,4;14,2;90,4;13,2893693603463;13,34;13,3325585522424;13,1009082982917;13,2106358088042;-0,0600000000000005;-0,0674414477576075;-0,189364191195789;-0,0106306396537228
2026-06-28 01:30:00;2026-06-28 01:41:18;"1F";94,3;13,2;12,9;13,9;13,2;14,1;90,9;13,234386308885;13,21;13,2340704162195;13,0574257471145;13,1301980229801;0,00999999999999979;0,034070416219528;-0,0698019770198837;0,0343863088850398
2026-06-28 01:45:00;2026-06-28 01:56:19;"1F";95,6;13,4;13;13,9;13,3;14;91,5;13,3781038163642;13,37;13,3546726714549;13,0247678521998;13,1173374965399;0,0699999999999985;0,0546726714549255;-0,182662503460149;-0,0218961836358194
2026-06-28 02:00:00;2026-06-28 02:11:16;"1F";96,1;13,2;12,9;13,7;13,2;14;92,3;13,2337108919255;13,19;13,2135976243478;13,1129367598697;13,1590557319088;-0,0100000000000016;0,0135976243478204;-0,0409442680911773;0,033710891925459
2026-06-28 02:15:00;2026-06-28 02:26:16;"1F";96,9;13,3;12,9;13,7;13,3;13,9;92,7;13,3220456727569;13,26;13,2754319709299;13,0579421139405;13,1105594797583;-0,0399999999999991;-0,0245680290701387;-0,189440520241657;0,0220456727569456
2026-06-28 02:30:00;2026-06-28 02:41:15;"1F";97,2;13,2;12,6;13,5;13,1;13,7;93,2;13,1549726695025;13,11;13,0784808686518;12,9145589602125;12,9301912721487;0,00999999999999801;-0,0215191313482475;-0,169808727851285;-0,0450273304974935
2026-06-28 03:00:00;2026-06-28 03:11:14;"1F";97,6;12,7;11,9;13;12,6;13,4;93,7;12,6980321781727;12,57;12,5686225247209;12,6714252192261;12,5899976534583;-0,0299999999999994;-0,0313774752791147;-0,010002346541734;-0,00196782182730715
2026-06-28 03:15:00;2026-06-28 03:26:13;"1F";97,9;12,8;12;13,1;12,7;13,2;93,9;12,8310508018588;12,67;12,6917355613012;12,4944832347919;12,4661382643543;-0,0299999999999994;-0,00826443869884841;-0,233861735645686;0,0310508018587861
2026-06-28 03:30:00;2026-06-28 03:41:13;"1F";98,1;12,9;12,2;13,1;12,7;13,2;94,3;12,8529396285107;12,78;12,7470577399575;12,5380149952219;12,5366104966553;0,0800000000000001;0,047057739957495;-0,163389503344682;-0,0470603714892928
2026-06-28 03:45:00;2026-06-28 03:56:12;"1F";98,1;12,8;12,1;13,1;12,7;13,2;94,5;12,8529396285107;12,69;12,7270577399575;12,5597933292459;12,5318553304722;-0,00999999999999979;0,0270577399574954;-0,168144669527841;0,0529396285107069
2026-06-28 04:00:00;2026-06-28 04:11:12;"1F";98,2;13;12,3;13,2;12,8;13,1;94,7;12,964217170875;12,88;12,8549520196125;12,4820095506265;12,5074066854386;0,0800000000000001;0,0549520196124966;-0,292593314561433;-0,0357828291250044
2026-06-28 04:15:00;2026-06-28 04:26:11;"1F";98,2;12,8;12,1;13;12,7;13,2;94,9;12,7635574887521;12,68;12,6544902421265;12,6033750130348;12,5623625091243;-0,0199999999999996;-0,0455097578735355;-0,137637490875662;-0,036442511247909
2026-06-28 04:30:00;2026-06-28 04:41:11;"1F";98,2;12,7;11,9;12,9;12,5;13,1;94,8;12,6632276258961;12,56;12,5342593381273;12,4928838881555;12,4350187217089;0,0599999999999987;0,034259338127292;-0,0649812782911212;-0,0367723741038688
2026-06-28 04:45:00;2026-06-28 04:56:10;"1F";98,3;12,9;12,1;13,1;12,7;13;95;12,8748372455011;12,76;12,7423860718508;12,4150021547631;12,4105015083342;0,0600000000000005;0,0423860718508013;-0,28949849166581;-0,0251627544988562
2026-06-28 05:00:00;2026-06-28 05:11:10;"1F";98,3;12,7;11,8;12,9;12,5;13,1;95,2;12,6741350296077;12,54;12,5218945207254;12,5364024311972;12,445481701838;0,0399999999999991;0,0218945207253824;-0,0545182981619714;-0,0258649703923091
2026-06-28 05:15:00;2026-06-28 05:26:09;"1F";98,4;12,4;11,4;12,6;12,2;12,9;95;12,383927566222;12,22;12,2087492963554;12,3153653777577;12,1907557644304;0,0200000000000014;0,00874929635539168;-0,00924423556959297;-0,016072433778012
2026-06-28 05:30:00;2026-06-28 05:41:09;"1F";98,5;12,8;11,5;13;12,6;12,7;95,2;12,7963501379682;12,56;12,5574450965777;12,1376790031798;12,0663753022258;-0,0399999999999991;-0,0425549034222783;-0,533624697774156;-0,00364986203182838
2026-06-28 05:45:00;2026-06-28 05:56:08;"1F";98,5;12,7;11,8;12,9;12,5;12,9;95,5;12,6959565903608;12,54;12,5371696132526;12,3695701485185;12,308699103963;0,0399999999999991;0,0371696132525834;-0,191300896037049;-0,00404340963916283
2026-06-28 06:00:00;2026-06-28 06:11:07;"1F";98,5;12,6;11,9;12,8;12,5;12,9;95,4;12,595563028289;12,48;12,4768941198023;12,3587248329397;12,3211073830578;-0,0199999999999996;-0,0231058801977362;-0,178892616942239;-0,00443697171104951
2026-06-28 06:15:00;2026-06-28 06:26:09;"1F";98,6;12,9;12,1;13,1;12,8;12,9;95,5;12,9077001929076;12,76;12,7653901350353;12,3695701485185;12,3686991039629;-0,0400000000000009;-0,0346098649647146;-0,431300896037051;0,00770019290755108
2026-06-28 06:30:00;2026-06-28 06:41:06;"1F";98,6;12,7;12,1;12,9;12,6;13;95,6;12,7068707517634;12,6;12,6048095262343;12,4801863361247;12,4561304352873;-1,77635683940025e-15;0,00480952623434483;-0,143869564712714;0,00687075176335128
2026-06-28 06:45:00;2026-06-28 06:56:06;"1F";98,5;12,5;11,8;12,8;12,4;12,9;95,5;12,595563028289;12,39;12,4568941198023;12,3695701485185;12,308699103963;-0,00999999999999979;0,0568941198022639;-0,0913008960370494;0,0955630282889501
2026-06-28 07:00:00;2026-06-28 07:11:05;"1F";98,4;12,2;11,2;12,4;12;12,7;95,4;12,1831827481941;12,02;12,0082279237359;12,1592751481999;12,0214926037399;0,0199999999999996;0,00822792373589643;0,0214926037399419;-0,0168172518058611
2026-06-28 07:15:00;2026-06-28 07:26:05;"1F";98,4;12,1;11;12,3;11,9;12,4;95,4;12,0828103171489;11,9;11,8879672220042;11,8601005022554;11,7420703515788;-1,77635683940025e-15;-0,0120327779957652;-0,157929648421209;-0,0171896828510913
2026-06-28 07:30:00;2026-06-28 07:41:04;"1F";98,5;12,1;11,3;12,3;11,9;12,3;95,6;12,0935949995908;11,96;11,9555164997135;11,7818052009879;11,7372636406915;0,0599999999999987;0,0555164997135389;-0,162736359308489;-0,00640500040922909
2026-06-28 07:45:00;2026-06-28 07:56:04;"1F";98,7;12,6;12,4;12,8;12,6;12,3;95,7;12,6173512717353;12,58;12,5921458902147;11,7925235168811;11,9647664618168;-0,0200000000000014;-0,00785410978527956;-0,635233538183206;0,0173512717353166
2026-06-28 08:00:00;2026-06-28 08:11:03;"1F";98,7;13,2;14,5;13,4;13,5;12,6;96,2;13,2199664467475;13,48;13,4939765127232;12,1458495539024;12,6620946877317;-0,0200000000000014;-0,00602348727675839;-0,837905312268306;0,0199664467474889
2026-06-28 08:15:00;2026-06-28 08:26:02;"1F";97,6;13,7;15,4;13,9;14;13;96,1;13,5998480773706;14,06;13,9898936541594;12,5345659369495;13,1541961558647;0,0599999999999987;-0,0101063458405992;-0,845803844135347;-0,100151922629426
2026-06-28 08:30:00;2026-06-28 08:41:02;"1F";87,4;14,5;15,8;15,9;14,9;13,4;96,1;14,4343971432704;14,9;14,8540780002893;12,9340774312606;13,5538542018824;-1,77635683940025e-15;-0,0459219997107052;-1,34614579811761;-0,0656028567295763
2026-06-28 08:45:00;2026-06-28 08:56:02;"1F";84,9;14,3;16,3;16;14,9;13,7;96,1;14,2468928389123;14,87;14,8328249872386;13,2337108919255;13,8935976243478;-0,0300000000000011;-0,0671750127613908;-1,00640237565218;-0,0531071610876985
2026-06-28 09:00:00;2026-06-28 09:11:03;"1F_SUSPEITO";84,1;14,4;17,7;16,3;15,2;14,1;96,1;14,4468911440726;15,25;15,2828238008508;13,6332219615176;14,4932553730623;0,0500000000000025;0,0828238008507913;-0,706744626937684;0,0468911440725588
2026-06-28 09:15:00;2026-06-28 09:26:01;"1F";80,7;15;20,5;17,3;16,3;14,4;95,1;15,0191221516449;16,33;16,3433855061514;13,8210827209164;15,2147579046415;0,0300000000000011;0,0433855061513988;-1,0852420953585;0,0191221516448543
2026-06-28 09:30:00;2026-06-28 09:41:00;"1F";80,6;15,2;23,9;17,5;17,1;14,9;94,3;15,1997368364489;17,17;17,1698157855142;14,2292011330749;16,2304407931524;0,0699999999999967;0,0698157855141943;-0,869559206847555;-0,000263163551146306
2026-06-28 09:45:00;2026-06-28 09:55:59;"1F";77,6;15,6;27,4;18,3;18,2;16,1;91,3;15,6095903109644;18,23;18,2367132176751;15,0775877049273;17,6443113934491;0,0299999999999976;0,0367132176750964;-0,555688606550891;0,00959031096442864
2026-06-28 10:00:00;2026-06-28 10:11:00;"1F";79,9;15,7;28,7;18,2;18,6;17;85,3;15,7892225453865;18,55;18,6124557817706;15,266184573946;18,1263292017622;-0,0500000000000043;0,0124557817705586;-0,473670798237773;0,0892225453865159
2026-06-28 10:15:00;2026-06-28 10:25:58;"1F";80;15,9;27,3;18,3;18,5;17,4;83,9;15,8971807540582;18,42;18,4180265278407;15,4911272517201;18,0437890762041;-0,0799999999999983;-0,0819734721592837;-0,456210923795901;-0,00281924594183813
2026-06-28 10:30:00;2026-06-28 10:40:57;"1F";77,4;16,5;26,3;19,3;18,8;17,8;83,5;16,5386357808706;18,74;18,7670450466094;15,8317939503169;18,1222557652219;-0,0600000000000023;-0,0329549533905791;-0,677744234778139;0,038635780870603
2026-06-28 10:45:00;2026-06-28 10:55:57;"1F";75,4;17,2;28,8;20,2;19,8;18,8;81,2;17,1458715310446;19,82;19,7821100717312;16,522525866173;19,2057681063211;0,0199999999999996;-0,0178899282687652;-0,594231893678895;-0,0541284689553763
2026-06-28 11:00:00;2026-06-28 11:10:57;"1F";72,6;17,7;30,7;21,2;20,7;19,6;79,9;17,7335753056348;20,65;20,6735027139444;17,1329249820714;20,09304748745;-0,0499999999999972;-0,0264972860556369;-0,606952512550027;0,0335753056348054
2026-06-28 11:15:00;2026-06-28 11:25:58;"1F_SUSPEITO";69,1;18,3;32,3;22,3;21,5;20,5;77,6;18,303110447372;21,5;21,5021773131604;17,7074440743618;20,9052108520533;0;0,00217731316038083;-0,594789147946749;0,00311044737197008
2026-06-28 11:45:00;2026-06-28 11:55:57;"1F";64,2;17,8;30,6;22,5;20,9;22;71,3;17,8295663543694;20,83;20,8506964480585;18,3143847788197;21,1400693451738;-0,0700000000000003;-0,0493035519414526;0,240069345173811;0,0295663543693507
2026-06-28 12:00:00;2026-06-28 12:10:59;"1F_SUSPEITO";64;17,9;30,6;22,6;20,9;22,1;70;17,8936906887983;20,91;20,9055834821588;18,2364009246781;21,0954806472746;0,0100000000000016;0,00558348215879434;0,195480647274639;-0,00630931120172562
2026-06-28 12:45:00;2026-06-28 12:55:57;"1F_SUSPEITO";62;17,9;30,6;22,9;20,9;22,2;68,3;17,8925503739084;20,94;20,9347852617359;18,103945701392;21,0127619909744;0,0399999999999991;0,0347852617359052;0,112761990974388;-0,00744962609156019
2026-06-28 13:00:00;2026-06-28 13:10:54;"1F";61,3;18,3;31,3;23,4;21,4;22,4;67,8;18,2474639078351;21,41;21,3732247354846;18,2223551110913;21,2556485777639;0,0100000000000016;-0,0267752645154076;-0,144351422236067;-0,0525360921648712
2026-06-28 13:30:00;2026-06-28 13:40:51;"1F";60,7;18,5;33,2;23,8;22;23;67,1;18,5237725532661;21,97;21,9866407872863;18,6821198980843;22,017483928659;-0,0300000000000011;-0,0133592127137092;0,017483928659022;0,0237725532661308
2026-06-28 14:45:00;2026-06-28 14:55:47;"1F_SUSPEITO";62,5;18,4;31,7;23,4;21,6;23,1;67,8;18,4151031902411;21,56;21,5705722331688;18,8696659824541;21,8587661877179;-0,0400000000000027;-0,0294277668312439;0,25876618771785;0,0151031902410885
2026-06-28 15:45:00;2026-06-28 15:55:47;"1F";64,6;18,2;25,5;22,8;20,1;22,3;69,9;18,1580590289415;20,12;20,0906413202591;18,4094365769615;20,216605603873;0,0199999999999996;-0,00935867974093441;0,11660560387304;-0,0419409710584766
2026-06-28 16:15:00;2026-06-28 16:25:43;"1F";65,9;17,6;23,7;22;19,2;22,3;69,5;17,6000322832356;19,26;19,2600225982649;18,3562989765691;19,8194092835984;0,0600000000000023;0,0600225982649079;0,619409283598394;3,22832355799108e-05
2026-06-28 16:30:00;2026-06-28 16:40:42;"1F";67,2;17,5;22,3;21,7;18,9;21,9;70,2;17,4960355899757;18,88;18,877224912983;18,0763884719589;19,3034719303713;-0,019999999999996;-0,0227750870169885;0,403471930371261;-0,00396441002426684
2026-06-28 16:45:00;2026-06-28 16:55:42;"1F";67,9;17,5;22,1;21,7;18,9;21,6;71,3;17,5881994377764;18,84;18,9017396064435;17,9401864818805;19,1381305373163;-0,0599999999999952;0,00173960644347915;0,23813053731633;0,0881994377763959
2026-06-28 17:00:00;2026-06-28 17:10:41;"1F";69,2;17,4;22,6;21,3;18,9;21,5;71,8;17,3873082021714;18,83;18,8211157415199;17,9115877531542;19,2081114272079;-0,0700000000000003;-0,078884258480052;0,308111427207937;-0,0126917978286443
2026-06-28 17:15:00;2026-06-28 17:25:40;"1F";70;17,3;21;21,1;18,4;21,3;72,6;17,3048382387495;18,42;18,4233867671246;17,8275110731333;18,8092577511933;0,0199999999999996;0,0233867671246166;0,409257751193337;0,00483823874944989
2026-06-28 17:30:00;2026-06-28 17:40:40;"1F";71,1;17,2;20;20,8;18,1;21;73,2;17,1662109732575;18,12;18,0963476812802;17,6225725959805;18,4358008171864;0,019999999999996;-0,00365231871977301;0,335800817186367;-0,0337890267425323
2026-06-28 17:45:00;2026-06-28 17:55:42;"1F";71,7;17,1;19,7;20,7;18;20,8;74,1;17,1492481189187;17,98;18,0144736832431;17,5489944540808;18,3042961178566;-0,0199999999999996;0,0144736832430823;0,30429611785658;0,0492481189186904
2026-06-28 18:00:00;2026-06-28 18:10:42;"1F";72,7;17,1;19,4;20,5;17,9;20,6;74,7;17,088693948463;17,9;17,8920857639241;17,4362522209363;18,1453765546554;3,5527136788005e-15;-0,00791423607593345;0,245376554655394;-0,0113060515370513
2026-06-28 18:15:00;2026-06-28 18:25:38;"1F";74,1;17;19,1;20,2;17,7;20,4;75,4;16,982758726566;17,74;17,7279311085962;17,33535904707;17,994751332949;0,0399999999999991;0,0279311085961957;0,294751332948984;-0,0172412734340064
2026-06-28 18:30:00;2026-06-28 18:40:38;"1F";75,8;16,9;18,6;19,9;17,5;20,2;76,5;16,911440418204;17,54;17,5480082927428;17,2837008666877;17,8385906066814;0,0399999999999991;0,0480082927427823;0,338590606681368;0,0114404182039749
2026-06-28 18:45:00;2026-06-28 18:55:38;"1F";75,5;17;18,4;20;17,6;19,9;77,5;16,9688642062908;17,58;17,5582049444035;17,1228759328126;17,6560131529688;-0,0200000000000031;-0,0417950555964595;0,0560131529688128;-0,0311357937092218
2026-06-28 19:00:00;2026-06-28 19:10:39;"1F_SUSPEITO";75,7;17;18,6;20;17,6;20;77,4;16,9938207811069;17,62;17,6156745467749;17,2057495105127;17,7640246573589;0,019999999999996;0,0156745467748536;0,164024657358866;-0,00617921889306672
2026-06-28 19:15:00;2026-06-28 19:25:35;"1F";76,5;17;18,6;19,9;17,6;20;77,7;16,9985429509471;17,61;17,608980065663;17,2431136817984;17,7901795772589;0,00999999999999801;0,00898006566296417;0,190179577258867;-0,001457049052906
2026-06-28 19:30:00;2026-06-28 19:40:37;"1F";76,9;17;18,6;19,9;17,6;19,8;78,4;17,0482896481089;17,61;17,6438027536762;17,1391088531021;17,6973761971714;0,00999999999999801;0,0438027536762284;0,0973761971714389;0,0482896481089021
2026-06-28 19:45:00;2026-06-28 19:55:35;"1F";78,1;16,9;18,4;19,6;17,5;19,8;78,6;16,910942766586;17,47;17,4776599366102;17,1638899641283;17,6747229748898;-0,0300000000000011;-0,0223400633897839;0,174722974889828;0,0109427665860267
2026-06-28 20:00:00;2026-06-28 20:10:34;"1F";78,3;17;18,4;19,7;17,6;19,6;79,5;17,0311687580713;17,55;17,5718181306499;17,0836174364431;17,5985322055101;-0,0500000000000043;-0,0281818693500639;-0,00146779448986223;0,0311687580713418
2026-06-28 20:15:00;2026-06-28 20:25:34;"1F";78,6;17;18,5;19,6;17,5;19,6;79,7;16,9726308323868;17,56;17,5408415826708;17,1082726612488;17,6357908628741;0,0599999999999987;0,0408415826707831;0,135790862874135;-0,0273691676131662
2026-06-28 21:00:00;2026-06-28 21:10:36;"1F_SUSPEITO";76,1;13,5;16,7;16,3;14,4;17,9;79,9;13,5308893095805;14,42;14,4416225167063;15,5012857748208;15,9809000423745;0,0199999999999996;0,0416225167063455;1,58090004237453;0,0308893095804947
2026-06-28 21:45:00;2026-06-28 21:55:32;"1F";79,1;12,2;14,2;14,6;12,9;14,8;80,7;12,2460435576851;12,84;12,8722304903796;12,6143434455598;13,1500404118919;-0,0600000000000005;-0,0277695096204464;0,250040411891854;0,0460435576850777
2026-06-28 22:00:00;2026-06-28 22:10:29;"1F";80,8;12,2;13,7;14,4;12,7;14,5;81,4;12,2405288725636;12,72;12,7483702107945;12,402636764312;12,8718457350184;0,0199999999999996;0,0483702107945412;0,17184573501838;0,0405288725636304
2026-06-28 22:30:00;2026-06-28 22:40:29;"1F_SUSPEITO";83,6;12;12,7;13,8;12,3;13,9;83,6;11,9660187928358;12,32;12,296213154985;12,0629598059529;12,374071864167;0,0199999999999978;-0,00378684501497339;0,0740718641670206;-0,0339812071642456
2026-06-29 00:45:00;2026-06-29 00:55:24;"1F";89,6;12,2;12,6;13,4;12,4;13,5;88;12,2253803220965;12,4;12,4177662254676;12,1502099999431;12,3751469999602;-1,77635683940025e-15;0,0177662254675699;-0,0248530000398244;0,025380322096531
2026-06-29 01:15:00;2026-06-29 01:25:23;"1F";91,9;12,2;12,2;13,1;12,3;13,1;89,7;12,1783765714694;12,29;12,2748636000286;11,9409307811277;12,1086515467894;-0,0100000000000016;-0,0251363999714442;-0,191348453210635;-0,0216234285306314
2026-06-29 01:30:00;2026-06-29 01:40:22;"1F";92,6;12,2;12,1;13;12,2;13;90,5;12,1550329344489;12,26;12,2285230541143;11,9285455050717;12,0699818535502;0,0600000000000005;0,0285230541142614;-0,130018146449796;-0,0449670655510559
2026-06-29 01:45:00;2026-06-29 01:55:23;"1F";93,3;12;11,9;12,8;12,1;12,9;91,3;12,0322156758464;12,06;12,0825509730925;11,9159173001572;12,01114211011;-0,0400000000000009;-0,0174490269075438;-0,0888578898899564;0,0322156758463628
2026-06-29 02:15:00;2026-06-29 02:25:20;"1F";93,5;12,2;11,9;12,9;12,2;12,8;92,2;12,1530757929481;12,21;12,1771530550637;11,9138048427228;11,999663389906;0,0100000000000016;-0,022846944936326;-0,200336610094034;-0,0469242070518945
2026-06-29 02:30:00;2026-06-29 02:40:21;"1F";94;12,1;11,8;12,8;12,1;12,7;92,4;12,1077036344212;12,11;12,1153925440948;11,8362604688174;11,9153823281722;0,00999999999999979;0,0153925440948388;-0,184617671827814;0,00770363442119582
2026-06-29 02:45:00;2026-06-29 02:55:19;"1F";94,4;12;11,7;12,6;12;12,6;92,5;11,9518794187606;12;11,9663155931324;11,7479188090325;11,8235431663228;-1,77635683940025e-15;-0,0336844068675592;-0,176456833677234;-0,0481205812393704
2026-06-29 03:00:00;2026-06-29 03:10:19;"1F";95,1;12;11,6;12,6;12;12,6;92,7;12,0272254024113;11,98;11,9990577816879;11,7693508337104;11,8185455835973;-0,0200000000000014;-0,000942218312122378;-0,181454416402699;0,0272254024112542
2026-06-29 03:15:00;2026-06-29 03:25:18;"1F";95,3;12,1;11,7;12,7;12,1;12,6;92,9;12,1484759597824;12,08;12,1139331718477;11,79079163461;11,853554144227;-0,0200000000000014;0,0139331718476825;-0,246445855773011;0,0484759597824063
2026-06-29 03:30:00;2026-06-29 03:40:17;"1F";94,7;12,2;11,9;12,8;12,2;12,6;93,2;12,1832981224608;12,2;12,1883086857225;11,8229693360137;11,9160785352096;0;-0,0116913142774742;-0,283921464790428;-0,0167018775392478
2026-06-29 03:45:00;2026-06-29 03:55:17;"1F";94,7;12,3;12;12,9;12,3;12,7;93,2;12,2828686145527;12,3;12,2880080301869;11,9222048398718;12,0155433879102;0;-0,0119919698130921;-0,284456612089764;-0,0171313854472714
2026-06-29 04:00:00;2026-06-29 04:10:16;"1F";94,8;12,3;12;12,9;12,3;12,7;93,3;12,2936986998265;12,3;12,2955890898785;11,9329576696268;12,0230703687388;0;-0,00441091012145733;-0,276929631261247;-0,00630130017351149
2026-06-29 04:15:00;2026-06-29 04:25:16;"1F";94,9;12,2;12;12,8;12,2;12,7;93,3;12,2049162349803;12,22;12,2234413644862;11,9329576696268;12,0230703687388;0,0199999999999996;0,0234413644862421;-0,176929631261245;0,00491623498034599
2026-06-29 04:30:00;2026-06-29 04:40:15;"1F";95,4;12,4;12,1;12,9;12,4;12,7;93,4;12,3587248329397;12,39;12,3611073830578;11,9437126820604;12,0505988774423;-0,00999999999999979;-0,0388926169422401;-0,349401122557738;-0,0412751670603431
2026-06-29 04:45:00;2026-06-29 04:55:14;"1F";95,9;12,4;12,2;12,9;12,4;12,8;93,6;12,4129732913602;12,41;12,4190813039522;12,0645546697156;12,1651882688009;0,00999999999999979;0,0190813039521505;-0,234811731199079;0,0129732913602165
2026-06-29 05:00:00;2026-06-29 05:10:17;"1F_SUSPEITO";96,2;12,4;12,3;12,9;12,5;12,9;93,8;12,4455486907455;12,43;12,4618840835219;12,1854950021359;12,2798465014952;-0,0700000000000003;-0,0381159164781444;-0,22015349850485;0,0455486907455072
2026-06-29 05:15:00;2026-06-29 05:25:13;"1F";96,4;12,3;12,3;12,8;12,3;12,8;93,9;12,3673334716918;12,35;12,3971334301843;12,0969131384474;12,2078391969132;0,0500000000000007;0,0971334301842788;-0,0921608030868235;0,0673334716918248
2026-06-29 05:30:00;2026-06-29 05:40:13;"1F";97;12,2;12,1;12,6;12,2;12,7;94,1;12,2322946013006;12,22;12,2426062209105;12,0190590970739;12,1033413679517;0,0199999999999996;0,0426062209104536;-0,0966586320482659;0,0322946013006487
2026-06-29 05:45:00;2026-06-29 05:55:13;"1F";97,3;12,4;12,1;12,7;12,3;12,6;94,3;12,3648868515209;12,37;12,3454207960646;11,9411246705963;12,0387872694174;0,0699999999999985;0,0454207960645956;-0,261212730582587;-0,0351131484791463
2026-06-29 06:00:00;2026-06-29 06:10:12;"1F";97,5;12,4;12,1;12,7;12,4;12,7;94,6;12,3865777455539;12,37;12,3606044218877;12,0729439985562;12,1410607989893;-0,0300000000000011;-0,0393955781122983;-0,258939201010653;-0,0134222544461391
2026-06-29 06:15:00;2026-06-29 06:25:16;"1F_SUSPEITO";97,6;12,5;12,2;12,8;12,5;12,7;94,7;12,4976284834505;12,47;12,4683399384154;12,0837276142723;12,1686093299906;-0,0300000000000011;-0,0316600615846383;-0,33139067000937;-0,0023715165494842
2026-06-29 06:30:00;2026-06-29 06:40:11;"1F";97,8;12,6;12,3;12,9;12,6;12,8;94,9;12,6196204708744;12,57;12,5837343296121;12,2049162349803;12,2834413644862;-0,0299999999999994;-0,0162656703879289;-0,316558635513756;0,0196204708743881
2026-06-29 06:45:00;2026-06-29 06:55:10;"1F";97,8;12,5;12,2;12,8;12,5;12,8;95;12,5193758446474;12,47;12,4835630912532;12,2157285848342;12,271010009384;-0,0300000000000011;-0,0164369087467868;-0,22898999061605;0,019375844647449
2026-06-29 07:00:00;2026-06-29 07:10:10;"1F";97,8;12,5;12;12,8;12,4;12,7;95,1;12,5193758446474;12,43;12,4435630912532;12,1268842760266;12,1588189932187;0,0299999999999994;0,0435630912532137;-0,24118100678135;0,019375844647449
2026-06-29 07:15:00;2026-06-29 07:25:09;"1F";97,8;12,7;12,2;13;12,6;12,8;95,2;12,7198650823607;12,63;12,6439055576525;12,2373598839511;12,2861519187657;0,0299999999999994;0,0439055576524741;-0,313848081234253;0,0198650823606776
2026-06-29 07:30:00;2026-06-29 07:40:08;"1F";97,5;12,8;12,7;13,1;12,8;12,9;95,4;12,7872994455829;12,81;12,801109611908;12,3587248329397;12,4811073830578;0,00999999999999979;0,00110961190804737;-0,318892616942243;-0,0127005544170729
2026-06-29 07:45:00;2026-06-29 07:55:08;"1F_SUSPEITO";96,9;12,9;13,1;13,3;13;13;95,4;12,9218405322582;12,98;12,9952883725808;12,4584496516741;12,6409147561719;-0,0200000000000014;-0,00471162741922804;-0,35908524382814;0,0218405322582473
2026-06-29 08:00:00;2026-06-29 08:10:07;"1F";96,6;13,1;13,3;13,5;13,2;13,1;95,5;13,088932227521;13,18;13,1722525592647;12,569063663453;12,7683445644171;-0,0199999999999996;-0,0277474407353111;-0,431655435582897;-0,0110677724790147
2026-06-29 08:15:00;2026-06-29 08:25:07;"1F";96,1;13,3;14,2;13,8;13,6;13,3;95,6;13,3335886818798;13,53;13,5535120773159;12,7794923018433;13,1156446112903;-0,0699999999999985;-0,046487922684145;-0,484355388709707;0,0335886818797917
2026-06-29 08:30:00;2026-06-29 08:40:06;"1F";95,7;13,4;14,3;13,9;13,6;13,5;95,5;13,3891724646664;13,63;13,6224207252665;12,9680505063175;13,2876353544223;0,0299999999999994;0,0224207252664694;-0,312364645577745;-0,0108275353336165
2026-06-29 08:45:00;2026-06-29 08:55:06;"1F";95,4;13,4;14,5;13,9;13,6;13,6;95,4;13,3559723190046;13,67;13,6391806233032;13,0567982359163;13,3997587651414;0,0700000000000003;0,0391806233032135;-0,200241234858568;-0,044027680995411
2026-06-29 09:00:00;2026-06-29 09:10:05;"1F";94,3;14;16,3;14,6;14,5;13,6;95,3;13,9307568489984;14,52;14,4715297942989;13,0458012981888;13,7520609087322;0,0199999999999996;-0,0284702057011224;-0,747939091267824;-0,0692431510016043
2026-06-29 09:15:00;2026-06-29 09:25:05;"1F";92,8;14;18,4;14,8;14,9;14;95,5;13,9612598043883;14,96;14,9328818630718;13,4667837127866;14,5067485989506;0,0599999999999987;0,0328818630717951;-0,393251401049364;-0,0387401956117195
2026-06-29 09:30:00;2026-06-29 09:40:04;"1F";92,4;14,1;18,1;15;15;14,1;95,1;14,114506724043;14,99;15,0001547068301;13,5221068505364;14,4954747953755;-0,00999999999999979;0,000154706830119977;-0,504525204624505;0,014506724043029
2026-06-29 09:45:00;2026-06-29 09:55:04;"1F";91,6;14;17,8;15;14,9;14,4;94,8;14,024494924511;14,86;14,8771464471577;13,787586075907;14,6513102531349;-0,0400000000000009;-0,0228535528422729;-0,248689746865075;0,0244949245110391
2026-06-29 10:00:00;2026-06-29 10:10:04;"1F";91,9;14,2;17;15,1;14,8;14,5;94,1;14,1571778570217;14,85;14,8200244999152;13,8089263632891;14,5162484543023;0,0499999999999989;0,0200244999151664;-0,283751545697651;-0,0428221429783306
2026-06-29 10:15:00;2026-06-29 10:25:03;"1F";91,9;14,2;16,2;15,1;14,7;14,7;93,5;14,1571778570217;14,69;14,6600244999152;13,9405260680049;14,4683682476034;-0,00999999999999979;-0,0399755000848323;-0,231631752396572;-0,0428221429783306
2026-06-29 10:30:00;2026-06-29 10:40:02;"1F";92,8;14,2;15,5;15;14,5;14,8;92,8;14,1595493817065;14,54;14,5116845671945;13,9612598043883;14,3528818630718;0,0399999999999991;0,0116845671945143;-0,147118136928205;-0,0404506182935478
2026-06-29 10:45:00;2026-06-29 10:55:01;"1F";94,3;14,2;15,1;14,9;14,5;14,9;92,5;14,2292011330749;14,45;14,4704407931524;14,0266883353272;14,328681834729;-0,0500000000000007;-0,0295592068475514;-0,171318165270954;0,0292011330749276
2026-06-29 11:00:00;2026-06-29 11:10:01;"1F";94,9;14;14,5;14,6;14,2;14,8;92,5;13,9979787598421;14,16;14,1585851318895;13,9276115810113;14,1293281067079;-0,0399999999999991;-0,0414148681105466;-0,070671893292122;-0,00202124015792648
2026-06-29 11:15:00;2026-06-29 11:25:03;"1F";96,2;14;14,1;14,5;14,1;14,6;92,8;14,0439417741127;14,07;14,1007592418789;13,7629701628635;13,9140791140045;-0,0299999999999994;0,00075924187886578;-0,185920885995534;0,043941774112664
2026-06-29 11:30:00;2026-06-29 11:39:59;"1F";96,9;14;13,9;14,4;14;14,5;93,4;14,0224041011008;14,02;14,0356828707706;13,730759144763;13,8415314013341;0,0199999999999978;0,0356828707705557;-0,158468598665891;0,0224041011007969
2026-06-29 11:45:00;2026-06-29 11:55:02;"1F";96,8;14;13,8;14,4;14;14,4;93,8;14,0112040429778;14;14,0078428300844;13,6760458737616;13,7732321116331;-1,77635683940025e-15;0,00784283008442976;-0,226767888366904;0,0112040429777593
2026-06-29 12:00:00;2026-06-29 12:10:04;"1F_SUSPEITO";97,2;14,3;13,9;14,6;14,2;14,4;94,2;14,2562469242905;14,25;14,2193728470033;13,7206407910914;13,824448553764;0,0500000000000007;0,0193728470033392;-0,375551446235994;-0,0437530757095175
2026-06-29 12:15:00;2026-06-29 12:24:59;"1F";97,4;14,2;14;14,5;14,2;14,5;94,4;14,1785909148407;14,19;14,1750136403885;13,8424525098114;13,939716756868;-0,00999999999999801;-0,024986359611507;-0,260283243132022;-0,021409085159295
2026-06-29 12:30:00;2026-06-29 12:39:58;"1F";97,5;14,2;14;14,5;14,2;14,4;94,6;14,1898235499247;14,19;14,1828764849473;13,7652638909916;13,8756847236941;-0,00999999999999801;-0,0171235150526847;-0,324315276305851;-0,0101764500752637
2026-06-29 12:45:00;2026-06-29 12:54:57;"1F";97,4;14,2;14;14,5;14,2;14,4;94,8;14,1785909148407;14,19;14,1750136403885;13,787586075907;13,8913102531349;-0,00999999999999801;-0,024986359611507;-0,308689746865074;-0,021409085159295
2026-06-29 13:00:00;2026-06-29 13:09:56;"1F";97,5;14,3;14;14,6;14,3;14,4;95;14,2900037350873;14,27;14,2630026145611;13,8099153858794;13,9069407701156;-0,0300000000000011;-0,0369973854388945;-0,393059229884434;-0,00999626491270789
2026-06-29 13:15:00;2026-06-29 13:24:57;"1F";97,4;14,3;14,1;14,6;14,3;14,5;95,2;14,2787496525011;14,29;14,2751247567507;13,9319324637701;14,022352724639;-0,0100000000000016;-0,0248752432492587;-0,277647275360962;-0,0212503474989418
2026-06-29 13:30:00;2026-06-29 13:39:56;"1F";97,3;14,3;14,2;14,6;14,3;14,5;95,2;14,2674973832607;14,31;14,2872481682825;13,9319324637701;14,042352724639;0,00999999999999801;-0,0127518317175088;-0,257647275360963;-0,032502616739297
2026-06-29 13:45:00;2026-06-29 13:55:00;"1F_SUSPEITO";97,4;14,4;14,2;14,7;14,4;14,5;95,3;14,3789083759281;14,39;14,3752358631496;13,9431253823346;14,0501877676342;-0,00999999999999979;-0,0247641368503597;-0,34981223236578;-0,021091624071941
2026-06-29 14:00:00;2026-06-29 14:09:54;"1F";97,5;14,5;14,5;14,8;14,5;14,6;95,5;14,4903640628644;14,53;14,5232548440051;14,0652630583878;14,2056841408715;0,0299999999999994;0,0232548440051108;-0,29431585912851;-0,00963593713555611
2026-06-29 14:15:00;2026-06-29 14:24:54;"1F";97,7;14,5;14,6;14,8;14,6;14,6;95,5;14,5129633237572;14,55;14,5590743266301;14,0652630583878;14,2256841408715;-0,0500000000000007;-0,0409256733699337;-0,37431585912851;0,0129633237572371
2026-06-29 14:30:00;2026-06-29 14:39:53;"1F";97,9;14,5;14,6;14,8;14,6;14,6;95,5;14,5355696795578;14,55;14,5748987756905;14,0652630583878;14,2256841408715;-0,0500000000000007;-0,0251012243095357;-0,37431585912851;0,0355696795578062
2026-06-29 14:45:00;2026-06-29 14:54:53;"1F";97,9;14,5;14,6;14,8;14,6;14,7;95,7;14,5355696795578;14,55;14,5748987756905;14,1874954695476;14,3212468286833;-0,0500000000000007;-0,0251012243095357;-0,278753171316692;0,0355696795578062
2026-06-29 15:00:00;2026-06-29 15:09:53;"1F";97,9;14,5;14,3;14,8;14,5;14,7;95,7;14,5355696795578;14,49;14,5148987756905;14,1874954695476;14,2612468286833;-0,0100000000000016;0,0148987756904653;-0,238753171316693;0,0355696795578062
2026-06-29 15:15:00;2026-06-29 15:24:52;"1F";98;14,5;14,3;14,8;14,5;14,6;95,8;14,5468755258554;14,49;14,5228128680988;14,0989288280218;14,1892501796153;-0,0100000000000016;0,0228128680987574;-0,310749820384718;0,0468755258553664
2026-06-29 15:30:00;2026-06-29 15:39:51;"1F";98,1;14,5;14,3;14,7;14,4;14,6;95,8;14,4578748254428;14,48;14,45051237781;14,0989288280218;14,1892501796153;0,0799999999999983;0,0505123778099694;-0,210749820384718;-0,0421251745571887
2026-06-29 15:45:00;2026-06-29 15:54:50;"1F";98,2;14,6;14,4;14,8;14,6;14,6;95,9;14,5694925707618;14,58;14,5586447995333;14,1101542724455;14,2171079907119;-0,0199999999999996;-0,0413552004667253;-0,382892009288147;-0,0305074292381793
2026-06-29 16:00:00;2026-06-29 16:09:50;"1F";97,6;14,7;14,9;15;14,8;14,6;96;14,7020659256166;14,77;14,7714461479316;14,121381482896;14,3249670380272;-0,0300000000000011;-0,0285538520684128;-0,475032961972794;0,00206592561655583
2026-06-29 16:15:00;2026-06-29 16:24:49;"1F";97,1;14,8;15,3;15,2;15;14,8;96,1;14,8455634592471;14,94;14,971894421473;14,3323657595787;14,5726560317051;-0,0600000000000005;-0,0281055785270219;-0,427343968294892;0,0455634592471128
2026-06-29 16:30:00;2026-06-29 16:39:51;"1F";97,2;14,9;15,3;15,2;15;14,9;96,1;14,8569412392372;15,01;14,979858867466;14,4322433860526;14,6525703702368;0,00999999999999979;-0,0201411325339524;-0,347429629763203;-0,0430587607627881
2026-06-29 16:45:00;2026-06-29 16:54:48;"1F";97,1;14,9;15,2;15,3;15;14,9;96,1;14,9456576073979;15;15,0319603251786;14,4322433860526;14,6325703702368;0;0,031960325178563;-0,367429629763203;0,0456576073979438
2026-06-29 17:00:00;2026-06-29 17:09:47;"1F";97,2;15;15,3;15,3;15;15;96,1;14,9570569088878;15,09;15,0599398362215;14,5321209979049;14,7324846985335;0,0899999999999999;0,0599398362214565;-0,267515301466542;-0,0429430911122068
2026-06-29 17:15:00;2026-06-29 17:24:47;"1F";97,1;15;15,6;15,4;15,2;15;96,1;15,0457517414668;15,16;15,1920262190268;14,5321209979049;14,7924846985335;-0,0399999999999991;-0,00797378097322365;-0,407515301466542;0,0457517414668267
2026-06-29 17:30:00;2026-06-29 17:39:47;"1F";96,1;14,8;15;15,3;14,9;15,1;96,1;14,831753746127;14,89;14,9122276222889;14,6319985951753;14,7523990166227;-0,00999999999999979;0,0122276222888846;-0,147600983377298;0,0317537461269808
2026-06-29 17:45:00;2026-06-29 17:54:46;"1F";96,5;14,8;14,6;15,2;14,8;14,9;96;14,7773314371051;14,8;14,7841320059736;14,4209490202875;14,5046643142012;-1,77635683940025e-15;-0,0158679940264435;-0,29533568579877;-0,0226685628949177
2026-06-29 18:00:00;2026-06-29 18:09:46;"1F";96,4;14,7;14,6;15,1;14,7;14,9;96;14,6660223592285;14,72;14,6962156514599;14,4209490202875;14,5046643142012;0,0199999999999996;-0,00378434854007281;-0,195335685798769;-0,033977640771532
2026-06-29 18:15:00;2026-06-29 18:24:45;"1F";96,4;14,7;14,5;15,1;14,7;14,9;96;14,6660223592285;14,7;14,6762156514599;14,4209490202875;14,4846643142012;0;-0,0237843485400724;-0,215335685798768;-0,033977640771532
2026-06-29 18:30:00;2026-06-29 18:39:45;"1F";97,2;14,6;14,4;14,9;14,6;14,8;95,9;14,5565941456431;14,59;14,5596159019502;14,3098223376832;14,3768756363782;-0,00999999999999979;-0,0403840980498451;-0,223124363621773;-0,0434058543569211
2026-06-29 18:45:00;2026-06-29 18:54:44;"1F";97,6;14,4;14,4;14,7;14,4;14,7;95,9;14,401461228109;14,43;14,4310228596763;14,2099883124547;14,2969918187183;0,0300000000000011;0,0310228596763196;-0,103008181281728;0,0014612281090276
2026-06-29 19:00:00;2026-06-29 19:09:43;"1F";97,1;13,7;14;14,1;13,8;14,5;95,7;13,7445268893154;13,8;13,8311688225208;13,9879148083078;14,0415403658154;-1,77635683940025e-15;0,0311688225207636;0,241540365815435;0,0445268893153781
2026-06-29 19:15:00;2026-06-29 19:24:42;"1F";96,8;13,5;13,6;13,9;13,6;13,9;95,7;13,5110560722163;13,56;13,5677392505514;13,3891724646664;13,4824207252665;-0,0399999999999991;-0,0322607494485858;-0,117579274733531;0,0110560722163058
2026-06-29 19:30:00;2026-06-29 19:39:41;"1F";96,7;13,1;13,3;13,5;13,2;13,6;95,7;13,0999337964791;13,18;13,1799536575354;13,0898010883523;13,1828607618466;-0,0199999999999996;-0,0200463424646387;-0,0171392381533906;-6,62035209106904e-05
2026-06-29 19:45:00;2026-06-29 19:54:41;"1F";97,1;13,1;13,1;13,5;13,2;13,3;95,7;13,1439607491365;13,14;13,1707725243956;12,7904295742086;12,903300701946;-0,0600000000000005;-0,0292274756044453;-0,296699298053992;0,0439607491365077
2026-06-29 20:00:00;2026-06-29 20:09:40;"1F";96,1;13;12,9;13,5;13,1;13,2;95,8;13,0339552666573;13,03;13,0537686866601;12,701556529628;12,7910895707396;-0,0700000000000003;-0,0462313133399128;-0,308910429260404;0,0339552666572693
2026-06-29 20:15:00;2026-06-29 20:24:40;"1F";96;13,1;12,9;13,6;13,1;13,2;95,8;13,1228220580395;13,11;13,1259754406276;12,701556529628;12,7910895707396;0,00999999999999979;0,0259754406276418;-0,308910429260404;0,0228220580394893
2026-06-29 20:30:00;2026-06-29 20:39:39;"1F";96,1;13,1;12,9;13,6;13,1;13,3;95,9;13,1338330868651;13,11;13,1336831608055;12,812310388812;12,8786172721684;0,00999999999999979;0,0336831608055466;-0,221382727831587;0,0338330868650676
2026-06-29 20:45:00;2026-06-29 20:54:39;"1F";96,2;13,1;13;13,6;13,2;13,4;95,7;13,1448461397189;13,13;13,1613922978032;12,8902200943077;12,9631540660154;-0,0700000000000003;-0,0386077021967512;-0,236845933984585;0,0448461397189295
2026-06-29 21:00:00;2026-06-29 21:09:38;"1F";96;13,1;13;13,6;13,1;13,4;95,7;13,1228220580395;13,13;13,1459754406276;12,8902200943077;12,9631540660154;0,0299999999999994;0,0459754406276414;-0,136845933984585;0,0228220580394893
2026-06-29 21:15:00;2026-06-29 21:24:38;"1F";96,1;13;12,9;13,5;13;13,3;95,5;13,0339552666573;13,03;13,0537686866601;12,7685571159381;12,8479899811567;0,0299999999999994;0,0537686866600868;-0,152010018843328;0,0339552666572693
2026-06-29 21:30:00;2026-06-29 21:39:37;"1F";95,8;12,9;12,8;13,4;12,9;13,2;95,5;12,9011813262926;12,93;12,9308269284048;12,6688103974802;12,7481672782361;0,0299999999999994;0,0308269284048226;-0,151832721763867;0,00118132629260437
2026-06-29 21:45:00;2026-06-29 21:54:37;"1F";95,8;12,9;12,8;13,4;12,9;13,2;95,4;12,9011813262926;12,93;12,9308269284048;12,6578992420897;12,7405294694628;0,0299999999999994;0,0308269284048226;-0,159470530537231;0,00118132629260437
2026-06-29 22:00:00;2026-06-29 22:09:37;"1F";95,2;12,7;12,7;13,3;12,7;13,1;95,2;12,7357640505762;12,76;12,7850348354033;12,5364024311972;12,625481701838;0,0600000000000005;0,085034835403329;-0,074518298161971;0,0357640505761836
2026-06-29 22:15:00;2026-06-29 22:24:36;"1F";96,1;12,6;12,6;13,1;12,7;13;95,1;12,6344438335198;12,65;12,6741106834639;12,4258608012753;12,5181025608927;-0,0500000000000007;-0,02588931653613;-0,181897439107269;0,0344438335198145
2026-06-29 22:30:00;2026-06-29 22:39:35;"1F";96,9;12,8;12,6;13,2;12,8;12,9;95,1;12,8217892098794;12,8;12,8152524469156;12,3262019754144;12,4383413827901;-1,77635683940025e-15;0,0152524469155964;-0,361658617209901;0,0217892098794259
2026-06-29 22:45:00;2026-06-29 22:54:35;"1F";96,9;12,7;12,6;13,1;12,7;13,1;95,2;12,7217378725177;12,72;12,7352165107624;12,5364024311972;12,605481701838;0,0199999999999996;0,0352165107623783;-0,0945182981619723;0,0217378725176829
2026-06-29 23:00:00;2026-06-29 23:09:34;"1F";97,4;12,6;12,5;12,9;12,6;12,9;95,1;12,5760491449538;12,61;12,5932344014677;12,3262019754144;12,4183413827901;0,00999999999999979;-0,00676559853233094;-0,1816586172099;-0,023950855046186
2026-06-29 23:15:00;2026-06-29 23:24:34;"1F";97,6;12,6;12,4;12,9;12,6;12,8;95,3;12,597830338222;12,59;12,5884812367554;12,2481788380736;12,3337251866516;-0,00999999999999979;-0,0115187632445863;-0,266274813348444;-0,00216966177798206
2026-06-29 23:30:00;2026-06-29 23:39:33;"1F";97,8;12,6;12,4;12,9;12,6;12,8;95,4;12,6196204708744;12,59;12,6037343296121;12,2589999984628;12,341299998924;-0,00999999999999979;0,00373432961207065;-0,25870000107602;0,0196204708743881
2026-06-29 23:45:00;2026-06-29 23:54:33;"1F";98;12,7;12,4;13;12,7;12,8;95,5;12,7417068465006;12,67;12,6991947925504;12,2698233675246;12,3488763572672;-0,0299999999999994;-0,000805207449568357;-0,35112364273277;0,0417068465006167
2026-06-30;2026-06-30 00:09:32;"1F";98,2;12,9;12,6;13,1;12,8;12,9;95,7;12,8638873370653;12,86;12,8347211359457;12,3912673389746;12,4838871372823;0,0599999999999987;0,0347211359457269;-0,316112862717748;-0,0361126629346753
2026-06-30 00:15:00;2026-06-30 00:24:31;"1F";98,3;13;12,6;13,2;12,9;13;95,8;12,9751883317315;12,94;12,9226318322121;12,5019316711989;12,5713521698392;0,0399999999999991;0,0226318322120793;-0,328647830160776;-0,0248116682684554
2026-06-30 00:30:00;2026-06-30 00:39:31;"1F";98,4;13;12,8;13,2;13;13,1;95,9;12,9861616706471;12,98;12,970313169453;12,6126418709684;12,6988493096779;-0,0199999999999996;-0,0296868305470053;-0,301150690322148;-0,0138383293528648
2026-06-30 00:45:00;2026-06-30 00:54:30;"1F";98,4;13,1;12,8;13,3;13,1;13,1;95,9;13,0865339708036;13,06;13,0505737795625;12,6126418709684;12,6988493096779;-0,0399999999999991;-0,0494262204374643;-0,401150690322147;-0,013466029196378
2026-06-30 01:00:00;2026-06-30 01:09:30;"1F";98,3;13,4;12,9;13,6;13,3;13,2;96,1;13,3765925327832;13,32;13,3036147729482;12,7343217147337;12,8140252003136;0,0199999999999978;0,00361477294822699;-0,485974799686401;-0,0234074672168152
2026-06-30 01:15:00;2026-06-30 01:24:30;"1F";98;13,4;13,1;13,7;13,4;13,4;96,1;13,4437174389449;13,37;13,4006022072614;12,9340774312606;13,0138542018824;-0,0299999999999994;0,000602207261431786;-0,386145798117605;0,0437174389449044
2026-06-30 01:30:00;2026-06-30 01:39:30;"1F";97,7;13,5;13,3;13,8;13,5;13,5;96,1;13,510732899874;13,49;13,4975130299118;13,0339552666573;13,1337686866601;-0,00999999999999979;-0,00248697008821175;-0,366231313339913;0,0107328998739824
2026-06-30 01:45:00;2026-06-30 01:54:29;"1F";97,6;13,5;13,3;13,8;13,5;13,6;96,1;13,4996463690174;13,49;13,4897524583122;13,1338330868651;13,2136831608055;-0,00999999999999979;-0,0102475416878463;-0,286316839194454;-0,000353630982637299
2026-06-30 02:00:00;2026-06-30 02:09:29;"1F";98,1;13,6;13,3;13,8;13,5;13,6;96,1;13,5550992259421;13,56;13,5285694581595;13,1338330868651;13,2136831608055;0,0600000000000005;0,0285694581594633;-0,286316839194454;-0,0449007740579095
2026-06-30 02:15:00;2026-06-30 02:24:28;"1F";98,2;13,7;13,4;13,9;13,6;13,7;96,2;13,6665256047029;13,66;13,6365679232921;13,24474571453;13,321322000171;0,0599999999999987;0,036567923292063;-0,278677999828973;-0,033474395297052
2026-06-30 02:30:00;2026-06-30 02:39:29;"1F";98,1;13,9;13,5;14,1;13,8;13,8;96,2;13,856024552854;13,84;13,8092171869978;13,3446452742763;13,4212516919934;0,0399999999999991;0,00921718699781238;-0,378748308006601;-0,0439754471459803
2026-06-30 02:45:00;2026-06-30 02:54:26;"1F";98;13,9;13,6;14,2;13,9;14;96,3;13,9451531451716;13,87;13,9016072016201;13,5555464071723;13,6088824850206;-0,0299999999999994;0,00160720162009298;-0,291117514979376;0,0451531451715628
2026-06-30 03:00:00;2026-06-30 03:09:26;"1F";98,2;14;13,7;14,2;13,9;14;96,2;13,9675147197911;13,96;13,9372603038538;13,5444443487382;13,6211110441167;0,0599999999999987;0,0372603038537775;-0,278888955883271;-0,0324852802088884
2026-06-30 03:15:00;2026-06-30 03:24:25;"1F";98,2;14,2;13,8;14,4;14,1;14,1;96,3;14,1681740593772;14,14;14,117721841564;13,6554676667788;13,7288273667452;0,0399999999999991;0,0177218415640326;-0,371172633254815;-0,0318259406228094
2026-06-30 03:30:00;2026-06-30 03:39:25;"1F";98,1;14,3;13,9;14,5;14,2;14,3;96,4;14,2572581240414;14,24;14,210080686829;13,8664792884997;13,9165355019498;0,0399999999999991;0,0100806868289851;-0,283464498050201;-0,042741875958594
2026-06-30 03:45:00;2026-06-30 03:54:25;"1F";98,1;14,3;14;14,5;14,2;14,4;96,3;14,2572581240414;14,26;14,230080686829;13,9552313565927;14,0086619496149;0,0600000000000023;0,0300806868289847;-0,191338050385118;-0,042741875958594
2026-06-30 04:00:00;2026-06-30 04:09:24;"1F";98,1;14,3;14;14,5;14,2;14,4;96,3;14,2572581240414;14,26;14,230080686829;13,9552313565927;14,0086619496149;0,0600000000000023;0,0300806868289847;-0,191338050385118;-0,042741875958594
2026-06-30 04:15:00;2026-06-30 04:24:23;"1F";98,3;14,3;14;14,5;14,2;14,4;96,3;14,2797511539549;14,26;14,2458258077684;13,9552313565927;14,0086619496149;0,0600000000000023;0,0458258077684377;-0,191338050385118;-0,0202488460450887
2026-06-30 04:30:00;2026-06-30 04:39:23;"1F";98,4;14,3;14;14,5;14,3;14,4;96,4;14,2910004644151;14,26;14,2537003250906;13,9664222235167;14,0164955564617;-0,0399999999999991;-0,0462996749093989;-0,283504443538323;-0,00899953558485578
2026-06-30 04:45:00;2026-06-30 04:54:22;"1F";98,6;14,4;14;14,6;14,3;14,4;96,4;14,4139191930802;14,34;14,3497434351561;13,9664222235167;14,0164955564617;0,0399999999999991;0,049743435156131;-0,283504443538323;0,0139191930801896
2026-06-30 05:00:00;2026-06-30 05:09:22;"1F";98,6;14,4;14;14,6;14,3;14,4;96,5;14,4139191930802;14,34;14,3497434351561;13,9776149225428;14,0243304457799;0,0399999999999991;0,049743435156131;-0,275669554220064;0,0139191930801896
2026-06-30 05:15:00;2026-06-30 05:24:21;"1F";98,7;14,5;14,1;14,7;14,5;14,5;96,5;14,5256309169271;14,44;14,457941641849;14,0775795377633;14,1243056764343;-0,0600000000000005;-0,0420583581509977;-0,375694323565671;0,0256309169271454
2026-06-30 05:30:00;2026-06-30 05:39:21;"1F";98,7;14,7;14,2;14,9;14,6;14,6;96,6;14,7265021661684;14,62;14,6385515163179;14,1887820124986;14,232147408749;0,0199999999999996;0,0385515163178827;-0,367852591250978;0,0265021661684059
2026-06-30 05:45:00;2026-06-30 05:54:20;"1F";98,7;14,8;14,3;15;14,7;14,7;96,6;14,8269377703103;14,72;14,7388564392172;14,2887682685387;14,3321377879771;0,0199999999999996;0,0388564392172448;-0,367862212022908;0,0269377703103473
2026-06-30 06:00:00;2026-06-30 06:09:19;"1F";98,6;14,9;14,4;15,1;14,8;14,9;96,6;14,9159914976784;14,82;14,8311940483749;14,4887407371472;14,5121185160031;0,0199999999999996;0,0311940483748749;-0,287881483996937;0,0159914976783941
2026-06-30 06:15:00;2026-06-30 06:24:19;"1F";98,4;15;14,5;15,2;14,9;15;96,6;14,9936049907871;14,92;14,9155234935509;14,5887269497936;14,6121088648555;0,0199999999999996;0,0155234935509494;-0,287891135144511;-0,00639500921292679
2026-06-30 06:30:00;2026-06-30 06:39:19;"1F";98,2;14,9;14,4;15,1;14,8;15;96,5;14,8704813086523;14,82;14,7993369160566;14,5774023953309;14,5841816767316;0,0199999999999996;-0,000663083943390319;-0,215818323268396;-0,0295186913476986
2026-06-30 06:45:00;2026-06-30 06:54:20;"1F";98,1;15,2;14,6;15,4;15,1;15,1;96,6;15,1600328434004;15,1;15,0720229903802;14,688713148053;14,7120992036371;-1,77635683940025e-15;-0,027977009619752;-0,38790079636293;-0,0399671565996442
2026-06-30 07:00:00;2026-06-30 07:09:18;"1F";96,6;15,3;14,8;15,7;15,2;15,2;96,7;15,2886300376359;15,24;15,2320410263452;14,8000688657762;14,8400482060434;0,0400000000000009;0,032041026345162;-0,359951793956649;-0,0113699623640571
2026-06-30 07:15:00;2026-06-30 07:24:17;"1F";95,9;15,4;15;15,9;15,3;15,4;96,6;15,407995651015;15,37;15,3755969557105;14,9886716568949;15,0320701598264;0,0699999999999985;0,0755969557104663;-0,267929840173558;0,00799565101495325
2026-06-30 07:30:00;2026-06-30 07:39:17;"1F";95,6;15,4;15,3;15,9;15,4;15,5;96,4;15,3734716210928;15,43;15,411430134765;15,0657935471218;15,1560554829853;0,0299999999999994;0,0114301347649821;-0,243944517014748;-0,0265283789071677
2026-06-30 07:45:00;2026-06-30 07:54:18;"1F";95,5;15,5;15,6;16;15,6;15,6;96,2;15,4617127821689;15,57;15,5431989475182;15,142834819695;15,2799843737865;-0,0300000000000011;-0,0568010524817701;-0,320015626213525;-0,0382872178311011
2026-06-30 08:00:00;2026-06-30 08:09:16;"1F";94,9;15,6;15,9;16,2;15,7;15,7;96;15,5918079639905;15,72;15,7142655747934;15,2197951444616;15,4038566011231;0,0199999999999996;0,0142655747933738;-0,296143398876893;-0,00819203600946672
2026-06-30 08:15:00;2026-06-30 08:24:18;"1F";94,4;15,7;16,3;16,4;15,9;15,9;95,6;15,7330200095659;15,89;15,9131140066961;15,3734716210928;15,611430134765;-0,0100000000000016;0,0131140066961013;-0,288569865235019;0,0330200095658597
2026-06-30 08:30:00;2026-06-30 08:39:17;"1F_SUSPEITO";94;15,9;17;16,6;16,2;16;95,1;15,8854580543515;16,19;16,179820638046;15,4156184083035;15,7909328858125;-0,0100000000000016;-0,0201793619539608;-0,409067114187543;-0,0145419456485154
2026-06-30 09:15:00;2026-06-30 09:24:16;"1F";90;16,4;20,6;17,6;17,4;16,7;92,8;16,4057554857294;17,36;17,3640288400106;15,84500824628;16,881505772396;-0,0399999999999991;-0,0359711599894013;-0,518494227603973;0,00575548572942708
2026-06-30 09:30:00;2026-06-30 09:39:13;"1F";89,5;16,5;20,5;17,8;17,4;17;91,5;16,543375439158;17,43;17,4603628074106;15,9902101690049;16,9931471183034;0,0300000000000011;0,0603628074106233;-0,406852881696558;0,0433754391580301
2026-06-30 09:45:00;2026-06-30 09:54:14;"1F";88,3;16,6;21,9;18;17,8;17,4;90,4;16,5971209343679;17,8;17,7979846540575;16,2558974042188;17,4991281829531;0;-0,00201534594250319;-0,300871817046861;-0,0028790656321469
2026-06-30 10:00:00;2026-06-30 10:09:12;"1F";88,9;16,5;20,4;17,8;17,4;17,6;89,3;16,4721403740817;17,41;17,3904982618572;16,3229579079405;17,2660705355584;0,0100000000000016;-0,00950173814278799;-0,133929464441621;-0,0278596259182677
2026-06-30 10:15:00;2026-06-30 10:24:11;"1F";90,3;16,6;19;17,8;17,2;17,5;89,4;16,6383901150049;17,2;17,2268730805034;16,2364254232363;16,9154977962654;3,5527136788005e-15;0,0268730805034068;-0,28450220373459;0,0383901150048622
2026-06-30 10:30:00;2026-06-30 10:39:17;"1F";88,3;17;21,4;18,4;18;17,7;90,1;16,9895104126927;18,02;18,0126572888849;16,5161095395676;17,6112766776973;0,0199999999999996;0,01265728888486;-0,388723322302674;-0,0104895873073438
2026-06-30 11:00:00;2026-06-30 11:09:10;"1F";83,8;17,8;26,2;19,8;19,6;18,9;86,7;17,8071557126667;19,68;19,6850089988667;17,2859339763373;19,2301537834361;0,0799999999999983;0,0850089988666873;-0,369846216563907;0,00715571266669457
2026-06-30 11:15:00;2026-06-30 11:24:10;"1F";81,1;18,1;26,7;20,4;20;19,4;85,3;18,0511454663639;20,05;20,0158018264547;17,6029837679995;19,6020886375997;0,0499999999999972;0,0158018264547479;-0,397911362400333;-0,0488545336360744
2026-06-30 11:45:00;2026-06-30 11:54:43;"1F";75,9;18,4;29,3;21,5;20,9;20,4;81,9;18,4420413102475;20,89;20,9194289171732;18,151336705292;20,6059356937044;-0,0100000000000016;0,0194289171732258;-0,294064306295596;0,0420413102474697
2026-06-30 12:15:00;2026-06-30 12:24:07;"1F_SUSPEITO";74,1;18,4;30,4;21,7;21,1;20,9;78,4;18,3983464710291;21,13;21,1288425297204;18,19043599347;20,903305195429;0,0300000000000011;0,0288425297203858;-0,196694804570978;-0,00165352897087345
2026-06-30 12:30:00;2026-06-30 12:39:06;"1F";73;18,3;30,2;21,8;21,1;21,2;77,6;18,3493826085466;21,03;21,0645678259826;18,3749408155436;21,0224585708805;-0,0700000000000003;-0,0354321740173802;-0,0775414291194991;0,0493826085466011
2026-06-30 13:30:00;2026-06-30 13:39:06;"1F";70,4;18,9;31,8;22,8;21,9;22,4;75;18,9421779346589;21,87;21,8995245542612;19,1775712982063;22,0242999087444;-0,0299999999999976;-0,000475445738786107;0,12429990874443;0,0421779346588771
2026-06-30 13:45:00;2026-06-30 13:54:03;"1F_SUSPEITO";71,6;18,7;28,1;22,3;20,9;22,2;74,8;18,6347290932549;20,94;20,8943103652784;18,9620825610412;21,1134577927288;0,0400000000000027;-0,00568963472156625;0,213457792728818;-0,0652709067450949
2026-06-30 14:00:00;2026-06-30 14:09:06;"1F";70,8;18,8;29,2;22,6;21,3;22,1;75,1;18,8090127750993;21,26;21,2663089425695;18,906764433935;21,2847351037545;-0,0399999999999991;-0,0336910574304738;-0,0152648962455189;0,00901277509932186
2026-06-30 14:15:00;2026-06-30 14:24:02;"1F_SUSPEITO";71,1;18,6;27,9;22,3;20,8;22,2;74,5;18,568554998558;20,83;20,8079884989906;18,922721752731;21,0459052269117;0,0300000000000011;0,00798849899063114;0,245905226911677;-0,0314450014419556
2026-06-30 15:00:00;2026-06-30 15:09:01;"1F";68,5;19;30,8;23,1;21,7;22,6;73,2;18,9647714450366;21,77;21,7453400115256;19,1283553290293;21,8098487303205;0,0700000000000003;0,0453400115255924;0,109848730320525;-0,0352285549634388
2026-06-30 15:30:00;2026-06-30 15:38:59;"1F_SUSPEITO";69;18,7;27,3;22,7;20,8;22,6;72,5;18,6611985637497;20,82;20,7928389946248;19,0353839676066;21,0447687773246;0,019999999999996;-0,00716100537520958;0,24476877732463;-0,0388014362502958
2026-06-30 15:45:00;2026-06-30 15:53:59;"1F";70;18,5;25,4;22,4;20,3;22,4;73;18,5158692275218;20,27;20,2811084592653;18,9137001359292;20,5595900951504;-0,0300000000000011;-0,0188915407347352;0,259590095150415;0,015869227521808
2026-06-30 16:00:00;2026-06-30 16:08:58;"1F";71,3;18,5;23,7;22,2;19,9;22,2;73,6;18,5014837792516;19,91;19,9110386454761;18,8045116008359;20,1231581205851;0,00999999999999801;0,0110386454761446;0,223158120585111;0,00148377925163601
2026-06-30 16:15:00;2026-06-30 16:23:57;"1F";72,5;18,5;22,9;22;19,7;22;74,6;18,4719475222396;19,73;19,7103632655677;18,7468127759283;19,9027689431498;0,0300000000000011;0,0103632655677046;0,202768943149842;-0,0280524777604185
2026-06-30 16:30:00;2026-06-30 16:38:57;"1F";74,6;18,5;22,4;21,8;19,6;21,9;75,8;18,5577811243746;19,61;19,6504467870622;18,8085697531121;19,8359988271785;0,00999999999999801;0,0504467870621994;0,235998827178452;0,0577811243745749
2026-06-30 16:45:00;2026-06-30 16:53:56;"1F";74,8;18,3;21,7;21,5;19,3;21,6;77;18,3000717822115;19,3;19,3000502475481;18,6789760623757;19,575283243663;-3,5527136788005e-15;5,02475480566034e-05;0,275283243662976;7,17822115134936e-05
2026-06-30 17:00:00;2026-06-30 17:08:56;"1F";75,8;18,1;20,9;21,2;19;21,4;77;18,1445754890548;18,97;19,0012028423384;18,4885937225443;19,262015605781;-0,0299999999999976;0,00120284233836188;0,262015605781023;0,0445754890548002
2026-06-30 17:15:00;2026-06-30 17:23:55;"1F";77,6;18,1;20,2;20,9;18,8;21,1;77,9;18,0888709092779;18,8;18,7922096364945;18,3178458474227;18,9724920931959;0;-0,00779036350546747;0,172492093195917;-0,0111290907220969
2026-06-30 17:30:00;2026-06-30 17:38:54;"1F";78,9;18,1;20,3;20,7;18,8;20,9;79,3;18,0624496250054;18,8;18,7737147375038;18,3045950077252;18,9632165054077;0;-0,0262852624961845;0,163216505407661;-0,0375503749945523
2026-06-30 17:45:00;2026-06-30 17:53:53;"1F";80,3;18;19,4;20,5;18,6;20,6;80,4;18,0469834646627;18,53;18,5628884252639;18,1556550081157;18,648958505681;-0,0700000000000003;-0,0371115747361088;0,048958505681;0,0469834646627056
2026-06-30 18:00:00;2026-06-30 18:08:53;"1F";80,9;17,9;19,1;20,3;18,4;20,4;81,3;17,9298463456025;18,38;18,4008924419217;18,076198266736;18,5133387867152;-0,0199999999999996;0,000892441921727993;0,113338786715218;0,0298463456024685
2026-06-30 18:15:00;2026-06-30 18:23:53;"1F";82,1;17,9;18,9;20,1;18,3;20,2;82;17,8867095992471;18,32;18,310696719473;17,9707974989521;18,3795582492665;0,0199999999999996;0,0106967194729926;0,0795582492664515;-0,0132904007528651
2026-06-30 18:30:00;2026-06-30 18:38:52;"1F";81,7;17,8;18,9;20,1;18,3;20,1;82,6;17,8369380540109;18,25;18,2758566378076;17,9489091296033;18,3542363907223;-0,0500000000000007;-0,0241433621923868;0,0542363907222949;0,036938054010875
2026-06-30 18:45:00;2026-06-30 18:53:51;"1F";81,9;17,8;18,9;20;18,2;20;82,6;17,7653213212961;18,24;18,2157249249072;17,8522245991616;18,2765572194131;0,0399999999999991;0,0157249249072429;0,0765572194131074;-0,0346786787039406
2026-06-30 19:00:00;2026-06-30 19:08:51;"1F";81,8;17,8;18,9;20;18,2;20;82,7;17,7529040400197;18,24;18,2070328280138;17,8646369382349;18,2852458567644;0,0399999999999991;0,00703282801379146;0,0852458567643986;-0,0470959599802967
2026-06-30 19:15:00;2026-06-30 19:23:50;"1F";82,1;17,7;18,8;19,9;18,1;19,9;82,6;17,6935982645613;18,14;18,1355187851929;17,7555400502057;18,178878035144;0,0399999999999956;0,0355187851928953;0,0788780351439549;-0,0064017354387147
2026-06-30 19:30:00;2026-06-30 19:38:50;"1F";82,4;17,5;18,6;19,7;18;19,8;82,8;17,5374987994114;17,94;17,966249159588;17,683576953688;18,0785038675816;-0,0599999999999987;-0,033750840412015;0,0785038675816097;0,0374987994114093
2026-06-30 19:45:00;2026-06-30 19:53:49;"1F";82,7;17,5;18,4;19,6;17,9;19,7;83,1;17,4777959334015;17,89;17,8744571533811;17,6238428022595;17,9866899615817;-0,00999999999999801;-0,0255428466189223;0,0866899615816834;-0,0222040665984586
2026-06-30 20:00:00;2026-06-30 20:08:48;"1F";83,4;17,4;18,1;19,4;17,7;19,5;83,3;17,3701733088611;17,74;17,7191213162027;17,4547811380275;17,7883467966193;0,0399999999999991;0,0191213162027459;0,0883467966192804;-0,0298266911389362
2026-06-30 20:15:00;2026-06-30 20:23:47;"1F";84,1;17,3;17,8;19,2;17,5;19,3;83,9;17,2618231374486;17,59;17,563276196214;17,3344320703762;17,6241024492633;0,0899999999999999;0,0632761962140087;0,124102449263308;-0,0381768625514169
2026-06-30 20:30:00;2026-06-30 20:38:47;"1F";84,2;17,2;17,7;19,1;17,5;19,2;84,3;17,1769347731577;17,49;17,4738543412104;17,2862293102472;17,560360517173;-0,0100000000000016;-0,0261456587896163;0,060360517173045;-0,0230652268423057
2026-06-30 20:45:00;2026-06-30 20:53:46;"1F";84,9;17,2;17,5;19;17,4;19;84,7;17,1649099699389;17,44;17,4154369789572;17,140605623182;17,3984239362274;0,0399999999999991;0,0154369789572044;-0,00157606377263519;-0,0350900300611343
2026-06-30 21:00:00;2026-06-30 21:08:46;"1F";85,4;17;17,2;18,8;17,2;18,9;85;17,0308872243541;17,22;17,2416210570479;17,0797701423792;17,2858390996655;0,0199999999999996;0,0416210570478661;0,085839099665467;0,0308872243540961
2026-06-30 21:15:00;2026-06-30 21:23:45;"1F";85,8;17;16,9;18,7;17,1;18,8;85,4;16,9818065789441;17,15;17,1372646052609;17,0308872243541;17,1816210570479;0,0499999999999972;0,0372646052608694;0,0816210570478653;-0,0181934210559014
2026-06-30 21:30:00;2026-06-30 21:38:44;"1F";84,8;17;17,1;18,8;17,2;18,6;85,6;16,9582737934904;17,2;17,1707916554433;16,8602102006156;17,082147140431;0;-0,0292083445567073;-0,117852859569048;-0,0417262065095834
2026-06-30 21:45:00;2026-06-30 21:53:44;"1F";84,9;17;17,3;18,8;17,2;18,7;85,2;16,9703760095527;17,24;17,2192632066869;16,9093409818246;17,1665386872772;0,0399999999999991;0,0192632066868903;-0,0334613127227854;-0,0296239904473019
2026-06-30 22:00:00;2026-06-30 22:08:44;"1F";85,5;17;17,3;18,8;17,3;18,8;85,2;17,042989547756;17,24;17,2700926834292;17,0066826808582;17,2446778766008;-0,0600000000000023;-0,0299073165707888;-0,0553221233992289;0,0429895477560187
2026-06-30 22:15:00;2026-06-30 22:23:43;"1F";86,6;16,9;17;18,5;17,1;18,7;85,6;16,8830599854645;17,08;17,0681419898252;16,9576510669668;17,1403557468768;-0,0200000000000031;-0,0318580101748509;0,0403557468767666;-0,0169400145354963
2026-06-30 22:30:00;2026-06-30 22:38:44;"1F";87,2;17;16,8;18,5;17,1;18,5;86,4;16,955244369548;17,11;17,0786710586836;16,859000339665;17,0113002377655;0,00999999999999801;-0,0213289413164333;-0,0886997622345049;-0,0447556304520447
2026-06-30 22:45:00;2026-06-30 22:53:41;"1F";87,9;16,9;16,8;18,4;17;18,4;86,9;16,9414699329567;17,03;17,0590289530697;16,8213913880778;16,9749739716545;0,0299999999999976;0,0590289530697206;-0,0250260283455148;0,0414699329567441
2026-06-30 23:00:00;2026-06-30 23:08:41;"1F";88,5;16,8;16,6;18,2;16,9;18,3;87,3;16,8172425920263;16,9;16,9120698144184;16,7715624014824;16,8900936810377;0;0,0120698144183855;-0,0099063189623223;0,017242592026264
2026-06-30 23:15:00;2026-06-30 23:23:40;"1F";89,4;16,8;16,5;18,1;16,9;18,2;87,7;16,8265772887083;16,87;16,8886041020958;16,7215449857916;16,8250814900541;-0,0299999999999976;-0,0113958979042117;-0,07491850994586;0,0265772887082676
2026-06-30 23:30:00;2026-06-30 23:38:40;"1F";89,4;16,8;16,6;18,1;16,9;18,1;88,4;16,8265772887083;16,89;16,9086041020958;16,7071576646235;16,8250103652365;-0,00999999999999801;0,00860410209578788;-0,0749896347635222;0,0265772887082676
2026-06-30 23:45:00;2026-06-30 23:53:39;"1F";89,3;16,9;16,6;18,2;17;18;88,7;16,9129680690649;16,97;16,9790776483455;16,6447856612784;16,7713499628949;-0,0300000000000011;-0,0209223516545443;-0,228650037105147;0,0129680690649394
2026-07-01;2026-07-01 00:08:38;"1F";89,3;16,8;16,7;18,1;16,9;18;88,7;16,8146330827154;16,91;16,9202431579008;16,6447856612784;16,7913499628949;0,0100000000000016;0,0202431579008113;-0,108650037105146;0,0146330827154451
2026-07-01 00:30:00;2026-07-01 00:38:38;"1F";90,1;16,7;16,4;17,8;16,7;17,8;89;16,6146325973855;16,75;16,6902428181698;16,4840114057956;16,5988079840569;0,0500000000000007;-0,00975718183017449;-0,101192015943109;-0,0853674026145335
2026-07-01 00:45:00;2026-07-01 00:53:37;"1F";89,8;16,6;16,3;17,8;16,6;17,8;89,1;16,5790011760206;16,66;16,6453008232144;16,495883021076;16,5871181147532;0,0599999999999987;0,0453008232143901;-0,0128818852468306;-0,0209988239794399
2026-07-01 01:00:00;2026-07-01 01:08:37;"1F";88,5;16,5;16,3;17,9;16,6;17,7;89;16,5228071432646;16,6;16,6159650002852;16,3857473311686;16,500023131818;-3,5527136788005e-15;0,0159650002852416;-0,0999768681819866;0,0228071432646324
2026-07-01 01:15:00;2026-07-01 01:23:36;"1F";87,9;16,4;16,1;17,8;16,5;17,8;88,2;16,3534608001258;16,48;16,4474225600881;16,3890589767128;16,472341283699;-0,0199999999999996;-0,0525774399119143;-0,0276587163010227;-0,0465391998741609
2026-07-01 01:30:00;2026-07-01 01:38:35;"1F";86,4;16,3;16;18;16,4;17,7;87,5;16,3708116219538;16,41;16,4595681353677;16,20809850565;16,315668953955;0,0100000000000016;0,0595681353676945;-0,0843310460449764;0,0708116219538439
2026-07-01 01:45:00;2026-07-01 01:53:40;"1F_SUSPEITO";83,8;16,4;16,5;18,4;16,7;18;85,7;16,4492869870448;16,62;16,6545008909314;16,2874693760429;16,50122856323;-0,0800000000000018;-0,045499109068647;-0,198771436770002;0,0492869870447912
2026-07-01 02:00:00;2026-07-01 02:08:34;"1F";83,3;16,4;16,8;18,4;16,7;18,3;84,3;16,3892797721412;16,68;16,6724958404988;16,412178401833;16,6785248812831;-0,0199999999999996;-0,0275041595011807;-0,0214751187169249;-0,0107202278588261
2026-07-01 02:15:00;2026-07-01 02:23:34;"1F";83,5;16,3;16,9;18,3;16,6;18,3;84;16,3163678687271;16,62;16,631457508109;16,3762488200999;16,6733741740699;0,019999999999996;0,0314575081089501;0,0733741740699116;0,0163678687270732
2026-07-01 02:30:00;2026-07-01 02:38:33;"1F";83,3;16,3;16,9;18,3;16,6;18,3;84;16,2924158986551;16,62;16,6146911290585;16,3762488200999;16,6733741740699;0,019999999999996;0,0146911290585408;0,0733741740699116;-0,00758410134493914
2026-07-01 02:45:00;2026-07-01 02:53:33;"1F";83,2;16,3;16,9;18,3;16,6;18,3;84;16,2804399705502;16,62;16,6063079793852;16,3762488200999;16,6733741740699;0,019999999999996;0,0063079793851557;0,0733741740699116;-0,0195600294497709
2026-07-01 03:00:00;2026-07-01 03:08:32;"1F";83,8;16,3;16,9;18,2;16,6;18,2;84;16,2553054442786;16,61;16,578713810995;16,2792075111953;16,5954452578367;0,00999999999999801;-0,0212861890050142;-0,00455474216331808;-0,0446945557214491
2026-07-01 03:15:00;2026-07-01 03:23:32;"1F";84,3;16,2;16,8;18,1;16,5;18,1;84,5;16,2179446643498;16,51;16,5225612650449;16,2417978533012;16,5392584973108;0,00999999999999801;0,0225612650448852;0,0392584973108043;0,0179446643498373
2026-07-01 03:30:00;2026-07-01 03:38:31;"1F";84,9;16,1;16,6;17,9;16,4;18;84,8;16,0949722941666;16,38;16,3764806059166;16,1803369128902;16,4462358390231;-0,0199999999999996;-0,0235193940833511;0,0462358390231152;-0,00502770583335987
2026-07-01 03:45:00;2026-07-01 03:53:31;"1F";85,3;15,9;16,2;17,7;16,2;17,8;85,2;15,94775208401;16,14;16,173426458807;16,0332648820301;16,2432854174211;-0,0599999999999987;-0,0265735411930059;0,0432854174210817;0,047752084009991
2026-07-01 04:00:00;2026-07-01 04:08:30;"1F";84,7;16;16;17,8;16,2;17,7;85,4;15,9740002040311;16,18;16,1618001428218;15,9595815399155;16,1417070779409;-0,0199999999999996;-0,0381998571782276;-0,058292922059124;-0,0259997959689002
2026-07-01 04:15:00;2026-07-01 04:23:29;"1F";84,8;15,9;16,1;17,7;16,1;17,7;84,8;15,8886102804227;16,12;16,1120271962959;15,8886102804227;16,1120271962959;0,0199999999999996;0,0120271962959251;0,0120271962959251;-0,0113897195772505
2026-07-01 04:30:00;2026-07-01 04:38:29;"1F";85,1;15,8;16,1;17,6;16,1;17,6;85,2;15,8267772553368;16,04;16,0587440787357;15,83858110436;16,067006773052;-0,0599999999999987;-0,0412559212642556;-0,0329932269479798;0,0267772553367784
2026-07-01 04:45:00;2026-07-01 04:53:32;"1F";86,3;15,8;16,1;17,4;16;17,5;85,5;15,7732244859061;16,02;16,0012571401343;15,7765787477839;16,0136051234487;0,0199999999999996;0,00125714013429956;0,0136051234486985;-0,0267755140938561
2026-07-01 05:00:00;2026-07-01 05:08:27;"1F";86,7;15,6;15,8;17,2;15,8;17,3;86,2;15,6248457200313;15,8;15,8173920040219;15,6638760384197;15,8547132268938;0;0,0173920040219055;0,0547132268937993;0,0248457200312959
2026-07-01 05:15:00;2026-07-01 05:23:28;"1F";85,8;15,6;15,8;17,3;15,8;17,2;86,5;15,6169414065815;15,81;15,821858984607;15,6014204682103;15,8009943277472;0,00999999999999979;0,0218589846070145;0,000994327747244839;0,0169414065814504
2026-07-01 05:30:00;2026-07-01 05:38:27;"1F";85,8;15,4;15,8;17,1;15,7;17,2;85,9;15,4219603790843;15,65;15,665372265359;15,5311590986903;15,7518113690832;-0,0499999999999989;-0,0346277346409831;0,0518113690831807;0,021960379084307
2026-07-01 05:45:00;2026-07-01 05:53:26;"1F";85,4;15,4;15,7;17,2;15,6;17,1;86;15,4726236849625;15,64;15,6908365794738;15,4453280804274;15,6617296562992;0,0400000000000009;0,0908365794737573;0,0617296562991942;0,0726236849625099
2026-07-01 06:00:00;2026-07-01 06:08:25;"1F";84,4;15,5;15,8;17,3;15,7;17,1;85,7;15,4527345153479;15,74;15,7069141607435;15,4102774232523;15,6571941962766;0,0400000000000009;0,00691416074351459;-0,0428058037233789;-0,0472654846521223
2026-07-01 06:15:00;2026-07-01 06:23:25;"1F";83,6;15,4;15,7;17,3;15,6;17,2;85;15,3589418353316;15,65;15,6212592847321;15,425805068354;15,6580635478478;0,0500000000000007;0,0212592847320874;0,058063547847782;-0,0410581646684474
2026-07-01 06:30:00;2026-07-01 06:38:25;"1F";81,9;15,3;15,5;17,4;15,5;17,3;84,1;15,2562137915822;15,55;15,5193496541075;15,4175591550171;15,622291408512;0,0499999999999989;0,0193496541075344;0,122291408511987;-0,0437862084178064
2026-07-01 06:45:00;2026-07-01 06:53:23;"1F";80,1;15,2;15,4;17,6;15,5;17,4;82,8;15,2369351176634;15,48;15,5058545823644;15,3619100775257;15,573337054268;-0,0200000000000014;0,00585458236437653;0,0733370542679772;0,036935117663397
2026-07-01 07:00:00;2026-07-01 07:08:23;"1F";79,4;15,3;15,6;17,7;15,6;17,5;81,6;15,2502283888156;15,6;15,5651598721709;15,3174125099684;15,5921887569779;-1,77635683940025e-15;-0,0348401278290904;-0,00781124302214486;-0,0497716111844149
2026-07-01 07:15:00;2026-07-01 07:23:22;"1F";79,5;15,2;15,8;17,6;15,5;17,6;81;15,1661761287012;15,56;15,5363232900908;15,3430752337259;15,6601526636081;0,0599999999999987;0,0363232900908059;0,160152663608118;-0,0338238712988463
2026-07-01 07:30:00;2026-07-01 07:38:22;"1F";79,3;15,2;16,2;17,7;15,7;17,6;81,2;15,2384083025001;15,65;15,6768858117501;15,3666626986693;15,7566638890685;-0,0500000000000007;-0,0231141882499095;0,0566638890685134;0,0384083025001303
2026-07-01 07:45:00;2026-07-01 07:53:21;"1F";78,2;15,4;17,5;18;16,1;17,7;80,9;15,3949438062882;16,08;16,0764606644017;15,4275250404425;16,0692675283097;-0,0200000000000031;-0,0235393355982687;-0,0307324716902855;-0,00505619371181076
2026-07-01 08:00:00;2026-07-01 08:08:21;"1F";75,7;15,9;19,6;18,8;16,9;18;80;15,8558769299606;16,93;16,8991138509724;15,6091642559934;16,6464149791953;0,0300000000000011;-0,000886149027582661;-0,25358502080465;-0,0441230700394062
2026-07-01 08:15:00;2026-07-01 08:23:20;"1F";74,4;16;21,1;19,1;17,3;18,5;78,8;15,9813733119667;17,33;17,3169613183767;15,9447783940442;17,2313448758309;0,0299999999999976;0,0169613183766906;-0,0686551241690943;-0,0186266880333008
2026-07-01 08:30:00;2026-07-01 08:38:20;"1F";73,9;16;20,9;19,2;17,3;18,8;77,8;16,0144901028726;17,3;17,3101430720108;16,1106244934706;17,3374371454294;-3,5527136788005e-15;0,0101430720108304;0,0374371454293971;0,0144901028726174
2026-07-01 08:45:00;2026-07-01 08:53:24;"1F_SUSPEITO";72,7;16,1;21,4;19,5;17,5;19,1;77,1;16,1490391851796;17,5;17,5343274296257;16,311402105251;17,6079814736757;0;0,034327429625737;0,107981473675668;0,0490391851796232
2026-07-01 09:00:00;2026-07-01 09:08:19;"1F";70,2;16,5;22,2;20,2;18;19,4;76,1;16,4916924465468;18,01;18,0041847125828;16,4740725496305;17,9118507847414;0,00999999999999801;0,00418471258277719;-0,0881492152586425;-0,00830755345317513
2026-07-01 09:15:00;2026-07-01 09:23:18;"1F";67,4;16,9;23,7;21;18,6;19,9;74,1;16,875957003554;18,67;18,6531699024878;16,6996405419154;18,4197483793407;0,0700000000000003;0,0531699024878307;-0,180251620659252;-0,0240429964459565
2026-07-01 09:30:00;2026-07-01 09:38:19;"1F";64,2;17,1;26,7;21,8;19,5;20,7;71,9;17,1904261485543;19,49;19,553298303988;17,1747399486259;19,4323179640382;-0,00999999999999801;0,0532983039880328;-0,0676820359618446;0,0904261485543323
2026-07-01 09:45:00;2026-07-01 09:53:17;"1F_SUSPEITO";61,3;17,1;28,9;22,1;19,9;21,4;69,5;17,0733473171002;19,96;19,9413431219702;17,5192727020192;20,1834908914134;0,0600000000000023;0,041343121970165;0,283490891413432;-0,0266526828997691
2026-07-01 10:45:00;2026-07-01 10:53:15;"1F";55,5;17,2;29;23,1;20,1;22,5;62,9;17,1605097911131;20,15;20,1223568537791;17,6530037677243;20,407102637407;0,0499999999999972;0,0223568537791472;0,307102637406974;-0,039490208886928
2026-07-01 11:30:00;2026-07-01 11:38:13;"1F";53,4;17,7;32,2;24,1;21,3;23,5;60,4;17,7332114339815;21,24;21,2632480037871;18,211214387275;21,5378500710925;-0,0600000000000023;-0,0367519962129492;0,237850071092517;0,0332114339814993
2026-07-01 12:00:00;2026-07-01 12:08:13;"1F";52,2;17,8;32,9;24,4;21,5;23,9;59,3;17,8155008384486;21,48;21,490850586914;18,4143074900671;21,860015243047;-0,0199999999999996;-0,00914941308598216;0,360015243046988;0,0155008384485953
2026-07-01 12:15:00;2026-07-01 12:23:11;"1F";52;17,9;32,6;24,5;21,5;23,9;58,8;17,8722089886302;21,5;21,4805462920411;18,342733093223;21,7499131652561;-3,5527136788005e-15;-0,0194537079588954;0,249913165256132;-0,0277910113698461
2026-07-01 12:30:00;2026-07-01 12:38:11;"1F";51,4;18,1;32,8;24,9;21,7;24,2;58,5;18,1276820391885;21,72;21,7393774274319;18,5676606491494;21,9773624544046;0,0199999999999996;0,0393774274319405;0,277362454404606;0,027682039188484
2026-07-01 12:45:00;2026-07-01 12:53:15;"1F_SUSPEITO";51,3;18,3;33,1;25,1;21,9;24,3;58,2;18,2853928645992;21,94;21,9297750052195;18,6134555799965;22,0794189059976;0,0400000000000027;0,0297750052194523;0,179418905997558;-0,0146071354007908
2026-07-01 13:00:00;2026-07-01 13:08:12;"1F";50,2;18,2;33,2;25,2;21,9;24,6;57,5;18,2012625841417;21,9;21,9008838088992;18,7785046410335;22,2449532487235;0;0,000883808899217797;0,344953248723453;0,00126258414173819
2026-07-01 13:15:00;2026-07-01 13:23:08;"1F";49,3;18,2;33,2;25,4;21,9;24,8;56,5;18,2320245242572;21,92;21,9424171669801;18,8084913878937;22,2859439715256;0,0199999999999996;0,0424171669800586;0,385943971525602;0,0320245242572277
2026-07-01 13:30:00;2026-07-01 13:38:08;"1F";48,3;18,1;33,4;25,4;21,9;25;55,4;18,0738760059778;21,89;21,8717132041845;18,8211906063969;22,3548334244778;-0,00999999999999801;-0,0282867958155393;0,454833424477826;-0,0261239940221962
2026-07-01 15:00:00;2026-07-01 15:08:10;"1F_SUSPEITO";48,8;18,3;33,7;25,6;22,1;25,1;55,4;18,3240175420023;22,11;22,1268122794016;18,9093450249094;22,4865415174366;0,00999999999999801;0,0268122794016037;0,386541517436608;0,0240175420022943
2026-07-01 17:15:00;2026-07-01 17:23:01;"1F";58,1;17,7;26,2;23,3;20;23,5;61,8;17,7072311815126;19,96;19,9650618270588;18,4078979619762;20,4755285733834;-0,0399999999999991;-0,0349381729411888;0,475528573383375;0,00723118151259428
2026-07-01 17:45:00;2026-07-01 17:52:57;"1F";62;17,3;21,2;22,2;18,5;22,6;64,9;17,2586332247899;18,57;18,5410432573529;18,0158694024794;19,1111085817356;0,0700000000000003;0,041043257352932;0,611108581735611;-0,041366775210097
2026-07-01 18:00:00;2026-07-01 18:07:57;"1F";63,8;17,1;20,3;21,8;18,2;22,2;66,7;17,1371157215617;18,21;18,2359810050932;17,8907211121508;18,8035047785056;0,0100000000000016;0,0359810050932197;0,603504778505584;0,0371157215617401
2026-07-01 18:30:00;2026-07-01 18:37:56;"1F";64,8;17,2;19,6;21,7;18,1;21,7;68,6;17,1787680395281;18,13;18,1151376276696;17,680206733989;18,4661447137923;0,0299999999999976;0,0151376276696347;0,366144713792316;-0,0212319604719475
2026-07-01 18:45:00;2026-07-01 18:52:55;"1F";65,1;16,9;19,4;21,3;17,8;21,7;68,5;16,852125039099;17,84;17,8064875273693;17,6670721837555;18,4169505286288;0,0399999999999956;0,00648752736930192;0,616950528628831;-0,0478749609009945
2026-07-01 19:00:00;2026-07-01 19:07:54;"1F";65;16,7;19,1;21,1;17,6;21,4;68,8;16,6558608731593;17,62;17,5891026112115;17,4281071357445;18,1596749950212;0,0199999999999996;-0,0108973887885;0,559674995021169;-0,0441391268407116
2026-07-01 19:15:00;2026-07-01 19:22:54;"1F";64,1;16,4;19;21;17,4;21,1;68,3;16,4469235599032;17,38;17,4128464919322;17,0850106247869;17,8695074373508;-0,0199999999999996;0,012846491932244;0,469507437350838;0,0469235599032061
2026-07-01 19:30:00;2026-07-01 19:37:53;"1F";63,8;16,2;18,9;20,8;17,2;21;67,8;16,2253929129056;17,2;17,2177750390339;16,9277293313857;17,72941053197;-3,5527136788005e-15;0,0177750390339071;0,52941053196999;0,0253929129055841
2026-07-01 19:45:00;2026-07-01 19:52:53;"1F";64,2;16,3;18,8;20,8;17,2;20,9;68;16,2773660300713;17,25;17,2341562210499;16,8610616344161;17,6527431440912;0,0500000000000007;0,03415622104988;0,452743144091244;-0,0226339699287408
2026-07-01 20:00:00;2026-07-01 20:07:58;"1F";65,1;16,1;18,6;20,5;17;20,8;68,4;16,1192928782174;17,04;17,0535050147522;16,8199777420962;17,5739844194673;0,0399999999999991;0,0535050147521829;0,573984419467337;0,0192928782174029
2026-07-01 20:15:00;2026-07-01 20:22:52;"1F";67,8;15,9;17,5;19,9;16,6;20,4;69,5;15,9105194477716;16,62;16,6273636134401;16,5892409759673;17,1524686831771;0,019999999999996;0,0273636134400981;0,552468683177118;0,0105194477715731
2026-07-01 20:30:00;2026-07-01 20:37:51;"1F";68,4;15,9;17,5;19,8;16,6;20;71,1;15,8933563903391;16,61;16,6053494732374;16,4182918072363;16,9928042650654;0,00999999999999801;0,00534947323739132;0,392804265065401;-0,00664360966086797
2026-07-01 20:45:00;2026-07-01 20:52:51;"1F";70,6;15,8;17;19,4;16,4;19,8;72;15,7954790924291;16,4;16,3968353647004;16,3436541366578;16,8205578956605;3,5527136788005e-15;-0,00316463529961908;0,420557895660473;-0,00452090757088541
2026-07-01 21:00:00;2026-07-01 21:07:50;"1F";72,7;15,6;16,5;19;16,1;19,4;73,6;15,6792108519624;16,12;16,1754475963737;16,1661270357277;16,5562889250094;0,0199999999999996;0,075447596373678;0,456288925009378;0,0792108519623991
2026-07-01 21:15:00;2026-07-01 21:22:52;"1F";75,6;15,5;16,1;18,4;15,9;18,9;75,6;15,4645349757778;15,91;15,8851744830445;15,9385381792477;16,2669767254734;0,00999999999999979;-0,014825516955522;0,366976725473391;-0,035465024222173
2026-07-01 21:30:00;2026-07-01 21:37:49;"1F";75,9;15,3;15,6;18,2;15,7;18,4;77,2;15,3108423230172;15,65;15,6575896261121;15,6568834667505;15,9198184267253;-0,0500000000000007;-0,0424103738879431;0,219818426725325;0,0108423230172221
2026-07-01 22:00:00;2026-07-01 22:07:48;"1F";75,8;15,5;15,6;18,4;15,8;18,2;77,9;15,4885874575569;15,81;15,8020112202898;15,5501115091655;15,8250780564159;0,00999999999999801;0,0020112202898197;0,025078056415861;-0,0114125424431109
2026-07-01 22:15:00;2026-07-01 22:22:47;"1F";76;15,4;15,7;18,3;15,8;18,3;77,7;15,417723988575;15,75;15,7624067920025;15,6215776310774;15,9051043417542;-0,0500000000000007;-0,0375932079974994;0,10510434175416;0,0177239885750016
2026-07-01 22:30:00;2026-07-01 22:37:47;"1F";76,4;15,4;15,4;18,2;15,7;18,3;77,8;15,3706786411716;15,68;15,6594750488201;15,6335645009414;15,853495150659;-0,0199999999999996;-0,0405249511798669;0,153495150658967;-0,0293213588283816
2026-07-01 22:45:00;2026-07-01 22:52:46;"1F";79,5;15,2;15,3;17,6;15,4;18,2;78,2;15,1661761287012;15,46;15,4363232900908;15,5859864038588;15,7901904827011;0,0599999999999987;0,0363232900908059;0,390190482701126;-0,0338238712988463
2026-07-01 23:00:00;2026-07-01 23:07:46;"1F";82,8;14,9;15;17;15,1;17,5;81;14,9749645067576;15,13;15,1824751547303;15,2468055628877;15,4227638940214;0,0299999999999994;0,082475154730334;0,322763894021364;0,0749645067576186
2026-07-01 23:15:00;2026-07-01 23:22:45;"1F";83,9;14,9;14,4;16,8;15;17;83,3;14,9090295686111;14,99;14,9963206980278;15,033183787552;15,1032286512864;-0,00999999999999979;-0,00367930197224098;0,103228651286418;0,00902956861108528
2026-07-01 23:30:00;2026-07-01 23:37:44;"1F";85;14,8;14,3;16,5;14,9;16,8;84,2;14,7447590676537;14,87;14,8313313473576;14,9438241710122;15,0006769197085;-0,0300000000000011;-0,0686686526424438;0,100676919708507;-0,0552409323463472
2026-07-01 23:45:00;2026-07-01 23:52:44;"1F";86,2;14,7;14,1;16,3;14,7;16,5;85;14,6879861673946;14,74;14,7315903171762;14,7447590676537;14,7913313473576;0,0400000000000009;0,0315903171761907;0,0913313473575581;-0,0120138326054438
2026-07-02;2026-07-02 00:07:43;"1F";87,1;14,6;13,9;16,1;14,6;16,3;85,8;14,5958088981876;14,61;14,6070662287313;14,6420355306683;14,6594248714678;0,00999999999999979;0,00706622873133789;0,0594248714677761;-0,00419110181237237
2026-07-02 00:15:00;2026-07-02 00:22:43;"1F";87,7;14,6;13,7;16;14,5;16,1;86,5;14,5665661272416;14,56;14,5365962890691;14,52713306857;14,518993147999;0,0599999999999987;0,036596289069097;0,0189931479989873;-0,0334338727584313
2026-07-02 00:30:00;2026-07-02 00:37:42;"1F";86,5;14,5;13,8;16,1;14,5;16;87;14,52713306857;14,52;14,538993147999;14,4865760667959;14,5006032467571;0,0199999999999996;0,0389931479989869;0,000603246757119535;0,0271330685699809
2026-07-02 00:45:00;2026-07-02 00:52:42;"1F";87,4;14,4;13,7;15,9;14,4;16;86,5;14,4343971432704;14,41;14,4340780002893;14,4294704676792;14,4406293273755;0,00999999999999979;0,0340780002892949;0,0406293273754699;0,0343971432704233
2026-07-02 01:00:00;2026-07-02 01:07:42;"1F";87,1;14,4;13,6;15,9;14,4;15,9;86,8;14,4001914239858;14,39;14,3901339967901;14,3659950403153;14,3661965282207;-0,00999999999999979;-0,00986600320991116;-0,0338034717793239;0,000191423985841155
2026-07-02 01:15:00;2026-07-02 01:22:41;"1F";88,3;14,2;13,4;15,6;14,2;15,9;86,8;14,2427783630628;14,18;14,2099448541439;14,3659950403153;14,3261965282207;-0,0199999999999996;0,00994485414394575;0,126196528220676;0,04277836306278
2026-07-02 01:30:00;2026-07-02 01:37:41;"1F";88,8;14,1;13,3;15,4;14,1;15,6;87,3;14,1030665670691;14,07;14,0721465969484;14,1294224422005;14,1105957095403;-0,0299999999999994;-0,0278534030516315;0,0105957095403149;0,00306656706909969
2026-07-02 01:45:00;2026-07-02 01:52:40;"1F";88,9;14,1;13,4;15,4;14,1;15,4;88;14,1143671338656;14,09;14,1000569937059;14,0127073703369;14,0288951592358;-0,00999999999999979;5,69937059378134e-05;-0,071104840764173;0,0143671338656244
2026-07-02 02:00:00;2026-07-02 02:07:39;"1F";88,9;14,1;13,3;15,4;14;15,4;88,3;14,1143671338656;14,07;14,0800569937059;14,0465826948495;14,0326078863946;0,0700000000000003;0,0800569937059379;0,0326078863946364;0,0143671338656244
2026-07-02 02:15:00;2026-07-02 02:22:40;"1F";89,6;14;13,1;15,2;13,9;15,3;88,3;13,9966947067944;13,94;13,9376862947561;13,9484848338717;13,9139393837102;0,0399999999999974;0,0376862947560763;0,0139393837101682;-0,00330529320560302
2026-07-02 02:30:00;2026-07-02 02:37:38;"1F";89,9;13,9;12,9;15,1;13,8;15,2;88,6;13,9320137665115;13,82;13,8424096365581;13,8841303307237;13,8188912315066;0,0199999999999996;0,0424096365580748;0,0188912315065899;0,0320137665115379
2026-07-02 02:45:00;2026-07-02 02:52:37;"1F";90,6;13,8;12,9;14,9;13,7;15,1;88,9;13,8134752963577;13,73;13,7394327074504;13,8196447791188;13,7637513453832;0,0300000000000011;0,0394327074504037;0,0637513453831815;0,0134752963577185
2026-07-02 03:00:00;2026-07-02 03:07:37;"1F";91,3;13,9;12,7;14,9;13,8;14,9;89,3;13,8919633221431;13,76;13,7543743255001;13,6679047433289;13,5975333203303;-0,0400000000000009;-0,0456256744998509;-0,202466679669742;-0,00803667785692674
2026-07-02 03:15:00;2026-07-02 03:22:38;"1F";87,8;14;12,8;15,4;13,9;15;89,5;13,9901299903932;13,9;13,8930909932753;13,7886668608177;13,7120668025724;-1,77635683940025e-15;-0,00690900672474903;-0,187933197427604;-0,00987000960678586
2026-07-02 03:30:00;2026-07-02 03:37:35;"1F";83,1;14,2;13,3;16,2;14,2;15,4;88,1;14,2353888721349;14,22;14,2447722104944;14,0239979064108;14,0167985344876;0,0199999999999996;0,0447722104944077;-0,183201465512422;0,0353888721348703
2026-07-02 03:45:00;2026-07-02 03:52:36;"1F";85,6;13,9;13,3;15,6;14;16;84,6;13,9369757559515;13,95;13,9758830291661;14,2126854390307;14,2088798073215;-0,0499999999999989;-0,0241169708339246;0,208879807321489;0,036975755951536
2026-07-02 04:00:00;2026-07-02 04:07:36;"1F";85,8;13,9;13,1;15,5;13,9;15,6;85,4;13,8621094797771;13,9;13,873476635844;13,9143554047782;13,9200487833447;1,77635683940025e-15;-0,0265233641560148;0,020048783344734;-0,037890520222879
2026-07-02 04:15:00;2026-07-02 04:22:34;"1F";87,6;13,8;13,1;15,2;13,8;15,6;85,8;13,7716978885679;13,8;13,7801885219975;13,9596003028715;13,9517202120101;0;-0,0198114780024632;0,151720212010071;-0,0283021114320903
2026-07-02 04:30:00;2026-07-02 04:37:37;"1F";91,6;13,3;12,5;14,3;13,3;15;86,9;13,3323965510736;13,24;13,2626775857515;13,4975505434475;13,4482853804132;-0,0600000000000005;-0,0373224142485018;0,148285380413245;0,0323965510735711
2026-07-02 04:45:00;2026-07-02 04:52:36;"1F";92,9;13,3;12,2;14,1;13,1;14,5;88,7;13,2783066694199;13,16;13,1448146685939;13,2080273879649;13,1356191715754;0,0600000000000005;0,0448146685939133;0,0356191715754495;-0,0216933305801241
2026-07-02 05:00:00;2026-07-02 05:07:33;"1F";91,6;13,2;12,3;14,2;13,1;14,3;90;13,2335252878992;13,12;13,1434677015294;13,1552569998287;13,0986798998801;0,0199999999999996;0,0434677015294334;-0,0013201001198766;0,0335252878991916
2026-07-02 05:15:00;2026-07-02 05:22:32;"1F";91,8;13,3;12,2;14,2;13,1;14,2;90,5;13,2556521040829;13,17;13,138956472858;13,1119503783064;13,0383652648145;0,0700000000000003;0,0389564728580361;-0,0616347351855477;-0,0443478959170918
2026-07-02 05:30:00;2026-07-02 05:37:32;"1F";92,5;13,2;12,1;14,1;13,1;14,1;90,6;13,2340738450239;13,07;13,0938516915167;13,0243539096763;12,9470477367734;-0,0300000000000011;-0,0061483084832652;-0,152952263226618;0,034073845023908
2026-07-02 05:45:00;2026-07-02 05:52:31;"1F";91,1;13,3;12,3;14,3;13,2;14,1;91;13,276994463004;13,2;13,1838961241028;13,0684531437156;13,0179172006009;1,77635683940025e-15;-0,0161038758971959;-0,182082799399089;-0,0230055369959956
2026-07-02 06:00:00;2026-07-02 06:07:30;"1F";90,9;13,1;12,3;14,1;13;14,1;90,7;13,0574257471145;13,04;13,0101980229801;13,0353761337143;12,9947632936;0,0400000000000009;0,0101980229801164;-0,00523670639998208;-0,0425742528855491
2026-07-02 06:15:00;2026-07-02 06:22:30;"1F";91;13,1;12,3;14,1;13;14,1;90,4;13,0684531437156;13,04;13,0179172006009;13,0023146087242;12,971620226107;0,0400000000000009;0,0179172006009107;-0,0283797738930414;-0,0315468562844128
2026-07-02 06:30:00;2026-07-02 06:37:29;"1F";90,1;13,3;12,3;14,4;13,2;14,1;90,3;13,2648394024628;13,21;13,1853875817239;12,9912975244891;12,9639082671423;0,0100000000000016;-0,0146124182760534;-0,236091732857656;-0,0351605975372209
2026-07-02 06:45:00;2026-07-02 06:52:30;"1F";90;13,3;12,3;14,4;13,2;14,3;90;13,2537572270174;13,21;13,1776300589122;13,1552569998287;13,0986798998801;0,0100000000000016;-0,0223699410878098;-0,101320100119876;-0,0462427729825876
2026-07-02 07:00:00;2026-07-02 07:07:28;"1F";90,1;13,1;12,1;14,2;13;14,3;89,6;13,0677921318237;13,01;12,9874544922766;13,1110382365341;13,0277267655739;0,00999999999999979;-0,0125455077234182;0,0277267655738562;-0,0322078681763092
2026-07-02 07:15:00;2026-07-02 07:22:27;"1F";89,9;13,1;12,3;14,3;13,1;14,2;89,5;13,1441998616997;13,06;13,0909399031898;13,0016047906156;12,9811233534309;-0,0399999999999991;-0,00906009681023967;-0,118876646569106;0,0441998616996582
2026-07-02 07:30:00;2026-07-02 07:37:27;"1F";89;13,2;12,5;14,5;13,2;14,3;89,5;13,2412879913118;13,19;13,2189015939182;13,0999876116102;13,0999913281271;-0,0100000000000016;0,0189015939182333;-0,100008671872885;0,0412879913117621
2026-07-02 07:45:00;2026-07-02 07:52:27;"1F";87,1;13,7;13,2;15,1;13,7;14,6;89;13,6177207909038;13,74;13,6824045536327;13,3395526165877;13,4376868316114;0,0399999999999991;-0,0175954463673094;-0,26231316838858;-0,082279209096157
2026-07-02 08:00:00;2026-07-02 08:07:26;"1F";79,9;14,4;16,3;16,8;15;15,4;87,1;14,4455159565116;15,02;15,0518611695581;13,9111474173038;14,5378031921127;0,0199999999999996;0,0518611695580962;-0,462196807887338;0,0455159565115668
2026-07-02 08:15:00;2026-07-02 08:22:25;"1F";77,4;14,9;17,9;17,5;15,8;16,4;83,3;14,8231954426094;15,76;15,7062368098266;14,4519986144384;15,3363990301069;-0,0400000000000009;-0,0937631901734211;-0,463600969893127;-0,0768045573906004
2026-07-02 08:30:00;2026-07-02 08:37:25;"1F";75,5;15,5;18,7;18,4;16,4;17,2;81,2;15,4525076913224;16,43;16,3967553839257;14,981374317996;15,9469620225972;0,0300000000000011;-0,00324461607428361;-0,45303797740277;-0,0474923086775512
2026-07-02 08:45:00;2026-07-02 08:52:24;"1F";72,9;15,9;19,1;19,2;16,9;18;78,9;15,8917132092167;16,87;16,8641992464517;15,4782601368709;16,4547820958096;-0,0300000000000011;-0,0358007535483296;-0,445217904190397;-0,00828679078333217
2026-07-02 09:00:00;2026-07-02 09:07:24;"1F";70,8;16,1;20,3;19,7;17,3;18,8;76,8;16,1004322839749;17,3;17,3003025987824;15,9893563548375;17,1325494483863;0;0,000302598782447205;-0,167450551613722;0,000432283974927117
2026-07-02 09:30:00;2026-07-02 09:37:23;"1F";62,6;17;26,9;21,8;19,4;20,6;71,4;16,976788893264;19,46;19,4437522252848;17,0174145865292;19,3521902105704;0,0599999999999987;0,0437522252847948;-0,047809789429575;-0,0232111067360101
2026-07-02 12:00:00;2026-07-02 12:07:19;"1F_SUSPEITO";54;17,6;31,8;23,9;21,1;23,3;61,2;17,6467138221832;21,07;21,1026996755282;18,1431771075274;21,3902239752692;-0,0300000000000011;0,00269967552822337;0,290223975269178;0,0467138221831753
2026-07-02 12:15:00;2026-07-02 12:22:16;"1F";53,9;17,8;32,1;24,1;21,3;23,6;60,2;17,8071670954498;21,29;21,2950169668148;18,2729543537235;21,5710680476065;-0,0100000000000016;-0,00498303318516236;0,271068047606477;0,00716709544976979
2026-07-02 12:30:00;2026-07-02 12:37:15;"1F";54,9;18;32,9;24,2;21,6;23,8;60,8;18,0424177202603;21,6;21,6296924041822;18,5379466682889;21,9365626678023;0;0,0296924041822137;0,336562667802252;0,0424177202603033
2026-07-02 12:45:00;2026-07-02 12:52:15;"1F_SUSPEITO";54,7;18,4;34,2;24,7;22,2;24,1;61,1;18,4523655763635;22,19;22,2266559034544;18,8511728844447;22,4458210191113;-0,0100000000000016;0,0266559034544365;0,2458210191113;0,0523655763634814
2026-07-02 13:00:00;2026-07-02 13:07:19;"1F_SUSPEITO";54,2;18;33,5;24,3;21,7;24,2;60,7;18,0268162635631;21,73;21,7487713844942;18,8841961138397;22,3389372796878;0,0300000000000011;0,0487713844941702;0,638937279687784;0,0268162635630986
2026-07-02 13:15:00;2026-07-02 13:22:14;"1F";54,8;18,5;33,4;24,7;22,1;24,1;60,8;18,4672994391984;22,1;22,0771096074389;18,8083699904309;22,2558589933017;-3,5527136788005e-15;-0,0228903925611412;0,155858993301653;-0,0327005608016258
2026-07-02 13:30:00;2026-07-02 13:37:17;"1F_SUSPEITO";53,8;18,6;34;25;22,3;24,4;60,9;18,5801661875289;22,32;22,3061163312702;19,0931721074737;22,6052204752316;0,0199999999999996;0,00611633127021349;0,305220475231621;-0,0198338124711235
2026-07-02 13:45:00;2026-07-02 13:52:12;"1F";52,4;18,3;33,9;24,9;22,1;24,5;59,5;18,2804104612425;22,08;22,0662873228698;18,9809659516979;22,5166761661885;-0,0200000000000031;-0,0337126771302323;0,416676166188534;-0,0195895387574723
2026-07-02 14:15:00;2026-07-02 14:22:11;"1F";54,5;18,7;33,9;25;22,4;24,8;59,8;18,6858889021525;22,37;22,3601222315068;19,2937997776756;22,7656598443729;-0,0300000000000011;-0,0398777684932341;0,365659844372924;-0,0141110978474757
2026-07-02 14:30:00;2026-07-02 14:37:10;"1F";55,2;18,9;34,2;25,1;22,6;24,7;61,2;18,8792606139737;22,58;22,5654824297816;19,4071157294797;22,8949810106358;-0,0199999999999996;-0,0345175702184441;0,294981010635791;-0,0207393860263458
2026-07-02 14:45:00;2026-07-02 14:52:10;"1F";54,3;19;35;25,3;22,8;24,8;61;18,9189079289138;22,83;22,7732355502397;19,4683895115728;23,107872658101;0,0299999999999976;-0,0267644497603392;0,307872658100973;-0,0810920710862
2026-07-02 15:00:00;2026-07-02 15:07:09;"1F";54,5;18,4;32,2;24,7;21,8;24,9;60,1;18,4224724338524;21,79;21,8057307036967;19,42742962429;22,529200737003;-0,0100000000000016;0,0057307036966705;0,729200737003008;0,0224724338523892
2026-07-02 16:00:00;2026-07-02 16:07:10;"1F";54,5;18,7;32,7;25;22,1;24,7;60,5;18,6858889021525;22,13;22,1201222315068;19,3057236559989;22,5240065591993;0,0299999999999976;0,0201222315067646;0,424006559199249;-0,0141110978474757
2026-07-02 16:15:00;2026-07-02 16:22:11;"1F_SUSPEITO";55,3;18,5;32;24,7;21,8;24,6;60,8;18,5418432082116;21,82;21,8492902457481;19,2590748754001;22,3413524127801;0,0199999999999996;0,0492902457480859;0,541352412780061;0,041843208211553
2026-07-02 16:30:00;2026-07-02 16:37:06;"1F";55,7;18,7;31,8;24,8;21,9;24,5;61,4;18,6895995181728;21,93;21,922719662721;19,2553260446359;22,2887282312451;0,0300000000000011;0,0227196627209914;0,388728231245139;-0,0104004818271548
2026-07-02 16:45:00;2026-07-02 16:52:05;"1F";56,3;18,5;31,4;24,5;21,7;24,5;61,8;18,5133216018559;21,68;21,6893251212991;19,3127980470201;22,2489586329141;-0,0199999999999996;-0,010674878700879;0,548958632914069;0,0133216018558855
2026-07-02 17:00:00;2026-07-02 17:07:04;"1F";57,3;18,4;29,6;24,2;21,2;24,1;62,3;18,3936364285859;21,22;21,2155455000101;19,0218539612948;21,6452977729064;0,0199999999999996;0,0155455000101021;0,445297772906368;-0,00636357141413768
2026-07-02 17:15:00;2026-07-02 17:22:04;"1F";59,2;18,1;27,8;23,6;20,6;23,8;63,3;18,1312923308942;20,59;20,611904631626;18,8904553275491;21,1633187292844;-0,0100000000000016;0,0119046316259706;0,563318729284365;0,0312923308942459
2026-07-02 17:30:00;2026-07-02 17:37:02;"1F";61,5;17,9;25;23;19,8;23,4;64,7;17,9139131470508;19,83;19,8397392029356;18,7205207318333;20,4443645122833;0,0299999999999976;0,0397392029355856;0,64436451228331;0,013913147050836
2026-07-02 17:45:00;2026-07-02 17:52:02;"1F";64;17,7;21,3;22,4;18,9;22,8;66,6;17,7112129462621;18,89;18,8978490623835;18,4299101609073;19,4409371126351;-0,0100000000000016;-0,00215093761652341;0,540937112635117;0,0112129462621091
2026-07-02 18:00:00;2026-07-02 18:07:01;"1F";65,4;17,5;20,1;22;18,5;22,5;67,9;17,5333854097849;18,47;18,4933697868494;18,3282369446288;19,0997658612401;-0,0300000000000011;-0,00663021315057577;0,599765861240126;0,0333854097848914
2026-07-02 18:15:00;2026-07-02 18:22:02;"1F";66,9;17,5;19,6;21,8;18,4;22;69,5;17,5486746653647;18,35;18,3840722657553;18,0772904540757;18,774103317853;-0,0499999999999972;-0,0159277342447126;0,374103317852967;0,0486746653646968
2026-07-02 18:30:00;2026-07-02 18:37:00;"1F";67,3;17,6;19,7;21,8;18,4;21,9;70,3;17,6015265766197;18,44;18,4410686036338;18,0895340776932;18,7926738543852;0,0400000000000027;0,0410686036338106;0,392673854385215;0,00152657661972455
2026-07-02 18:45:00;2026-07-02 18:51:59;"1F";67,4;17,5;19,7;21,7;18,3;21,9;70,3;17,5223844590509;18,36;18,3756691213356;18,0895340776932;18,7926738543852;0,0599999999999987;0,0756691213356042;0,492673854385213;0,0223844590508619
2026-07-02 19:00:00;2026-07-02 19:07:00;"1F";70,3;17,2;18,8;20,9;17,9;21,4;71,4;17,1570565326106;17,89;17,8599395728275;17,7660524080563;18,3362366856394;-0,00999999999999801;-0,0400604271725449;0,436236685639404;-0,0429434673893496
2026-07-02 19:15:00;2026-07-02 19:21:58;"1F";71,1;17,1;18,6;20,8;17,8;21;72,9;17,1662109732575;17,77;17,8163476812802;17,5841474963556;18,1289032474489;-0,0299999999999976;0,0163476812802266;0,328903247448942;0,0662109732574656
2026-07-02 19:30:00;2026-07-02 19:36:57;"1F";73,3;16,9;18,2;20,2;17,5;20,7;73,9;16,8822500166392;17,49;17,4775750116474;17,4292160442054;17,9104512309438;-0,0100000000000016;-0,0224249883525509;0,410451230943785;-0,0177499833607868
2026-07-02 19:45:00;2026-07-02 19:51:57;"1F";74,8;16,9;18;20;17,4;20,3;75,6;16,8814735304008;17,43;17,4170314712805;17,2657440271516;17,7160208190061;0,0300000000000011;0,0170314712805357;0,31602081900613;-0,0185264695992338
2026-07-02 20:00:00;2026-07-02 20:06:56;"1F";75,4;16,9;17,9;19,9;17,4;20;76,6;16,8616400851842;17,4;17,3731480596289;17,1060618691584;17,5542433084109;0;-0,0268519403710812;0,154243308410891;-0,0383599148158282
2026-07-02 20:15:00;2026-07-02 20:21:56;"1F";75,4;16,7;17,6;19,7;17,2;20;76,8;16,6721523392192;17,18;17,1605066374534;17,1309907806327;17,5116935464429;-0,0199999999999996;-0,0394933625465512;0,311693546442864;-0,027847660780786
2026-07-02 20:30:00;2026-07-02 20:36:56;"1F";77,3;16,5;17,1;19,3;16,9;19,7;77,2;16,5263716377517;16,9;16,9184601464262;16,895094122882;17,2165658860174;0;0,0184601464261931;0,316565886017418;0,0263716377517049
2026-07-02 20:45:00;2026-07-02 20:51:55;"1F";76,8;16,5;16,9;19,3;16,8;19,6;77,4;16,4650377590608;16,86;16,8355264313426;16,8245417963232;17,1171792574262;0,0599999999999987;0,0355264313425714;0,317179257426243;-0,0349622409391834
2026-07-02 21:00:00;2026-07-02 21:06:54;"1F";77,1;16,4;16,5;19,2;16,7;19,4;77,9;16,4066214392792;16,7;16,7046350074954;16,6953830937811;16,9267681656468;0;0,004635007495434;0,226768165646792;0,00662143927919345
2026-07-02 21:15:00;2026-07-02 21:21:54;"1F";77,3;16,4;16,7;19,2;16,8;19,3;78,4;16,4310971302157;16,74;16,761767991151;16,6612320406606;16,9328624284624;-0,0600000000000023;-0,038232008849036;0,13286242846242;0,0310971302156666
2026-07-02 21:30:00;2026-07-02 21:36:53;"1F";79,6;16,1;16;18,5;16,3;19,1;78,6;16,0410596150696;16,32;16,2787417305487;16,4944826323723;16,6561378426606;0,0199999999999996;-0,021258269451252;0,356137842660615;-0,0589403849303594
2026-07-02 21:45:00;2026-07-02 21:51:53;"1F";79,6;16,1;16,1;18,6;16,4;18,9;79,7;16,1369584289408;16,35;16,3758709002585;16,4367950613767;16,6157565429637;-0,0499999999999972;-0,024129099741458;0,215756542963689;0,0369584289407712
2026-07-02 22:00:00;2026-07-02 22:06:53;"1F";79,5;16,1;16,1;18,6;16,4;18,8;80;16,1248978416986;16,35;16,367428489189;16,3772078306545;16,5640454814581;-0,0499999999999972;-0,0325715108109605;0,164045481458132;0,0248978416986247
2026-07-02 22:15:00;2026-07-02 22:21:52;"1F";79,6;16,1;16,2;18,6;16,4;18,7;80,1;16,1369584289408;16,37;16,3958709002585;16,2932877944515;16,515301456116;-0,0299999999999976;-0,00412909974145848;0,11530145611605;0,0369584289407712
2026-07-02 22:30:00;2026-07-02 22:36:50;"1F";79,1;16,2;16,5;18,7;16,5;18,8;80;16,1724162421495;16,51;16,4906913695046;16,3772078306545;16,6440454814581;0,00999999999999801;-0,00930863049537223;0,144045481458132;-0,0275837578505289
2026-07-02 22:45:00;2026-07-02 22:51:50;"1F";79,4;16,1;16,5;18,6;16,4;18,7;80,2;16,1128368645774;16,43;16,4389858052042;16,3053727615466;16,5837609330827;0,0300000000000011;0,0389858052041738;0,183760933082652;0,0128368645773875
2026-07-02 23:00:00;2026-07-02 23:06:50;"1F";80,1;16;16,5;18,4;16,3;18,6;80,5;16,0051918622406;16,34;16,3436343035684;16,2454876768192;16,5318413737735;0,0399999999999991;0,0436343035683997;0,231841373773467;0,00519186224056867
2026-07-02 23:15:00;2026-07-02 23:21:49;"1F";80,5;16;16,3;18,3;16,2;18,5;80,9;15,9570739888022;16,29;16,2599517921615;16,1974715089626;16,4482300562738;0,0899999999999999;0,0599517921615309;0,248230056273787;-0,0429260111978138
2026-07-02 23:30:00;2026-07-02 23:36:48;"1F";81;16;16,1;18,3;16,3;18,3;81,2;16,0169623490474;16,25;16,2618736443332;16,0409165690056;16,2786415983039;-0,0500000000000007;-0,0381263556668223;-0,021358401696066;0,0169623490473967
2026-07-02 23:45:00;2026-07-02 23:51:48;"1F";80,7;16;16,3;18,3;16,3;18,3;81,6;15,9810298573832;16,29;16,2767209001683;16,0888234545734;16,3521764182014;-0,0100000000000016;-0,0232790998317505;0,052176418201352;-0,0189701426167872
2026-07-03;2026-07-03 00:06:47;"1F";81,1;15,9;16,4;18,2;16,2;18,3;81,6;15,9326437905208;16,23;16,2528506533646;16,0888234545734;16,3721764182014;0,0299999999999976;0,0528506533645725;0,172176418201357;0,0326437905208206
2026-07-03 00:15:00;2026-07-03 00:21:47;"1F";81,9;15,8;16,2;18;16,1;18,1;82;15,8352397930095;16,1;16,1246678551067;15,9436684319145;16,2105679023401;0;0,0246678551066815;0,110567902340147;0,0352397930095485
2026-07-03 00:30:00;2026-07-03 00:36:48;"1F";82,3;15,8;16,1;17,9;16;18;82,5;15,78622618116;16,07;16,060358326812;15,9066312475067;16,1546418732547;0,0700000000000003;0,0603583268120289;0,154641873254683;-0,0137738188399616
2026-07-03 00:45:00;2026-07-03 00:51:46;"1F";82,6;15,8;15,9;17,9;16,1;17,9;82,9;15,8218450979982;16,03;16,0452915685987;15,8574650309204;16,0702255216443;-0,0700000000000003;-0,0547084314012736;-0,0297744783556979;0,021845097998181
2026-07-03 01:00:00;2026-07-03 01:06:45;"1F";83,2;15,7;15,9;17,7;15,9;17,9;83;15,6994091797939;15,94;15,9395864258557;15,8693386035976;16,0785370225183;0,0399999999999974;0,0395864258557381;0,178537022518315;-0,000590820206085141
2026-07-03 01:15:00;2026-07-03 01:21:45;"1F";84,1;15,6;15,5;17,5;15,8;17,7;83,4;15,6116925252205;15,77;15,7781847676543;15,7230555626943;15,876138893886;-0,0300000000000011;-0,0218152323456664;0,0761388938859895;0,0116925252204805
2026-07-03 01:45:00;2026-07-03 01:51:43;"1F";86,2;15,5;14,6;17,1;15,5;17,1;85,2;15,4686982101881;15,48;15,4580887471317;15,3518713371274;15,3763099359892;-0,0199999999999996;-0,0419112528683385;-0,123690064010818;-0,0313017898119128
2026-07-03 02:00:00;2026-07-03 02:06:43;"1F";85,4;15,5;14,9;17,2;15,5;17,3;85;15,4726236849625;15,55;15,5308365794738;15,5230972787956;15,5761680951569;0,0500000000000007;0,0308365794737568;0,0761680951569428;-0,0273763150374897
2026-07-03 02:30:00;2026-07-03 02:36:44;"1F";87,1;15,1;14,6;16,6;15,1;17,2;84,7;15,0848522662307;15,15;15,1393965863615;15,3906964975258;15,4134875482681;0,0499999999999989;0,0393965863614554;0,313487548268091;-0,0151477337693482
2026-07-03 02:45:00;2026-07-03 02:51:41;"1F";89,1;15,1;14,3;16,4;15,1;16,9;85,8;15,119852836589;15,07;15,0838969856123;15,2269792781758;15,208885494723;-0,0299999999999994;-0,0161030143877223;0,108885494723037;0,0198528365889654
2026-07-03 03:00:00;2026-07-03 03:06:41;"1F";89,9;15;14,3;16,2;15;16,6;87,1;15,0152560855336;14,98;14,9906792598735;15,0848522662307;15,0793965863615;-0,0199999999999996;-0,00932074012646211;0,0793965863614545;0,0152560855336255
2026-07-03 03:15:00;2026-07-03 03:21:40;"1F";89,9;15;14,7;16,2;15,1;16,3;88,2;15,0152560855336;15,06;15,0706792598735;14,9179543422244;15,0125680395571;-0,0400000000000009;-0,0293207401264635;-0,0874319604429186;0,0152560855336255
2026-07-03 03:30:00;2026-07-03 03:36:40;"1F";90,6;15;14,6;16,1;15;16,2;88,7;14,9971553404171;15,03;15,028008738292;14,8773126264999;14,9541188385499;0,0300000000000011;0,0280087382919909;-0,0458811614500902;-0,00284465958286972
2026-07-03 03:45:00;2026-07-03 03:51:39;"1F";90,3;14,8;14,3;15,9;14,8;16,1;89;14,7655616377178;14,81;14,7858931464025;14,8135198664698;14,8394639065289;0,00999999999999801;-0,0141068535975108;0,03946390652888;-0,034438362282156
2026-07-03 04:00:00;2026-07-03 04:06:38;"1F";92,9;14,5;13,6;15,3;14,4;15,8;89,1;14,4683160450726;14,4;14,3778212315508;14,5301246005259;14,4710872203681;-1,77635683940025e-15;-0,0221787684492103;0,071087220368133;-0,0316839549274412
2026-07-03 04:15:00;2026-07-03 04:21:38;"1F";94;14,5;13,4;15,3;14,4;15,6;89,8;14,5930709012613;14,36;14,4251496308829;14,4130364551278;14,3291255185894;-0,0400000000000009;0,0251496308829342;-0,07087448141057;0,0930709012613384
2026-07-03 04:30:00;2026-07-03 04:36:37;"1F";91,5;14,6;13,8;15,6;14,5;15,6;90,5;14,6063389146692;14,54;14,5444372402684;14,4925862317441;14,4648103622209;0,0399999999999991;0,0444372402684277;-0,0351896377791316;0,00633891466918435
2026-07-03 04:45:00;2026-07-03 04:51:37;"1F";91,7;14,3;13,7;15,3;14,3;15,4;90,4;14,3324232882506;14,28;14,3026963017754;14,2840312244118;14,2788218570883;-0,0199999999999996;0,00269630177541202;-0,0211781429117153;0,0324232882505875
2026-07-03 05:00:00;2026-07-03 05:06:36;"1F";93,1;14,2;13,3;15;14,1;15,2;90,5;14,1933476606266;14,1;14,0953433624386;14,0981191856478;14,0486834299535;0;-0,00465663756136081;-0,0513165700465379;-0,00665233937337106
2026-07-03 05:15:00;2026-07-03 05:21:36;"1F";93,3;14,4;13,3;15,1;14,2;15,1;91;14,3151452918763;14,25;14,1906017043134;14,0557822357808;14,0090475650466;0,0500000000000007;-0,00939829568658546;-0,190952434953406;-0,0848547081236948
2026-07-03 05:30:00;2026-07-03 05:36:36;"1F";93,5;14,2;13,3;15;14,1;15,2;91,3;14,2384339429065;14,1;14,1269037600345;14,1883696400724;14,1118587480507;0;0,0269037600345499;0,011858748050674;0,0384339429065008
2026-07-03 05:45:00;2026-07-03 05:51:34;"1F";94,1;14,3;13,2;15;14,2;15,2;91,5;14,3061108063631;14,15;14,1542775644542;14,2109465471207;14,1076625829845;-0,0499999999999989;-0,0457224355458017;-0,0923374170155107;0,00611080636313943
2026-07-03 06:00:00;2026-07-03 06:06:34;"1F";94,3;14,4;13,2;15,1;14,2;15,1;91,7;14,4281639122732;14,23;14,2497147385913;14,1346351721171;14,044244620482;0,0300000000000011;0,0497147385912573;-0,155755379518014;0,0281639122732233
2026-07-03 06:15:00;2026-07-03 06:21:33;"1F";92,6;14,2;13,3;15,1;14,1;15,1;91,7;14,2361243935707;14,11;14,1352870754995;14,1346351721171;14,064244620482;0,00999999999999979;0,0352870754995074;-0,0357553795180152;0,0361243935707272
2026-07-03 06:30:00;2026-07-03 06:36:33;"1F";92,7;14,1;13,2;15;14;14,9;91,6;14,1482863984637;14,01;14,0438004789246;13,9256237782024;13,8779366447417;0,00999999999999979;0,0438004789245721;-0,122063355258343;0,0482863984636754
2026-07-03 06:45:00;2026-07-03 06:51:32;"1F";92,3;13,8;13,2;14,7;13,8;14,9;91,5;13,806156137991;13,77;13,7743092965937;13,9144020987772;13,870081469144;-0,0299999999999994;-0,0256907034062852;0,0700814691440055;0,00615613799102022
2026-07-03 07:00:00;2026-07-03 07:06:32;"1F";93,6;14;13,1;14,7;13,9;14,7;91,6;13,9517342546265;13,89;13,8562139782385;13,7278814358761;13,6995170051133;-0,0100000000000016;-0,0437860217614734;-0,200482994886745;-0,0482657453735307
2026-07-03 07:15:00;2026-07-03 07:21:31;"1F";93,4;14,1;13,2;14,9;14;14,8;91,8;14,1278798712726;14;14,0195159098908;13,8491546981313;13,8144082886919;0;0,0195159098907975;-0,185591711308057;0,0278798712725692
2026-07-03 07:30:00;2026-07-03 07:36:31;"1F";91,8;14;13,5;15;14;14,8;91,8;14,0469887635885;14;14,032892134512;13,8491546981313;13,8744082886919;0;0,0328921345119824;-0,125591711308058;0,0469887635885478
2026-07-03 07:45:00;2026-07-03 07:51:30;"1F";91;14,4;14,2;15,4;14,5;14,9;91,6;14,3519806347552;14,46;14,4263864443286;13,9256237782024;14,0779366447417;-0,0399999999999991;-0,0736135556713862;-0,422063355258343;-0,0480193652448389
2026-07-03 08:00:00;2026-07-03 08:06:30;"1F";89,6;14,6;15;15,8;14,8;15,3;91,2;14,5871315695809;14,8;14,7909920987066;14,275862354746;14,5231036483222;-1,77635683940025e-15;-0,00900790129339057;-0,276896351677813;-0,0128684304191271
2026-07-03 08:15:00;2026-07-03 08:21:29;"1F";89,5;14,8;15,4;16;15;15,6;90,3;14,7724928744224;15,04;15,0207450120957;14,4698513353691;14,7688959347584;0,0399999999999991;0,0207450120956842;-0,231104065241615;-0,0275071255775927
2026-07-03 08:30:00;2026-07-03 08:36:28;"1F";88,9;15;16,1;16,3;15,3;15,9;89,8;14,9985332518452;15,35;15,3489732762917;14,7083957561159;15,1058770292811;0,0500000000000007;0,048973276291667;-0,194122970718865;-0,00146674815476189
2026-07-03 08:45:00;2026-07-03 08:51:28;"1F";88,1;15,1;16,8;16,5;15,5;16,1;89,2;15,1025466260693;15,58;15,5817826382485;14,836458806984;15,3555211648888;0,0800000000000001;0,0817826382485176;-0,144478835111208;0,00254662606931255
2026-07-03 09:00:00;2026-07-03 09:06:28;"1F";87,3;15;17,1;16,5;15,6;16,1;88,6;15,0101371979735;15,57;15,5770960385815;14,7676548650246;15,3673584055172;-0,0299999999999994;-0,02290396141853;-0,232641594482791;0,0101371979735276
2026-07-03 09:15:00;2026-07-03 09:21:27;"1F";87,4;15,2;17,8;16,7;15,9;16,1;88,5;15,2174478505877;15,87;15,8822134954114;14,7561912681348;15,4993338876944;-0,0300000000000011;-0,0177865045886385;-0,400666112305641;0,0174478505876614
2026-07-03 09:30:00;2026-07-03 09:36:26;"1F";86,6;15,1;18,3;16,7;15,9;16,3;88;15,1246984507749;15,9;15,9172889155424;14,8949406651437;15,7164584656006;-1,77635683940025e-15;0,0172889155424496;-0,183541534399383;0,0246984507749293
2026-07-03 09:45:00;2026-07-03 09:51:25;"1F";87,3;15,1;18,1;16,6;15,9;16,4;87,6;15,1079943029665;15,85;15,8555960120765;14,9468544740342;15,722798131824;-0,0500000000000007;-0,0444039879234506;-0,177201868176033;0,00799430296649994
2026-07-03 10:00:00;2026-07-03 10:06:25;"1F";88;15,1;18,4;16,5;15,9;16,3;87,9;15,0909923132604;15,9;15,8936946192823;14,8834352780231;15,7284046946162;-1,77635683940025e-15;-0,00630538071770026;-0,171595305383811;-0,00900768673957053
2026-07-03 10:15:00;2026-07-03 10:21:24;"1F";88,7;15,2;18,4;16,5;15,9;16,3;88,2;15,1718918477313;15,97;15,9503242934119;14,9179543422244;15,7525680395571;0,0699999999999985;0,0503242934119204;-0,147431960442919;-0,0281081522686826
2026-07-03 10:30:00;2026-07-03 10:36:24;"1F";89,1;15,2;18,9;16,5;16,1;16,3;88,8;15,2181408160465;16,07;16,0826985712325;14,9870189805417;15,9009132863792;-0,0300000000000047;-0,0173014287674818;-0,199086713620835;0,0181408160464578
2026-07-03 10:45:00;2026-07-03 10:51:23;"1F";89;15,3;19,3;16,6;16,2;16,3;89,2;15,3048414135474;16,23;16,2333889894832;15,0330821674399;16,013157517208;0,0300000000000011;0,0333889894831643;-0,186842482792041;0,00484141354737488
2026-07-03 11:00:00;2026-07-03 11:06:23;"1F";89,2;15,4;18,9;16,7;16,3;16,4;89,2;15,4263286843864;16,23;16,2484300790705;15,1313938220998;16,0119756754699;-0,0700000000000038;-0,0515699209294915;-0,288024324530127;0,0263286843864403
2026-07-03 11:15:00;2026-07-03 11:21:21;"1F";87,9;15,2;18,3;16,6;15,9;16,5;88,9;15,17744069517;15,96;15,944208486619;15,1950144211995;15,9465100948396;0,0599999999999987;0,0442084866189862;0,0465100948396309;-0,0225593048300183
2026-07-03 11:30:00;2026-07-03 11:36:21;"1F";87,3;15,2;18,4;16,7;16;16,4;88,1;15,2058513901314;15,99;15,994095973092;15,0044968308395;15,8231477815876;-0,0100000000000016;-0,0059040269079933;-0,17685221841238;0,00585139013143987
2026-07-03 11:45:00;2026-07-03 11:51:20;"1F";86,7;15,1;19,1;16,7;16,1;16,5;87,6;15,1362893811076;16,06;16,0854025667753;15,0447840727052;16,0013488508937;-0,0400000000000027;-0,0145974332246581;-0,0986511491063276;0,0362893811076379
2026-07-03 12:00:00;2026-07-03 12:06:20;"1F";86,4;15,1;18,7;16,7;16;16,5;87,2;15,1015188838507;15,98;15,9810632186955;14,998589982376;15,8890129876632;-0,0200000000000014;-0,0189367813044914;-0,110987012336773;0,00151888385072674
2026-07-03 12:15:00;2026-07-03 12:21:20;"1F";86,5;15,2;18,5;16,8;16;16,5;87,1;15,2107707594171;16,02;16,027539531592;14,9870436286933;15,8409305400853;0,0199999999999996;0,0275395315919909;-0,159069459914724;0,0107707594171309
2026-07-03 12:30:00;2026-07-03 12:36:19;"1F";85,3;15,5;20,2;17,2;16,6;16,6;86,9;15,4609182408223;16,61;16,5826427685756;15,061713533718;16,2431994736026;0,00999999999999801;-0,0173572314244161;-0,356800526397436;-0,0390817591777335
2026-07-03 12:45:00;2026-07-03 12:51:18;"1F";85,3;15,4;20,3;17,1;16,5;16,9;86,3;15,3635514166956;16,55;16,5244859916869;15,2851572548052;16,4496100783636;0,0500000000000007;0,0244859916869302;-0,0503899216363592;-0,0364485833043862
2026-07-03 13:00:00;2026-07-03 13:06:19;"1F";85,1;15,3;20,1;17,1;16,5;16,8;86,1;15,3401918134575;16,44;16,4681342694202;15,1643196210497;16,3150237347348;-0,0599999999999987;-0,0318657305797601;-0,184976265265192;0,0401918134574863
2026-07-03 13:15:00;2026-07-03 13:21:17;"1F";84,7;15,4;20,4;17,2;16,6;16,9;86,1;15,3906964975258;16,58;16,5734875482681;15,2618840451827;16,4533188316279;-0,0200000000000031;-0,0265124517319109;-0,146681168372144;-0,00930350247415568
2026-07-03 13:30:00;2026-07-03 13:36:16;"1F";85,4;15,3;19,8;17;16,4;16,9;85,9;15,2778404137583;16,37;16,3544882896308;15,238613535752;16,3170294750264;-0,0299999999999976;-0,045511710369162;-0,0829705249735682;-0,0221595862416635
2026-07-03 13:45:00;2026-07-03 13:51:17;"1F";85,3;15,3;19,5;17;16,3;16,9;86,1;15,266184573946;16,31;16,2863292017622;15,2618840451827;16,2733188316279;0,00999999999999801;-0,0136707982377686;-0,0266811683721428;-0,0338154260539554
2026-07-03 14:00:00;2026-07-03 14:06:15;"1F";84,7;15,4;19,7;17,2;16,4;16,8;86;15,3906964975258;16,44;16,4334875482681;15,1527086163204;16,2268960314243;0,0399999999999991;0,0334875482680914;-0,173103968575738;-0,00930350247415568
2026-07-03 14:15:00;2026-07-03 14:21:17;"1F";83,6;15;19,7;16,9;16,1;16,7;85,5;14,9711804571178;16,13;16,1098263199825;14,9972474948516;16,1080732463961;0,0299999999999976;0,0098263199824693;0,00807324639609419;-0,0288195428821858
2026-07-03 14:30:00;2026-07-03 14:36:15;"1F";84,5;14,9;20,8;16,8;16,3;16,4;86,1;14,9786240478552;16,27;16,3250368334986;14,774061740453;16,1418432183171;-0,0300000000000011;0,0250368334986177;-0,15815678168293;0,0786240478551665
2026-07-03 14:45:00;2026-07-03 14:51:14;"1F";84,2;14,9;20,8;16,8;16,3;16,4;86,1;14,9438241710122;16,27;16,3006769197085;14,774061740453;16,1418432183171;-0,0300000000000011;0,000676919708507029;-0,15815678168293;0,0438241710121527
2026-07-03 15:00:00;2026-07-03 15:06:13;"1F";84,2;14,9;20;16,8;16,1;16,4;86;14,9438241710122;16,11;16,1406769197085;14,7625490729011;15,9737843510308;0,00999999999999801;0,0406769197085062;-0,126215648969206;0,0438241710121527
2026-07-03 15:15:00;2026-07-03 15:21:13;"1F";84,6;14,8;20,2;16,6;16;16,3;86;14,7958403829128;16,06;16,0570882680389;14,6650091406249;15,9355063984374;0,0599999999999987;0,0570882680389388;-0,0644936015625799;-0,0041596170872289
2026-07-03 15:30:00;2026-07-03 15:36:12;"1F";84,8;14,7;18,7;16,5;15,7;16,3;85,9;14,7217020645323;15,68;15,6951914451726;14,6535219114404;15,6274653380083;-0,0199999999999996;-0,00480855482736153;-0,0725346619917264;0,0217020645323416
2026-07-03 15:45:00;2026-07-03 15:51:12;"1F";83,5;14,8;18,2;16,7;15,6;16,3;85,7;14,7657296268613;15,67;15,6460107388029;14,6305499924911;15,5113849947438;0,0700000000000003;0,0460107388029432;-0,0886150052562265;-0,0342703731386536
2026-07-03 16:00:00;2026-07-03 16:06:11;"1F";84,1;14,6;17,3;16,5;15,4;16,3;85,2;14,6410249024557;15,33;15,358717431719;14,5731347354286;15,2911943148;-0,0700000000000003;-0,0412825682810443;-0,108805685199959;0,0410249024556517
2026-07-03 16:15:00;2026-07-03 16:21:11;"1F";83,8;14,4;17,3;16,3;15,2;16,2;85,3;14,4124769650079;15,17;15,1787338755055;14,4872491549201;15,2210744084441;-0,0299999999999976;-0,0212661244944599;0,0210744084441004;0,0124769650079113
2026-07-03 16:30:00;2026-07-03 16:36:10;"1F";84;14,2;17;16,1;15;16;85;14,2413356105563;14,95;14,9789349273894;14,2582970660118;14,9808079462083;-0,0500000000000007;-0,021065072610579;-0,0191920537917465;0,0413356105563167
2026-07-03 16:45:00;2026-07-03 16:51:09;"1F";84,9;14,1;16,4;15,8;14,7;15,8;85,1;14,0523577573886;14,73;14,696650430172;14,0750674554491;14,7125472188144;0,0299999999999994;-0,00334956982797863;0,0125472188143512;-0,0476422426113974
2026-07-03 17:00:00;2026-07-03 17:06:09;"1F";85,1;13,9;15,9;15,6;14,5;15,6;85,8;13,8804326499873;14,47;14,4563028549911;13,9596003028715;14,5117202120101;-0,0299999999999994;-0,0436971450089043;0,0117202120100703;-0,0195673500127196
2026-07-03 17:15:00;2026-07-03 17:21:09;"1F";85,8;13,7;15,4;15,3;14,2;15,3;85,9;13,6671277758229;14,2;14,176989443076;13,6783676996854;14,1848573897798;0;-0,0230105569239818;-0,0151426102202166;-0,0328722241771189
2026-07-03 17:30:00;2026-07-03 17:36:08;"1F";86,6;13,6;15;15,1;14;15,1;86,6;13,5617054939491;14,03;14,0031938457643;13,5617054939491;14,0031938457643;0,0299999999999994;0,00319384576433812;0,00319384576433812;-0,0382945060509439
2026-07-03 17:45:00;2026-07-03 17:51:07;"1F";86,6;13,5;14,8;15;13,9;14,9;87;13,464018274908;13,91;13,8848127924356;13,4109459051333;13,8376621335933;0,00999999999999979;-0,0151872075644324;-0,0623378664066774;-0,0359817250920464
2026-07-03 18:00:00;2026-07-03 18:06:07;"1F";87,1;13,3;14,6;14,8;13,7;14,8;87,2;13,3242939959105;13,71;13,7270057971374;13,3354281283634;13,7347996898544;0,0100000000000016;0,0270057971373845;0,0347996898543901;0,024293995910547
2026-07-03 18:15:00;2026-07-03 18:21:06;"1F";86,7;13,2;14,4;14,7;13,6;14,6;87,4;13,1820594364568;13,59;13,5774416055198;13,1619372554251;13,5533560787976;-0,00999999999999979;-0,0225583944802459;-0,0466439212024152;-0,0179405635432097
2026-07-03 18:30:00;2026-07-03 18:36:06;"1F";86,7;13,1;14,3;14,6;13,5;14,5;87,2;13,0843477415419;13,49;13,4790434190793;13,0419284199964;13,4393498939975;-0,00999999999999801;-0,0209565809206751;-0,060650106002516;-0,0156522584581094
2026-07-03 18:45:00;2026-07-03 18:51:05;"1F";86,2;12,9;14,2;14,5;13,3;14,4;87,2;12,9313796826812;13,32;13,3419657778769;12,9440951459285;13,3408666021499;0,0199999999999996;0,0419657778768752;0,0408666021499382;0,0313796826812496
2026-07-03 19:00:00;2026-07-03 19:06:04;"1F";87,2;12,7;13,9;14,1;13,1;14,1;87;12,6505952091014;13,08;13,045416646371;12,6286679917444;13,0300675942211;-0,0200000000000014;-0,0545833536290043;-0,0699324057789088;-0,0494047908985777
2026-07-03 19:15:00;2026-07-03 19:21:04;"1F";87,1;12,6;13,8;14,1;13;13,9;87,5;12,6396308101976;12,99;13,0177415671383;12,4876860858081;12,8913802600657;-0,0100000000000016;0,0177415671383212;-0,10861973993434;0,0396308101976022
2026-07-03 19:30:00;2026-07-03 19:36:03;"1F";86,8;12,6;13,7;14,1;13;13,9;87,6;12,6067470794828;12,97;12,974722955638;12,4986085932544;12,8790260152781;-0,0300000000000011;-0,0252770443620065;-0,120973984721925;0,0067470794828477
2026-07-03 19:45:00;2026-07-03 19:51:02;"1F";87;12,6;13,7;14,1;13;13,9;87,5;12,6286679917444;12,97;12,9900675942211;12,4876860858081;12,8713802600657;-0,0300000000000011;-0,0099324057789083;-0,12861973993434;0,0286679917444186
2026-07-03 20:00:00;2026-07-03 20:06:02;"1F";86,7;12,5;13,7;14;12,9;13,9;87,5;12,4980771660885;12,89;12,888654016262;12,4876860858081;12,8713802600657;-0,00999999999999979;-0,011345983738039;-0,0286197399343404;-0,00192283391148251
2026-07-03 20:15:00;2026-07-03 20:21:01;"1F";87,5;12,3;13,5;13,7;12,7;13,7;87,4;12,2918741648932;12,68;12,6743119154252;12,2810016285551;12,6667011399885;-0,0199999999999996;-0,025688084574778;-0,0332988600114525;-0,00812583510682785
2026-07-03 20:30:00;2026-07-03 20:36:01;"1F";87,9;12,2;13,3;13,6;12,6;13,5;87,9;12,2373791962374;12,56;12,5861654373662;12,1393768580964;12,5075638006675;-0,0400000000000009;-0,0138345626338214;-0,0924361993325054;0,0373791962373993
2026-07-03 20:45:00;2026-07-03 20:51:00;"1F";88;12,2;13,3;13,6;12,6;13,4;88,2;12,2482363461076;12,56;12,5937654422753;12,073807379686;12,4516651657802;-0,0400000000000009;-0,00623455772468162;-0,148334834219799;0,0482363461076005
2026-07-03 21:00:00;2026-07-03 21:06:00;"1F";88,6;12;13,1;13,3;12,4;13,3;88,3;12,0189070664255;12,35;12,3632349464978;11,9865237672007;12,3405666370405;-0,0500000000000007;-0,0367650535021617;-0,0594333629594814;0,0189070664254842
2026-07-03 21:15:00;2026-07-03 21:21:00;"1F";89,5;11,9;12,9;13,1;12,2;13,1;88,8;11,9193925646715;12,22;12,2335747952701;11,8440704719193;12,1808493303435;0,0200000000000014;0,0335747952700594;-0,0191506696564847;0,0193925646715112
2026-07-03 21:30:00;2026-07-03 21:35:59;"1F";90;11,8;12,7;12,9;12,1;12,9;89,4;11,7762519453211;12,09;12,0733763617248;11,7119074446538;12,0283352112576;-0,00999999999999979;-0,026623638275213;-0,0716647887423623;-0,023748054678876
2026-07-03 21:45:00;2026-07-03 21:50:58;"1F";90,3;11,6;12,5;12,7;11,9;12,7;89,7;11,6113104030522;11,89;11,8979172821365;11,5472102957114;11,853047206998;-0,0100000000000016;-0,00208271786346792;-0,0469527930020224;0,0113104030521907
2026-07-03 22:00:00;2026-07-03 22:05:57;"1F";90,8;11,7;12,4;12,7;11,9;12,6;90,1;11,6647849159549;11,94;11,9153494411684;11,4914113942969;11,7839879760078;0,0399999999999991;0,0153494411684427;-0,116012023992166;-0,0352150840450811
2026-07-03 22:15:00;2026-07-03 22:20:57;"1F";91,4;11,6;12,3;12,6;11,9;12,6;90,4;11,6301986197249;11,84;11,8611390338074;11,5234071339058;11,786384993734;-0,0600000000000005;-0,0388609661925816;-0,113615006265951;0,0301986197248834
2026-07-03 22:30:00;2026-07-03 22:35:56;"1F";92,5;11,5;12,2;12,4;11,8;12,4;90,7;11,5497645149889;11,73;11,7648351604922;11,35809455019;11,630666185133;-0,0700000000000021;-0,0351648395077682;-0,169333814866967;0,0497645149889046
2026-07-03 22:45:00;2026-07-03 22:50:56;"1F";94,4;11,7;11,9;12,3;11,8;12,3;91,3;11,6533673473151;11,8;11,7673571431205;11,3231021330779;11,5361714931545;0;-0,0326428568794519;-0,263828506845496;-0,0466326526849308
2026-07-03 23:00:00;2026-07-03 23:05:56;"1F";96;11,8;11,9;12,3;11,9;12,3;92,3;11,824692528508;11,87;11,8872847699556;11,4294005556962;11,6105803889873;-0,0299999999999994;-0,0127152300443658;-0,289419611012674;0,0246925285080479
2026-07-03 23:15:00;2026-07-03 23:20:55;"1F";96,5;11,9;11,9;12,3;11,9;12,4;92,9;11,8783545539597;11,94;11,9248481877718;11,5924560106545;11,7347192074582;0,0400000000000009;0,0248481877717577;-0,165280792541836;-0,0216454460403472
2026-07-03 23:30:00;2026-07-03 23:35:54;"1F";95,7;11,8;11,8;12,3;11,8;12,2;93,3;11,7925235168811;11,85;11,8447664618168;11,436667385733;11,5856671700131;0,0500000000000007;0,044766461816792;-0,214332829986878;-0,00747648311886806
2026-07-03 23:45:00;2026-07-03 23:50:54;"1F";94,7;11,6;11,8;12,2;11,7;12,1;93,5;11,5858748303028;11,7;11,690112381212;11,3586517378556;11,5210562164989;1,77635683940025e-15;-0,00988761878803679;-0,178943783501097;-0,0141251696971967
2026-07-04;2026-07-04 00:05:53;"1F";94,2;11,5;11,7;12,2;11,6;12;93,6;11,5325339688472;11,61;11,6327737781931;11,2699509644509;11,4289656751156;0,00999999999999979;0,0327737781930733;-0,171034324884397;0,0325339688472468
2026-07-04 00:15:00;2026-07-04 00:20:53;"1F";94,3;11,4;11,7;12,1;11,6;11,9;93,6;11,4437156170043;11,53;11,560600931903;11,1706254253814;11,349437797767;-0,0699999999999985;-0,0393990680969676;-0,250562202233034;0,0437156170043327
2026-07-04 00:30:00;2026-07-04 00:35:52;"1F";93,8;11,4;11,6;12,1;11,5;11,9;93,5;11,3905330325541;11,51;11,5033731227878;11,1600455552304;11,3220318886613;0,00999999999999801;0,00337312278783841;-0,177968111338702;-0,00946696744594355
2026-07-04 00:45:00;2026-07-04 00:50:54;"1F";92,9;11,4;11,6;12,2;11,5;11,9;93,4;11,3941203181931;11,52;11,5158842227352;11,1494680846196;11,3146276592337;0,0199999999999996;0,0158842227351901;-0,185372340766271;-0,00587968180687248
2026-07-04 01:00:00;2026-07-04 01:05:51;"1F";92,1;11,3;11,6;12,2;11,5;11,9;93,1;11,3091367358197;11,45;11,4563957150738;11,1177500487948;11,2924250341564;-0,0499999999999989;-0,0436042849262375;-0,207574965843623;0,00913673581965924
2026-07-04 01:15:00;2026-07-04 01:20:50;"1F";91,5;11,1;11,7;12,1;11,4;11,9;92,6;11,1466465356036;11,32;11,3526525749225;11,0649344470315;11,275454112922;-0,0800000000000001;-0,0473474250774846;-0,124545887077964;0,0466465356035926
2026-07-04 01:30:00;2026-07-04 01:35:50;"1F";91,8;11,1;11,6;12;11,3;11,8;92,2;11,0794706749033;11,29;11,2756294724323;10,923715841906;11,1466010893342;-0,0100000000000016;-0,0243705275676547;-0,15339891066577;-0,0205293250966498
2026-07-04 01:45:00;2026-07-04 01:50:56;"1F";91,8;11;11,6;11,9;11,2;11,8;91,9;10,980553135671;11,21;11,1963871949697;10,8921520543418;11,1245064380392;0,00999999999999979;-0,00361280503028283;-0,0754935619607551;-0,0194468643289749
2026-07-04 02:00:00;2026-07-04 02:05:49;"1F";92,1;10,9;11,5;11,8;11,1;11,7;91,8;10,9131921838439;11,11;11,1192345286907;10,7827180033603;11,0179026023522;0,00999999999999979;0,0192345286907205;-0,0820973976477823;0,013192183843886
2026-07-04 02:15:00;2026-07-04 02:20:48;"1F";91,7;10,9;11,4;11,8;11,1;11,7;91,8;10,8711214923387;11,09;11,0697850446371;10,7827180033603;10,9979026023522;-0,00999999999999979;-0,0302149553628919;-0,102097397647782;-0,0288785076612754
2026-07-04 02:30:00;2026-07-04 02:35:48;"1F";91,9;10,8;11,4;11,8;11,1;11,6;91,6;10,8921520543418;11,02;11,0845064380392;10,6628663752501;10,9040064626751;-0,0800000000000001;-0,0154935619607546;-0,195993537324918;0,0921520543417778
2026-07-04 02:45:00;2026-07-04 02:50:47;"1F";92,2;10,8;11,3;11,6;11;11,5;91,6;10,7256978300473;10,98;10,9279884810331;10,5639946388041;10,8047962471629;-0,0199999999999996;-0,0720115189668729;-0,195203752837138;-0,0743021699526754
2026-07-04 03:00:00;2026-07-04 03:05:48;"1F";92,3;10,7;11,3;11,6;10,9;11,5;91,8;10,736178311791;10,91;10,9353248182537;10,5848827989074;10,8194179592352;0,00999999999999979;0,0353248182536721;-0,0805820407648348;0,0361783117909624
2026-07-04 03:15:00;2026-07-04 03:20:46;"1F";92,6;10,7;11,3;11,5;10,9;11,4;91,8;10,6685344748564;10,9;10,8779741323995;10,4859651694965;10,7401756186476;0;-0,0220258676005347;-0,159824381352431;-0,03146552514362
2026-07-04 03:30:00;2026-07-04 03:35:46;"1F";92,8;10,7;11,2;11,5;10,9;11,4;92;10,6894722333266;10,88;10,8726305633287;10,506817451719;10,7347722162033;-0,0200000000000014;-0,0273694366713464;-0,165227783796709;-0,0105277666733503
2026-07-04 03:45:00;2026-07-04 03:50:46;"1F";92,8;10,8;11,2;11,6;10,9;11,4;92,2;10,7886175843081;10,96;10,9520323090156;10,52767974667;10,749375822669;0,0599999999999987;0,0520323090156491;-0,150624177330988;-0,01138241569193
2026-07-04 04:00:00;2026-07-04 04:05:45;"1F";93,6;10,8;11,1;11,5;10,9;11,4;92,3;10,7733230983251;10,93;10,9113261688276;10,5381146538465;10,7366802576926;0,0299999999999994;0,0113261688275905;-0,163319742307433;-0,02667690167487
2026-07-04 04:15:00;2026-07-04 04:20:45;"1F";94,6;10,8;11;11,4;10,9;11,3;92,5;10,7788138767229;10,9;10,885169713706;10,4599146484077;10,6519402538854;0;-0,0148302862939662;-0,248059746114604;-0,0211861232770936
2026-07-04 04:30:00;2026-07-04 04:35:44;"1F";95;10,7;10,9;11,3;10,8;11,3;92,9;10,7211747502638;10,8;10,8148223251847;10,5016088437807;10,6611261906465;0;0,0148223251846673;-0,138873809353489;0,0211747502638122
2026-07-04 04:45:00;2026-07-04 04:50:43;"1F";95,2;10,6;10,9;11,2;10,7;11,2;93,2;10,6424638563066;10,72;10,7497246994146;10,4336704870232;10,6035693409162;0,0199999999999996;0,0497246994146412;-0,0964306590837882;0,0424638563066306
2026-07-04 05:00:00;2026-07-04 05:05:42;"1F";94,8;10,7;10,8;11,3;10,8;11,1;93,4;10,7002148577772;10,78;10,780150400444;10,3552223910248;10,5186556737174;-0,0200000000000014;-0,0198495995559593;-0,281344326282628;0,000214857777201871
2026-07-04 05:15:00;2026-07-04 05:20:42;"1F";94;10,6;10,9;11,3;10,7;11,1;93,5;10,6164783939134;10,73;10,7415348757394;10,3656201377005;10,5459340963903;0,0300000000000011;0,0415348757393623;-0,154065903609652;0,0164783939133741
2026-07-04 05:30:00;2026-07-04 05:35:42;"1F";93,8;10,6;10,9;11,3;10,7;11,1;93,5;10,5955699853428;10,73;10,72689898974;10,3656201377005;10,5459340963903;0,0300000000000011;0,0268989897399674;-0,154065903609652;-0,00443001465719028
2026-07-04 05:45:00;2026-07-04 05:50:41;"1F";94,5;10,7;10,8;11,3;10,8;11,1;93,5;10,6687943728712;10,78;10,7581560610098;10,3656201377005;10,5259340963903;-0,0200000000000014;-0,0418439389901533;-0,274065903609653;-0,0312056271287879
2026-07-04 06:00:00;2026-07-04 06:05:40;"1F";94,6;10,6;10,8;11,2;10,7;11,1;93,5;10,579716685642;10,7;10,6858016799494;10,3656201377005;10,5259340963903;-1,77635683940025e-15;-0,0141983200505766;-0,174065903609652;-0,0202833143579664
2026-07-04 06:15:00;2026-07-04 06:20:39;"1F";94,3;10,6;10,8;11,3;10,7;11,1;93,6;10,6478602655456;10,71;10,7435021858819;10,3760204956751;10,5332143469725;0,00999999999999979;0,0435021858819358;-0,166785653027464;0,0478602655456228
2026-07-04 06:30:00;2026-07-04 06:35:39;"1F";93,4;10,6;10,8;11,4;10,8;11,1;93,6;10,6530646561717;10,72;10,7571452593202;10,3760204956751;10,5332143469725;-0,0800000000000018;-0,0428547406798394;-0,266785653027465;0,0530646561716583
2026-07-04 06:45:00;2026-07-04 06:50:39;"1F";93,1;10,6;10,9;11,4;10,8;11,1;93,4;10,6216844005814;10,74;10,755179080407;10,3552223910248;10,5386556737174;-0,0600000000000005;-0,0448209195930485;-0,261344326282629;0,0216844005813606
2026-07-04 07:00:00;2026-07-04 07:05:40;"1F";93;10,7;11;11,4;10,8;11,2;93,2;10,6112293667286;10,83;10,76786055671;10,4336704870232;10,6235693409162;0,0299999999999994;-0,0321394432899815;-0,17643065908379;-0,0887706332714018
2026-07-04 07:15:00;2026-07-04 07:20:37;"1F";93;10,7;11,1;11,4;10,8;11,2;93;10,6112293667286;10,85;10,78786055671;10,4128481287329;10,628993690113;0,0499999999999989;-0,012139443289982;-0,171006309886986;-0,0887706332714018
2026-07-04 07:30:00;2026-07-04 07:35:37;"1F";94,6;10,7;11,1;11,3;10,8;11,2;92,9;10,679265289601;10,84;10,8254857027207;10,4024408144794;10,6217085701356;0,0399999999999991;0,0254857027206832;-0,178291429864409;-0,0207347103990223
2026-07-04 07:45:00;2026-07-04 07:50:36;"1F";95,6;10,8;11,3;11,3;10,9;11,2;93,3;10,7841165081864;10,95;10,9388815557305;10,4440855346155;10,6908598742308;0,0500000000000007;0,0388815557304714;-0,209140125769167;-0,0158834918136144
2026-07-04 08:00:00;2026-07-04 08:05:37;"1F";95,5;10,8;11,4;11,3;10,9;11,2;93,6;10,7736197387678;10,97;10,9515338171375;10,475346172347;10,7327423206429;0,0700000000000003;0,0515338171374822;-0,167257679357068;-0,0263802612321697
2026-07-04 08:15:00;2026-07-04 08:20:35;"1F";95,5;10,9;11,6;11,4;11,1;11,2;93,9;10,8733667605591;11,09;11,0713567323914;10,5066300891782;10,7946410624247;-0,00999999999999979;-0,028643267608615;-0,305358937575269;-0,0266332394408781
2026-07-04 08:30:00;2026-07-04 08:35:35;"1F";95,4;11,1;12,1;11,6;11,3;11,3;94,1;11,0623007407695;11,35;11,3236105185386;10,6269364481987;10,9888555137391;0,0499999999999989;0,0236105185386286;-0,311144486260881;-0,0376992592305303
2026-07-04 08:45:00;2026-07-04 08:50:36;"1F";93,3;11,2;13,2;12;11,7;11,4;94,2;11,2381511533079;11,68;11,7067058073156;10,736856794232;11,2957997559624;-0,0199999999999996;0,00670580731555859;-0,404200244037606;0,0381511533079397
2026-07-04 09:00:00;2026-07-04 09:05:38;"1F_SUSPEITO";91,4;11,2;14,4;12,2;12;11,6;94;11,234896228518;11,94;11,9644273599626;10,9147237450979;11,6803066215685;-0,0600000000000005;-0,0355726400374046;-0,319693378431479;0,0348962285179937
2026-07-04 09:15:00;2026-07-04 09:20:33;"1F";91,4;11,4;14,7;12,4;12,2;11,8;93,6;11,4325474598807;12,16;12,1827832219165;11,0712998692827;11,8699099084979;-0,0399999999999991;-0,0172167780834869;-0,330090091502134;0,0325474598807336
2026-07-04 09:30:00;2026-07-04 09:35:32;"1F";90,7;11,6;15,3;12,6;12,4;12,1;92,8;11,5554220640431;12,44;12,4087954448302;11,2843440766232;12,1690408536362;0,0399999999999991;0,00879544483016481;-0,230959146363761;-0,044577935956907
2026-07-04 09:45:00;2026-07-04 09:50:34;"1F";91,8;11,7;15,3;12,6;12,5;12,2;92,2;11,6729755366238;12,51;12,4910828756366;11,3197516527116;12,2038261568981;0,00999999999999979;-0,00891712436335546;-0,29617384310186;-0,0270244633762218
2026-07-04 10:00:00;2026-07-04 10:05:31;"1F";91,8;11,8;15,5;12,7;12,6;12,4;92,2;11,771892951775;12,63;12,6103250662425;11,5177694524726;12,4024386167308;0,0299999999999994;0,0103250662424834;-0,197561383269193;-0,0281070482250243
2026-07-04 10:15:00;2026-07-04 10:20:31;"1F";90,6;11,9;15,9;12,9;12,8;12,4;92;11,8406697307514;12,8;12,758468811526;11,4964505921869;12,4675154145308;0;-0,0415311884740319;-0,332484585469166;-0,0593302692486137
2026-07-04 10:30:00;2026-07-04 10:35:30;"1F";88,2;12,2;17,7;13,5;13,4;12,8;91,6;12,1718816721424;13,43;13,4103171704997;11,8493258084807;13,1145280659365;0,0299999999999976;0,0103171704996541;-0,285471934063514;-0,0281183278576336
2026-07-04 10:45:00;2026-07-04 10:50:30;"1F";87,1;12,3;18,7;13,8;13,8;13,2;90,2;12,3462034423421;13,73;13,7623424096395;12,0933580534038;13,5253506373827;-0,0700000000000003;-0,0376575903605492;-0,274649362617346;0,0462034423420725
2026-07-04 11:00:00;2026-07-04 11:05:29;"1F";86,6;12,4;18,8;13,9;13,8;13,4;89;12,3894575945642;13,83;13,8226203161949;12,1603759113098;13,6122631379168;0,0299999999999994;0,0226203161949403;-0,18773686208317;-0,0105424054357979
2026-07-04 11:15:00;2026-07-04 11:20:29;"1F";86,7;12,3;18,8;13,8;13,7;13,6;88,2;12,3026534848997;13,75;13,7518574394298;12,2699559455887;13,7089691619121;0,0500000000000007;0,0518574394297762;0,0089691619120682;0,0026534848996782
2026-07-04 11:30:00;2026-07-04 11:35:28;"1F";86,4;12,5;17,8;14,1;13,7;13,6;88,2;12,5629240356876;13,72;13,7640468249813;12,2699559455887;13,5089691619121;0,0200000000000014;0,0640468249813306;-0,191030838087931;0,0629240356876153
2026-07-04 11:45:00;2026-07-04 11:50:28;"1F";85,8;12,7;18,3;14,3;14;13,8;88;12,6922180857411;13,98;13,9745526600187;12,444288981294;13,7510022869058;-0,0200000000000014;-0,02544733998125;-0,248997713094187;-0,00778191425892771
2026-07-04 12:00:00;2026-07-04 12:05:27;"1F";84,6;12,9;18,6;14,6;14,2;14,1;87,4;12,8519877980469;14,21;14,1763914586328;12,6725287648724;14,0007701354107;0,0100000000000016;-0,0236085413671674;-0,199229864589297;-0,0480122019530977
2026-07-04 12:15:00;2026-07-04 12:20:26;"1F";85,1;12,9;18,6;14,6;14,2;14,3;86,7;12,9072574383303;14,21;14,2150802068312;12,791212541152;14,1038487788064;0,0100000000000016;0,0150802068312181;-0,0961512211936242;0,00725743833031167
2026-07-04 12:30:00;2026-07-04 12:35:26;"1F";85,1;12,7;19,2;14,4;14,2;14,1;86,6;12,7126221557969;14,17;14,1788355090578;12,5848324387418;14,0593827071192;-0,0300000000000011;-0,0211644909421551;-0,140617292880759;0,0126221557969224
2026-07-04 12:45:00;2026-07-04 12:50:25;"1F";85;12,8;20,7;14,5;14,5;14,2;86,8;12,7989081205601;14,55;14,5492356843921;12,7044832397052;14,4531382677937;0,0499999999999972;0,049235684392098;-0,0468617322063292;-0,00109187943985845
2026-07-04 13:00:00;2026-07-04 13:05:25;"1F";87,1;12,5;17,5;14;13,7;13,9;87,2;12,5418217069488;13,65;13,6792751948641;12,4549284884638;13,6084499419247;-0,0499999999999989;-0,0207248051358686;-0,0915500580753204;0,0418217069487596
2026-07-04 13:15:00;2026-07-04 13:20:24;"1F";88,2;12,5;16,4;13,8;13,4;13,8;88;12,4661044356747;13,41;13,3862731049723;12,444288981294;13,3710022869058;0,00999999999999979;-0,0137268950277125;-0,0289977130941885;-0,0338955643253023
2026-07-04 13:30:00;2026-07-04 13:35:23;"1F";88,2;12,5;16,2;13,8;13,4;13,6;88,7;12,4661044356747;13,37;13,3462731049723;12,3242860314998;13,2270002220499;-0,0299999999999994;-0,0537268950277117;-0,172999777950148;-0,0338955643253023
2026-07-04 13:45:00;2026-07-04 13:50:23;"1F";88,3;12,7;16,8;14;13,6;13,6;89;12,6732109854828;13,65;13,631247689838;12,3569055459028;13,369833882132;0,0500000000000007;0,0312476898379934;-0,230166117868025;-0,0267890145171528
2026-07-04 14:00:00;2026-07-04 14:05:22;"1F";87,4;12,9;17,2;14,3;13,9;13,8;89,1;12,868292218068;13,9;13,8778045526476;12,564359248233;13,6150514737631;-1,77635683940025e-15;-0,0221954473524288;-0,284948526236922;-0,0317077819320399
2026-07-04 14:15:00;2026-07-04 14:20:22;"1F";86,6;12,9;17,4;14,4;13,9;14,1;88,4;12,8778945582883;13,95;13,9345261908018;12,7822927684227;13,8376049378959;0,0499999999999989;0,034526190801822;-0,0623950621041036;-0,0221054417116822
2026-07-04 14:30:00;2026-07-04 14:35:21;"1F";86,3;13;17,4;14,6;14,1;14,2;87,8;13,0400420288932;14,04;14,0680294202253;12,8143932098784;13,8700752469149;-0,0600000000000005;-0,0319705797747449;-0,229924753085113;0,0400420288932217
2026-07-04 14:45:00;2026-07-04 14:50:20;"1F";85,9;13,2;17,7;14,8;14,3;14,4;87,7;13,1907898738355;14,26;14,2535529116849;12,9993033540293;14,0795123478205;-0,0400000000000027;-0,0464470883151407;-0,220487652179463;-0,00921012616448635
2026-07-04 15:00:00;2026-07-04 15:05:20;"1F";85,6;13,1;18;14,7;14,2;14,6;87,1;13,0600021045685;14,24;14,212001473198;13,128676038182;14,2500732267274;0,0400000000000009;0,0120014731979801;0,0500732267274238;-0,0399978954314566
2026-07-04 15:15:00;2026-07-04 15:20:19;"1F";86,3;13;17,2;14,6;14;14,3;87,2;13,0400420288932;14;14,0280294202253;12,8462618527943;13,862383296956;0;0,0280294202252556;-0,137616703043976;0,0400420288932217
2026-07-04 15:30:00;2026-07-04 15:35:18;"1F";85,3;13,2;20,5;14,9;14,8;14,3;87,6;13,2214764755781;14,83;14,8450335329046;12,8903287149489;14,5532301004642;0,0299999999999994;0,0450335329046414;-0,24676989953576;0,0214764755780621
2026-07-04 15:45:00;2026-07-04 15:50:19;"1F";83,3;13,6;22,8;15,5;15,6;14,8;87,1;13,5802194886343;15,63;15,616153642044;13,3242939959105;15,3670057971374;0,0300000000000011;0,0161536420440456;-0,232994202862615;-0,0197805113656511
2026-07-04 16:00:00;2026-07-04 16:05:18;"1F";83,6;13,5;21,1;15,4;15,2;15;85,7;13,5170724504673;15,21;15,2219507153271;13,3634903325305;15,0744432327713;0,0100000000000016;0,0219507153270868;-0,125556767228662;0,0170724504672641
2026-07-04 16:15:00;2026-07-04 16:20:17;"1F";85,1;13,1;17,9;14,8;14,2;14,9;85,5;13,1018926401553;14,23;14,2313248481087;13,2437477484402;14,3406234239081;0,0300000000000011;0,0313248481086941;0,140623423908137;0,0018926401552779
2026-07-04 16:30:00;2026-07-04 16:35:16;"1F";85,5;13;16,5;14,7;13,9;14,6;86,3;13,0489140543077;13,87;13,9042398380154;13,0400420288932;13,8880294202253;-0,0299999999999994;0,00423983801542427;-0,0119705797747454;0,0489140543077475
2026-07-04 16:45:00;2026-07-04 16:50:16;"1F";85,9;12,9;15,7;14,5;13,6;14,5;86,6;12,8982429438044;13,62;13,6187700606631;12,9755818925774;13,6729073248042;0,0200000000000014;0,0187700606631029;0,0729073248041683;-0,00175705619556688
2026-07-04 17:00:00;2026-07-04 17:05:16;"1F";86,9;12,8;15;14,3;13,4;14,2;87;12,8132277270433;13,39;13,3992594089303;12,7264527980467;13,3285169586327;-0,0100000000000016;-0,000740591069662955;-0,0714830413673457;0,0132277270433399
2026-07-04 17:15:00;2026-07-04 17:20:15;"1F";87,6;12,6;14,5;14;13,1;14;87,6;12,5965386522213;13,12;13,1175770565549;12,5965386522213;13,1175770565549;0,0199999999999996;0,0175770565548845;0,0175770565548845;-0,00346134777873708
2026-07-04 17:30:00;2026-07-04 17:35:14;"1F";88,7;12,4;13,9;13,7;12,8;13,7;88,1;12,4224795895379;12,83;12,8457357126766;12,3571455668909;12,8000018968236;0,0300000000000011;0,045735712676553;1,89682362972121e-06;0,0224795895379319
2026-07-04 17:45:00;2026-07-04 17:50:14;"1F";89,4;12,3;13,4;13,4;12,6;13,4;88,9;12,2037047002778;12,63;12,5625932901945;12,1495483721474;12,5246838605032;0,0299999999999994;-0,0374067098055075;-0,0753161394967936;-0,0962952997221542
2026-07-04 18:00:00;2026-07-04 18:05:13;"1F";89,6;12;13;13,2;12,3;13,2;89,3;12,0285672522835;12,32;12,3399970765985;11,9961980524746;12,3173386367322;0,0199999999999978;0,0399970765984801;0,0173386367322017;0,0285672522835441
2026-07-04 18:15:00;2026-07-04 18:20:13;"1F";89,9;11,9;12,8;13;12,2;13;89,6;11,8639998419484;12,19;12,1647998893639;11,8317541088447;12,1422278761913;-0,00999999999999801;-0,0352001106360866;-0,057772123808677;-0,0360001580515554
2026-07-04 18:30:00;2026-07-04 18:35:12;"1F";89,8;11,9;12,7;13;12,1;12,9;89,9;11,8532492641789;12,17;12,1372744849252;11,7655227903619;12,0658659532534;0,0700000000000021;0,0372744849252467;-0,0341340467466456;-0,0467507358210799
2026-07-04 18:45:00;2026-07-04 18:50:11;"1F";90,1;11,6;12,4;12,7;11,9;12,7;89,7;11,5899353265876;11,87;11,8629547286113;11,5472102957114;11,833047206998;-0,0300000000000011;-0,0370452713887008;-0,0669527930020219;-0,0100646734124279
2026-07-04 19:00:00;2026-07-04 19:05:11;"1F";90,6;11,4;12,3;12,5;11,7;12,5;90,1;11,4461077650416;11,69;11,7222754355291;11,392887443546;11,6850212104822;-0,00999999999999979;0,0222754355291084;-0,0149787895177802;0,0461077650415813
2026-07-04 19:15:00;2026-07-04 19:20:10;"1F";90,8;11,5;12,1;12,5;11,7;12,4;90,5;11,4674110360634;11,72;11,6971877252444;11,3368421000861;11,5957894700603;0,0199999999999996;-0,00281227475562673;-0,104210529939746;-0,032588963936611
2026-07-04 19:30:00;2026-07-04 19:35:10;"1F";90,8;11,4;12,1;12,4;11,6;12,3;90,6;11,3687240689332;11,64;11,6181068482533;11,2488266729206;11,5241786710444;0,0399999999999991;0,0181068482532645;-0,0758213289555609;-0,0312759310667641
2026-07-04 19:45:00;2026-07-04 19:50:09;"1F";90;11,3;12,1;12,4;11,6;12,2;90,6;11,2837492758838;11,57;11,5586244931187;11,1501860993577;11,4451302695504;-0,0299999999999994;-0,041375506881316;-0,154869730449642;-0,0162507241161656
2026-07-04 20:00:00;2026-07-04 20:05:09;"1F";89,9;11,2;11,9;12,3;11,4;12,1;90,4;11,1746600924176;11,45;11,4322620646923;11,0304370693971;11,3113059485779;0,0499999999999989;0,0322620646923344;-0,0886940514220544;-0,0253399075823779
2026-07-04 20:15:00;2026-07-04 20:20:08;"1F";89,9;11,1;11,9;12,2;11,3;12,1;90,2;11,0761829108488;11,37;11,3533280375942;11,0093377240869;11,2965364068608;0,0700000000000003;0,0533280375941896;-0,00346359313915556;-0,0238170891511569
2026-07-04 20:30:00;2026-07-04 20:35:07;"1F";89,9;11,1;11,9;12,2;11,3;12,1;90,2;11,0761829108488;11,37;11,3533280375942;11,0093377240869;11,2965364068608;0,0700000000000003;0,0533280375941896;-0,00346359313915556;-0,0238170891511569
2026-07-04 20:45:00;2026-07-04 20:50:07;"1F";89,9;11;11,9;12,1;11,3;12;90,1;10,9777057104925;11,29;11,2743939973448;10,9002674109902;11,2101871876931;-0,0100000000000016;-0,0256060026552305;-0,0898128123068602;-0,0222942895074709
2026-07-04 21:00:00;2026-07-04 21:05:07;"1F";90,1;10,8;11,7;11,9;11,1;11,9;90,1;10,8017433483361;11,09;11,0912203438353;10,8017433483361;11,0912203438353;-0,0100000000000016;-0,00877965616470533;-0,00877965616470533;0,00174334833613443
2026-07-04 21:15:00;2026-07-04 21:20:06;"1F";90,4;10,8;11,6;11,9;11,1;11,7;90,3;10,8332489139924;11,07;11,0932742397947;10,6256031285919;10,9279221900143;-0,0300000000000011;-0,00672576020528837;-0,172077809985677;0,0332489139924448
2026-07-04 21:30:00;2026-07-04 21:35:05;"1F";90,5;10,7;11,4;11,8;11;11,6;90,4;10,7451380343779;10,95;10,9815966240645;10,537466540666;10,8162265784662;-0,0500000000000007;-0,0184033759354563;-0,183773421533822;0,0451380343779224
2026-07-04 21:45:00;2026-07-04 21:50:05;"1F";91,1;10,6;11,3;11,6;10,8;11,6;90,6;10,610573954195;10,84;10,8474017679365;10,5583422695546;10,8108395886882;0,0399999999999991;0,0474017679364831;0,0108395886881976;0,0105739541949763
2026-07-04 22:00:00;2026-07-04 22:05:04;"1F";91,4;10,5;11,2;11,5;10,8;11,4;90,9;10,5431163495196;10,74;10,7701814446637;10,3922533776303;10,6545773643412;-0,0600000000000005;-0,029818555336286;-0,145422635658825;0,0431163495195932
2026-07-04 22:15:00;2026-07-04 22:20:03;"1F";91,7;10,5;11,1;11,4;10,7;11,3;91,1;10,4755427781981;10,71;10,6928799447387;10,3143041969692;10,5700129378785;0,0100000000000016;-0,00712005526131954;-0,129987062121527;-0,024457221801887
2026-07-04 22:30:00;2026-07-04 22:35:03;"1F";91,4;10,4;11;11,4;10,6;11,2;91,4;10,4442905795337;10,62;10,6510034056736;10,246638984289;10,4926472890023;0,0200000000000014;0,0510034056736206;-0,107352710997681;0,044290579533742
2026-07-04 22:45:00;2026-07-04 22:50:02;"1F";91,2;10,4;11;11,4;10,6;11,2;91,4;10,4234682395893;10,62;10,6364277677125;10,246638984289;10,4926472890023;0,0200000000000014;0,0364277677124871;-0,107352710997681;0,0234682395892651
2026-07-04 23:00:00;2026-07-04 23:05:02;"1F";91,4;10,3;10,9;11,3;10,6;11,1;91,3;10,3454647911415;10,52;10,551825353799;10,1374698452768;10,3862288916937;-0,0799999999999983;-0,0481746462009554;-0,213771108306259;0,0454647911414909
2026-07-04 23:15:00;2026-07-04 23:20:04;"1F";91,5;10,4;10,9;11,3;10,6;11,1;91,4;10,3558566907614;10,59;10,5590996835329;10,1478131589223;10,3934692112456;-0,00999999999999979;-0,0409003164670505;-0,206530788754373;-0,0441433092386454
2026-07-04 23:30:00;2026-07-04 23:35:00;"1F";92,1;10,3;10,9;11,2;10,5;11,1;91,4;10,3192748199966;10,51;10,5234923739976;10,1478131589223;10,3934692112456;0,00999999999999979;0,0234923739976001;-0,106530788754373;0,0192748199965713
2026-07-04 23:45:00;2026-07-04 23:50:01;"1F";92,5;10,4;10,8;11,2;10,5;11;91,7;10,3608372815544;10,56;10,5325860970881;10,079963772114;10,3159746404798;0,0599999999999987;0,0325860970880623;-0,184025359520197;-0,0391627184456258
2026-07-05;2026-07-05 00:05:00;"1F";92,2;10,3;10,8;11,2;10,5;11;91,9;10,3296615913592;10,49;10,5107631139514;10,1006277754201;10,3304394427941;-0,00999999999999979;0,0107631139514215;-0,169560557205919;0,029661591359174
2026-07-05 00:15:00;2026-07-05 00:19:59;"1F";91,6;10,3;10,8;11,2;10,5;11;91,9;10,2673793197758;10,49;10,467165523843;10,1006277754201;10,3304394427941;-0,00999999999999979;-0,0328344761569515;-0,169560557205919;-0,0326206802242162
2026-07-05 00:30:00;2026-07-05 00:34:59;"1F";91,3;10,2;10,9;11,2;10,5;11;91,7;10,2362726370678;10,44;10,4653908459475;10,079963772114;10,3359746404798;-0,0600000000000023;-0,0346091540525411;-0,164025359520197;0,0362726370678015
2026-07-05 00:45:00;2026-07-05 00:49:58;"1F";91,1;10,2;10,9;11,2;10,4;11;91,6;10,215547574054;10,44;10,4508833018378;10,0696356818139;10,3287449772697;0,0399999999999974;0,0508833018378141;-0,0712550227302664;0,0155475740540236
2026-07-05 01:00:00;2026-07-05 01:04:57;"1F";91,2;10,2;10,9;11,2;10,5;11;91,4;10,2259088343001;10,44;10,45813618401;10,0489873149872;10,314291120491;-0,0600000000000023;-0,0418638159899611;-0,185708879508995;0,0259088343000577
2026-07-05 01:15:00;2026-07-05 01:19:57;"1F";91,2;10,2;10,9;11,2;10,5;11;91,3;10,2259088343001;10,44;10,45813618401;10,0386670348628;10,307066924404;-0,0600000000000023;-0,0418638159899611;-0,192933075596018;0,0259088343000577
2026-07-05 01:30:00;2026-07-05 01:34:56;"1F";91,4;10,1;10,8;11,1;10,4;11;91,3;10,1478131589223;10,34;10,3734692112456;10,0386670348628;10,287066924404;-0,0600000000000005;-0,0265307887543731;-0,112933075596018;0,0478131589223256
2026-07-05 01:45:00;2026-07-05 01:49:55;"1F";91,6;10,1;10,8;11;10,3;10,9;91,3;10,0696356818139;10,33;10,3087449772697;9,93986420577131;10,2079049440399;0,0299999999999994;0,00874497726973367;-0,0920950559600833;-0,0303643181860931
2026-07-05 02:00:00;2026-07-05 02:04:55;"1F";91,7;10,1;10,7;11;10,3;10,8;91,5;10,079963772114;10,31;10,2959746404798;9,86161244124543;10,1231287088718;0,00999999999999801;-0,00402535952019889;-0,176871291128199;-0,0200362278859956
2026-07-05 02:15:00;2026-07-05 02:19:55;"1F";91,6;10,1;10,7;11;10,3;10,8;91,5;10,0696356818139;10,31;10,2887449772697;9,86161244124543;10,1231287088718;0,00999999999999801;-0,0112550227302677;-0,176871291128199;-0,0303643181860931
2026-07-05 02:30:00;2026-07-05 02:34:55;"1F";91,6;10,1;10,7;11;10,3;10,8;91,6;10,0696356818139;10,31;10,2887449772697;9,87189196979486;10,1303243788564;0,00999999999999801;-0,0112550227302677;-0,169675621143597;-0,0303643181860931
2026-07-05 02:45:00;2026-07-05 02:49:53;"1F";91,7;10,1;10,6;11;10,3;10,8;91,6;10,079963772114;10,29;10,2759746404798;9,87189196979486;10,1103243788564;-0,0100000000000016;-0,0240253595201985;-0,189675621143598;-0,0200362278859956
2026-07-05 03:00:00;2026-07-05 03:04:53;"1F";91,9;10,1;10,6;11;10,3;10,8;91,7;10,1006277754201;10,29;10,2904394427941;9,88217415852519;10,1175219109676;-0,0100000000000016;-0,00956055720592097;-0,182478089032369;0,00062777542011716
2026-07-05 03:15:00;2026-07-05 03:19:54;"1F";91,7;10,2;10,7;11,1;10,4;10,8;91,8;10,1788585511911;10,39;10,3752009858338;9,89245900911198;10,1447213063784;-0,0100000000000016;-0,0247990141662449;-0,255278693621612;-0,021141448808919
2026-07-05 03:30:00;2026-07-05 03:34:52;"1F";92;10,3;10,8;11,2;10,5;11;91,8;10,3088906082333;10,49;10,4962234257633;10,09029446939;10,323206128573;-0,00999999999999979;-0,00377657423666022;-0,176793871427018;0,00889060823334376
2026-07-05 03:45:00;2026-07-05 03:49:51;"1F";92,3;10,4;10,8;11,3;10,6;11,1;91,9;10,4390827980031;10,57;10,5973579586022;10,1995683739627;10,4096978617739;-0,0299999999999994;-0,00264204139780233;-0,190302138226111;0,0390827980031396
2026-07-05 04:00:00;2026-07-05 04:04:53;"1F";92;10,4;10,9;11,3;10,6;11,1;91,9;10,4078540390464;10,59;10,5954978273325;10,1995683739627;10,4296978617739;-0,00999999999999979;-0,00450217266752517;-0,170302138226111;0,00785403904639104
2026-07-05 04:15:00;2026-07-05 04:19:50;"1F";92,2;10,3;11;11,2;10,6;11,1;91,9;10,3296615913592;10,53;10,5507631139514;10,1995683739627;10,4496978617739;-0,0700000000000003;-0,049236886048579;-0,150302138226111;0,029661591359174
2026-07-05 04:30:00;2026-07-05 04:34:50;"1F";93,7;10,3;10,8;11;10,5;11;92;10,287075360161;10,47;10,4609527521127;10,1109636919746;10,3376745843822;-0,0299999999999994;-0,0390472478872876;-0,162325415617788;-0,0129246398389817
2026-07-05 04:45:00;2026-07-05 04:49:49;"1F";95,1;10,2;10,5;10,8;10,3;10,8;92,5;10,2333628962125;10,32;10,3433540273488;9,9645276343067;10,1551693440147;0,0199999999999978;0,04335402734878;-0,144830655985311;0,0333628962125445
2026-07-05 05:00:00;2026-07-05 05:04:48;"1F";96,2;10,3;10,4;10,8;10,4;10,8;93,2;10,3476517572044;10,37;10,4033562300431;10,0367273320775;10,1857091324543;-0,0300000000000011;0,00335623004308871;-0,214290867545733;0,0476517572044113
2026-07-05 05:15:00;2026-07-05 05:19:48;"1F";96,7;10,3;10,3;10,7;10,3;10,7;93,6;10,2997018171672;10,34;10,339791272017;9,97871761426075;10,1151023299825;0,0399999999999991;0,0397912720170464;-0,184897670017477;-0,000298182832791483
2026-07-05 05:30:00;2026-07-05 05:34:47;"1F";97;10,3;10,3;10,7;10,4;10,7;94;10,330904994843;10,34;10,3616334963901;10,0199872278025;10,1439910594617;-0,0600000000000005;-0,0383665036099021;-0,256008940538266;0,0309049948429969
2026-07-05 05:45:00;2026-07-05 05:49:46;"1F";97,2;10,5;10,4;10,8;10,5;10,7;94,4;10,451837278484;10,51;10,4762860949388;10,0613004332105;10,1929103032473;0,00999999999999979;-0,0237139050612054;-0,307089696752655;-0,0481627215160074
2026-07-05 06:00:00;2026-07-05 06:04:46;"1F";97,4;10,7;10,5;11;10,7;10,9;94,6;10,6730258236843;10,69;10,671118076579;10,2810707722644;10,3867495405851;-0,00999999999999979;-0,0288819234209985;-0,313250459414915;-0,0269741763157114
2026-07-05 06:15:00;2026-07-05 06:19:45;"1F";97,6;10,8;10,6;11,1;10,8;11;94,8;10,7941946451174;10,79;10,7859362515822;10,4014361660017;10,5010053162012;-0,0100000000000016;-0,0140637484178487;-0,29899468379884;-0,00580535488263934
2026-07-05 06:30:00;2026-07-05 06:34:45;"1F";97,7;10,9;10,8;11,2;10,9;11,1;95;10,9049269468399;10,91;10,9134488627879;10,5219006260557;10,635330438239;0,00999999999999801;0,013448862787925;-0,264669561761044;0,00492694683989647
2026-07-05 06:45:00;2026-07-05 06:49:44;"1F";97,9;10,9;10,8;11,2;10,9;11,2;95;10,9259952806111;10,91;10,9281966964277;10,6215376965071;10,715076387555;0,00999999999999801;0,0281966964277416;-0,184923612445028;0,0259952806110615
2026-07-05 07:00:00;2026-07-05 07:04:43;"1F";98;10,9;10,8;11,2;10,9;11,2;95,1;10,9365334285489;10,91;10,9355733999843;10,6319994705147;10,7223996293603;0,00999999999999801;0,0355733999842638;-0,17760037063969;0,0365334285489496
2026-07-05 07:15:00;2026-07-05 07:19:43;"1F";98,1;11;10,9;11,3;11,1;11,2;95,3;11,0473830728349;11,01;11,0431681509844;10,6529308555038;10,7570515988527;-0,0899999999999999;-0,0568318490155963;-0,342948401147337;0,0473830728348617
2026-07-05 07:30:00;2026-07-05 07:34:42;"1F";98,2;11,3;11,3;11,5;11,3;11,4;95,5;11,2586079966577;11,32;11,2910255976604;10,8733667605591;11,0113567323914;0,0199999999999996;-0,00897440233958413;-0,288643267608615;-0,0413920033422635
2026-07-05 07:45:00;2026-07-05 07:49:42;"1F";98,2;11,3;11,5;11,5;11,3;11,4;95,5;11,2586079966577;11,36;11,3310255976604;10,8733667605591;11,0513567323914;0,0600000000000005;0,031025597660415;-0,248643267608616;-0,0413920033422635
2026-07-05 08:00:00;2026-07-05 08:04:41;"1F";98,2;11,2;11,6;11,4;11,3;11,4;95,5;11,1582779108643;11,3;11,270794537605;10,8733667605591;11,0713567323914;-1,77635683940025e-15;-0,0292054623949696;-0,228643267608616;-0,0417220891356678
2026-07-05 08:15:00;2026-07-05 08:19:40;"1F";98,3;11,2;11,9;11,4;11,3;11,3;95,6;11,1688665342342;11,36;11,338206573964;10,7841165081864;11,0588815557305;0,0599999999999987;0,038206573963965;-0,24111844426953;-0,0311334657657625
2026-07-05 08:30:00;2026-07-05 08:34:40;"1F";98,2;11,2;12,4;11,4;11,4;11,3;95,7;11,1582779108643;11,46;11,430794537605;10,7946158720253;11,1662311104177;0,0600000000000005;0,0307945376050309;-0,23376888958227;-0,0417220891356678
2026-07-05 08:45:00;2026-07-05 08:49:40;"1F";98,3;11,4;13;11,6;11,7;11,2;95,8;11,3695691941907;11,74;11,7186984359335;10,705305108795;11,2137135761565;0,0400000000000009;0,0186984359335067;-0,486286423843518;-0,0304308058092762
2026-07-05 09:00:00;2026-07-05 09:04:39;"1F";98,2;11,4;13,4;11,6;11,8;11,4;95,9;11,3589380673037;11,82;11,7912566471126;10,9154569406988;11,4608198584892;0,0199999999999996;-0,00874335288738237;-0,339180141510848;-0,0410619326962607
2026-07-05 09:15:00;2026-07-05 09:19:38;"1F";98,2;11,5;13,4;11,7;11,9;11,4;95,9;11,4592681228437;11,9;11,8714876859906;10,9154569406988;11,4608198584892;-1,77635683940025e-15;-0,0285123140094257;-0,439180141510848;-0,0407318771563219
2026-07-05 09:30:00;2026-07-05 09:34:38;"1F";98,1;11,5;15;11,8;12,3;11,5;96,1;11,5489270466185;12,23;12,264248932633;11,036395616515;11,8754769315605;-0,0700000000000021;-0,0357510673670323;-0,424523068439486;0,0489270466185268
2026-07-05 09:45:00;2026-07-05 09:49:37;"1F";97,8;12,2;17,1;12,5;13,2;11,7;96,2;12,2186418771219;13,21;13,2230493139853;11,2467513002811;12,4627259101967;0,00999999999999979;0,0230493139852985;-0,737274089803259;0,0186418771218548
2026-07-05 10:00:00;2026-07-05 10:04:37;"1F";93,9;12,2;17,9;12,9;13,4;12,1;96,2;12,19630568711;13,41;13,407413980977;11,6463506813941;12,9424454769759;0,00999999999999979;0,00741398097701129;-0,457554523024124;-0,00369431288998356
2026-07-05 10:15:00;2026-07-05 10:19:36;"1F";90,4;12,7;18,9;13,8;14;12,4;96,4;12,7065334346835;14,05;14,0545734042785;11,9675606761236;13,3972924732865;0,0499999999999989;0,0545734042784574;-0,602707526713505;0,00653343468351153
2026-07-05 10:30:00;2026-07-05 10:34:35;"1F";89,4;12,6;17,5;13,8;13,7;12,8;96,1;12,5971421731334;13,7;13,6979995211934;12,3348100975705;13,4143670682993;0;-0,00200047880664656;-0,285632931700668;-0,00285782686663971
2026-07-05 10:45:00;2026-07-05 10:49:35;"1F";89,2;12,5;18,9;13,7;13,9;12,7;95,4;12,4769730238218;13,9;13,8838811166752;12,1592751481999;13,5614926037399;-1,77635683940025e-15;-0,0161188833247596;-0,338507396260059;-0,023026976178226
2026-07-05 11:00:00;2026-07-05 11:04:34;"1F";86,3;12,8;21,3;14,4;14,7;13,1;94,7;12,8448141412001;14,66;14,69136989884;12,4820095506265;14,3074066854386;-0,0400000000000009;-0,00863010115996055;-0,392593314561433;0,0448141412000567
2026-07-05 11:15:00;2026-07-05 11:19:33;"1F";85,4;12,8;21,8;14,5;14,8;13,4;93;12,8430430937671;14,77;14,800130165637;12,5950379459819;14,5165265621873;-0,0300000000000011;0,000130165636999635;-0,283473437812688;0,043043093767146
2026-07-05 11:30:00;2026-07-05 11:34:33;"1F";81,7;13,3;27,1;15,4;16,3;13,8;91,3;13,3036746462145;16,27;16,2725722523502;12,8051388611138;15,7635972027797;-0,0300000000000011;-0,0274277476498348;-0,536402797220321;0,00367464621452385
2026-07-05 11:45:00;2026-07-05 11:49:33;"1F";79,7;13,8;27,8;16,2;16,9;14,6;87,8;13,8468002585117;16,84;16,8727601809582;13,2063057668662;16,2644140368063;-0,0599999999999987;-0,0272398190418315;-0,635585963193684;0,0468002585116665
2026-07-05 12:00:00;2026-07-05 12:04:32;"1F";76,8;14,2;28,8;17;17,4;15,6;83,7;14,2768984965484;17,4;17,4538289475839;13,7222456014105;16,9255719209873;0;0,0538289475839129;-0,474428079012672;0,0768984965484449
2026-07-05 12:15:00;2026-07-05 12:19:32;"1F";75,5;14,2;30,5;17;17,7;16,2;81,7;14,1256906785148;17,74;17,6879834749603;14,0752971730831;17,5727080211582;0,0399999999999991;-0,0120165250396589;-0,127291978841825;-0,0743093214852237
2026-07-05 12:30:00;2026-07-05 12:34:31;"1F";73,4;14,8;30,8;18;18,3;16,4;80,8;14,8230719314137;18,32;18,3361503519896;14,1648810403281;17,7154167282297;0,0199999999999996;0,0361503519895692;-0,584583271770324;0,0230719314136678
2026-07-05 12:45:00;2026-07-05 12:49:31;"1F";69,1;15,2;34,8;19;19,5;17,3;78,5;15,2380767340007;19,5;19,5266537138005;14,7614319851889;19,0230023896322;-3,5527136788005e-15;0,0266537138004672;-0,476997610367764;0,038076734000672
2026-07-05 13:00:00;2026-07-05 13:04:30;"1F";67,4;15,7;33,4;19,7;19,6;17,9;76,9;15,6754450830135;19,64;19,6228115581095;15,1450087351036;19,0715061145725;0,0399999999999956;0,0228115581094528;-0,528493885427466;-0,0245549169864887
2026-07-05 13:15:00;2026-07-05 13:19:30;"1F";68,1;15,5;29,7;19,5;18,8;18,1;76;15,5780063271993;18,74;18,7946044290395;15,2278974418022;18,4095282092615;-0,0600000000000023;-0,00539557096051624;-0,390471790738484;0,0780063271992653
2026-07-05 13:30:00;2026-07-05 13:34:29;"1F";68,9;15,4;28;19,2;18,3;18,5;75;15,3991452130979;18,3;18,2994016491685;15,4869911419401;18,2908937993581;-3,5527136788005e-15;-0,000598350831491956;-0,00910620064192713;-0,000854786902133142
2026-07-05 13:45:00;2026-07-05 13:49:28;"1F";69,1;15,4;27;19,2;18,1;18,8;74,2;15,4238372247586;18,1;18,1166860573311;15,6736919923203;18,2515843946242;0;0,0166860573310572;0,151584394624212;0,0238372247586494
2026-07-05 14:00:00;2026-07-05 14:04:28;"1F";69,3;15,5;26,8;19,3;18,2;18,8;74,5;15,5414638769053;18,14;18,1690247138337;15,7101459620087;18,2371021734061;-0,0599999999999987;-0,0309752861662638;0,0371021734060655;0,0414638769053397
2026-07-05 14:15:00;2026-07-05 14:19:27;"1F";69,6;15,6;25,8;19,3;18;18,8;74,5;15,5785696527621;18,01;17,9949987569334;15,7101459620087;18,0371021734061;0,00999999999999801;-0,00500124306655181;0,0371021734060655;-0,0214303472379331
2026-07-05 14:30:00;2026-07-05 14:34:27;"1F";69,7;15,4;26,2;19,1;17,9;19;74,2;15,4048044174769;17,93;17,9333630922338;15,8624955774219;18,2437469041954;0,0300000000000011;0,0333630922338308;0,343746904195363;0,00480441747689575
2026-07-05 14:45:00;2026-07-05 14:49:26;"1F";68,4;16,1;26,2;20;18,5;18,8;74,7;16,0786808906883;18,51;18,4950766234818;15,7344437042747;18,1341105929923;0,00999999999999801;-0,0049233765181782;-0,365889407007707;-0,0213191093116869
2026-07-05 15:00:00;2026-07-05 15:04:25;"1F";68,8;15,9;27,1;19,8;18,6;19,4;73,6;15,9435188805083;18,53;18,5604632163558;16,1661270357277;18,6762889250094;-0,0700000000000003;-0,0395367836441771;0,0762889250093792;0,0435188805083175
2026-07-05 15:15:00;2026-07-05 15:19:24;"1F";75,7;13,9;22,1;16,7;15,8;18;75,8;13,8644668992125;15,82;15,7951268294487;15,1091591028167;16,7964113719717;0,0200000000000014;-0,00487317055126546;0,996411371971686;-0,0355331007875197
2026-07-05 15:30:00;2026-07-05 15:34:24;"1F";78;13,5;18,2;16;14,7;16;80;13,4617961168698;14,69;14,6632572818088;13,6890492959286;14,82233450715;-0,00999999999999979;-0,0367427181911655;0,122334507150031;-0,0382038831302367
2026-07-05 15:45:00;2026-07-05 15:49:23;"1F";79,1;13,4;17,8;15,8;14,5;15,4;81,4;13,3952298075264;14,52;14,5166608652685;13,2700106720796;14,3890074704557;0,0199999999999996;0,0166608652684666;-0,110992529544312;-0,00477019247361987
2026-07-05 16:00:00;2026-07-05 16:04:23;"1F";76,9;13,5;21,7;16,2;15,4;15,6;81,3;13,5272125983211;15,41;15,4290488188247;13,4514883920435;15,3160418744304;0,00999999999999979;0,0290488188247355;-0,0839581255695645;0,0272125983210536
2026-07-05 16:15:00;2026-07-05 16:19:22;"1F";76,9;13,5;22,5;16,2;15,6;15,8;80,5;13,5272125983211;15,57;15,5890488188247;13,5536191661498;15,5675334163049;-0,0299999999999994;-0,0109511811752636;-0,0324665836951201;0,0272125983210536
2026-07-05 16:30:00;2026-07-05 16:34:22;"1F";78,5;13,7;20,8;16,2;15,4;15,8;81;13,7097976768031;15,37;15,3768583737621;13,6102179044516;15,2671525331161;-0,0300000000000029;-0,0231416262378534;-0,132847466883858;0,00979767680306765
2026-07-05 16:45:00;2026-07-05 16:49:21;"1F";79,7;13,8;18,2;16,1;14,9;15,8;81,8;13,7508742160397;14,91;14,8756119512278;13,7008130725045;14,8105691507531;0,00999999999999979;-0,0243880487722183;-0,0894308492468543;-0,0491257839603136
2026-07-05 17:00:00;2026-07-05 17:04:20;"1F";80,6;13,8;17;16;14,7;15,9;82,2;13,7572671940312;14,66;14,6300870358219;13,8427110385563;14,6798977269894;-0,0399999999999991;-0,069912964178128;-0,0201022730105809;-0,042732805968754
2026-07-05 17:15:00;2026-07-05 17:19:20;"1F";81,9;13,7;15,8;15,8;14,4;15,8;83;13,7121408232886;14,33;14,338498576302;13,8367980821308;14,4257586574915;-0,0700000000000021;-0,0615014236979938;0,0257586574915436;0,0121408232885827
2026-07-05 17:30:00;2026-07-05 17:34:19;"1F";83,7;13,8;15;15,7;14,2;15,6;84,1;13,8192115796466;14,23;14,2434481057526;13,7674223642318;14,1971956549623;0,0300000000000011;0,0434481057526046;-0,00280434503771865;0,0192115796465764
2026-07-05 17:45:00;2026-07-05 17:49:19;"1F";84,4;13,7;14,5;15,5;14;15,6;84,7;13,7041725558672;14,04;14,042920789107;13,8352165874626;14,1446516112238;0,0399999999999991;0,0429207891070131;0,144651611223786;0,00417255586716081
2026-07-05 18:00:00;2026-07-05 18:04:18;"1F";84,8;13,6;13,9;15,3;13,8;15,3;85,2;13,5547910782549;13,83;13,7983537547784;13,5997122587371;13,829798581116;0,0300000000000011;-0,00164624522156132;0,0297985811159656;-0,0452089217450879
2026-07-05 18:15:00;2026-07-05 18:19:17;"1F";84,9;13,4;13,7;15,1;13,6;15,1;85,4;13,371484352138;13,63;13,6100390464966;13,4273955591987;13,6491768914391;0,0299999999999994;0,0100390464966331;0,0491768914390978;-0,028515647861953
2026-07-05 18:30:00;2026-07-05 18:34:16;"1F";86,3;13;13,3;14,6;13,2;14,7;85,8;13,0400420288932;13,22;13,2480294202253;13,0821821976988;13,2875275383892;0,0199999999999996;0,0480294202252551;0,0875275383891942;0,0400420288932217
2026-07-05 18:45:00;2026-07-05 18:49:16;"1F";87,4;12,9;13,1;14,3;13,1;14,3;86,8;12,868292218068;13,08;13,0578045526476;12,8022193805196;13,0115535663637;-0,0200000000000014;-0,0421954473524284;-0,0884464336362623;-0,0317077819320399
2026-07-05 19:00:00;2026-07-05 19:04:15;"1F";89;12,7;13;14;12,9;14,1;87,8;12,7499645933488;12,89;12,9249752153442;12,7164150236624;12,9114905165636;-0,0100000000000016;0,0249752153441758;0,011490516563649;0,0499645933488253
2026-07-05 19:15:00;2026-07-05 19:19:15;"1F";89,5;12,8;12,9;13,9;12,9;13,9;88,7;12,7064562198355;12,93;12,8645193538849;12,6188666497999;12,8032066548599;0,0299999999999994;-0,0354806461151487;-0,0967933451400622;-0,0935437801644987
2026-07-05 19:30:00;2026-07-05 19:34:14;"1F";89,5;12,8;12,9;14;13;13,9;89,1;12,8048390947803;12,94;12,9433873663462;12,6626476867093;12,8338533806965;-0,0600000000000005;-0,0566126336537884;-0,16614661930352;0,00483909478030142
2026-07-05 19:45:00;2026-07-05 19:49:14;"1F";89,9;12,8;12,9;13,9;12,9;13,9;89,3;12,7502924867155;12,93;12,8952047407009;12,6845485013143;12,84918395092;0,0299999999999994;-0,00479525929912761;-0,0508160490799856;-0,0497075132844671
2026-07-05 20:00:00;2026-07-05 20:04:13;"1F";90,9;12,8;12,9;13,8;12,9;13,8;89,7;12,7612961239277;12,92;12,8929072867494;12,6299409240035;12,8009586468024;0,0199999999999996;-0,00709271325060357;-0,0990413531975758;-0,0387038760722902
2026-07-05 20:15:00;2026-07-05 20:19:13;"1F";91,5;12,7;12,8;13,7;12,8;13,6;90,2;12,7282227985407;12,82;12,8397559589785;12,487546717708;12,6612827023956;0,0199999999999996;0,0397559589784819;-0,138717297604417;0,0282227985406927
2026-07-05 20:30:00;2026-07-05 20:34:13;"1F";91,9;12,7;12,8;13,6;12,8;13,6;90,7;12,6730775254997;12,81;12,7911542678498;12,5420585532257;12,699440987258;0,00999999999999801;-0,00884573215023821;-0,100559012742005;-0,0269224745003385
2026-07-05 20:45:00;2026-07-05 20:49:12;"1F";93,6;12,6;12,6;13,3;12,6;13,3;91,1;12,5611814444363;12,67;12,6428270111054;12,289432815626;12,4526029709382;0,0699999999999985;0,0428270111054321;-0,147397029061775;-0,0388185555636671
2026-07-05 21:00:00;2026-07-05 21:04:11;"1F";94,5;12,6;12,6;13,2;12,6;13,2;91,9;12,5597933292459;12,66;12,6318553304722;12,2773167966262;12,4341217576384;0,0599999999999987;0,0318553304721583;-0,165878242361632;-0,040206670754058
2026-07-05 21:15:00;2026-07-05 21:19:10;"1F";95,2;12,6;12,6;13,2;12,7;13,2;92,5;12,6360832487361;12,66;12,6852582741153;12,3423812793413;12,4796668955389;-0,0400000000000009;-0,0147417258847149;-0,220333104461078;0,0360832487361211
2026-07-05 21:30:00;2026-07-05 21:34:10;"1F";94,8;12,8;12,7;13,4;12,8;13,3;92,8;12,7916615513733;12,84;12,8341630859613;12,4740859028437;12,6018601319906;0,0399999999999991;0,0341630859613318;-0,198139868009401;-0,00833844862666666
2026-07-05 21:45:00;2026-07-05 21:49:09;"1F";94,8;12,8;12,8;13,4;12,8;13,3;93;12,7916615513733;12,86;12,8541630859613;12,4958476778986;12,637093374529;0,0599999999999987;0,0541630859613331;-0,162906625470967;-0,00833844862666666
2026-07-05 22:00:00;2026-07-05 22:04:08;"1F";94,7;12,8;12,5;13,4;12,8;13,3;93,1;12,7807208351293;12,8;12,7865045845905;12,5067315857802;12,5847121100461;-1,77635683940025e-15;-0,0134954154094675;-0,215287889953888;-0,0192791648706674
2026-07-05 22:15:00;2026-07-05 22:19:08;"1F";94,2;12,8;12,4;13,5;12,8;13,3;93,1;12,8255071219824;12,79;12,8078549853877;12,5067315857802;12,5647121100461;-0,0100000000000016;0,00785498538767371;-0,235287889953888;0,0255071219823932
2026-07-05 22:30:00;2026-07-05 22:34:07;"1F";94,1;12,6;12,3;13,3;12,6;13,3;93;12,6156820970448;12,61;12,6209774679314;12,4958476778986;12,537093374529;0,00999999999999979;0,0209774679313952;-0,0629066254709656;0,0156820970448504
2026-07-05 22:45:00;2026-07-05 22:49:06;"1F";95,1;12,3;11,9;12,9;12,3;12,9;93;12,3262019754144;12,28;12,2983413827901;12,0990864386172;12,1393605070321;-0,0199999999999996;-0,00165861720989824;-0,160639492967931;0,0262019754144305
2026-07-05 23:00:00;2026-07-05 23:04:06;"1F";95,4;12,3;11,8;12,8;12,2;12,8;93,3;12,2589999984628;12,25;12,221299998924;12,0322156758464;12,0625509730925;0,0500000000000007;0,0212999989239826;-0,137449026907543;-0,0410000015371708
2026-07-05 23:15:00;2026-07-05 23:19:05;"1F";95,3;12,3;11,8;12,9;12,3;12,8;93,5;12,347881700535;12,26;12,2935171903745;12,0537728446594;12,0776409912616;-0,0400000000000027;-0,00648280962553471;-0,22235900873839;0,0478817005349548
2026-07-05 23:30:00;2026-07-05 23:34:13;"1F";95,2;12,3;11,8;12,9;12,3;12,8;93,6;12,3370407488484;12,26;12,2859285241939;12,0645546697156;12,0851882688009;-0,0400000000000027;-0,0140714758061087;-0,214811731199077;0,037040748848419
2026-07-05 23:45:00;2026-07-05 23:49:04;"1F";95,3;12,3;11,9;12,9;12,3;12,8;93,7;12,347881700535;12,28;12,3135171903745;12,0753386586522;12,1127370610565;-0,0199999999999996;0,0135171903744684;-0,187262938943487;0,0478817005349548
2026-07-06;2026-07-06 00:04:04;"1F";96,2;12,4;11,8;12,9;12,4;12,8;93,8;12,4455486907455;12,33;12,3618840835219;12,0861248140419;12,1002873698293;-0,0700000000000021;-0,0381159164781462;-0,29971263017068;0,0455486907455072
2026-07-06 00:15:00;2026-07-06 00:19:03;"1F";96,3;12,4;11,8;12,8;12,3;12,8;93,9;12,3564901178528;12,32;12,2895430824969;12,0969131384474;12,1078391969132;0,0199999999999996;-0,0104569175030704;-0,192160803086825;-0,0435098821472462
2026-07-06 00:30:00;2026-07-06 00:34:02;"1F";97;12,4;11,6;12,8;12,3;12,8;94,1;12,4324405516627;12,28;12,3027083861639;12,1184963045058;12,082947413154;-0,0199999999999996;0,00270838616386371;-0,217052586845973;0,0324405516626651
2026-07-06 00:45:00;2026-07-06 00:49:02;"1F";97,4;12,6;11,9;12,9;12,5;12,9;94,4;12,5760491449538;12,49;12,4732344014677;12,2503913432971;12,245273940308;-0,0100000000000016;-0,0267655985323287;-0,254726059692043;-0,023950855046186
2026-07-06 01:00:00;2026-07-06 01:04:02;"1F";97,6;12,7;12,1;13;12,6;12,9;94,5;12,6980321781727;12,61;12,6086225247209;12,2612149388172;12,292850457172;0,00999999999999979;0,00862252472088443;-0,307149542827974;-0,00196782182730715
2026-07-06 01:15:00;2026-07-06 01:19:01;"1F";97,8;12,7;12,3;13;12,7;13;94,7;12,7198650823607;12,65;12,6639055576525;12,3824390905931;12,4277073634152;-0,0499999999999989;-0,0360944423475242;-0,272292636584829;0,0198650823606776
2026-07-06 01:30:00;2026-07-06 01:34:00;"1F";97,9;12,8;12,4;13,1;12,8;13;94,9;12,8310508018588;12,75;12,7717355613012;12,4041456558439;12,4629019590907;-0,0500000000000007;-0,0282644386988498;-0,337098040909304;0,0310508018587861
2026-07-06 01:45:00;2026-07-06 01:49:00;"1F";98,1;13;12,6;13,2;12,9;13,1;95,1;12,9532481857458;12,94;12,907273730022;12,5255196113063;12,5978637279144;0,0399999999999991;0,0072737300220389;-0,302136272085589;-0,0467518142542289
2026-07-06 02:00:00;2026-07-06 02:04:00;"1F";98,2;13,2;12,8;13,4;13,1;13,3;95,2;13,1648767951396;13,14;13,1154137565977;12,7357640505762;12,8050348354033;0,0399999999999991;0,0154137565977095;-0,294965164596672;-0,0351232048604153
2026-07-06 02:15:00;2026-07-06 02:19:00;"1F";98,4;13,2;12,9;13,4;13,2;13,4;95,3;13,1869062566118;13,16;13,1508343796282;12,8463957769215;12,9124770438451;-0,0400000000000009;-0,0491656203717525;-0,287522956154945;-0,0130937433882181
2026-07-06 02:30:00;2026-07-06 02:33:58;"1F";98,4;13;12,9;13,2;13;13,3;95,3;12,9861616706471;13;12,990313169453;12,7466929929554;12,8326850950688;0;-0,0096868305470057;-0,167314904931228;-0,0138383293528648
2026-07-06 02:45:00;2026-07-06 02:48:57;"1F";98,4;13;12,8;13,2;13;13,1;95,4;12,9861616706471;12,98;12,970313169453;12,5581744547096;12,6607221182967;-0,0199999999999996;-0,0296868305470053;-0,339277881703254;-0,0138383293528648
2026-07-06 03:00:00;2026-07-06 03:03:57;"1F";98,4;12,8;12,7;13;12,8;13;95,5;12,7854170271346;12,8;12,7897919189943;12,4693169138135;12,5685218396695;0;-0,0102080810057501;-0,231478160330543;-0,0145829728653553
2026-07-06 03:15:00;2026-07-06 03:18:56;"1F";98,4;12,7;12,6;12,9;12,7;12,9;95,6;12,685044683701;12,7;12,6895312785907;12,3804176497179;12,4762923548025;0;-0,0104687214092856;-0,223707645197486;-0,0149553162989768
2026-07-06 03:30:00;2026-07-06 03:33:56;"1F";98,2;12,3;12,3;12,6;12,3;12,6;95,4;12,3622379496782;12,33;12,3735665647747;12,0595502821071;12,161685197475;0,0299999999999994;0,0735665647747386;-0,138314802525045;0,0622379496781988
2026-07-06 03:45:00;2026-07-06 03:49:03;"1F";98,1;12,3;12,1;12,5;12,2;12,4;95,6;12,2510879783226;12,28;12,2457615848258;11,8815739819814;11,977101787387;0,0800000000000001;0,0457615848258488;-0,222898212613002;-0,04891202167736
2026-07-06 04:00:00;2026-07-06 04:03:54;"1F";98,1;12,3;12,1;12,5;12,2;12,4;95,8;12,2510879783226;12,28;12,2457615848258;11,9030567219;11,99213970533;0,0800000000000001;0,0457615848258488;-0,207860294669979;-0,04891202167736
2026-07-06 04:15:00;2026-07-06 04:18:54;"1F";98,1;12,2;12,1;12,4;12,2;12,3;95,8;12,1507793184582;12,2;12,1655455229208;11,8032441753528;11,912270922747;0;-0,0344544770792456;-0,287729077253031;-0,0492206815417795
2026-07-06 04:30:00;2026-07-06 04:33:54;"1F";98,2;12,1;12;12,4;12,1;12,3;95,8;12,161578092095;12,11;12,1531046644665;11,8032441753528;11,892270922747;0,00999999999999979;0,0531046644664972;-0,207729077253031;0,0615780920949955
2026-07-06 04:45:00;2026-07-06 04:48:53;"1F";98,2;12,1;11,9;12,3;12;12,2;95,9;12,0612481411524;12,08;12,0528736988067;11,7141327713875;11,7998929399712;0,0800000000000001;0,0528736988066836;-0,200107060028769;-0,0387518588475952
2026-07-06 05:00:00;2026-07-06 05:03:53;"1F";98,3;12,1;11,9;12,3;12,1;12,2;96;12,072028031639;12,08;12,0604196221473;11,7248363018614;11,807385411303;-0,0199999999999996;-0,0395803778527313;-0,292614588697029;-0,0279719683610455
2026-07-06 05:15:00;2026-07-06 05:18:53;"1F";98,3;12,2;11,9;12,4;12,1;12,3;96,1;12,1723792346862;12,16;12,1406654642803;11,8354202274084;11,8947941591859;0,0600000000000005;0,040665464280309;-0,205205840814097;-0,0276207653138449
2026-07-06 05:30:00;2026-07-06 05:33:52;"1F";98,3;12,2;11,9;12,4;12,1;12,3;96;12,1723792346862;12,16;12,1406654642803;11,824692528508;11,8872847699556;0,0600000000000005;0,040665464280309;-0,212715230044365;-0,0276207653138449
2026-07-06 05:45:00;2026-07-06 05:48:51;"1F";98,3;12,1;11,9;12,3;12,1;12,2;96;12,072028031639;12,08;12,0604196221473;11,7248363018614;11,807385411303;-0,0199999999999996;-0,0395803778527313;-0,292614588697029;-0,0279719683610455
2026-07-06 06:00:00;2026-07-06 06:03:51;"1F";98,2;12,1;11,9;12,3;12,1;12,2;96,1;12,0612481411524;12,08;12,0528736988067;11,7355422064524;11,8148795445166;-0,0199999999999996;-0,0471263011933161;-0,28512045548335;-0,0387518588475952
2026-07-06 06:15:00;2026-07-06 06:18:50;"1F";98;12,1;11,9;12,4;12,1;12,2;96,1;12,1399829118055;12,09;12,1179880382638;11,7355422064524;11,8148795445166;-0,00999999999999979;0,0179880382638302;-0,28512045548335;0,0399829118054722
2026-07-06 06:30:00;2026-07-06 06:33:50;"1F";97,6;12;11,9;12,3;12;12,1;96,1;11,9966189858648;12,01;12,0076332901054;11,6356641697539;11,7349649188277;0,00999999999999979;0,00763329010535863;-0,265035081172282;-0,0033810141352042
2026-07-06 06:45:00;2026-07-06 06:48:49;"1F";97,1;11,9;11,9;12,3;12;12,1;96,1;11,9428268636671;11,94;11,969978804567;11,6356641697539;11,7349649188277;-0,0599999999999987;-0,0300211954330134;-0,265035081172282;0,0428268636671216
2026-07-06 07:00:00;2026-07-06 07:03:48;"1F";96,6;11,9;11,8;12,3;11,9;12;96,1;11,8890940287069;11,92;11,9123658200948;11,5357861172693;11,6350502820885;0,0200000000000014;0,012365820094816;-0,264949717911469;-0,0109059712931217
2026-07-06 07:15:00;2026-07-06 07:18:47;"1F";96,3;11,9;11,8;12,3;11,9;12;96,1;11,8568826803326;11,92;11,8898178762329;11,5357861172693;11,6350502820885;0,0200000000000014;-0,0101821237671462;-0,264949717911469;-0,0431173196673509
2026-07-06 07:30:00;2026-07-06 07:33:54;"1F";96,3;11,9;11,9;12,3;11,9;12;96,1;11,8568826803326;11,94;11,9098178762329;11,5357861172693;11,6550502820885;0,0400000000000009;0,00981787623285513;-0,244949717911469;-0,0431173196673509
2026-07-06 07:45:00;2026-07-06 07:48:46;"1F";96,3;12;12,1;12,4;12;12;96,2;11,9568041988896;12,06;12,0297629392227;11,5464508598389;11,7025156018872;0,0599999999999987;0,0297629392227154;-0,297484398112797;-0,0431958011104072
2026-07-06 08:00:00;2026-07-06 08:03:46;"1F";96,1;12;12,6;12,5;12,2;12,1;96,1;12,0351762222673;12,17;12,1946233555871;11,6356641697539;11,8749649188277;-0,0300000000000011;-0,0053766444128911;-0,325035081172281;0,0351762222672996
2026-07-06 08:15:00;2026-07-06 08:18:45;"1F";95,3;12,1;13,8;12,7;12,5;12,2;96,1;12,1484759597824;12,5;12,5339331718477;11,7355422064524;12,1948795445166;-1,77635683940025e-15;0,0339331718476821;-0,305120455483351;0,0484759597824063
2026-07-06 08:30:00;2026-07-06 08:33:45;"1F";94,6;12,3;14,6;12,9;12,8;12,3;96,2;12,2720406950577;12,82;12,8004284865404;11,8461502773209;12,4423051941247;0,0199999999999996;0,000428486540382522;-0,357694805875344;-0,027959304942307
2026-07-06 08:45:00;2026-07-06 08:48:44;"1F";93,5;12,5;15,1;13,2;13,1;12,5;96,1;12,450984538396;13,09;13,0556891768772;12,0351762222673;12,6946233555871;-0,00999999999999979;-0,04431082312278;-0,405376644412891;-0,0490154616039717
2026-07-06 09:00:00;2026-07-06 09:03:45;"1F";90,8;13;16,4;14,1;13,8;12,8;96,1;13,0464000783183;13,79;13,8224800548228;12,3348100975705;13,1943670682993;-0,0100000000000016;0,0224800548227808;-0,605632931700669;0,0464000783182605
2026-07-06 09:15:00;2026-07-06 09:18:44;"1F";85,5;13,6;20,2;15,3;15,1;13,3;96;13,6334149000787;15,09;15,1133904300551;12,8232539362714;14,3462777553899;-0,00999999999999979;0,0133904300550736;-0,753722244610053;0,0334149000786734
2026-07-06 09:30:00;2026-07-06 09:33:43;"1F";80,1;14,1;24,3;16,4;16,4;14,1;94,8;14,0845474169799;16,37;16,3591831918859;13,4888088817274;15,7121662172092;-0,0299999999999976;-0,0408168081140872;-0,687833782790847;-0,0154525830201262
2026-07-06 12:00:00;2026-07-06 12:03:38;"1F";69,9;16,1;32,1;19,8;19,7;19,2;75,3;16,0812903691594;19,67;19,6569032584116;16,1861773967869;19,6703241777508;-0,0299999999999976;-0,0430967415884176;-0,0296758222491498;-0,0187096308406005
2026-07-06 12:15:00;2026-07-06 12:18:37;"1F";69,3;16,2;30,1;20;19,4;19,4;74,8;16,1920571280702;19,36;19,3544399896492;16,3140327648406;19,3798229353884;-0,0399999999999991;-0,0455600103508402;-0,0201770646115804;-0,00794287192977094
2026-07-06 12:30:00;2026-07-06 12:33:36;"1F";69;16,1;28,2;20;18,9;19,5;73,9;16,1542851851198;18,91;18,9479996295838;16,2974357286773;18,9982050100741;0,0100000000000016;0,0479996295838419;0,0982050100740857;0,0542851851197739
2026-07-06 12:45:00;2026-07-06 12:48:36;"1F";66,5;16,3;29,1;20,5;19,3;20;72,5;16,2989980285196;19,28;19,2792986199637;16,5938197837814;19,435673848647;-0,0199999999999996;-0,0207013800362894;0,135673848647006;-0,00100197148041303
2026-07-06 14:00:00;2026-07-06 14:03:32;"1F";67,7;16,3;26,3;20,3;18,7;20,1;72,5;16,2676966736695;18,7;18,6773876715687;16,6877264053806;18,9514084837664;3,5527136788005e-15;-0,0226123284313324;0,251408483766394;-0,0323033263304779
2026-07-06 14:15:00;2026-07-06 14:18:32;"1F";65,9;16,3;27,3;20,6;19;20,1;71,1;16,3139188574525;18,93;18,9397432002167;16,5117817946459;19,0282472562521;-0,0700000000000003;-0,0602567997832644;0,0282472562521114;0,0139188574524809
2026-07-06 14:30:00;2026-07-06 14:33:31;"1F";65,7;16,5;28;20,8;19,2;20,3;71,2;16,4717827301195;19,23;19,2102479110837;16,7114014748905;19,3279810324234;0,0299999999999976;0,0102479110836775;0,127981032423353;-0,0282172698804644
2026-07-06 14:45:00;2026-07-06 14:48:30;"1F";65,4;16,6;29,1;21;19,5;20,5;71,3;16,6163632582972;19,54;19,551454280808;16,9111390920901;19,7077973644631;0,0400000000000027;0,0514542808080449;0,20779736446309;0,0163632582972006
2026-07-06 15:00:00;2026-07-06 15:03:32;"1F_SUSPEITO";65,6;16,5;28,2;20,8;19,2;20,6;70,8;16,4588444986698;19,27;19,2411911490689;16,9410285588084;19,5587199911658;0,0699999999999967;0,0411911490688617;0,358719991165849;-0,0411555013302021
2026-07-06 15:15:00;2026-07-06 15:18:31;"1F";61,9;16,2;28,7;21,1;19,2;20,7;68,5;16,2493014351339;19,19;19,2245110045937;16,7401408843318;19,5280986190322;-0,0100000000000016;0,0245110045937125;0,328098619032236;0,0493014351338772
2026-07-06 15:30:00;2026-07-06 15:33:29;"1F";62,6;16,2;26,3;20,9;18,7;20,5;68,1;16,1598947211235;18,69;18,6619263047865;16,5036883263348;18,8625818284343;-0,0100000000000016;-0,0380736952135337;0,162581828434341;-0,040105278876478
2026-07-06 15:45:00;2026-07-06 15:48:28;"1F";64,1;16,3;25,4;20,8;18,5;20,6;69;16,264377988186;18,57;18,5450645917302;16,711378769684;18,8379651387788;0,0700000000000003;0,0450645917301955;0,337965138778824;-0,0356220118140023
2026-07-06 16:00:00;2026-07-06 16:03:27;"1F";64,7;15,9;23,2;20,3;17,8;20,4;69,3;15,8848935072623;17,8;17,7894254550836;16,563824080344;18,2746768562408;0;-0,0105745449163948;0,474676856240812;-0,015106492737706
2026-07-06 17:15:00;2026-07-06 17:18:24;"1F";67,8;15,7;19,9;19,7;17;19,8;71,1;15,7255718147528;16,94;16,9579002703269;16,2313117529899;17,3219182270929;-0,0600000000000023;-0,0420997296730548;0,321918227092922;0,0255718147527801
2026-07-06 17:30:00;2026-07-06 17:33:26;"1F";71;15,8;18,9;19,4;16,8;19,5;73,4;15,8449802317323;16,78;16,8114861622126;16,2356283371316;17,0949398359921;-0,0199999999999996;0,0114861622126199;0,294939835992139;0,0449802317323176
2026-07-06 17:45:00;2026-07-06 17:48:23;"1F";68,5;15,5;18,5;19,4;16,5;19,3;72,9;15,5351259683803;16,49;16,5145881778662;15,9857375494331;16,8200162846032;-0,00999999999999801;0,0145881778662087;0,32001628460317;0,0351259683802958
2026-07-06 18:00:00;2026-07-06 18:03:23;"1F";70,6;15,4;18;19;16,3;19,1;73,3;15,4221215900172;16,28;16,2954851130121;15,8466980236326;16,6026886165428;-0,0200000000000031;-0,00451488698793767;0,302688616542806;0,0221215900172336
2026-07-06 18:15:00;2026-07-06 18:18:24;"1F";72,7;15,4;17,4;18,7;16,1;18,9;74,7;15,397313541532;16,13;16,1281194790724;15,8289888256512;16,4502921779559;0,0299999999999976;0,0281194790724193;0,350292177955851;-0,00268645846796822
2026-07-06 18:30:00;2026-07-06 18:33:21;"1F";74,1;15,4;17,2;18,5;16,1;18,6;75,8;15,3784194480184;16,07;16,0548936136129;15,6783014910943;16,274811043766;-0,0300000000000011;-0,0451063863871433;0,174811043766034;-0,0215805519816303
2026-07-06 18:45:00;2026-07-06 18:48:20;"1F";75,6;15,3;17;18,3;15,9;18,5;76,7;15,3697342631674;15,94;15,9888139842172;15,6918998942568;16,2343299259798;0,0399999999999991;0,0888139842172126;0,334329925979754;0,0697342631674474
2026-07-06 19:00:00;2026-07-06 19:03:20;"1F";77,3;15,4;16,8;18,1;15,9;18,3;77,8;15,3830760633422;15,95;15,9381532443395;15,6335645009414;16,133495150659;0,0500000000000007;0,0381532443395152;0,233495150658966;-0,0169239366578378
2026-07-06 19:15:00;2026-07-06 19:18:22;"1F";77,9;15,3;16,6;17,9;15,8;18,1;78,6;15,2637931107647;15,82;15,7946551775353;15,5381846158741;16,0067292311119;0,0199999999999996;-0,00534482246473189;0,206729231111872;-0,0362068892353307
2026-07-06 19:30:00;2026-07-06 19:33:19;"1F";78,8;15,5;16,6;18;15,9;18;80;15,4663585637057;15,97;15,946450994594;15,6091642559934;16,0464149791953;0,0700000000000003;0,04645099459397;0,146414979195347;-0,033641436294328
2026-07-06 19:45:00;2026-07-06 19:48:18;"1F";80,1;15,4;16,5;17,8;15,9;17,9;80,6;15,4289994311514;15,86;15,880299601806;15,5843945937304;15,9990762156113;-0,0400000000000009;-0,0197003981940416;0,0990762156113139;0,0289994311513677
2026-07-06 20:00:00;2026-07-06 20:03:18;"1F";81,6;15,3;16,3;17,5;15,7;17,7;81,4;15,3174125099684;15,72;15,7321887569779;15,4866248821384;15,8706374174969;0,0199999999999996;0,0321887569778561;0,170637417496875;0,0174125099683664
2026-07-06 20:15:00;2026-07-06 20:18:17;"1F";82,4;15,3;16,2;17,4;15,7;17,6;82,1;15,3149313323242;15,69;15,7004519326269;15,47281238425;15,830968668975;-0,00999999999999979;0,000451932626949869;0,130968668975017;0,0149313323242133
2026-07-06 20:30:00;2026-07-06 20:33:17;"1F";83,4;15,4;16,2;17,4;15,8;17,5;82,8;15,4323871525211;15,76;15,7826710067647;15,458646420377;15,8110524942639;-0,0400000000000009;-0,0173289932352549;0,0110524942638968;0,0323871525210659
2026-07-06 20:45:00;2026-07-06 20:48:16;"1F";84,3;15,5;16,3;17,4;15,9;17,5;83,8;15,5381259936516;15,85;15,8766881955561;15,5763694481162;15,9134586136813;-0,0500000000000007;-0,0233118044438854;0,0134586136813208;0,0381259936515939
2026-07-06 21:00:00;2026-07-06 21:03:16;"1F";85,1;15,7;16,3;17,5;16;17,5;84,6;15,7294602040981;16;16,0206221428686;15,6705715002271;15,979400050159;-1,77635683940025e-15;0,0206221428686497;-0,0205999498410225;0,029460204098072
2026-07-06 21:15:00;2026-07-06 21:18:15;"1F";94,1;15,1;15,7;15,8;15,2;16,9;86,6;15,1016051167204;15,29;15,2911235817043;15,3200722393547;15,5540505675483;0,0899999999999999;0,0911235817042826;0,354050567548315;0,00160511672040364
2026-07-06 21:45:00;2026-07-06 21:48:18;"1F_SUSPEITO";96,5;14,7;14,8;15,1;14,8;15,4;92,5;14,6773669234114;14,76;14,744156846388;14,5220718656829;14,665450305978;-0,0400000000000009;-0,0558431536119954;-0,134549694021967;-0,0226330765885621
2026-07-06 22:15:00;2026-07-06 22:18:15;"1F";95,5;14,5;14,4;15;14,5;14,9;93,2;14,4642489885791;14,53;14,5049742920054;14,1053817477281;14,2437672234096;0,0299999999999994;0,00497429200536281;-0,256232776590362;-0,0357510114209099
2026-07-06 22:30:00;2026-07-06 22:33:14;"1F_SUSPEITO";95,8;14,4;14,3;14,9;14,4;14,9;93,3;14,3983653663209;14,43;14,4288557564247;14,1166300105355;14,2316410073749;0,0300000000000011;0,0288557564246545;-0,168358992625123;-0,0016346336790658
2026-07-06 23:15:00;2026-07-06 23:18:10;"1F";96,5;14,5;14,1;14,9;14,4;14,8;93,7;14,4774378528246;14,46;14,4442064969772;14,0622915984545;14,1436041189182;0,0599999999999987;0,0442064969772371;-0,256395881081827;-0,0225621471753747
2026-07-06 23:30:00;2026-07-06 23:33:15;"1F_SUSPEITO";96,5;14,6;14,2;15;14,5;14,9;93,8;14,5774023953309;14,56;14,5441816767316;14,1728953675864;14,2510267573105;0,0599999999999987;0,0441816767316041;-0,248973242689532;-0,0225976046691354
2026-07-06 23:45:00;2026-07-06 23:48:14;"1F_SUSPEITO";97,1;14,7;14,3;15,1;14,7;15;94;14,7454692969767;14,66;14,6918285078837;14,2948273478638;14,3663791435047;-0,0400000000000009;-0,00817149211631651;-0,333620856495308;0,045469296976691
2026-07-07;2026-07-07 00:03:13;"1F_SUSPEITO";97,3;14,8;14,4;15,1;14,7;15,1;94,1;14,7681834980917;14,75;14,7277284486642;14,4055476486118;14,4738833540283;0,0500000000000007;0,0277284486641562;-0,226116645971727;-0,0318165019083487
2026-07-07 02:00:00;2026-07-07 02:03:05;"1F";97,5;14,8;14,5;15,1;14,8;15;94,9;14,790904448727;14,77;14,7636331141089;14,3964364198373;14,4775054938861;-0,0300000000000011;-0,0363668858910984;-0,322494506113879;-0,00909555127299555
2026-07-07 02:45:00;2026-07-07 02:48:03;"1F";97,7;14,8;14,5;15,1;14,8;15;95,1;14,8136321753349;14,77;14,7795425227344;14,4190340515693;14,4933238360985;-0,0300000000000011;-0,0204574772655626;-0,306676163901514;0,0136321753349122
2026-07-07 03:00:00;2026-07-07 03:03:02;"1F";97,7;14,7;14,5;15;14,7;15;95,1;14,7134092387912;14,69;14,6993864671539;14,4190340515693;14,4933238360985;-0,00999999999999979;-0,000613532846131193;-0,206676163901513;0,0134092387912403
2026-07-07 03:30:00;2026-07-07 03:33:01;"1F";97,1;14,4;14,4;14,8;14,5;14,8;95,1;14,4451867250694;14,44;14,4716307075486;14,2197170017213;14,3138019012049;-0,0599999999999987;-0,0283692924514458;-0,186198098795067;0,0451867250693621
2026-07-07 04:00:00;2026-07-07 04:02:59;"1F";96,3;14;13,9;14,4;14;14,2;95;13,9552313565927;14,02;13,9886619496149;13,6106422531319;13,7274495771923;0,0199999999999978;-0,0113380503851186;-0,272550422807663;-0,0447686434073127
2026-07-07 04:15:00;2026-07-07 04:17:59;"1F";96,4;13,9;13,7;14,3;13,9;14,2;95,1;13,8664792884997;13,9;13,8765355019498;13,6217654892967;13,6952358425077;0;-0,0234644980502008;-0,204764157492281;-0,0335207115002856
2026-07-07 04:30:00;2026-07-07 04:32:58;"1F";95,8;13,8;13,6;14,3;13,8;14,1;95;13,7994921559717;13,81;13,8096445091802;13,5110056637446;13,5877039646212;0,00999999999999979;0,00964450918016624;-0,212296035378765;-0,000507844028334148
2026-07-07 04:45:00;2026-07-07 04:47:58;"1F";95,6;13,8;13,6;14,3;13,8;14;95;13,7771778542039;13,81;13,7940244979428;13,4113690589587;13,5079583412711;0,00999999999999979;-0,00597550205723785;-0,292041658728939;-0,0228221457960522
2026-07-07 05:00:00;2026-07-07 05:02:57;"1F";95,2;13,6;13,5;14,2;13,7;14;94,8;13,6328905677897;13,64;13,6630233974528;13,3892164527569;13,4724515169298;-0,0600000000000005;-0,0369766025472149;-0,227548483070189;0,0328905677896945
2026-07-07 05:15:00;2026-07-07 05:17:56;"1F";95,5;13,6;13,3;14,1;13,6;13,9;94,7;13,5665303082211;13,59;13,5665712157548;13,2785726599496;13,3450008619647;-0,00999999999999979;-0,0334287842451992;-0,254999138035284;-0,0334696917788566
2026-07-07 05:30:00;2026-07-07 05:32:56;"1F";96,1;13,6;13,2;14,1;13,6;13,9;94,6;13,6332219615176;13,57;13,5932553730623;13,2675232188964;13,3172662532275;-0,0299999999999994;-0,00674462693768341;-0,282733746772502;0,0332219615175955
2026-07-07 05:45:00;2026-07-07 05:47:56;"1F";95,9;13,5;13,1;14;13,5;13,9;94,5;13,5111497197373;13,47;13,4778048038161;13,2564756820666;13,2895329774466;-0,0299999999999994;-0,0221951961838851;-0,210467022553352;0,0111497197373076
2026-07-07 06:00:00;2026-07-07 06:02:55;"1F";96;13,5;13,1;14;13,5;13,9;94,5;13,5222460079443;13,47;13,485572205561;13,2564756820666;13,2895329774466;-0,0299999999999994;-0,0144277944390243;-0,210467022553352;0,0222460079442506
2026-07-07 06:15:00;2026-07-07 06:17:55;"1F";93,9;13,4;13,3;14,1;13,4;13,8;94,4;13,389015003732;13,45;13,4423105026124;13,1459262476702;13,2421483733691;0,0499999999999989;0,0423105026123949;-0,157851626630865;-0,0109849962680055
2026-07-07 06:30:00;2026-07-07 06:32:54;"1F";93,4;13,4;13,3;14,2;13,5;13,9;93,9;13,4329184328939;13,46;13,4830429030257;13,1902302784487;13,2831611949141;-0,0400000000000009;-0,0169570969742754;-0,216838805085896;0,0329184328938918
2026-07-07 06:45:00;2026-07-07 06:47:54;"1F";93,8;13,5;13,3;14,2;13,5;14;93,4;13,4773059660337;13,53;13,5141141762236;13,2343578781306;13,3240505146914;0,0299999999999994;0,0141141762235968;-0,175949485308578;-0,0226940339662889
2026-07-07 07:00:00;2026-07-07 07:02:53;"1F";94,1;13,4;13,3;14,1;13,5;14;93;13,4111785280622;13,45;13,4578249696435;13,1901792074937;13,2931254452456;-0,0500000000000007;-0,0421750303564785;-0,206874554754428;0,0111785280621728
2026-07-07 07:15:00;2026-07-07 07:17:52;"1F";94,1;13,3;13,1;14;13,3;13,9;92,8;13,3117415298992;13,33;13,3382190709295;13,0689559066879;13,1582691346815;0,0299999999999994;0,0382190709294701;-0,141730865318504;0,0117415298992434
2026-07-07 07:30:00;2026-07-07 07:32:51;"1F";94,1;13,3;13,2;14;13,4;13,9;92,7;13,3117415298992;13,35;13,3582190709295;13,0579421139405;13,1705594797583;-0,0499999999999989;-0,04178092907053;-0,229440520241656;0,0117415298992434
2026-07-07 07:45:00;2026-07-07 07:47:50;"1F";94,1;12,8;13,1;13,5;12,9;13,5;92,5;12,8145563007531;12,93;12,9401894105271;12,6396122852494;12,8177285996746;0,0299999999999976;0,0401894105271481;-0,0822714003253999;0,0145563007530711
2026-07-07 08:00:00;2026-07-07 08:02:55;"1F_SUSPEITO";93,8;12,6;12,9;13,3;12,7;13,2;92,5;12,5829755903614;12,73;12,718082913253;12,3423812793413;12,5396668955389;0,0299999999999994;0,0180829132529752;-0,160333104461078;-0,0170244096386067
2026-07-07 08:15:00;2026-07-07 08:17:51;"1F";93,3;12;12,6;12,8;12,2;12,8;92,3;12,0322156758464;12,2;12,2225509730925;11,9245587761463;12,1471911433024;0;0,0225509730924536;-0,0528088566976059;0,0322156758463628
2026-07-07 08:30:00;2026-07-07 08:32:49;"1F";94,2;11,9;12,2;12,6;12;12,5;92,5;11,9303721562216;12,03;12,0512605093551;11,6488416706475;11,8441891694533;0,0299999999999994;0,0512605093551297;-0,155810830546729;0,030372156221615
2026-07-07 08:45:00;2026-07-07 08:47:48;"1F";94,9;11,9;12,2;12,5;12;12,4;92,8;11,9060719835209;12,02;12,0242503884647;11,5817797637357;11,787245834615;0,0199999999999996;0,0242503884646563;-0,212754165385029;0,00607198352093796
2026-07-07 09:30:00;2026-07-07 09:32:47;"1F";91,3;12,1;15,8;13,1;12,9;12,6;93;12,113522213908;12,94;12,9494655497356;11,8015153325326;12,6810607327728;0,0399999999999991;0,0494655497356185;-0,218939267227181;0,0135222139080273
