"horario_alinhado";"data_hora_et";"status";"RU_ET";"bulbo_seco_ET";"globo_ET";"IBUTG_ET";"temperatura_simepar";"umidade_simepar";"bulbo_seco_ET_ajuste_linear_global";"RU_ET_ajuste_linear_global";"conjunto_70_30";"bulbo_seco_ET_ajuste_linear_treino70";"RU_ET_ajuste_linear_treino70";"IBUTG_referencia_simepar_TRH";"IBUTG_recalculado_ET";"IBUTG_ajuste_linear_global";"IBUTG_ajuste_linear_treino70"
2026-06-18 16:00:00;2026-06-18 16:07:10;"1F";63,8;14,1;18,8;12,2;13,7;70,5;13,9040383791095;69,9621022418985;"treino_70";13,8782128525745;70,2961029579978;12,4551063271922;12,2517310701923;12,5684480714856;12,5740519567668
2026-06-18 16:15:00;2026-06-18 16:22:07;"1F";65,6;13,6;17,3;11,7;13,7;70,4;13,4116941124473;71,3307959311314;"treino_70";13,3882616097246;71,6461583593968;12,1476500192893;11,7160343772396;11,999424336229;12,0050618202261
2026-06-18 16:30:00;2026-06-18 16:37:12;"1F_SUSPEITO";67,7;13,4;15,5;11,4;13,3;72,4;13,2147564057824;72,9276052352365;"treino_70";13,1922811125847;73,2212229943622;11,6340242740066;11,3623814833993;11,6083649590873;11,6129584146327
2026-06-18 17:15:00;2026-06-18 17:22:06;"1F";71,6;12,8;12,6;10,6;12,7;75,7;12,6239432857877;75,8931082285745;"treino_70";12,6043396211647;76,1463430307266;10,8398913329082;10,6172198408092;10,7958575531085;10,7993098675191
2026-06-18 17:30:00;2026-06-18 17:37:10;"1F";73,8;12,3;11,5;10,2;12,5;76,3;12,1315990191254;77,5659560709703;"treino_70";12,1143883783148;77,7964107435475;10,510679346786;10,1774776503537;10,3199760972573;10,3233697247605
2026-06-18 17:45:00;2026-06-18 17:52:04;"1F";75,8;12;10,6;9,9;12,1;77,9;11,8361924591281;79,0867268367846;"treino_70";11,8204176326049;79,2964723006574;10,1397829693935;9,91237900719012;10,0221462762302;10,0250299217696
2026-06-18 18:00:00;2026-06-18 18:07:04;"1F";77,2;11,8;10,2;9,8;11,9;79,3;11,6392547524632;80,1512663728546;"treino_70";11,6244371354649;80,3465153906343;10,0066202159534;9,77936399010306;9,86645280248123;9,86896355806072
2026-06-18 18:15:00;2026-06-18 18:22:03;"1F";79,7;11,4;9,8;9,6;11,6;80,7;11,2453793391334;82,0522298301226;"treino_70";11,2324761411849;82,2215923370217;9,7953439139122;9,56962628976978;9,6170382912429;9,61906056206003
2026-06-18 18:30:00;2026-06-18 18:37:03;"1F";81,4;11,1;9,4;9,4;11,2;82,4;10,949972779136;83,3448849810648;"treino_70";10,938505395475;83,4966446605652;9,5265250844834;9,37811170783178;9,39915937289907;9,40097076708622
2026-06-18 18:45:00;2026-06-18 18:52:02;"1F";81,9;10,9;9,1;9,2;10,9;83,4;10,7530350724711;83,7250776725184;"treino_70";10,742524898335;83,8716600498427;9,30416793012744;9,19836739213042;9,21268942024459;9,21483098266257
2026-06-18 19:00:00;2026-06-18 19:07:02;"1F";82,9;10,8;8,9;9,1;10,8;83,9;10,6545662191387;84,4854630554255;"treino_70";10,644534649765;84,6216908283976;9,2216082272685;9,15112396597741;9,14949454274262;9,15126070125518
2026-06-18 19:15:00;2026-06-18 19:22:01;"1F";83,3;10,7;8,8;9,1;10,7;84,6;10,5560973658062;84,7896172085884;"treino_70";10,546544401195;84,9217031398196;9,17301584812324;9,08149089274995;9,07404775031798;9,07587513770338
2026-06-18 19:30:00;2026-06-18 19:37:01;"1F";83,4;10,6;8,6;9;10,6;84,9;10,4576285124738;84,8656557468791;"treino_70";10,4485541526251;84,9967062176751;9,07609169376321;8,97069695951554;8,96250739600243;8,96461382421015
2026-06-18 19:45:00;2026-06-18 19:52:01;"1F";84;10,6;8,6;9;10,5;85,1;10,4576285124738;85,3218869766234;"treino_70";10,4485541526251;85,4467246848081;9,01205210252206;9,01280621489112;8,99452837798723;8,99620230391403
2026-06-18 20:00:00;2026-06-18 20:06:59;"1F";85,2;10,4;8,3;8,9;10,5;85,5;10,2606908058089;86,234349436112;"treino_70";10,2525736554851;86,346761619074;8,98017114248567;8,88093873847017;8,84444624483061;8,84596414321956
2026-06-18 20:15:00;2026-06-18 20:22:01;"1F";85,4;10,4;8,2;8,9;10,3;86,1;10,2606908058089;86,3864265126934;"treino_70";10,2525736554851;86,496767774785;8,8458130507203;8,87496351785397;8,83510289098045;8,83647677412413
2026-06-18 20:30:00;2026-06-18 20:37:00;"1F";86;10,2;8;8,7;10,2;86,5;10,063753099144;86,8426577424378;"treino_70";10,0565931583451;86,946786241918;8,75550418102386;8,7205250249394;8,67265455832719;8,67431164816534
2026-06-18 20:45:00;2026-06-18 20:52:01;"1F";86,1;10,2;8,1;8,7;10,1;86,9;10,063753099144;86,9186962807285;"treino_70";10,0565931583451;87,0217893197735;8,72508918110721;8,7475170181941;8,6979656677908;8,69955104056197
2026-06-18 21:00:00;2026-06-18 21:07:01;"1F";86,4;10,1;8,2;8,7;10,1;87,1;9,96528424581152;87,1468118956006;"treino_70";9,95860290977513;87,24679855334;8,75907569781013;8,71015697169513;8,65663245188968;8,65836146391544
2026-06-18 21:15:00;2026-06-18 21:22:00;"1F";87,5;10;8,3;8,7;10;87,4;9,86681539247907;87,9832358167985;"treino_70";9,86061266120514;88,0718324097505;8,72155230998514;8,72853744578332;8,65761540184201;8,65891704003951
2026-06-18 21:30:00;2026-06-18 21:36:58;"1F";88,2;10;8,2;8,8;9,9;88,1;9,86681539247907;88,5155055848335;"treino_70";9,86061266120514;88,5968539547389;8,67185407023447;8,75748879740447;8,67476074154799;8,67556008072384
2026-06-18 21:45:00;2026-06-18 21:51:56;"1F";88,5;10;8,2;8,8;9,9;88,6;9,86681539247907;88,7436211997057;"treino_70";9,86061266120514;88,8218631883054;8,70678527897038;8,77849768510635;8,69069763484777;8,69128124814629
2026-06-18 22:00:00;2026-06-18 22:06:55;"1F";88,8;9,9;8,2;8,7;9,9;88,9;9,76834653914662;88,9717368145778;"treino_70";9,76262241263516;89,0468724218719;8,72776809748295;8,72077181460509;8,62907008880553;8,62980254014606
2026-06-18 22:15:00;2026-06-18 22:21:57;"1F";89,3;9,9;8,1;8,7;9,8;89,2;9,76834653914662;89,3519295060314;"treino_70";9,76262241263516;89,4218878111494;8,649950008041;8,7357733517119;8,63561043642183;8,63598347390092
2026-06-18 22:30:00;2026-06-18 22:36:54;"1F";89,9;9,8;7,9;8,7;9,8;89,5;9,66987768581417;89,8081607357757;"treino_70";9,66463216406517;89,8719062782824;8,63091950232793;8,65890735085094;8,54978689647023;8,55009507030817
2026-06-18 22:45:00;2026-06-18 22:51:54;"1F";90,4;9,8;8;8,7;9,7;89,9;9,66987768581417;90,1883534272293;"treino_70";9,66463216406517;90,2469216675598;8,59997298299742;8,7139380802534;8,59633089446203;8,59627912380816
2026-06-18 23:00:00;2026-06-18 23:06:53;"1F";91,3;9,7;8,1;8,7;9,7;90,3;9,57140883248171;90,8727002718458;"treino_70";9,56664191549518;90,9219493682593;8,64792800882801;8,71796014574154;8,58630346174647;8,58597252376461
2026-06-18 23:15:00;2026-06-18 23:21:52;"1F";91,9;9,7;8,2;8,8;9,6;90,9;9,57140883248171;91,3289315015901;"treino_70";9,56664191549518;91,3719678353923;8,63082500724965;8,78007881317728;8,63818781904897;8,63742357696984
2026-06-18 23:30:00;2026-06-18 23:36:56;"1F";91;9,9;8,4;8,9;9,7;91,3;9,76834653914662;90,6445846569736;"treino_70";9,76262241263516;90,6969401346928;8,77796014574154;8,91515608488437;8,78606869669584;8,78521392715237
2026-06-18 23:45:00;2026-06-18 23:51:53;"1F";90,4;9,9;8,4;8,9;9,7;91,2;9,76834653914662;90,1883534272293;"treino_70";9,76262241263516;90,2469216675598;8,77094762272981;8,87295422399459;8,75410317169646;8,75368277239379
2026-06-19;2026-06-19 00:06:50;"1F";90,8;9,8;8,3;8,8;9,7;90,9;9,66987768581417;90,4925075803922;"treino_70";9,66463216406517;90,5469339789818;8,72992247545437;8,80199946533738;8,67758762141049;8,67724732810002
2026-06-19 00:15:00;2026-06-19 00:21:53;"1F";91,6;9,7;8;8,7;9,7;90,9;9,57140883248171;91,1008158867179;"treino_70";9,56664191549518;91,1469586018258;8,66992247545437;8,71901014722344;8,58224018944151;8,581692743675
2026-06-19 00:30:00;2026-06-19 00:36:50;"1F";92,1;9,5;7,9;8,6;9,6;91,1;9,37447112581681;91,4810085781715;"treino_70";9,37066141835521;91,5219739911033;8,58480732059936;8,57555375955671;8,43286800908802;8,43270418102131
2026-06-19 00:45:00;2026-06-19 00:51:49;"1F";92,7;9,5;8;8,6;9,4;91,5;9,37447112581681;91,9372398079158;"treino_70";9,37066141835521;91,9719924582363;8,47440822538969;8,63758104826998;8,48466632907917;8,48407037524123
2026-06-19 01:00:00;2026-06-19 01:06:48;"1F";91,9;9,8;8,4;8,9;9,5;91,9;9,66987768581417;91,3289315015901;"treino_70";9,66463216406517;91,3719678353923;8,66156159517991;8,89933740213667;8,75614248331818;8,75500614493206
2026-06-19 01:15:00;2026-06-19 01:21:53;"1F";90,4;10;8,9;9;9,6;91,9;9,86681539247907;90,1883534272293;"treino_70";9,86061266120514;90,2469216675598;8,84082021087152;9,05197035386378;8,93187543534139;8,93108640754301
2026-06-19 01:30:00;2026-06-19 01:36:48;"1F";89,9;9,9;9,1;9;9,7;91,2;9,76834653914662;89,8081607357757;"treino_70";9,76262241263516;89,8719062782824;8,91094762272981;8,97784170458054;8,86749782152525;8,86743854098803
2026-06-19 01:45:00;2026-06-19 01:51:52;"1F_SUSPEITO";89,9;9,8;9;8,9;9,7;90,6;9,66987768581417;89,8081607357757;"treino_70";9,66463216406517;89,8719062782824;8,84891594455682;8,87890735085094;8,76978689647023;8,77009507030817
2026-06-19 02:00:00;2026-06-19 02:06:51;"1F";89,9;9,7;8,7;8,7;9,6;90,4;9,57140883248171;89,8081607357757;"treino_70";9,56664191549518;89,8719062782824;8,69590575098854;8,73997298299741;8,63207595762861;8,63275158599946
2026-06-19 02:15:00;2026-06-19 02:21:47;"1F";89,6;9,8;8,8;8,8;9,6;90,4;9,66987768581417;89,5800451209036;"treino_70";9,66463216406517;89,6468970447159;8,71590575098854;8,81791340667936;8,71387483302104;8,71439859629793
2026-06-19 02:30:00;2026-06-19 02:36:45;"1F";89,4;9,8;8,9;8,8;9,6;90,2;9,66987768581417;89,4279680443221;"treino_70";9,66463216406517;89,4968908890049;8,72195264357757;8,82392763502989;8,72327275778083;8,72394009043839
2026-06-19 02:45:00;2026-06-19 02:51:44;"1F";89,1;9,7;8,8;8,7;9,6;90;9,57140883248171;89,19985242945;"treino_70";9,56664191549518;89,2718816554384;8,68800786707315;8,70416178049926;8,60976640444144;8,61101441227385
2026-06-19 03:00:00;2026-06-19 03:06:44;"1F";88,7;9,8;8,8;8,8;9,6;89,8;9,66987768581417;88,8956982762871;"treino_70";9,66463216406517;88,9718693440164;8,67407141527897;8,75504152630824;8,6662030406988;8,66737187979447
2026-06-19 03:15:00;2026-06-19 03:21:44;"1F";88;9,9;8,9;8,8;9,6;89,5;9,76834653914662;88,3634285082521;"treino_70";9,76262241263516;88,4468477990279;8,67318233268631;8,80487384296345;8,72666680782836;8,7279727179202
2026-06-19 03:30:00;2026-06-19 03:36:43;"1F";87,3;10,1;9,1;8,9;9,8;89,1;9,96528424581152;87,8311587402171;"treino_70";9,95860290977513;87,9218262540395;8,84296424656139;8,95307001858929;8,8844001436291;8,88548382955475
2026-06-19 03:45:00;2026-06-19 03:51:42;"1F";86,9;10,3;9,3;9,1;10;88,6;10,1622219524764;87,5270045870542;"treino_70";10,1545834069151;87,6218139426175;9,00550462020461;9,12195501683732;9,05783202010782;9,05848239986513
2026-06-19 04:00:00;2026-06-19 04:06:42;"1F";86,7;10,5;9,5;9,3;10,2;88,2;10,3591596591413;87,3749275104728;"treino_70";10,3505639040551;87,4718077869065;9,17479374589809;9,30470570437515;9,24179022121682;9,24186554592926
2026-06-19 04:15:00;2026-06-19 04:21:42;"1F";86,4;10,6;9,7;9,4;10,3;87,9;10,4576285124738;87,1468118956006;"treino_70";10,4485541526251;87,24679855334;9,27230411390517;9,40189450526445;9,34299897478208;9,34293316313323
2026-06-19 04:30:00;2026-06-19 04:36:42;"1F";86,8;10,6;9,8;9,4;10,4;87,7;10,4576285124738;87,4509660487635;"treino_70";10,4485541526251;87,546810864762;9,35678740127388;9,45017814616433;9,38447126871194;9,38411396909145
2026-06-19 04:45:00;2026-06-19 04:51:40;"1F";87;10,5;9,8;9,4;10,4;87,9;10,3591596591413;87,6030431253449;"treino_70";10,3505639040551;87,696817020473;9,37090620076696;9,38588113041248;9,31786462843644;9,31772187292415
2026-06-19 05:00:00;2026-06-19 05:06:40;"1F";86,9;10,4;9,8;9,3;10,4;88;10,2606908058089;87,5270045870542;"treino_70";10,2525736554851;87,6218139426175;9,37796844641517;9,30038791181603;9,23516871400716;9,23545888677813
2026-06-19 05:15:00;2026-06-19 05:21:40;"1F";86,9;10,4;9,6;9,3;10,3;87,9;10,2606908058089;87,5270045870542;"treino_70";10,2525736554851;87,6218139426175;9,25230411390517;9,26038791181603;9,19516871400716;9,19545888677813
2026-06-19 05:30:00;2026-06-19 05:36:39;"1F";86,7;10,3;9,6;9,2;10,2;88;10,1622219524764;87,3749275104728;"treino_70";10,1545834069151;87,4718077869065;9,18073064942292;9,16790811250977;9,10716748774251;9,10796223486659
2026-06-19 05:45:00;2026-06-19 05:51:38;"1F";86,9;10,2;9,4;9,1;10,1;87,9;10,063753099144;87,5270045870542;"treino_70";10,0565931583451;87,6218139426175;9,05509989579334;9,06352210661676;9,00049531165068;9,00150589857403
2026-06-19 06:00:00;2026-06-19 06:06:38;"1F";87,1;10,2;9,1;9;10,1;88;10,063753099144;87,6790816636356;"treino_70";10,0565931583451;87,7718200983285;9,00211172877782;9,01754262971972;8,9511390651166;8,95200566323944
2026-06-19 06:15:00;2026-06-19 06:21:37;"1F";87,1;10,2;9,1;9;10,1;88,2;10,063753099144;87,6790816636356;"treino_70";10,0565931583451;87,7718200983285;9,01614127901926;9,01754262971972;8,9511390651166;8,95200566323944
2026-06-19 06:30:00;2026-06-19 06:36:37;"1F";87,1;10,2;9,1;9;10,1;88,2;10,063753099144;87,6790816636356;"treino_70";10,0565931583451;87,7718200983285;9,01614127901926;9,01754262971972;8,9511390651166;8,95200566323944
2026-06-19 06:45:00;2026-06-19 06:51:36;"1F";87,3;10,2;9,1;9;10,1;88,2;10,063753099144;87,8311587402171;"treino_70";10,0565931583451;87,9218262540395;9,01614127901926;9,03157087244238;8,96178736334362;8,96250985535989
2026-06-19 07:00:00;2026-06-19 07:06:38;"1F";87,3;10,2;8,9;9;10,1;88,3;10,063753099144;87,8311587402171;"treino_70";10,0565931583451;87,9218262540395;8,98315899844493;8,99157087244238;8,92178736334362;8,92250985535989
2026-06-19 07:15:00;2026-06-19 07:21:35;"1F";88,9;10,1;8,7;9;10,1;88,5;9,96528424581152;89,0477753528686;"treino_70";9,95860290977513;89,1218754997274;8,95720033128613;8,98530660270701;8,8895504894217;8,88948096514471
2026-06-19 07:30:00;2026-06-19 07:36:34;"1F";89;10,1;8,8;9,1;10;89,1;9,96528424581152;89,1238138911593;"treino_70";9,95860290977513;89,1968785775829;8,94056913532122;9,0123380945645;8,91488219416236;8,91474033922958
2026-06-19 07:45:00;2026-06-19 07:51:35;"1F";88,7;10,4;9,5;9,4;10,1;89,5;10,2606908058089;88,8956982762871;"treino_70";10,2525736554851;88,9718693440164;9,18752514968307;9,3674574028483;9,27157792837311;9,27055918424863
2026-06-19 08:00:00;2026-06-19 08:06:34;"1F";88,8;10,6;10,7;9,8;10,3;89,6;10,4576285124738;88,9717368145778;"treino_70";10,4485541526251;89,0468724218719;9,59233846989721;9,77203999627269;9,67209432612681;9,67027291760414
2026-06-19 08:15:00;2026-06-19 08:21:34;"1F";88,3;10,8;11,8;10,1;10,4;89,8;10,6545662191387;88,5915441231243;"treino_70";10,644534649765;88,6718570325944;9,90541473578693;10,1138431555805;10,0201726751354;10,0179910786789
2026-06-19 08:30:00;2026-06-19 08:36:33;"1F";85,9;11,4;13,4;10,7;10,6;89,6;11,2453793391334;86,766619204147;"treino_70";11,2324761411849;86,8717831640625;10,3689933390162;10,7326731015981;10,6738591640009;10,6712954038812
2026-06-19 08:45:00;2026-06-19 08:51:32;"1F";83,7;11,8;15,3;11,3;11;88,8;11,6392547524632;85,0937713617513;"treino_70";11,6244371354649;85,2217154512416;11,0070500712913;11,2662658967613;11,24162053116;11,2392859110334
2026-06-19 09:00:00;2026-06-19 09:06:32;"1F";81,8;12,4;16,8;11,9;11,3;87,5;12,2300678724579;83,6490391342276;"treino_70";12,2123786268848;83,7966569719872;11,4494874722811;11,8943649472019;11,897465095473;11,894473434009
2026-06-19 09:15:00;2026-06-19 09:21:31;"1F";80,9;12,5;17,6;12,1;11,8;85,9;12,3285367257903;82,9646922896112;"treino_70";12,3103688754548;83,1216292712877;11,8857186624475;12,0659872431459;12,0840522021765;12,0814030532759
2026-06-19 09:30:00;2026-06-19 09:36:30;"1F";80,3;12,7;17,7;12,2;12,1;84,5;12,5254744324552;82,5084610598669;"treino_70";12,5063493725948;82,6716108041547;12,0382157761421;12,1966239718282;12,2236454107595;12,2207692915812
2026-06-19 09:45:00;2026-06-19 09:51:33;"1F";78,4;13,6;19,4;13,1;12,3;83,9;13,4116941124473;81,0637288323433;"treino_70";13,3882616097246;81,2465523249003;12,4902914943416;13,0893774446582;13,1436325072439;13,1391778513198
2026-06-19 10:00:00;2026-06-19 10:06:30;"1F";76,5;13,9;24;14,1;13,1;82,2;13,7071006724446;79,6189966048196;"treino_70";13,6822323554346;79,8214938456459;13,9068781632085;14,0967378531904;14,1834299306397;14,1794832653019
2026-06-19 10:15:00;2026-06-19 10:21:30;"1F";74,3;14,8;24,2;14,6;13,5;81,1;14,5933203524367;77,9461487624238;"treino_70";14,5641445925644;78,1714261328249;14,1747038887342;14,6560208190015;14,7784080248399;14,7732896294269
2026-06-19 10:30:00;2026-06-19 10:36:31;"1F";69,9;16,2;22,7;15;14,6;78,2;15,971884299091;74,6004530776323;"treino_70";15,9360080725442;74,8712907071831;14,5030437996397;15,0701102987908;15,2716978531869;15,2658537868149
2026-06-19 10:45:00;2026-06-19 10:51:29;"1F";66,9;17,3;23,3;15,8;15,8;74,5;17,0550416857479;72,3192969289108;"treino_70";17,0139008068141;72,6211983715182;15,252847691864;15,7701495864672;16,0305656934129;16,0240337877767
2026-06-19 11:15:00;2026-06-19 11:21:54;"1F";58,8;18,7;27,1;16,9;18;67,2;18,4336056324022;66,1601753273627;"treino_70";18,3857642867939;66,545949065223;17,0770783990236;16,8747663363778;17,31212611279;17,3093261262731
2026-06-19 11:30:00;2026-06-19 11:36:34;"1F";56,9;19,4;28;17,4;18,4;65,6;19,1228876057294;64,715443099839;"treino_70";19,0716960267838;65,1208905859686;17,419486250242;17,3936022795902;17,8793421198133;17,8766138401634
2026-06-19 12:00:00;2026-06-19 12:06:26;"1F";55,8;20;29,3;18;19,3;63,8;19,7137007257241;63,8790191786412;"treino_70";19,6596375182037;64,2958567295582;18,1904617291839;17,9859641408928;18,5028485705336;18,499721372794
2026-06-19 12:15:00;2026-06-19 12:21:38;"1F";54,7;20,7;29,2;18,4;19,7;62,8;20,4029826990513;63,0425952574433;"treino_70";20,3455692581936;63,4708228731477;18,3772199552595;18,3658922233414;18,9164064285364;18,912693536873
2026-06-19 12:30:00;2026-06-19 12:36:30;"1F";53,8;20,8;29,9;18,5;20,3;61,5;20,5014515523837;62,3582484128268;"treino_70";20,4435595067636;62,7957951724482;18,8414304491253;18,4927022197848;19,066939144095;19,0639827814923
2026-06-19 13:00:00;2026-06-19 13:06:31;"1F";54,2;20,9;28,7;18,4;20,4;61,6;20,5999204057162;62,6624025659897;"treino_70";20,5415497553336;63,0958074838702;18,683763852926;18,361775585854;18,9269263042801;18,9232694896111
2026-06-19 13:15:00;2026-06-19 13:21:22;"1F";55,2;20,7;28,4;18,2;20,1;61,9;20,4029826990513;63,4227879488969;"treino_70";20,3455692581936;63,8458382624252;18,4308308649198;18,2526736237633;18,7907016145602;18,7864330321293
2026-06-19 13:30:00;2026-06-19 13:36:21;"1F";56,7;20,3;26,8;17,8;20,1;62,7;20,0091072857215;64,5633660232576;"treino_70";19,9536082639137;64,9708844302576;18,1825973091713;17,7842163892872;18,2819195691278;18,2770432912532
2026-06-19 13:45:00;2026-06-19 13:51:21;"1F";57,6;20,3;26;17,7;20;63,7;20,0091072857215;65,2477128678741;"treino_70";19,9536082639137;65,6459121309571;18,0382950996026;17,7067388339577;18,1827661973338;18,1769205730641
2026-06-19 14:00:00;2026-06-19 14:06:20;"1F";57,5;20,5;26;17,8;20;64;20,2060449923864;65,1716743295834;"treino_70";20,1495887610536;65,5709090531016;18,0650290771837;17,8421130299327;18,3220187339702;18,3157501522374
2026-06-19 14:15:00;2026-06-19 14:21:19;"1F";58,1;20,2;25,3;17,5;20,1;63,8;19,910638432389;65,6279055593277;"treino_70";19,8556180153437;66,0209275202346;17,98102949217;17,5400488484141;18,0034219657575;17,9973079854402
2026-06-19 14:30:00;2026-06-19 14:36:19;"1F";59,2;20,2;24,1;17,4;19,9;64,9;19,910638432389;66,4643294805255;"treino_70";19,8556180153437;66,845961376645;17,691038976046;17,4000973828549;17,8374154380622;17,8301326474952
2026-06-19 15:00:00;2026-06-19 15:06:18;"1F";59,3;20,5;25,2;17,9;20,1;65,7;20,2060449923864;66,5403680188163;"treino_70";20,1495887610536;66,9209644545005;18,130425617634;17,847352248214;18,2840681855273;18,2758616967956
2026-06-19 15:15:00;2026-06-19 15:21:17;"1F";59,3;20,5;25;17,8;20,2;65,3;20,2060449923864;66,5403680188163;"treino_70";20,1495887610536;66,9209644545005;18,1289943434545;17,807352248214;18,2440681855273;18,2358616967956
2026-06-19 15:45:00;2026-06-19 15:51:17;"1F";59,5;20,5;24,4;17,7;20,2;65,6;20,2060449923864;66,6924450953977;"treino_70";20,1495887610536;67,0709706102115;18,0357661380929;17,705649043927;18,1376066152172;18,1291861658979
2026-06-19 16:00:00;2026-06-19 16:06:16;"1F";60,5;20,3;23,7;17,5;20,2;65,7;20,0091072857215;67,4528304783049;"treino_70";19,9536082639137;67,8210013887665;17,9046860111317;17,5109027322442;17,9182108077719;17,9092792825203
2026-06-19 16:15:00;2026-06-19 16:21:22;"1F";61,8;19,9;22;17;20;66,4;19,6152318723917;68,4413314760842;"treino_70";19,5616472696337;68,7960414008879;17,4782313216058;16,9951610902801;17,3706380621381;17,3614703258893
2026-06-19 16:30:00;2026-06-19 16:36:15;"1F";63,3;19,7;20,9;16,8;19,7;67,7;19,4182941657268;69,5819095504449;"treino_70";19,3656667724937;69,9210875687204;17,149130504779;16,7615096515089;17,1022955649606;17,0921626781006
2026-06-19 16:45:00;2026-06-19 16:51:15;"1F";65,1;19,3;19,6;16,4;19,5;68,7;19,024418752397;70,9506032396779;"treino_70";18,9737057782138;71,2711429701193;16,8268996314496;16,3640285551567;16,6639759641975;16,6532007073155
2026-06-19 17:00:00;2026-06-19 17:06:14;"1F";65,5;19,4;19,3;16,4;19,3;69,8;19,1228876057294;71,2547573928407;"treino_70";19,0716960267838;71,5711552815413;16,7123084169302;16,4131257790913;16,7043928564616;16,692924279355
2026-06-19 17:15:00;2026-06-19 17:21:13;"1F";68,7;18,8;19;16,2;19,1;71,1;18,5320744857347;73,6879906181437;"treino_70";18,4837545353639;73,9712537729172;16,613816503928;16,1823948753765;16,4044544150524;16,3916653651731
2026-06-19 17:30:00;2026-06-19 17:36:14;"1F";69,6;18,5;18;15,8;18,6;72,9;18,2366679257373;74,3723374627601;"treino_70";18,1897837896539;74,6462814736166;16,1892966392457;15,8340056897328;16,0374583360365;16,0247353335223
2026-06-19 17:45:00;2026-06-19 17:51:11;"1F";72,2;18;17,2;15,5;18,2;73,9;17,7443236590751;76,3493394583188;"treino_70";17,699832546804;76,5963614978595;15,8099354757839;15,5159089177526;15,6666038247738;15,6530137595478
2026-06-19 18:00:00;2026-06-19 18:06:11;"1F";74,2;16,8;16,8;14,7;17,8;75,4;16,5626974190857;77,8701102241331;"treino_70";16,5239495639642;78,0964230549695;15,550409820927;14,6899553949226;14,805094561786;14,7935549859938
2026-06-19 18:15:00;2026-06-19 18:21:10;"1F";77,7;15,5;15,4;13,7;16;78,6;15,2826023257638;80,5314590643082;"treino_70";15,2500763325543;80,7215307799118;14,1509660491718;13,6955585720541;13,7500630377825;13,7397864754651
2026-06-19 18:30:00;2026-06-19 18:36:10;"1F";78,1;15,4;14,8;13,5;15,3;80;15,1841334724314;80,8356132174711;"treino_70";15,1520860839844;81,0215430913338;13,6019048666482;13,5301305876865;13,5776981180443;13,5674195827708
2026-06-19 18:45:00;2026-06-19 18:51:09;"1F";78,3;15,3;14,1;13,3;15,2;80,4;15,0856646190989;80,9876902940525;"treino_70";15,0540958354144;81,1715492470448;13,415940154381;13,3289197852149;13,3733754969061;13,3632654942152
2026-06-19 19:00:00;2026-06-19 19:06:08;"1F";76,9;15,4;14,4;13,3;15,2;80;15,1841334724314;79,9231507579825;"treino_70";15,1520860839844;80,1215061570679;13,4447005680085;13,3561260202926;13,4264524509507;13,41718661933
2026-06-19 19:15:00;2026-06-19 19:21:08;"1F";74,5;15;14,5;12,9;15,1;78,6;14,7902580591016;78,0982258390053;"treino_70";14,7601250897044;78,3214322885359;13,2784939095637;12,8837103419901;13,0014292970176;12,9954935053192
2026-06-19 19:30:00;2026-06-19 19:36:10;"1F";75,4;14,5;14,2;12,5;14,7;77,7;14,2979137924393;78,7825726836217;"treino_70";14,2701738468545;78,9964599892354;12,8414001998592;12,5118055417202;12,6152879964999;12,610247577616
2026-06-19 19:45:00;2026-06-19 19:51:08;"1F";77,1;14;13,6;12,1;14,2;78,8;13,8055695257771;80,0752278345639;"treino_70";13,7802226040046;80,2715123127788;12,4212444419784;12,1386292573861;12,2138180079517;12,2090575177411
2026-06-19 20:15:00;2026-06-19 20:21:05;"1F";79,6;13,6;12,5;11,8;13,6;81,2;13,4116941124473;81,9761912918319;"treino_70";13,3882616097246;82,1465892591662;11,9196342896172;11,7993933173655;11,8319957723903;11,8265891517397
2026-06-19 20:30:00;2026-06-19 20:36:05;"1F";79,8;13,6;12,8;11,9;13,5;82;13,4116941124473;82,1282683684133;"treino_70";13,3882616097246;82,2965954148772;11,9622812551724;11,8744094648886;11,9033985151016;11,8978330815957
2026-06-19 20:45:00;2026-06-19 20:51:05;"1F";79,1;13,6;12,9;11,8;13,4;81,8;13,4116941124473;81,5959986003783;"treino_70";13,3882616097246;81,7715738698888;11,8897210437244;11,841869976813;11,8835000552433;11,8784902736998
2026-06-19 21:00:00;2026-06-19 21:06:06;"1F_SUSPEITO";77,6;13,4;12,8;11,6;13,4;81;13,2147564057824;80,4554205260175;"treino_70";13,1922811125847;80,6465277020563;11,8098111961649;11,5559400467292;11,6258954480862;11,6227452503881
2026-06-19 21:15:00;2026-06-19 21:21:06;"1F_SUSPEITO";76,5;13,3;12,6;11,4;13,2;79,9;13,1162875524499;79,6189966048196;"treino_70";13,0942908640147;79,8214938456459;11,5331750459234;11,3575100905917;11,4477148152357;11,4457608079739
2026-06-19 21:30:00;2026-06-19 21:36:03;"1F";76,7;13,3;12,4;11,3;13,2;79,6;13,1162875524499;79,771073681401;"treino_70";13,0942908640147;79,9715000013569;11,4708733309001;11,3323522441716;11,4189953970782;11,4168849636796
2026-06-19 21:45:00;2026-06-19 21:51:02;"1F";76,5;13,2;12,4;11,2;13,1;79,7;13,0178186991175;79,6189966048196;"treino_70";12,9963006154447;79,8214938456459;11,4011574253141;11,240972062884;11,3317622367554;11,3301403400866
2026-06-19 22:00:00;2026-06-19 22:06:02;"1F";78,6;13;11,9;11,1;13;79,9;12,8208809924526;81,2158059089247;"treino_70";12,8003201183047;81,3965584806113;11,238802958662;11,142720153652;11,1975592452764;11,1949751584524
2026-06-19 22:15:00;2026-06-19 22:21:01;"1F";79,7;12,8;11,4;11;12,8;81,2;12,6239432857877;82,0522298301226;"treino_70";12,6043396211647;82,2215923370217;11,0802253173263;10,9697111302051;11,0065491679656;11,0037934215872
2026-06-19 22:30:00;2026-06-19 22:36:01;"1F";80,8;12,6;11,1;10,8;12,7;82,1;12,4270055791228;82,8886537513205;"treino_70";12,4083591240248;83,0466261934322;11,0090754186451;10,8360228063971;10,8550327541602;10,8521158108808
2026-06-19 22:45:00;2026-06-19 22:50:59;"1F";81,7;12,3;10,5;10,5;12,5;82,5;12,1315990191254;83,5730005959369;"treino_70";12,1143883783148;83,7216538941317;10,7632400504972;10,5495366792891;10,555247679627;10,5526792059887
2026-06-19 23:00:00;2026-06-19 23:05:59;"1F";83,6;11,9;9,9;10,3;12,2;83,1;11,7377236057956;85,0177328234605;"treino_70";11,7224273840349;85,1467123733861;10,4539874842072;10,2568947481354;10,2330401630267;10,2304289309291
2026-06-19 23:15:00;2026-06-19 23:20:58;"1F";84,7;11,6;9,8;10,1;11,9;84,1;11,4423170457983;85,8541567446584;"treino_70";11,4284566383249;85,9717462297966;10,2731493128715;10,0825458407757;10,0424889754994;10,0401104636645
2026-06-19 23:30:00;2026-06-19 23:35:58;"1F";85,4;11,8;9,9;10,3;11,9;85;11,6392547524632;86,3864265126934;"treino_70";11,6244371354649;86,496767774785;10,3585027693461;10,3094135096928;10,2551400507993;10,2515236585265
2026-06-19 23:45:00;2026-06-19 23:50:58;"1F";82,6;12,6;11,1;11;12;85,6;12,4270055791228;84,2573474405534;"treino_70";12,4083591240248;84,3966815948311;10,7203499386325;10,9682598212756;10,9554996851953;10,9511976763164
2026-06-20;2026-06-20 00:05:57;"1F";81,7;12,8;11,6;11,1;12,6;84,4;12,6239432857877;83,5730005959369;"treino_70";12,6043396211647;83,7216538941317;11,2009217887474;11,1571241168324;11,1585580926853;11,1542557674398
2026-06-20 00:15:00;2026-06-20 00:20:57;"1F";81,9;12,8;11,3;11,1;12,7;83,6;12,6239432857877;83,7250776725184;"treino_70";12,6043396211647;83,8716600498427;11,1597663438236;11,1118922932706;11,1097757776228;11,1053184467821
2026-06-20 00:30:00;2026-06-20 00:35:56;"1F";82,2;12,9;11,5;11,3;12,7;83,7;12,7224121391201;83,9531932873905;"treino_70";12,7023298697347;84,0966692834092;11,2071561637544;11,2516620077867;11,243336453085;11,2382983794807
2026-06-20 00:45:00;2026-06-20 00:50:57;"1F";83,2;12,7;11,6;11,2;12,7;84;12,5254744324552;84,7135786702977;"treino_70";12,5063493725948;84,8467000619641;11,2493335439163;11,1902201941754;11,1659064290939;11,1607907197466
2026-06-20 01:15:00;2026-06-20 01:20:54;"1F";84,3;12,6;11,2;11,1;12,6;84,8;12,4270055791228;85,5500025914956;"treino_70";12,4083591240248;85,6717339183746;11,1504614897166;11,1135402669407;11,0706247843876;11,0650094449786
2026-06-20 01:30:00;2026-06-20 01:35:58;"1F";84,6;12,6;11,3;11,1;12,5;85,2;12,4270055791228;85,7781182063677;"treino_70";12,4083591240248;85,8967431519411;11,1218830549888;11,1556889114815;11,1074361369459;11,1015884878394
2026-06-20 01:45:00;2026-06-20 01:50:57;"1F";84,6;12,6;11,4;11,2;12,5;85,5;12,4270055791228;85,7781182063677;"treino_70";12,4083591240248;85,8967431519411;11,1640166450474;11,1756889114815;11,1274361369459;11,1215884878394
2026-06-20 02:00:00;2026-06-20 02:05:52;"1F";84,6;12,5;11,3;11,1;12,5;85,6;12,3285367257903;85,7781182063677;"treino_70";12,3103688754548;85,8967431519411;11,1513973207519;11,0776536271493;11,0303938639103;11,0249006183347
2026-06-20 02:15:00;2026-06-20 02:20:51;"1F";84,4;12,6;11,3;11,1;12,4;85,7;12,4270055791228;85,6260411297863;"treino_70";12,4083591240248;85,7467369962301;11,0805526659365;11,1409217887474;11,0962277433861;11,0905349858958
2026-06-20 02:30:00;2026-06-20 02:35:51;"1F";84,4;12,7;11,6;11,3;12,5;85,6;12,5254744324552;85,6260411297863;"treino_70";12,5063493725948;85,7467369962301;11,2113973207519;11,2789219625386;11,2332441214786;11,2271974753724
2026-06-20 02:45:00;2026-06-20 02:50:51;"1F";84,3;12,7;11,8;11,3;12,6;85,6;12,5254744324552;85,5500025914956;"treino_70";12,5063493725948;85,6717339183746;11,3296067525148;11,3115228595576;11,2676282035777;11,2616592335561
2026-06-20 03:00:00;2026-06-20 03:05:50;"1F";84,6;12,7;11,8;11,3;12,6;85,5;12,5254744324552;85,7781182063677;"treino_70";12,5063493725948;85,8967431519411;11,3222087609328;11,3337241805718;11,284478395652;11,2782763431968
2026-06-20 03:15:00;2026-06-20 03:20:49;"1F";84,5;12,7;11,9;11,3;12,6;85,6;12,5254744324552;85,702079668077;"treino_70";12,5063493725948;85,8217400740856;11,3496067525148;11,3463224020244;11,2988608518254;11,2927365115914
2026-06-20 03:30:00;2026-06-20 03:35:49;"1F";85,2;12,6;11,9;11,3;12,6;85,7;12,4270055791228;86,234349436112;"treino_70";12,4083591240248;86,346761619074;11,3570061324006;11,3200230919841;11,2610811947308;11,2547684236208
2026-06-20 03:45:00;2026-06-20 03:50:48;"1F";85,6;12,6;11,9;11,3;12,5;86,1;12,4270055791228;86,5385035892749;"treino_70";12,4083591240248;86,646773930496;11,3083218974976;11,3496067525148;11,2835278773586;11,2769046484151
2026-06-20 04:00:00;2026-06-20 04:05:48;"1F";86,2;12,5;11,8;11,3;12,5;86,4;12,3285367257903;86,9947348190192;"treino_70";12,3103688754548;87,096792397629;11,3104936855516;11,2957110687468;11,2199754745753;11,2132444476368
2026-06-20 04:15:00;2026-06-20 04:20:47;"1F";86,7;12,5;11,6;11,3;12,4;86,7;12,3285367257903;87,3749275104728;"treino_70";12,3103688754548;87,4718077869065;11,2142798384922;11,292678330647;11,2080144144947;11,200895553652
2026-06-20 04:30:00;2026-06-20 04:35:49;"1F";86,5;12,6;11,6;11,3;12,4;87;12,4270055791228;87,2228504338914;"treino_70";12,4083591240248;87,3218016311955;11,2364262934323;11,3562514349098;11,2740819610366;11,2667590831618
2026-06-20 04:45:00;2026-06-20 04:50:46;"1F";87;12,6;11,8;11,4;12,5;87,1;12,4270055791228;87,6030431253449;"treino_70";12,4083591240248;87,696817020473;11,3622779624655;11,4333254797619;11,3421971102306;11,3344848594193
2026-06-20 05:00:00;2026-06-20 05:05:46;"1F";87,8;12,6;11,9;11,5;12,6;87,5;12,4270055791228;88,2113514316707;"treino_70";12,4083591240248;88,2968416433169;11,4904350455949;11,5127179516995;11,4072256075761;11,3988893339441
2026-06-20 05:15:00;2026-06-20 05:20:46;"1F";87,8;12,7;12;11,6;12,6;87,9;12,5254744324552;88,2113514316707;"treino_70";12,5063493725948;88,2968416433169;11,5401484614238;11,6113028846514;11,5046753368957;11,4959766491895
2026-06-20 05:30:00;2026-06-20 05:35:45;"1F";87,7;12,7;11,9;11,6;12,6;88,1;12,5254744324552;88,13531289338;"treino_70";12,5063493725948;88,2218385654614;11,5350138055145;11,5838569667339;11,4790312346319;11,4704108635445
2026-06-20 05:45:00;2026-06-20 05:50:47;"1F";88,1;12,7;12;11,6;12,6;88,2;12,5254744324552;88,4394670465428;"treino_70";12,5063493725948;88,5218508768834;11,562448644219;11,6336491542717;11,5216127225077;11,5126789668877
2026-06-20 06:00:00;2026-06-20 06:05:43;"1F";88,5;12,6;11,9;11,6;12,6;88,4;12,4270055791228;88,7436211997057;"treino_70";12,4083591240248;88,8218631883054;11,557322665726;11,564761852814;11,4466705499747;11,4377872050479
2026-06-20 06:15:00;2026-06-20 06:20:42;"1F";88,1;12,6;11,8;11,5;12,5;88,5;12,4270055791228;88,4394670465428;"treino_70";12,4083591240248;88,5218508768834;11,4660595587826;11,5150138055145;11,4041254191556;11,3955548074979
2026-06-20 06:30:00;2026-06-20 06:35:42;"1F";88,8;12,6;11,8;11,6;12,5;88,5;12,4270055791228;88,9717368145778;"treino_70";12,4083591240248;89,0468724218719;11,4660595587826;11,5670881449483;11,4435884660796;11,4344703577914
2026-06-20 06:45:00;2026-06-20 06:50:42;"1F";90,1;12,5;11,7;11,6;12,5;88,8;12,3285367257903;89,9602378123571;"treino_70";12,3103688754548;90,0219124339934;11,4683358677508;11,5650212104822;11,419254720047;11,4094850825924
2026-06-20 07:00:00;2026-06-20 07:05:42;"1F";90,2;12,5;11,6;11,5;12,5;89,1;12,3285367257903;90,0362763506479;"treino_70";12,3103688754548;90,0969155118488;11,4706255007495;11,5524690347112;11,4048948312013;11,3950468635418
2026-06-20 07:15:00;2026-06-20 07:20:41;"1F";90,5;12,5;11,8;11,6;12,4;89,4;12,3285367257903;90,26439196552;"treino_70";12,3103688754548;90,3219247454153;11,4540768054557;11,6148215658754;11,4618205080999;11,4517374212507
2026-06-20 07:30:00;2026-06-20 07:35:40;"1F";89,8;12,7;12;11,8;12,5;89,7;12,5254744324552;89,732122197485;"treino_70";12,5063493725948;89,7969032004269;11,595244959038;11,7605218943293;11,6177362306211;11,6074670271547
2026-06-20 07:45:00;2026-06-20 07:50:40;"1F";88,1;12,7;12,2;11,7;12,5;89,5;12,5254744324552;88,4394670465428;"treino_70";12,5063493725948;88,5218508768834;11,620365833025;11,6736491542717;11,5616127225077;11,5526789668877
2026-06-20 08:00:00;2026-06-20 08:05:40;"1F";88,8;12,7;12,3;11,7;12,5;89,2;12,5254744324552;88,9717368145778;"treino_70";12,5063493725948;89,0468724218719;11,6180583488746;11,7458404087202;11,6211630338167;11,6116800921349
2026-06-20 08:15:00;2026-06-20 08:20:41;"1F";89,4;12,8;12,4;11,9;12,5;89,3;12,6239432857877;89,4279680443221;"treino_70";12,6043396211647;89,4968908890049;11,6454926856167;11,8894835564;11,7527455361344;11,7424248147038
2026-06-20 08:30:00;2026-06-20 08:35:38;"1F";89,5;12,9;12,7;12;12,6;89,6;12,7224121391201;89,5040065826129;"treino_70";12,7023298697347;89,5718939668604;11,8066893195527;12,0358385267683;11,8960777333393;11,8853116142274
2026-06-20 08:45:00;2026-06-20 08:50:38;"1F";89,6;12,9;12,8;12;12,7;89,7;12,7224121391201;89,5800451209036;"treino_70";12,7023298697347;89,6468970447159;11,913047206998;12,0633432565667;11,9217618799645;11,9109166097287
2026-06-20 09:00:00;2026-06-20 09:05:37;"1F";91;13;12,9;12,3;12,8;90,1;12,8208809924526;90,6445846569736;"treino_70";12,8003201183047;90,6969401346928;12,0419214683303;12,2676724056557;12,0992736037421;12,0869481133326
2026-06-20 09:15:00;2026-06-20 09:20:37;"1F";92,6;12,9;12,9;12,3;12,9;90,7;12,7224121391201;91,8612012696251;"treino_70";12,7023298697347;91,8969893803807;12,1659892392302;12,3091532104851;12,1126805892219;12,099451457719
2026-06-20 09:30:00;2026-06-20 09:35:36;"1F";93,6;12,9;12,9;12,4;12,8;91,4;12,7224121391201;92,6215866525323;"treino_70";12,7023298697347;92,6470201589357;12,1394947959236;12,3847160403725;12,1698254662089;12,1557975929392
2026-06-20 09:45:00;2026-06-20 09:50:36;"1F";94,3;13;13;12,5;12,9;92,1;12,8208809924526;93,1538564205673;"treino_70";12,8003201183047;93,1720417039242;12,2914273176351;12,5373361329834;12,3081197708124;12,2931540431362
2026-06-20 10:00:00;2026-06-20 10:05:35;"1F";94,7;13;13,1;12,6;12,9;92,6;12,8208809924526;93,4580105737301;"treino_70";12,8003201183047;93,4720540153462;12,3491532104851;12,5877073634152;12,3510739144542;12,3357866194189
2026-06-20 10:15:00;2026-06-20 10:20:34;"1F";94,9;13;12,9;12,6;12,9;92,9;12,8208809924526;93,6100876503116;"treino_70";12,8003201183047;93,6220601710572;12,331806460061;12,5629019590907;12,3225562154359;12,3071080090618
2026-06-20 10:30:00;2026-06-20 10:35:34;"1F";95,2;13,1;13;12,7;12,9;93,2;12,919349845785;93,8382032651838;"treino_70";12,8983103668747;93,8470694046237;12,3744730579872;12,685481701838;12,4381330740436;12,4220639002091
2026-06-20 10:45:00;2026-06-20 10:50:34;"1F";95,8;13,2;13,1;12,8;13;93,5;13,0178186991175;94,2944344949281;"treino_70";12,9963006154447;94,2970878717566;12,4966651072452;12,8310895707396;12,5711038806388;12,5541690390268
2026-06-20 11:00:00;2026-06-20 11:05:33;"1F";96,4;13,2;13;12,9;13,1;93,8;13,0178186991175;94,7506657246724;"treino_70";12,9963006154447;94,7471063388896;12,5789647302907;12,8569742150881;12,5857588040596;12,5683369777038
2026-06-20 11:15:00;2026-06-20 11:20:32;"1F";96,3;13,3;13;12,9;13,2;94,1;13,1162875524499;94,6746271863816;"treino_70";13,0942908640147;94,6721032610341;12,6813714797008;12,9292680192789;12,6584559603881;12,6407335441157
2026-06-20 11:30:00;2026-06-20 11:35:32;"1F";96,4;13,4;13,2;13,1;13,2;94,2;13,2147564057824;94,7506657246724;"treino_70";13,1922811125847;94,7471063388896;12,7289902620209;13,0568945436297;12,7827322651815;12,7645463986348
2026-06-20 11:45:00;2026-06-20 11:50:31;"1F";96,6;13,5;13,3;13,2;13,4;94,4;13,3132252591148;94,9027428012538;"treino_70";13,2902713611546;94,8971124946006;12,9235376260735;13,1722525592647;12,8928470487147;12,8741153880974
2026-06-20 12:00:00;2026-06-20 12:05:30;"1F";96,1;13,3;13,3;13;13,4;94,5;13,1162875524499;94,5225501098002;"treino_70";13,0942908640147;94,5220971053231;12,9311918565956;12,9739397064433;12,7068793612662;12,6893197428542
2026-06-20 12:15:00;2026-06-20 12:20:31;"1F";96,1;13;12,8;12,6;13;94,4;12,8208809924526;94,5225501098002;"treino_70";12,8003201183047;94,5220971053231;12,5049266999962;12,6341961558647;12,3715236297715;12,35510815024
2026-06-20 12:30:00;2026-06-20 12:35:30;"1F";96,3;12,9;12,7;12,5;12,9;94,6;12,7224121391201;94,6746271863816;"treino_70";12,7023298697347;94,6721032610341;12,4204284865404;12,5494880912934;12,2845553584682;12,2683601705165
2026-06-20 12:45:00;2026-06-20 12:50:29;"1F";96,6;13;12,8;12,7;12,8;94,7;12,8208809924526;94,9027428012538;"treino_70";12,8003201183047;94,8971124946006;12,3683086857225;12,6722999376867;12,400297504859;12,3834780721869
2026-06-20 13:00:00;2026-06-20 13:05:28;"1F";96,6;13,4;13,1;13,1;13;95;13,2147564057824;94,9027428012538;"treino_70";13,1922811125847;94,8971124946006;12,6105015083342;13,05226205604;12,7743371614804;12,7559879462598
2026-06-20 13:15:00;2026-06-20 13:20:30;"1F";95,6;13,5;13,3;13,1;13,3;95;13,3132252591148;94,1423574183466;"treino_70";13,2902713611546;94,1470817160456;12,8897386734981;13,0953206743828;12,8347399905964;12,8168263931823
2026-06-20 13:30:00;2026-06-20 13:35:27;"1F";95,8;13,4;13,3;13;13,3;94,8;13,2147564057824;94,2944344949281;"treino_70";13,1922811125847;94,2970878717566;12,8744483089684;13,0308269284048;12,7679378099534;12,7502414965325
2026-06-20 13:45:00;2026-06-20 13:50:30;"1F";95,4;13,3;13;12,9;13,1;94,7;13,1162875524499;93,9902803417652;"treino_70";13,0942908640147;93,9970755603347;12,6474066854386;12,8603368097002;12,6063880603109;12,5893975809697
2026-06-20 14:00:00;2026-06-20 14:05:28;"1F";95,5;13,2;12,7;12,7;13;94,7;13,0178186991175;94,0663188800559;"treino_70";12,9963006154447;94,0720786381901;12,5077073634152;12,7281672782361;12,4737880392274;12,4570964056515
2026-06-20 14:30:00;2026-06-20 14:35:27;"1F";96,9;11,4;11,3;11,1;11,6;94,3;11,2453793391334;95,1308584161259;"treino_70";11,2324761411849;95,1221217281671;11,0824143038687;11,1146039633368;10,8608571790662;10,8499244287557
2026-06-20 14:45:00;2026-06-20 14:50:27;"1F";97,1;11,2;11;10,9;11,3;94,6;11,0484416324685;95,2829354927074;"treino_70";11,036495644045;95,2721278838781;10,8054857027207;10,9092498767782;10,6548733956445;10,6445525443161
2026-06-20 15:00:00;2026-06-20 15:05:27;"1F";97,4;11,2;10,9;10,9;11,3;94,8;11,0484416324685;95,5110511075795;"treino_70";11,036495644045;95,4971371174446;10,800150400444;10,9113410308806;10,6515401931072;10,6409877311117
2026-06-20 15:15:00;2026-06-20 15:20:23;"1F";97,4;11,1;10,9;10,8;11,1;94,8;10,949972779136;95,5110511075795;"treino_70";10,938505395475;95,4971371174446;10,6407203560569;10,8312295592092;10,5729377733313;10,5627694477853
2026-06-20 15:30:00;2026-06-20 15:35:23;"1F";97,3;11,2;11;10,9;11,1;94,9;11,0484416324685;95,4350125692888;"treino_70";11,036495644045;95,4221340395891;10,6680244751545;10,9239754611251;10,6659835192271;10,6555082887342
2026-06-20 15:45:00;2026-06-20 15:50:22;"1F";97,4;11,2;11,1;11;11,2;95;11,0484416324685;95,5110511075795;"treino_70";11,036495644045;95,4971371174446;10,775076387555;10,9513410308806;10,6915401931072;10,6809877311117
2026-06-20 16:00:00;2026-06-20 16:05:22;"1F";97,3;11,3;11,4;11,1;11,2;95,1;11,1469104858009;95,4350125692888;"treino_70";11,134485892615;95,4221340395891;10,8423996293603;11,0840718923841;10,8245744286672;10,8137152717936
2026-06-20 16:15:00;2026-06-20 16:20:21;"1F";97,2;11,4;11,4;11,1;11,2;95,1;11,2453793391334;95,3589740309981;"treino_70";11,2324761411849;95,3471309617336;10,8423996293603;11,1567745016254;10,8975867093303;10,886421250303
2026-06-20 16:30:00;2026-06-20 16:35:20;"1F";97,2;11,4;11,4;11,2;11,3;95,1;11,2453793391334;95,3589740309981;"treino_70";11,2324761411849;95,3471309617336;10,9221610006472;11,1567745016254;10,8975867093303;10,886421250303
2026-06-20 16:45:00;2026-06-20 16:50:20;"1F";97;11,3;11,3;11;11,2;95;11,1469104858009;95,2068969544167;"treino_70";11,134485892615;95,1971248060226;10,815076387555;11,0419410995901;10,7878762960999;10,7772492979221
2026-06-20 17:00:00;2026-06-20 17:05:22;"1F";96,5;11,5;11,1;11,1;11,3;95,1;11,3438481924658;94,8267042629631;"treino_70";11,3304663897549;94,8221094167451;10,8621610006472;11,1250441767848;10,8770643991131;10,8660593111967
2026-06-20 17:15:00;2026-06-20 17:20:19;"1F";95,8;11,6;13;11,5;11,4;94,9;11,4423170457983;94,2944344949281;"treino_70";11,4284566383249;94,2970878717566;11,3072159331423;11,5331891326659;11,2964308440154;11,2855877916708
2026-06-20 17:30:00;2026-06-20 17:35:18;"1F";95,5;11,5;12,7;11,4;11,4;94,8;11,3438481924658;94,0663188800559;"treino_70";11,3304663897549;94,0720786381901;11,2398654050419;11,371179636187;11,1412932200855;11,1310631224342
2026-06-20 17:45:00;2026-06-20 17:50:17;"1F";95,8;11,3;11;10,9;11,2;94,7;11,1469104858009;94,2944344949281;"treino_70";11,134485892615;94,2970878717566;10,7331176202088;10,8935824823433;10,6611793263473;10,6514784875056
2026-06-20 18:00:00;2026-06-20 18:05:17;"1F";96,4;10,9;9,9;10,4;11,1;94,5;10,7530350724711;94,7506657246724;"treino_70";10,742524898335;94,7471063388896;10,4188190515135;10,3978873202678;10,1605608225004;10,151925487252
2026-06-20 18:15:00;2026-06-20 18:20:16;"1F";96,8;10,3;8,9;9,7;10,7;94,3;10,1622219524764;95,0548198778352;"treino_70";10,1545834069151;95,0471186503116;9,88567762805028;9,74698564234984;9,51141639739877;9,50477275576149
2026-06-20 18:30:00;2026-06-20 18:35:16;"1F";97,3;10,2;8,6;9,6;10,4;94,6;10,063753099144;95,4350125692888;"treino_70";10,0565931583451;95,4221340395891;9,60832906944621;9,64301054075244;9,40007380138086;9,39343784033315
2026-06-20 18:45:00;2026-06-20 18:50:16;"1F";97,4;10,1;8,3;9,5;10,3;94,8;9,96528424581152;95,5110511075795;"treino_70";9,95860290977513;95,4971371174446;9,48299970437978;9,51011423471251;9,26691295173142;9,26058599631299
2026-06-20 19:00:00;2026-06-20 19:05:15;"1F";97,6;9,9;8,1;9,3;10,2;94,8;9,76834653914662;95,6631281841609;"treino_70";9,76262241263516;95,6471432731556;9,36328456902193;9,32423764348673;9,08052584647216;9,07481806600355
2026-06-20 19:15:00;2026-06-20 19:20:14;"1F";97,7;9,9;8;9,3;10;95;9,76834653914662;95,7391667224517;"treino_70";9,76262241263516;95,7221463510111;9,19812421491726;9,31141406329779;9,06593665628437;9,06015427743168
2026-06-20 19:30:00;2026-06-20 19:35:16;"1F";97,8;9,9;8,1;9,3;10;95,2;9,76834653914662;95,8152052607424;"treino_70";9,76262241263516;95,7971494288665;9,2324023396324;9,33859256113696;9,09134867405455;9,0854916646555
2026-06-20 19:45:00;2026-06-20 19:50:14;"1F";97,9;10,1;8,3;9,5;10,1;95,4;9,96528424581152;95,8912437990331;"treino_70";9,95860290977513;95,8721525067221;9,36649634738611;9,54614611401496;9,29408168671915;9,2873796492684
2026-06-20 20:00:00;2026-06-20 20:05:13;"1F";98;10,5;8,8;10;10,3;95,5;10,3591596591413;95,9672823373238;"treino_70";10,3505639040551;95,9471555845775;9,6333040272462;9,97416414935563;9,71420418704993;9,705885476927
2026-06-20 20:15:00;2026-06-20 20:20:12;"1F";97,8;10,4;9,1;9,9;10,4;95,4;10,2606908058089;95,8152052607424;"treino_70";10,2525736554851;95,7971494288665;9,76591939257727;9,93945020072821;9,68459081344421;9,67680893334149
2026-06-20 20:30:00;2026-06-20 20:35:11;"1F";96,9;10,4;9,1;9,9;10,3;95,4;10,2606908058089;95,1308584161259;"treino_70";10,2525736554851;95,1221217281671;9,68611172271105;9,87424216300609;9,63540866679672;9,62830675313375
2026-06-20 20:45:00;2026-06-20 20:50:11;"1F";97;10,3;9,3;9,8;10,2;95,3;10,1622219524764;95,2068969544167;"treino_70";10,1545834069151;95,1971248060226;9,63912910828689;9,8414282039038;9,6023122721899;9,59551822421457
2026-06-20 21:00:00;2026-06-20 21:05:10;"1F_SUSPEITO";97,1;10,3;9,4;9,9;10,3;95,4;10,1622219524764;95,2829354927074;"treino_70";10,1545834069151;95,2721278838781;9,74611172271105;9,86865249128882;9,62776195730349;9,62089265997813
2026-06-20 21:15:00;2026-06-20 21:20:09;"1F";97,1;10,3;9,3;9,8;10,3;95,3;10,1622219524764;95,2829354927074;"treino_70";10,1545834069151;95,2721278838781;9,71892141043155;9,84865249128882;9,60776195730349;9,60089265997813
2026-06-20 21:30:00;2026-06-20 21:35:09;"1F";97,1;9,9;8,2;9,3;10;95,1;9,76834653914662;95,2829354927074;"treino_70";9,76262241263516;95,2721278838781;9,24526225544165;9,30838669420504;9,07348990733659;9,06815463675572
2026-06-20 21:45:00;2026-06-20 21:50:09;"1F";97,4;9,9;8;9,3;9,9;95,3;9,76834653914662;95,5110511075795;"treino_70";9,76262241263516;95,4971371174446;9,13975213019418;9,28989103559955;9,049707849646;9,0441491695044
2026-06-20 22:00:00;2026-06-20 22:05:08;"1F";97,4;9,2;7,6;8,6;9,6;95;9,07906456581946;95,5110511075795;"treino_70";9,07669067264526;95,4971371174446;8,7991397733511;8,64910948011473;8,41948962424461;8,4166199109455
2026-06-20 22:15:00;2026-06-20 22:20:07;"1F";97,5;9,2;7,5;8,6;9,5;95,5;9,07906456581946;95,5870896458702;"treino_70";9,07669067264526;95,5721401953001;8,73471934588515;8,63617666311323;8,4048175990276;8,40187481910947
2026-06-20 22:30:00;2026-06-20 22:35:07;"1F";97,9;9,9;8,7;9,5;9,7;95,7;9,76834653914662;95,8912437990331;"treino_70";9,76262241263516;95,8721525067221;9,14857215779859;9,46577313758731;9,21676190005011;9,21083022793107
2026-06-20 22:45:00;2026-06-20 22:50:06;"1F";98;9,9;9,1;9,5;9,9;95,7;9,76834653914662;95,9672823373238;"treino_70";9,76262241263516;95,9471555845775;9,38827969142316;9,55295579322844;9,30217633453726;9,29616996751331
2026-06-20 23:00:00;2026-06-20 23:05:06;"1F";98;9,9;9,1;9,5;9,9;95,7;9,76834653914662;95,9672823373238;"treino_70";9,76262241263516;95,9471555845775;9,38827969142316;9,55295579322844;9,30217633453726;9,29616996751331
2026-06-20 23:15:00;2026-06-20 23:20:06;"1F";98;9,7;8,6;9,3;9,8;95,6;9,57140883248171;95,9672823373238;"treino_70";9,56664191549518;95,9471555845775;9,20130626948454;9,29255291903968;9,044833625524;9,0395980403524
2026-06-20 23:30:00;2026-06-20 23:35:04;"1F";98;9,5;8,2;9;9,6;95,6;9,37447112581681;95,9672823373238;"treino_70";9,37066141835521;95,9471555845775;8,96162936389722;9,05215000003136;8,80749087032859;8,80302606742481
2026-06-20 23:45:00;2026-06-20 23:50:04;"1F";98,1;9,7;7,9;9,2;9,6;95,9;9,57140883248171;96,0433208756145;"treino_70";9,56664191549518;96,022158662433;8,92290274851369;9,15970783531972;8,91022641254308;8,90491651574593
2026-06-21;2026-06-21 00:05:04;"1F";98,1;9,7;8,4;9,3;9,7;95,9;9,57140883248171;96,0433208756145;"treino_70";9,56664191549518;96,022158662433;9,10278713193116;9,25970783531972;9,01022641254308;9,00491651574593
2026-06-21 00:30:00;2026-06-21 00:35:03;"1F";98,2;9,6;8,4;9,2;9,6;95,9;9,47293997914926;96,1193594139053;"treino_70";9,4686516669252;96,0971617402885;9,02290274851369;9,18663360982821;8,9369262107227;8,93192777570378
2026-06-21 00:45:00;2026-06-21 00:50:02;"1F";98,2;9,6;8,6;9,2;9,6;96;9,47293997914926;96,1193594139053;"treino_70";9,4686516669252;96,0971617402885;9,06999811587984;9,22663360982821;8,9769262107227;8,97192777570378
2026-06-21 01:00:00;2026-06-21 01:05:02;"1F";98,3;9,7;8,9;9,4;9,6;96,1;9,57140883248171;96,195397952196;"treino_70";9,56664191549518;96,172164818144;9,13709560373604;9,37402401102332;9,12101567407334;9,11555705550449
2026-06-21 01:15:00;2026-06-21 01:20:01;"1F";98,2;9,3;8,3;8,9;9,6;96;9,17753341915191;96,1193594139053;"treino_70";9,17468092121524;96,0971617402885;9,00999811587985;8,92593977470775;8,68084348764821;8,6770024719724
2026-06-21 01:30:00;2026-06-21 01:35:01;"1F";98,2;9,2;7,7;8,7;9,3;95,9;9,07906456581946;96,1193594139053;"treino_70";9,07669067264526;96,0971617402885;8,64324952660258;8,72570847384105;8,48214922341629;8,47869401439663
2026-06-21 01:45:00;2026-06-21 01:50:00;"1F";98,2;9,1;7,6;8,6;9,1;96;8,98059571248701;96,1193594139053;"treino_70";8,97870042407527;96,0971617402885;8,47049965571167;8,62547716167535;8,38345494752649;8,38038554526792
2026-06-21 02:00:00;2026-06-21 02:05:00;"1F";98,2;8,9;7,1;8,4;8,9;96;8,78365800582211;96,1193594139053;"treino_70";8,7827199269353;96,0971617402885;8,21070018748445;8,36501450332033;8,12606636064191;8,12376857222221
2026-06-21 02:15:00;2026-06-21 02:19:59;"1F";98,2;8,6;6,7;8;8,7;96,1;8,48825144582476;96,1193594139053;"treino_70";8,48874918122534;96,0971617402885;7,9778608634907;8,04432043025099;7,809983392057;7,80884302519399
2026-06-21 02:30:00;2026-06-21 02:34:58;"1F";98,2;8,4;6,6;7,9;8,6;96,1;8,29131373915986;96,1193594139053;"treino_70";8,29276868408537;96,0971617402885;7,87794583200801;7,86385765747248;7,63259468710664;7,63222593515234
2026-06-21 02:45:00;2026-06-21 02:49:59;"1F";98,2;8,3;6,1;7,7;8,3;95,9;8,19284488582741;96,1193594139053;"treino_70";8,19477843551539;96,0971617402885;7,52440466683384;7,68362625376653;7,45390031676272;7,45391737242542
2026-06-21 03:00:00;2026-06-21 03:04:57;"1F";98,2;8,1;6,1;7,5;8,3;96,3;7,99590717916251;96,1193594139053;"treino_70";7,99879793837542;96,0971617402885;7,55200606108306;7,52316341155838;7,29651154016839;7,29730021139273
2026-06-21 03:15:00;2026-06-21 03:19:56;"1F";98,2;7,9;5,8;7,3;8;96,1;7,79896947249761;96,1193594139053;"treino_70";7,80281744123544;96,0971617402885;7,23845538577075;7,30270052273659;7,07912271547198;7,08068300269791
2026-06-21 03:30:00;2026-06-21 03:34:56;"1F";98,1;7,6;5,7;7;7,8;96;7,50356291250026;96,0433208756145;"treino_70";7,50884669552549;96,022158662433;7,05180223769584;7,0351618085345;6,81788514505094;6,82067284583128
2026-06-21 03:45:00;2026-06-21 03:49:56;"1F";98,1;7,4;5,5;6,8;7,6;96,3;7,30662520583536;96,0433208756145;"treino_70";7,31286619838552;96,022158662433;6,87238704251358;6,83472858578885;6,6205190338656;6,62407793694487
2026-06-21 04:00:00;2026-06-21 04:04:56;"1F";98,2;7,7;5,4;7,1;7,7;96,5;7,60203176583271;96,1193594139053;"treino_70";7,60683694409547;96,0971617402885;6,94596513280946;7,06223758703712;6,84173384239951;6,84406574607077
2026-06-21 04:15:00;2026-06-21 04:19:55;"1F";98,4;8,9;7,4;8,4;8,2;96,9;8,78365800582211;96,2714364904867;"treino_70";8,7827199269353;96,2471678959995;7,77344216801951;8,4390970348497;8,19667563408536;8,1942323693779
2026-06-21 04:30:00;2026-06-21 04:34:54;"1F";98,4;9,1;8,4;8,8;8,9;97;8,98059571248701;96,2714364904867;"treino_70";8,97870042407527;96,2471678959995;8,5407082390448;8,79961916135563;8,55410983240719;8,55089412607081
2026-06-21 04:45:00;2026-06-21 04:49:54;"1F";98,5;9,3;8,7;9;9,1;96,8;9,17753341915191;96,3474750287774;"treino_70";9,17468092121524;96,322170973855;8,74673122881927;9,02724525126058;8,77689613694593;8,77283437228884
2026-06-21 05:00:00;2026-06-21 05:04:53;"1F";98,5;9,4;8,9;9,1;9,2;96,8;9,27600227248436;96,3474750287774;"treino_70";9,27267116978523;96,322170973855;8,86675249398258;9,14752111702862;8,89562458340568;8,89117639181813
2026-06-21 05:15:00;2026-06-21 05:19:53;"1F";98,6;9,6;9,1;9,3;9,4;96,8;9,47293997914926;96,4235135670681;"treino_70";9,4686516669252;96,3971740517105;9,06679498908464;9,35522348236896;9,09846899851471;9,09317368363504
2026-06-21 05:30:00;2026-06-21 05:34:54;"1F";98,6;9,7;9,3;9,5;9,6;96,8;9,57140883248171;96,4235135670681;"treino_70";9,56664191549518;96,3971740517105;9,26683743744128;9,47551413996009;9,2172087885761;9,21152684090261
2026-06-21 05:45:00;2026-06-21 05:49:51;"1F";98,6;9,8;9,3;9,6;9,6;96,8;9,66987768581417;96,4235135670681;"treino_70";9,66463216406517;96,3971740517105;9,26683743744128;9,55580478653154;9,2959485672404;9,28987998687369
2026-06-21 06:00:00;2026-06-21 06:04:53;"1F";98,6;9,8;9,3;9,6;9,7;96,8;9,66987768581417;96,4235135670681;"treino_70";9,66463216406517;96,3971740517105;9,34685864417236;9,55580478653154;9,2959485672404;9,28987998687369
2026-06-21 06:15:00;2026-06-21 06:19:53;"1F_SUSPEITO";98,6;9,9;9,4;9,7;9,7;96,8;9,76834653914662;96,4235135670681;"treino_70";9,76262241263516;96,3971740517105;9,36685864417236;9,65609542211377;9,39468833453933;9,38823312157953
2026-06-21 06:30:00;2026-06-21 06:34:50;"1F";98,6;9,9;9,4;9,7;9,8;96,8;9,76834653914662;96,4235135670681;"treino_70";9,76262241263516;96,3971740517105;9,44687983931559;9,65609542211377;9,39468833453933;9,38823312157953
2026-06-21 06:45:00;2026-06-21 06:49:50;"1F";98,5;9,9;9,4;9,6;9,6;96,7;9,76834653914662;96,3474750287774;"treino_70";9,76262241263516;96,322170973855;9,27972509120516;9,64890027934539;9,38926664357962;9,38288631886739
2026-06-21 07:00:00;2026-06-21 07:04:49;"1F";98,4;9,9;9,4;9,6;9,7;96,7;9,76834653914662;96,2714364904867;"treino_70";9,76262241263516;96,2471678959995;9,35973116525853;9,64170721917456;9,38384616268357;9,37754069396767
2026-06-21 07:15:00;2026-06-21 07:19:48;"1F";98,3;10;9,4;9,7;9,8;96,7;9,86681539247907;96,195397952196;"treino_70";9,86061266120514;96,172164818144;9,43973722769135;9,71476233946042;9,45713248322486;9,45051582522171
2026-06-21 07:30:00;2026-06-21 07:34:48;"1F";98,2;10;9,6;9,7;9,8;96,7;9,86681539247907;96,1193594139053;"treino_70";9,86061266120514;96,0971617402885;9,47973722769135;9,7475585670337;9,49170301357974;9,48516135421275
2026-06-21 07:45:00;2026-06-21 07:49:47;"1F";98,1;10,2;9,9;10;9,9;96,7;10,063753099144;96,0433208756145;"treino_70";10,0565931583451;96,022158662433;9,61974327853632;9,96078948535047;9,70364023979437;9,69640235044495
2026-06-21 08:00:00;2026-06-21 08:04:47;"1F";97,9;10,3;10,1;10,1;10;96,6;10,1622219524764;95,8912437990331;"treino_70";10,1545834069151;95,8721525067221;9,73257849528996;10,0665190459955;9,81140142762072;9,80392902524897
2026-06-21 08:15:00;2026-06-21 08:19:46;"1F";95,6;11,4;11,5;11;10,2;96,8;11,2453793391334;94,1423574183466;"treino_70";11,2324761411849;94,1470817160456;10,1869645046597;11,0587198152632;10,8284718368999;10,8185446673521
2026-06-21 08:30:00;2026-06-21 08:34:46;"1F";90,7;11,7;13,9;11,4;10,7;96,9;11,5407858991307;90,4164690421015;"treino_70";11,5264468868949;90,4719309011263;11,0743508206497;11,4172133718987;11,2706394829082;11,2633541464972
2026-06-21 08:45:00;2026-06-21 08:49:46;"1F";91,6;11,9;14;11,6;10,6;96,5;11,7377236057956;91,1008158867179;"treino_70";11,7224273840349;91,1469586018258;10,9852638135356;11,6616370329478;11,4964417587014;11,4877233394614
2026-06-21 09:00:00;2026-06-21 09:04:45;"1F";87,7;11,7;13,5;11,1;10,5;96,1;11,5407858991307;88,13531289338;"treino_70";11,5264468868949;88,2218385654614;10,7763293838253;11,1181754762863;11,0246588176186;11,0196601535619
2026-06-21 09:15:00;2026-06-21 09:19:45;"1F";85,6;12,1;14,5;11,5;10,5;96;11,9346613124605;86,5385035892749;"treino_70";11,9184078811748;86,646773930496;10,969094598121;11,4785594449828;11,4176730508697;11,41283458346
2026-06-21 09:45:00;2026-06-21 09:49:50;"1F";75,7;13,3;22,4;13,2;11,7;91,2;13,1162875524499;79,0106882984939;"treino_70";13,0942908640147;79,2214692228019;13,1538650461606;13,258178621231;13,3626177530067;13,3612890447277
2026-06-21 10:00:00;2026-06-21 10:04:43;"1F";79,5;12,6;21,2;12,8;12,2;84,6;12,4270055791228;81,9001527535411;"treino_70";12,4083591240248;82,0715861813107;12,8235476822293;12,7607733627337;12,8026320746491;12,800712102512
2026-06-21 10:15:00;2026-06-21 10:19:42;"1F";80,9;12,6;19,5;12,5;12,3;82,6;12,4270055791228;82,9646922896112;"treino_70";12,4083591240248;83,1216292712877;12,4152189934809;12,5233584323723;12,5406075078556;12,5376137602219
2026-06-21 10:30:00;2026-06-21 10:34:42;"1F";78,8;12,4;18,8;12,1;12,4;81;12,2300678724579;81,3678829855061;"treino_70";12,2123786268848;81,5465646363223;12,2359161844775;12,0756116932383;12,1311592359687;12,1304524939856
2026-06-21 10:45:00;2026-06-21 10:49:41;"1F";74,3;13,6;25,7;14,1;12,9;79,1;13,4116941124473;77,9461487624238;"treino_70";13,3882616097246;78,1714261328249;13,8626165751502;14,0427937702117;14,1707165653097;14,1695041615447
2026-06-21 11:00:00;2026-06-21 11:04:41;"1F";74,8;13,1;24,3;13,4;13,3;77,3;12,919349845785;78,3263414538774;"treino_70";12,8983103668747;78,5464415221024;13,7569014959086;13,4190945526641;13,5405060844742;13,5405341530047
2026-06-21 11:15:00;2026-06-21 11:19:40;"1F";70,5;14,6;26,2;14,6;13,4;77;14,3963826457718;75,0566843073766;"treino_70";14,3681640954245;75,3213091743161;14,1912577465584;14,6129631290824;14,8065413424587;14,8051889107154
2026-06-21 11:30:00;2026-06-21 11:34:40;"1F";67,3;15,4;28,7;15,5;14,1;75,2;15,1841334724314;72,6234510820736;"treino_70";15,1520860839844;72,9212106829402;15,0913832093676;15,4653180834542;15,7179707511609;15,716822925578
2026-06-21 11:45:00;2026-06-21 11:49:39;"1F";66,2;15,5;28,8;15,5;14,7;73,7;15,2826023257638;71,7870271608758;"treino_70";15,2500763325543;72,0961768265298;15,4538348401127;15,4736551956071;15,7473780045097;15,7468662792434
2026-06-21 12:00:00;2026-06-21 12:04:38;"1F";65,8;15,4;28,7;15,3;14,6;72,6;15,1841334724314;71,4828730077129;"treino_70";15,1520860839844;71,7961645151078;15,2736299626474;15,3479852402908;15,6293058957449;15,6294333159956
2026-06-21 12:15:00;2026-06-21 12:19:38;"1F";62,9;15,6;29;15,3;14,8;71;15,3810711790963;69,2777553972821;"treino_70";15,3480665811243;69,6210752572984;15,3620504677608;15,3281238114693;15,6657461962207;15,6677751133339
2026-06-21 12:30:00;2026-06-21 12:34:40;"1F";62,2;16,2;30;15,9;15,1;70,7;15,971884299091;68,7454856292471;"treino_70";15,9360080725442;69,0960537123099;15,7650570300919;15,913560867059;16,2669110452095;16,2678405942263
2026-06-21 12:45:00;2026-06-21 12:49:39;"1F";61,2;16,5;30,1;16,1;15,7;69,1;16,2672908590883;67,9851002463399;"treino_70";16,2299788182542;68,346022933755;16,1111077928148;16,0727634739708;16,4473931996879;16,4483714277369
2026-06-21 13:00:00;2026-06-21 13:04:36;"1F";59,1;17;29,4;16,1;15,9;68,2;16,7596351257506;66,3882909422348;"treino_70";16,7199300611041;66,7709582987895;16,0497966530592;16,1253899769005;16,5458153512208;16,5473363430159
2026-06-21 13:15:00;2026-06-21 13:19:35;"1F";57;17,2;29,8;16,2;16,4;65,8;16,9565728324155;64,7914816381298;"treino_70";16,9159105582441;65,1958936638241;16,3108270887204;16,1755682176925;16,6417427307711;16,6446983927984
2026-06-21 13:30:00;2026-06-21 13:34:34;"1F";56,1;17,8;31,3;16,8;16,6;65,3;17,5473859524102;64,1071347935133;"treino_70";17,503852049664;64,5208659631246;16,7188982769258;16,8316151811983;17,3222583772056;17,3245124855949
2026-06-21 13:45:00;2026-06-21 13:49:34;"1F";55,7;17,8;30,9;16,7;17,1;63,8;17,5473859524102;63,8029806403504;"treino_70";17,503852049664;64,2208536517027;16,886392192494;16,7174346415403;17,2169079986661;17,2195532719687
2026-06-21 14:00:00;2026-06-21 14:04:34;"1F";53;18,6;31,1;17,1;17,3;62,9;18,3351367790698;61,7499401065011;"treino_70";18,2877740382239;62,1957705496043;16,999477926559;17,0940193857564;17,6631417254304;17,6664879328244
2026-06-21 14:30:00;2026-06-21 14:34:32;"1F";49,9;19,5;33,4;17,9;18,3;59,5;19,2213564590619;59,3927454194888;"treino_70";19,1696862753538;59,8706751360839;17,9045658696777;17,9093895963099;18,565633147274;18,5701376888
2026-06-21 14:45:00;2026-06-21 14:49:32;"1F";51,5;18,9;32,6;17,5;17,9;60,5;18,6305433390671;60,6093620321403;"treino_70";18,5817447839339;61,0707243817718;17,5382794846047;17,4727726067068;18,0812298842124;18,0854167073538
2026-06-21 15:00:00;2026-06-21 15:04:35;"1F";50,5;19,1;33,1;17,6;18,3;59,6;18,8274810457321;59,8489766492331;"treino_70";18,7777252810738;60,3206936032169;17,8531570571293;17,6233629276796;18,2588829881834;18,2636637231014
2026-06-21 15:15:00;2026-06-21 15:19:30;"1F";48,4;20,2;33,6;18,3;18,7;58,8;19,910638432389;58,2521673451281;"treino_70";19,8556180153437;58,7456289682514;18,1747663363778;18,2983288196693;19,0042415959985;19,008844185362
2026-06-21 15:30:00;2026-06-21 15:34:30;"1F";49;20,2;33,3;18,3;18,7;59,3;19,910638432389;58,7083985748724;"treino_70";19,8556180153437;59,1956474353844;18,158282720701;18,2953249553643;18,9854231582084;18,9893378368914
2026-06-21 15:45:00;2026-06-21 15:49:29;"1F";51,3;19,3;31,8;17,5;18,8;59,1;19,024418752397;60,4572849555589;"treino_70";18,9737057782138;60,9207182260608;17,9135590297848;17,5770507060863;18,1956610059552;18,1991095831157
2026-06-21 16:00:00;2026-06-21 16:04:29;"1F";56,2;19;30,1;17,5;18,5;62,1;18,7290121923996;64,183173331804;"treino_70";18,6797350325038;64,5958690409801;17,6141208330684;17,4632431656322;17,9619462959852;17,9609867133507
2026-06-21 16:15:00;2026-06-21 16:19:28;"1F";56,7;18,8;28,6;17,1;18,2;64,3;18,5320744857347;64,5633660232576;"treino_70";18,4837545353639;64,9708844302576;17,2808590606781;17,063377041533;17,5489269647433;17,5479777933697
2026-06-21 16:30:00;2026-06-21 16:34:27;"1F";57,3;18,8;28;17;18,2;64,7;18,5320744857347;65,0195972530019;"treino_70";18,4837545353639;65,4209028973906;17,1947770097364;16,99606359338;17,4679442475274;17,4663863627916
2026-06-21 16:45:00;2026-06-21 16:49:26;"1F";59;18,2;25,6;16,2;17,9;65,5;17,94126136574;66,3122524039441;"treino_70";17,895813043944;66,695955220934;16,559899678173;16,2289271488025;16,6587632057282;16,6571202954688
2026-06-21 17:00:00;2026-06-21 17:04:26;"1F";61,8;17,8;24,2;15,9;17,6;67,3;17,5473859524102;68,4413314760842;"treino_70";17,503852049664;68,7960414008879;16,2069926609499;15,8949316250561;16,262381963481;16,2591467423948
2026-06-21 17:15:00;2026-06-21 17:19:25;"1F";71,6;16,6;21,1;15,2;16,9;73;16,3657597124208;75,8931082285745;"treino_70";16,3279690668242;76,1463430307266;15,5285294303094;15,1880777360915;15,3553143745573;15,3467196187216
2026-06-21 17:30:00;2026-06-21 17:34:24;"1F";74,9;16;18,1;14,4;16,1;76,4;15,7749465924261;78,4023799921682;"treino_70";15,7400275754043;78,6214445999579;14,5926011650765;14,3969067172314;14,5021765306791;14,4926347042096
2026-06-21 17:45:00;2026-06-21 17:49:24;"1F";78,9;15,4;14,4;13,5;15,6;79,1;15,1841334724314;81,4439215237968;"treino_70";15,1520860839844;81,6215677141778;13,6825893023371;13,5128363629251;13,54522450613;13,5342707545677
2026-06-21 18:00:00;2026-06-21 18:04:25;"1F";81,6;14,9;13,3;13,1;15,1;81,7;14,6917892057691;83,4969620576462;"treino_70";14,6621348411344;83,6466508162762;13,280021088065;13,1172223821887;13,1025707041091;13,0910694034578
2026-06-21 18:30:00;2026-06-21 18:34:23;"1F";86,2;13,8;12,1;12,4;14,1;85,4;13,6086318191122;86,9947348190192;"treino_70";13,5842421068646;87,096792397629;12,5474320682044;12,3737772704564;12,2841925634004;12,2728015550418
2026-06-21 18:45:00;2026-06-21 18:49:21;"1F";88,3;13,4;11,8;12,1;13,6;86,8;13,2147564057824;88,5915441231243;"treino_70";13,1922811125847;88,6718570325944;12,2026461896548;12,1592353985948;12,0354942486241;12,0238582862414
2026-06-21 19:00:00;2026-06-21 19:04:23;"1F";89,4;13,1;11,5;11,9;13,2;88,2;12,919349845785;89,4279680443221;"treino_70";12,8983103668747;89,4968908890049;11,9343611162627;11,9460384817884;11,8056921649107;11,7942726453885
2026-06-21 19:15:00;2026-06-21 19:19:21;"1F";90,4;12,8;11,3;11,7;12,9;89;12,6239432857877;90,1883534272293;"treino_70";12,6043396211647;90,2469216675598;11,718336048576;11,7444165218668;11,5894934585685;11,5783828924426
2026-06-21 19:30:00;2026-06-21 19:34:20;"1F";91,6;12,4;10,9;11,4;12,6;89,9;12,2300678724579;91,1008158867179;"treino_70";12,2123786268848;91,1469586018258;11,469064067464;11,4376877313889;11,2660321680932;11,2554567185675
2026-06-21 19:45:00;2026-06-21 19:49:19;"1F";92,5;12,2;10,6;11,3;12,3;90,7;12,033130165793;91,7851627313344;"treino_70";12,0163981297448;91,8219863025253;11,2316015361445;11,286127106157;11,1007849119189;11,0902497372606
2026-06-21 20:00:00;2026-06-21 20:04:19;"1F";93,4;12;10,4;11,2;12,1;91,2;11,8361924591281;92,4695095759508;"treino_70";11,8204176326049;92,4970140032247;11,0704479044067;11,1541241031137;10,9551814796955;10,9446928396909
2026-06-21 20:15:00;2026-06-21 20:19:21;"1F";94,2;12;10,8;11,3;12;91,8;11,8361924591281;93,0778178822766;"treino_70";11,8204176326049;93,0970386260687;11,1156294724323;11,2935303430191;11,0800916393185;11,0689787873459
2026-06-21 20:30:00;2026-06-21 20:34:24;"1F";94,5;12;10,9;11,3;12;92,3;11,8361924591281;93,3059334971487;"treino_70";11,8204176326049;93,3220478596352;11,1726137899072;11,335835223684;11,116949008957;11,1056016734019
2026-06-21 20:45:00;2026-06-21 20:49:17;"1F";95,3;11,8;11,2;11,3;11,9;92,7;11,6392547524632;93,9142418034745;"treino_70";11,6244371354649;93,9220724824792;11,1828449588482;11,2958045348493;11,0652276036123;11,0540132091045
2026-06-21 21:00:00;2026-06-21 21:04:16;"1F";95,2;11,6;10,7;11;11,7;93;11,4423170457983;93,8382032651838;"treino_70";11,4284566383249;93,8470694046237;10,9461607644344;11,0288317779852;10,802929094816;10,7925515332781
2026-06-21 21:15:00;2026-06-21 21:19:18;"1F";95,3;11,3;9,8;10,6;11,3;93,2;11,1469104858009;93,9142418034745;"treino_70";11,134485892615;93,9220724824792;10,46303436219;10,6168437836324;10,3934339062663;10,3841178044125
2026-06-21 21:30:00;2026-06-21 21:34:15;"1F";94,6;11,2;9,3;10,4;11,2;93,4;11,0484416324685;93,3819720354394;"treino_70";11,036495644045;93,3970509374907;10,2981522144707;10,3858016799494;10,1763580558999;10,1679575783281
2026-06-21 21:45:00;2026-06-21 21:49:15;"1F";94,1;11,4;9,5;10,6;11,1;93,6;11,2453793391334;93,0017793439858;"treino_70";11,2324761411849;93,0220355482132;10,2732143469725;10,5484617227954;10,3451698328475;10,3363972971824
2026-06-21 22:00:00;2026-06-21 22:04:14;"1F";93,2;11,4;9,6;10,5;11,2;93,5;11,2453793391334;92,3174324993694;"treino_70";11,2324761411849;92,3470078475137;10,3654463628664;10,5024993711979;10,3153008181617;10,3072181883525
2026-06-21 22:15:00;2026-06-21 22:19:14;"1F";93,8;11,2;9,1;10,3;11,1;93,4;11,0484416324685;92,7736637291137;"treino_70";11,036495644045;92,7970263146467;10,1786556737174;10,2873396692108;10,092173654125;10,0843840668213
2026-06-21 22:30:00;2026-06-21 22:34:15;"1F";94,5;10,8;8,5;9,9;11;93,3;10,6545662191387;93,3059334971487;"treino_70";10,644534649765;93,3220478596352;9,97189826899898;9,89981344803443;9,69777215327028;9,69095979273414
2026-06-21 22:45:00;2026-06-21 22:49:13;"1F";95,4;10,4;8,1;9,6;10,7;93,3;10,2606908058089;93,9902803417652;"treino_70";10,2525736554851;93,9970755603347;9,65345576853744;9,56591939257727;9,35364613843396;9,34767202603509
2026-06-21 23:00:00;2026-06-21 23:04:12;"1F";96,4;10,3;7,8;9,5;10,5;93,4;10,1622219524764;94,7506657246724;"treino_70";10,1545834069151;94,7471063388896;9,44167617037347;9,49812455111367;9,26963862004665;9,26329542204881
2026-06-21 23:15:00;2026-06-21 23:19:11;"1F";96,6;10,2;7,8;9,4;10,4;93,6;10,063753099144;94,9027428012538;"treino_70";10,0565931583451;94,8971124946006;9,37651818782841;9,43256023888609;9,20201493491699;9,19590402523636
2026-06-21 23:30:00;2026-06-21 23:34:11;"1F";96,6;9,9;7,5;9,1;10,2;93,7;9,76834653914662;94,9027428012538;"treino_70";9,76262241263516;94,8971124946006;9,16460291383591;9,13258760617521;8,90648412633835;8,90152056332761
2026-06-21 23:45:00;2026-06-21 23:49:10;"1F";96,8;9,7;7,3;8,9;10,1;93,9;9,57140883248171;95,0548198778352;"treino_70";9,56664191549518;95,0471186503116;9,05931556268524;8,94685864417236;8,72021596368877;8,71586956038135
2026-06-22;2026-06-22 00:04:12;"1F";97;9,7;7,3;9;9,8;94;9,57140883248171;95,2068969544167;"treino_70";9,56664191549518;95,1971248060226;8,82767450942566;8,96111992461413;8,73097330302498;8,72647903026968
2026-06-22 00:15:00;2026-06-22 00:19:09;"1F";96,7;9;6,9;8,3;9,6;94;8,88212685915456;94,9787813395445;"treino_70";8,88071017550529;94,9721155724561;8,58849291710915;8,29968840100653;8,0851856725559;8,08359178811982
2026-06-22 00:30:00;2026-06-22 00:34:12;"1F";96,7;8,4;6,2;7,7;9;93,9;8,29131373915986;94,9787813395445;"treino_70";8,29276868408537;94,9721155724561;7,96398855709594;7,67965128408906;7,47405366295;7,47475575430231
2026-06-22 00:45:00;2026-06-22 00:49:08;"1F";96,7;8,1;5,5;7,3;8,4;94;7,99590717916251;94,9787813395445;"treino_70";7,99879793837542;94,9721155724561;7,35340229546198;7,29963256332068;7,09848749225671;7,1003375730848
2026-06-22 01:00:00;2026-06-22 01:04:08;"1F";97,5;9;6;8,2;8,9;95;8,88212685915456;95,5870896458702;"treino_70";8,88071017550529;95,5721401953001;7,92091652835954;8,17592323474628;7,94758930861779;7,94541522519265
2026-06-22 01:15:00;2026-06-22 01:19:07;"1F";97,7;9,3;6,7;8,6;9,4;95;9,17753341915191;95,7391667224517;"treino_70";9,17468092121524;95,7221463510111;8,45964747932293;8,57047428870954;8,33411445763727;8,33064067495877
2026-06-22 01:30:00;2026-06-22 01:34:06;"1F";97,6;9,1;7,1;8,5;9,3;94,7;8,98059571248701;95,6631281841609;"treino_70";8,97870042407527;95,6471432731556;8,43882429889986;8,48310433995686;8,25152123448241;8,24888991108404
2026-06-22 01:45:00;2026-06-22 01:49:06;"1F";97,3;8,7;6,6;8;8,9;94,6;8,58672029915721;95,4350125692888;"treino_70";8,58673942979533;95,4221340395891;8,01306582473635;8,04156103738978;7,82120704692592;7,82033000998436
2026-06-22 02:00:00;2026-06-22 02:04:08;"1F";97,4;9;6,7;8,3;8,9;95;8,88212685915456;95,5110511075795;"treino_70";8,88071017550529;95,4971371174446;8,06091652835954;8,30888607503443;8,08228431072384;8,08018287464443
2026-06-22 02:15:00;2026-06-22 02:19:04;"1F";97,3;8,7;6,6;8;8,9;94,9;8,58672029915721;95,4350125692888;"treino_70";8,58673942979533;95,4221340395891;8,03395049210623;8,04156103738978;7,82120704692592;7,82033000998436
2026-06-22 02:30:00;2026-06-22 02:34:07;"1F";97,3;8,7;6,8;8,1;8,8;95;8,58672029915721;95,4350125692888;"treino_70";8,58673942979533;95,4221340395891;8,00117030087143;8,08156103738978;7,86120704692592;7,86033000998436
2026-06-22 02:45:00;2026-06-22 02:49:04;"1F";97,3;8,6;6,7;8;8,7;95,1;8,48825144582476;95,4350125692888;"treino_70";8,48874918122534;95,4221340395891;7,90836147228197;7,98146431103587;7,76261583475897;7,76212272697356
2026-06-22 03:00:00;2026-06-22 03:04:03;"1F";97,1;8,1;6,4;7,5;8,5;95;7,99590717916251;95,2829354927074;"treino_70";7,99879793837542;95,2721278838781;7,6819315431677;7,50718831480936;7,29926333354397;7,30083120514024
2026-06-22 03:15:00;2026-06-22 03:19:03;"1F";97,1;8,1;5,9;7,4;8,1;95;7,99590717916251;95,2829354927074;"treino_70";7,99879793837542;95,2721278838781;7,26294635597539;7,40718831480936;7,19926333354397;7,20083120514024
2026-06-22 03:30:00;2026-06-22 03:34:03;"1F";97,3;8;5,8;7,3;8,1;95,3;7,89743832583006;95,4350125692888;"treino_70";7,90080768980543;95,4221340395891;7,26348795636764;7,32088370423325;7,11106830661002;7,11287877615121
2026-06-22 03:45:00;2026-06-22 03:49:02;"1F";97,5;8,1;5,9;7,4;8,2;95,4;7,99590717916251;95,5870896458702;"treino_70";7,99879793837542;95,5721401953001;7,37014786464231;7,43478222969289;7,22006140861889;7,22134646490661
2026-06-22 04:00:00;2026-06-22 04:04:01;"1F";97,5;8;6,1;7,4;8,1;95,3;7,89743832583006;95,5870896458702;"treino_70";7,90080768980543;95,5721401953001;7,32348795636763;7,39465539236687;7,18144713690924;7,18311654261848
2026-06-22 04:15:00;2026-06-22 04:19:00;"1F";97,5;7,8;6,1;7,2;7,9;95,3;7,70050061916516;95,5870896458702;"treino_70";7,70482719266546;95,5721401953001;7,16390279878468;7,23440168191948;7,02421855671485;7,02665666161168
2026-06-22 04:30:00;2026-06-22 04:34:00;"1F";97,5;7,8;6,1;7,2;7,8;95,5;7,70050061916516;95,5870896458702;"treino_70";7,70482719266546;95,5721401953001;7,09772430600823;7,23440168191948;7,02421855671485;7,02665666161168
2026-06-22 04:45:00;2026-06-22 04:48:59;"1F";97,4;7,7;6;7,1;7,7;95,5;7,60203176583271;95,5110511075795;"treino_70";7,60683694409547;95,4971371174446;6,99790095582485;7,12743279714859;6,92044859747152;6,92334097426297
2026-06-22 05:00:00;2026-06-22 05:03:59;"1F";97,4;7,7;6;7,1;7,7;95,5;7,60203176583271;95,5110511075795;"treino_70";7,60683694409547;95,4971371174446;6,99790095582485;7,12743279714859;6,92044859747152;6,92334097426297
2026-06-22 05:15:00;2026-06-22 05:18:59;"1F";97,3;7,8;6,1;7,2;7,7;95,6;7,70050061916516;95,4350125692888;"treino_70";7,70482719266546;95,4221340395891;7,02469632281088;7,22069007308631;7,013885699193;7,01646402876517
2026-06-22 05:30:00;2026-06-22 05:33:58;"1F";97,1;7,6;6;7;7,6;95,5;7,50356291250026;95,2829354927074;"treino_70";7,50884669552549;95,2721278838781;6,91807759290621;7,02685474872075;6,82642191881747;6,82990733649398
2026-06-22 05:45:00;2026-06-22 05:48:57;"1F";96,9;7,3;5,5;6,7;7,4;95,5;7,20815635250291;95,1308584161259;"treino_70";7,21487594981553;95,1221217281671;6,65843082871466;6,67311323563762;6,48051076131352;6,48528451130475
2026-06-22 06:00:00;2026-06-22 06:03:57;"1F";96,9;7;5,4;6,4;7,3;95,6;6,91274979250555;95,1308584161259;"treino_70";6,92090520410557;95,1221217281671;6,56534142256881;6,41300337008114;6,22487485123765;6,23079786498508
2026-06-22 06:15:00;2026-06-22 06:18:57;"1F";97;7,1;5,3;6,5;7,3;95,6;7,011218645838;95,2068969544167;"treino_70";7,01889545267556;95,1971248060226;6,54534142256881;6,47977916196504;6,28849943369107;6,29397090046321
2026-06-22 06:30:00;2026-06-22 06:33:56;"1F";97,4;7,6;5,4;6,9;7,4;95,9;7,50356291250026;95,5110511075795;"treino_70";7,50884669552549;95,4971371174446;6,66544323615045;6,92732092309429;6,72184576462249;6,7251222816693
2026-06-22 06:45:00;2026-06-22 06:48:55;"1F";97,3;7,3;5,4;6,7;7,5;95,7;7,20815635250291;95,4350125692888;"treino_70";7,21487594981553;95,4221340395891;6,7317860707988;6,68020578361462;6,48092896352685;6,48542694523147
2026-06-22 07:00:00;2026-06-22 07:03:55;"1F";97,2;6,8;5,2;6,2;7,1;95,4;6,71581208584065;95,3589740309981;"treino_70";6,7249247069656;95,3471309617336;6,35225983939145;6,23301949306208;6,04292269789628;6,04940828614826
2026-06-22 07:15:00;2026-06-22 07:18:54;"1F";97,3;6,9;5,2;6,4;7;95,9;6,8142809391731;95,4350125692888;"treino_70";6,82291495553559;95,4221340395891;6,30590449393664;6,31981813208975;6,12656334930134;6,1325970548593
2026-06-22 07:30:00;2026-06-22 07:33:53;"1F";97,7;8,1;6,3;7,5;7,8;96,5;7,99590717916251;95,7391667224517;"treino_70";7,99879793837542;95,7221463510111;7,20594111774511;7,52859349846979;7,31046878385515;7,31161220521924
2026-06-22 07:45:00;2026-06-22 07:48:53;"1F";97,8;8,8;7,5;8,3;8,3;96,4;8,68518915248966;95,8152052607424;"treino_70";8,68472967836531;95,7971494288665;7,83891228451739;8,33670476243885;8,1062149469294;8,10459266231798
2026-06-22 08:00:00;2026-06-22 08:03:52;"1F";92,2;10,3;10,2;9,7;9,1;96,6;10,1622219524764;91,5570471164622;"treino_70";10,1545834069151;91,5969770689588;9,0326600733321;9,67700529369596;9,52209120139918;9,51887319607355
2026-06-22 08:15:00;2026-06-22 08:18:53;"1F";86;11,2;11,7;10,2;9,7;96,3;11,0484416324685;86,8426577424378;"treino_70";11,036495644045;86,946786241918;9,79124231209133;10,2433125879736;10,184877813222;10,1829552732455
2026-06-22 08:30:00;2026-06-22 08:33:51;"1F";80;12,7;12,5;11,1;10,3;96;12,5254744324552;82,2803454449947;"treino_70";12,5063493725948;82,4466015705882;10,4092954618053;11,1345876931726;11,1668970891019;11,1642518693217
2026-06-22 08:45:00;2026-06-22 08:48:51;"1F";75,9;13,6;13,2;11,7;11,4;93,6;13,4116941124473;79,1627653750753;"treino_70";13,3882616097246;79,3714753785129;11,2517982315358;11,6622674895208;11,7614931274599;11,7590171555017
2026-06-22 09:00:00;2026-06-22 09:03:52;"1F";73,9;14,6;14,9;12,6;12,9;86,4;14,3963826457718;77,641994609261;"treino_70";14,3681640954245;77,871413821403;12,2438823107702;12,6131728571764;12,7438808256427;12,73974132054
2026-06-22 09:15:00;2026-06-22 09:18:53;"1F";66,9;15,6;17,9;13,4;14,4;76,9;15,3810711790963;72,3192969289108;"treino_70";15,3480665811243;72,6211983715182;13,2899709164944;13,4231001588893;13,683402742782;13,681992184408
2026-06-22 09:30:00;2026-06-22 09:33:58;"1F_SUSPEITO";67,7;16,2;20,3;14,4;15,3;73,6;15,971884299091;72,9276052352365;"treino_70";15,9360080725442;73,2212229943622;14,2019197492742;14,4142814694063;14,6589185845052;14,654998852242
2026-06-22 09:45:00;2026-06-22 09:48:49;"1F";66,1;17,7;23,3;16;16,3;73;17,4489170990777;71,710988622585;"treino_70";17,405861801094;72,0211737486743;15,5135012861277;16,001556193668;16,2785727787087;16,2715809541842
2026-06-22 10:15:00;2026-06-22 10:18:56;"1F";64,1;18,8;24,9;17;18,2;70,2;18,5320744857347;70,1902178567707;"treino_70";18,4837545353639;70,5211121915643;17,0391338906735;16,9672404488391;17,2881989116564;17,2798751127052
2026-06-22 10:45:00;2026-06-22 10:48:49;"1F_SUSPEITO";62,3;19,9;25,6;17,8;19,1;68,8;19,6152318723917;68,8215241675378;"treino_70";19,5616472696337;69,1710567901654;17,7358064592618;17,7598043262908;18,123857958115;18,1141750568878
2026-06-22 11:30:00;2026-06-22 11:34:06;"1F_SUSPEITO";59,8;20,6;26,7;18,3;20,1;66,4;20,3045138457188;66,9205607102699;"treino_70";20,2475790096236;67,295979843778;18,4926504695457;18,2659229908494;18,6913008912667;18,6822853672728
2026-06-22 11:45:00;2026-06-22 11:48:44;"1F_SUSPEITO";59,7;20,8;27,1;18,5;20,3;66,1;20,5014515523837;66,8445221719791;"treino_70";20,4435595067636;67,2209767659225;18,6946968304986;18,4824128074472;18,9112747307557;18,9018179109811
2026-06-22 12:00:00;2026-06-22 12:03:47;"1F";59,9;20,8;27,6;18,6;20,4;66,2;20,5014515523837;66,9965992485606;"treino_70";20,4435595067636;67,3709829216335;18,8780033327126;18,6008356255932;19,0249050100058;19,0152323465258
2026-06-22 12:15:00;2026-06-22 12:18:43;"1F";60,3;20,9;27,7;18,7;20,4;66,4;20,5999204057162;67,3007534017234;"treino_70";20,5415497553336;67,6709952330555;18,9159077839119;18,730620331235;19,1456303645313;19,1352501927652
2026-06-22 12:30:00;2026-06-22 12:33:45;"1F";59,5;21,3;28,1;19;20,7;66,1;20,993795819046;66,6924450953977;"treino_70";20,9335107496135;67,0709706102115;19,192101746082;19,0278577677172;19,4643616267144;19,4537538345131
2026-06-22 12:45:00;2026-06-22 12:48:43;"1F";58,8;21,8;28,7;19,4;21,1;65,6;21,4861400857082;66,1601753273627;"treino_70";21,4234619924634;66,545949065223;19,5639033605719;19,4453434568519;19,9021426856658;19,8909548204553
2026-06-22 13:45:00;2026-06-22 13:48:43;"1F_SUSPEITO";59,4;22,3;27,4;19,6;22;65,2;21,9784843523705;66,616406557107;"treino_70";21,9134132353134;66,995967532356;19,9346900206493;19,6060164630307;20,0507320824345;20,0375043660182
2026-06-22 14:00:00;2026-06-22 14:03:40;"1F_SUSPEITO";59,3;22,7;27,8;20;22,3;65,1;22,3723597657003;66,5403680188163;"treino_70";22,3053742295933;66,9209644545005;20,2277137193939;19,9673140500082;20,416900695544;20,4026968660447
2026-06-22 15:00:00;2026-06-22 15:03:37;"1F_SUSPEITO";63,4;21,7;23,2;18,7;21,4;68,3;21,3876712323758;69,6579480887357;"treino_70";21,3254717438935;69,9960906465759;18,9340316379528;18,7048919209418;19,0486136475805;19,0326077124426
2026-06-22 16:00:00;2026-06-22 16:03:35;"1F_SUSPEITO";65,9;20,5;20,6;17,5;20,5;69,5;20,2060449923864;71,5589115460036;"treino_70";20,1495887610536;71,8711675929633;17,847570989639;17,5254373691354;17,808752519902;17,7936113241706
2026-06-22 17:15:00;2026-06-22 17:18:33;"1F";87,8;17,4;16,5;16,2;17,8;84;17,1535105390804;88,2113514316707;"treino_70";17,1118910553841;88,2968416433169;16,2037294613902;16,2047798590368;16,0447982830054;16,0190662974473
2026-06-22 17:30:00;2026-06-22 17:33:31;"1F";91,1;17,1;16,2;16,2;17,3;88,1;16,858103979083;90,7206231952643;"treino_70";16,8179203096741;90,7719432125483;16,0908610541517;16,179510698444;15,9571217697774;15,9295363396612
2026-06-22 17:45:00;2026-06-22 17:48:33;"1F";90;17,3;16;16,2;17,1;89,5;17,0550416857479;89,8841992740664;"treino_70";17,0139008068141;89,9469093561379;16,0082896669273;16,2071794594416;16,0042991676081;15,976959058833
2026-06-22 18:00:00;2026-06-22 18:03:30;"1F";89,1;17,3;15,9;16,2;17,2;88,6;17,0550416857479;89,19985242945;"treino_70";17,0139008068141;89,2718816554384;15,9932613902115;16,1131108310906;15,9282550933432;15,9017212573488
2026-06-22 18:15:00;2026-06-22 18:18:30;"1F";87,8;17,6;16;16,3;17,4;87,5;17,3504482457453;88,2113514316707;"treino_70";17,307871552524;88,2968416433169;16,0800678716797;16,2619484764996;16,0996965382354;16,0732397381177
2026-06-22 18:30:00;2026-06-22 18:33:29;"1F";86,3;17,9;16,2;16,4;17,7;86,3;17,6458548057426;87,0707733573099;"treino_70";17,601842298234;87,1717954754845;16,2562452262802;16,4129038880991;16,277617750309;16,2514390145
2026-06-22 18:45:00;2026-06-22 18:48:30;"1F";85,6;18;16,3;16,4;17,9;85,5;17,7443236590751;86,5385035892749;"treino_70";17,699832546804;86,646773930496;16,3663707533376;16,452895240687;16,3307387298367;16,3048403341828
2026-06-22 19:00:00;2026-06-22 19:03:29;"1F_SUSPEITO";84,3;18,3;16,4;16,6;18,1;84,8;18,0397302190724;85,5500025914956;"treino_70";17,9938032925139;85,6717339183746;16,4843053607796;16,5985248812831;16,4997979176573;16,4740259052116
2026-06-22 19:15:00;2026-06-22 19:18:26;"1F";83,8;18,4;16,7;16,7;18,3;84,1;18,1381990724049;85,169809900042;"treino_70";18,0917935410839;85,2967185290971;16,641757673495;16,6945008909314;16,6050289500742;16,5793653311372
2026-06-22 19:30:00;2026-06-22 19:33:26;"1F";83,8;18,6;16,9;16,9;18,5;84,1;18,3351367790698;85,169809900042;"treino_70";18,2877740382239;85,2967185290971;16,8376507688246;16,8902879184167;16,7989042602445;16,7725359924872
2026-06-22 19:45:00;2026-06-22 19:48:28;"1F";85,4;18,5;16,9;16,9;18,4;85,1;18,2366679257373;86,3864265126934;"treino_70";18,1897837896539;86,496767774785;16,843719103621;16,9470992132287;16,8238521611148;16,7963541936945
2026-06-22 20:00:00;2026-06-22 20:03:28;"1F";88,4;18,3;16,9;17;18,4;86,5;18,0397302190724;88,667582661415;"treino_70";17,9938032925139;88,7468601104499;16,9613575203971;17,0423801318714;16,8599251437878;16,8303796256337
2026-06-22 20:15:00;2026-06-22 20:18:30;"1F_SUSPEITO";90,7;18,1;16,9;17,1;18,1;88,8;17,8427925124075;90,4164690421015;"treino_70";17,797822795374;90,4719309011263;16,9184437598272;17,0773311513441;16,8503722044582;16,8194502615872
2026-06-22 20:30:00;2026-06-22 20:33:24;"1F";89,6;18,1;16,9;17;18,1;88,1;17,8427925124075;89,5800451209036;"treino_70";17,797822795374;89,6468970447159;16,8599387049288;16,9853270898512;16,780771364423;16,7508557517682
2026-06-22 20:45:00;2026-06-22 20:48:26;"1F_SUSPEITO";91,8;17,7;16,7;16,8;17,8;89,3;17,4489170990777;91,2528929632994;"treino_70";17,405861801094;91,2969647575368;16,6837396186463;16,812419657239;16,568238660669;16,5377977073655
2026-06-22 21:00:00;2026-06-22 21:03:22;"1F";89,6;17,6;16,5;16,5;17,5;89,8;17,3504482457453;89,5800451209036;"treino_70";17,307871552524;89,6468970447159;16,4485499731375;16,510906957225;16,3124064249077;16,2843244846717
2026-06-22 21:15:00;2026-06-22 21:18:22;"1F";87,5;17,5;16,3;16,2;17,5;87,7;17,2519793924128;87,9832358167985;"treino_70";17,2098813039541;88,0718324097505;16,2351095621935;16,2186015778515;16,0635089146293;16,0376846200145
2026-06-22 21:30:00;2026-06-22 21:33:22;"1F";85,8;17,4;16,1;16;17,5;85,8;17,1535105390804;86,6905806658563;"treino_70";17,1118910553841;86,796780086207;16,0383456527655;15,9601023250539;15,8401736948691;15,816237392654
2026-06-22 21:45:00;2026-06-22 21:48:21;"1F";86,1;17,2;16;15,8;17,3;85,2;16,9565728324155;86,9186962807285;"treino_70";16,9159105582441;87,0217893197735;15,8125887097703;15,8082040455983;15,6843920798942;15,6609028335461
2026-06-22 22:00:00;2026-06-22 22:03:20;"1F";86,9;16,9;15,9;15,6;17;86,1;16,6611662724181;87,5270045870542;"treino_70";16,6219398125341;87,6218139426175;15,6316139157113;15,6184955016748;15,4820245680911;15,4589016372552
2026-06-22 22:30:00;2026-06-22 22:33:19;"1F";90,4;16,5;15,6;15,5;16,5;88,4;16,2672908590883;90,1883534272293;"treino_70";16,2299788182542;90,2469216675598;15,3660505412345;15,5279909046105;15,3270452290472;15,3022956480439
2026-06-22 22:45:00;2026-06-22 22:48:18;"1F";91,1;16,5;15,6;15,6;16,5;89,5;16,2672908590883;90,7206231952643;"treino_70";16,2299788182542;90,7719432125483;15,4550836676918;15,5847368996626;15,3699806488078;15,3446167076027
2026-06-22 23:00:00;2026-06-22 23:03:18;"1F";91,8;16,6;15,7;15,7;16,5;90,1;16,3657597124208;91,2528929632994;"treino_70";16,3279690668242;91,2969647575368;15,5236821114855;15,7407612678049;15,5108799371618;15,4845294282361
2026-06-22 23:15:00;2026-06-22 23:18:17;"1F";92;16,5;15,6;15,7;16,5;90,6;16,2672908590883;91,4049700398808;"treino_70";16,2299788182542;91,4469709132478;15,5442003770416;15,6577500330528;15,4252158787877;15,3990615308054
2026-06-22 23:30:00;2026-06-22 23:33:17;"1F";91,1;16,2;15,1;15,2;16,3;90,5;15,971884299091;90,7206231952643;"treino_70";15,9360080725442;90,7719432125483;15,2780320437535;15,2473498490037;15,0364099391161;15,0121567438695
2026-06-22 23:45:00;2026-06-22 23:48:16;"1F";91,7;16;14,8;15,1;16;90,3;15,7749465924261;91,1768544250086;"treino_70";15,7400275754043;91,2219616796813;14,9648921935337;15,0772768280474;14,8571514762946;14,8331188168963
2026-06-23;2026-06-23 00:03:16;"1F";92,3;15,8;14,6;14,9;15,8;90,7;15,5780088857612;91,6330856547529;"treino_70";15,5440470782643;91,6719801468143;14,7988568866471;14,9268494854729;14,6976211471252;14,673814189276
2026-06-23 00:15:00;2026-06-23 00:18:15;"1F";92,4;15,7;14,4;14,8;15,7;91,1;15,4795400324287;91,7091241930437;"treino_70";15,4460568296943;91,7469832246698;14,7117045375338;14,8155190088733;14,5856637260568;14,5621436987336
2026-06-23 00:30:00;2026-06-23 00:33:15;"1F";93;15,7;14,5;14,9;15,6;91,5;15,4795400324287;92,165355422788;"treino_70";15,4460568296943;92,1970016918027;14,6844372402684;14,8834867359601;14,6419438893873;14,6179072167644
2026-06-23 00:45:00;2026-06-23 00:48:14;"1F";92,7;15,7;14,8;14,9;15,6;91,7;15,4795400324287;91,9372398079158;"treino_70";15,4460568296943;91,9719924582363;14,7603737380988;14,9194985879918;14,6838012804367;14,6600229800265
2026-06-23 01:00:00;2026-06-23 01:03:13;"1F";84,1;14,9;14,4;13,5;14,9;88,6;14,6917892057691;85,3979255149141;"treino_70";14,6621348411344;85,5217277626636;13,8827352828427;13,5315668169677;13,4698994297909;13,4563173104592
2026-06-23 01:15:00;2026-06-23 01:18:13;"1F";86,2;14,4;13,8;13,2;14,5;85,8;14,1994449391069;86,9947348190192;"treino_70";14,1721835982845;87,096792397629;13,2310401269481;13,1836531754107;13,0876766085676;13,0741348487544
2026-06-23 01:30:00;2026-06-23 01:33:13;"1F";86,8;14,1;13,4;13;14,2;86,8;13,9040383791095;87,4509660487635;"treino_70";13,8782128525745;87,546810864762;12,9931382677937;12,914722955638;12,8108028404342;12,7978470833117
2026-06-23 01:45:00;2026-06-23 01:48:12;"1F";86,6;13,9;13,2;12,7;13,9;86,9;13,7071006724446;87,2988889721821;"treino_70";13,6822323554346;87,396804709051;12,7255299861238;12,7026203161949;12,6045810646882;12,5925073987081
2026-06-23 02:00:00;2026-06-23 02:03:12;"1F";86,6;13,8;13,1;12,6;13,7;86,8;13,6086318191122;87,2988889721821;"treino_70";13,5842421068646;87,396804709051;12,5410615703482;12,6042391000693;12,5072828549126;12,495568645872
2026-06-23 02:15:00;2026-06-23 02:18:11;"1F";87,6;13,6;12,9;12,5;13,6;87,3;13,4116941124473;88,0592743550892;"treino_70";13,3882616097246;88,1468354876059;12,4605912118245;12,4833728109738;12,3702089731262;12,3584095763625
2026-06-23 02:30:00;2026-06-23 02:33:10;"1F_SUSPEITO";87,1;13,5;12,8;12,3;13,5;87,7;13,3132252591148;87,6790816636356;"treino_70";13,2902713611546;87,7718200983285;12,3924011612227;12,3469431295053;12,2440770055635;12,2330405523019
2026-06-23 02:45:00;2026-06-23 02:48:11;"1F";82;13,2;12,7;11,7;13,1;85;13,0178186991175;83,8011162108091;"treino_70";12,9963006154447;83,9466631276982;11,8557653578383;11,7095657781756;11,7021931435131;11,6962679805043
2026-06-23 03:00:00;2026-06-23 03:03:11;"1F";82,9;13,2;12,4;11,7;13,1;83,7;13,0178186991175;84,4854630554255;"treino_70";12,9963006154447;84,6216908283976;11,6986625407165;11,7167444568709;11,6931932549713;11,6865600202351
2026-06-23 03:15:00;2026-06-23 03:18:09;"1F";83,4;13,1;12,4;11,7;13;84,7;12,919349845785;84,8656557468791;"treino_70";12,8983103668747;84,9967062176751;11,6952855599574;11,6762838814373;11,6446660940978;11,6379902500269
2026-06-23 03:30:00;2026-06-23 03:33:08;"1F";81,5;13;12,4;11,5;12,9;84,1;12,8208809924526;83,4209235193555;"treino_70";12,8003201183047;83,5716477384207;11,5726233325389;11,4573228942102;11,4606143145724;11,4557744714644
2026-06-23 03:45:00;2026-06-23 03:48:07;"1F";81,8;12,9;12,3;11,4;12,8;83,5;12,7224121391201;83,6490391342276;"treino_70";12,7023298697347;83,7966569719872;11,4302189560777;11,3820432014803;11,3808418747792;11,3761150157446
2026-06-23 04:00:00;2026-06-23 04:03:07;"1F";84;12,8;12,2;11,4;12,8;84,6;12,6239432857877;85,3218869766234;"treino_70";12,6043396211647;85,4467246848081;11,4917594344672;11,4472632428535;11,4077497675322;11,4016608641562
2026-06-23 04:15:00;2026-06-23 04:18:06;"1F";86,5;12,8;12,2;11,6;12,8;86,3;12,6239432857877;87,2228504338914;"treino_70";12,6043396211647;87,3218016311955;11,6180917260086;11,6329799902946;11,5486533079534;11,5406120102621
2026-06-23 04:30:00;2026-06-23 04:33:06;"1F";85,5;12,7;12,1;11,5;12,6;87;12,5254744324552;86,4624650509842;"treino_70";12,5063493725948;86,5717708526405;11,4933254797619;11,460400861992;11,3950730656957;11,3881707808467
2026-06-23 04:45:00;2026-06-23 04:48:25;"1F";83,1;12,4;12;11;12,3;85,7;12,2300678724579;84,637540132007;"treino_70";12,2123786268848;84,7716969841086;11,1423259104877;11,0295273090577;11,0097593216139;11,0057725796217
2026-06-23 05:00:00;2026-06-23 05:03:05;"1F";81,9;12,2;11,7;10,7;12,1;84,3;12,033130165793;83,7250776725184;"treino_70";12,0163981297448;83,8716600498427;10,823627072141;10,726569300374;10,7296438509264;10,7272703727596
2026-06-23 05:15:00;2026-06-23 05:18:04;"1F";82,9;12,1;11,5;10,7;12;84,3;11,9346613124605;84,4854630554255;"treino_70";11,9184078811748;84,6216908283976;10,7056443865013;10,6816695684511;10,6681657634291;10,6653822360627
2026-06-23 05:30:00;2026-06-23 05:33:04;"1F";82,6;11,9;11,4;10,5;11,9;84,5;11,7377236057956;84,2573474405534;"treino_70";11,7224273840349;84,3966815948311;10,6221801104714;10,4844976602325;10,4780308592043;10,4761731060675
2026-06-23 05:45:00;2026-06-23 05:48:06;"1F";84,1;11,8;11,3;10,5;11,7;85;11,6392547524632;85,3979255149141;"treino_70";11,6244371354649;85,5217277626636;10,4822921247515;10,4952018246992;10,4636010985114;10,4609654534697
2026-06-23 06:00:00;2026-06-23 06:03:02;"1F";84,8;11,7;11,3;10,5;11,6;85,9;11,5407858991307;85,9301952829491;"treino_70";11,5264468868949;86,046749307652;10,4691959122261;10,4678283246117;10,4250343821875;10,4222260229168
2026-06-23 06:15:00;2026-06-23 06:18:01;"1F";81,6;11,5;11,1;10;11,4;85,3;11,3438481924658;83,4969620576462;"treino_70";11,3304663897549;83,6466508162762;10,2295269127256;10,0422503180766;10,056515442462;10,0567951130149
2026-06-23 06:30:00;2026-06-23 06:33:01;"1F";82,9;11,4;11;10;11,3;84,2;11,2453793391334;84,4854630554255;"treino_70";11,2324761411849;84,6216908283976;10,0526138221983;10,0375299788243;10,0304200460604;10,0300863451679
2026-06-23 06:45:00;2026-06-23 06:48:00;"1F";83,5;11,3;10,8;10;11,2;85,1;11,1469104858009;84,9416942851698;"treino_70";11,134485892615;85,0717092955306;9,9989123740504;9,9626005348529;9,94613844274489;9,94571197214482
2026-06-23 07:00:00;2026-06-23 07:03:02;"1F";84,6;11,1;10,7;9,9;11;85,7;10,949972779136;85,7781182063677;"treino_70";10,938505395475;85,8967431519411;9,86537671953947;9,86515801935126;9,83180051230078;9,83126893574543
2026-06-23 07:15:00;2026-06-23 07:18:01;"1F";84,4;11,1;10,6;9,8;10,9;86;10,949972779136;85,6260411297863;"treino_70";10,938505395475;85,7467369962301;9,78847648126653;9,83091731454638;9,80098031977869;9,80059591407135
2026-06-23 07:30:00;2026-06-23 07:33:10;"1F";83,3;11,1;10,6;9,8;10,9;85,7;10,949972779136;84,7896172085884;"treino_70";10,938505395475;84,9217031398196;9,76714975166761;9,75271419346854;9,74154138499611;9,74196465030703
2026-06-23 07:45:00;2026-06-23 07:47:58;"1F";83,1;11;10,7;9,7;10,8;85,2;10,8515039258036;84,637540132007;"treino_70";10,840515146905;84,7716969841086;9,67350009141401;9,68074716224768;9,67390019156428;9,6748204912139
2026-06-23 08:00:00;2026-06-23 08:02:57;"1F";81;11;10,9;9,6;10,8;84,7;10,8515039258036;83,0407308279019;"treino_70";10,840515146905;83,1966323491432;9,67812177324011;9,57246026923186;9,60108196715439;9,6035293738822
2026-06-23 08:15:00;2026-06-23 08:17:57;"1F";77,6;11;11;9,4;10,8;82,1;10,8515039258036;80,4554205260175;"treino_70";10,840515146905;80,6465277020563;9,51486161556607;9,35391284017766;9,4393538290879;9,44425140431342
2026-06-23 09:00:00;2026-06-23 09:03:00;"1F_SUSPEITO";74,8;11;11,9;9,3;10,7;79,4;10,8515039258036;78,3263414538774;"treino_70";10,840515146905;78,5464415221024;9,42869080908713;9,33883438200461;9,47053850635901;9,47743420448776
2026-06-23 10:00:00;2026-06-23 10:02:58;"1F_SUSPEITO";70,1;11,1;12,7;9,2;10,9;75,7;10,949972779136;74,7525301542137;"treino_70";10,938505395475;75,0212968628941;9,48502503073536;9,24923369235303;9,45741990473186;9,46732069565375
2026-06-23 10:30:00;2026-06-23 10:32:55;"1F";70,1;11,2;12,8;9,3;10,8;75,7;11,0484416324685;74,7525301542137;"treino_70";11,036495644045;75,0212968628941;9,42864336870939;9,34446672428407;9,5524468824942;9,56203551788979
2026-06-23 10:45:00;2026-06-23 10:47:52;"1F";71,8;11,3;13,4;9,7;11;76,7;11,1469104858009;76,0451853051559;"treino_70";11,134485892615;76,2963491864376;9,77107681909203;9,65790333691368;9,83775070206479;9,84581579294567
2026-06-23 11:00:00;2026-06-23 11:02:51;"1F";73,9;11,5;13,7;10;11,1;78,1;11,3438481924658;77,641994609261;"treino_70";11,3304663897549;77,871413821403;10,0057239101961;10,0164952762545;10,1607837229227;10,1666966950131
2026-06-23 11:15:00;2026-06-23 11:17:52;"1F";70,6;11,4;14,6;9,9;11,2;78,2;11,2453793391334;75,1327228456673;"treino_70";11,2324761411849;75,3963122521716;10,2696066615871;9,88976598478649;10,0891017227368;10,097708629818
2026-06-23 11:30:00;2026-06-23 11:32:50;"1F";68,8;11,3;13,8;9,5;11;75;11,1469104858009;73,7640291564344;"treino_70";11,134485892615;74,0462568507727;9,73272872760037;9,52955678918197;9,7586038812206;9,76880344719828
2026-06-23 11:45:00;2026-06-23 11:47:49;"1F";69,2;11,8;14,8;10,1;11,1;75,4;11,6392547524632;74,0681833095973;"treino_70";11,6244371354649;74,3462691621946;10,0368579242853;10,1324686413958;10,3542377910616;10,362607828352
2026-06-23 12:00:00;2026-06-23 12:02:53;"1F";71,7;11,4;14,5;10;11,2;76;11,2453793391334;75,9691467668652;"treino_70";11,2324761411849;76,2213461085821;10,0951727964619;9,94651026064083;10,1276976476442;10,1355167757184
2026-06-23 12:45:00;2026-06-23 12:47:51;"1F";73,1;11,3;14,8;10;11,1;77,8;11,1469104858009;77,0336863029352;"treino_70";11,134485892615;77,271389198559;10,2046834127348;10,0285522554061;10,1869546281412;10,1940899058526
2026-06-23 13:00:00;2026-06-23 13:02:46;"1F";74;11,3;14;9,9;11,1;78,3;11,1469104858009;77,7180331475517;"treino_70";11,134485892615;77,9464168992585;10,0797587211106;9,93144441355373;10,0749521629314;10,0814418883133
2026-06-23 13:15:00;2026-06-23 13:17:46;"1F";74,4;11,3;13,6;9,9;10,9;79,1;11,1469104858009;78,0221873007146;"treino_70";11,134485892615;78,2464292106804;9,90188764685209;9,87943270422498;10,0163075324369;10,0225098501637
2026-06-23 13:30:00;2026-06-23 13:32:45;"1F";75,6;11,1;13;9,7;10,8;79,5;10,949972779136;78,9346497602032;"treino_70";10,938505395475;79,1464661449464;9,73276478139656;9,69081000277899;9,80880715774043;9,81480426456782
2026-06-23 13:45:00;2026-06-23 13:47:44;"1F";76,6;11,1;12,9;9,8;10,8;80,5;10,949972779136;79,6950351431103;"treino_70";10,938505395475;79,8964969235014;9,78266645257131;9,74066080329731;9,84208620907706;9,847366966497
2026-06-23 14:00:00;2026-06-23 14:02:45;"1F";76,8;11,3;13,3;10;10,8;81;11,1469104858009;79,8471122196918;"treino_70";11,134485892615;80,0465030792124;9,89768056886591;9,98784282500589;10,084743093302;10,0892143275289
2026-06-23 14:15:00;2026-06-23 14:17:43;"1F";76,1;11,3;14,5;10,2;10,9;80,7;11,1469104858009;79,3148424516567;"treino_70";11,134485892615;79,5214815342239;10,1940016887329;10,17863694683;10,2872285727231;10,2922059044621
2026-06-23 14:30:00;2026-06-23 14:32:43;"1F";77,2;11,1;13;9,8;10,8;80,9;10,949972779136;80,1512663728546;"treino_70";10,938505395475;80,3465153906343;9,83067435211584;9,80264436563338;9,89409902107678;9,8989489353107
2026-06-23 14:45:00;2026-06-23 14:47:42;"1F";77,1;11,1;12,6;9,7;10,9;81,2;10,949972779136;80,0752278345639;"treino_70";10,938505395475;80,2715123127788;9,84912463371558;9,71564326674865;9,80876117704052;9,8136829529164
2026-06-23 15:00:00;2026-06-23 15:02:41;"1F";76,3;11,1;12,4;9,6;10,8;80,7;10,949972779136;79,4669195282382;"treino_70";10,938505395475;79,6714876899349;9,69666701276454;9,61968965821018;9,72609259640114;9,73158848316941
2026-06-23 15:15:00;2026-06-23 15:17:43;"1F";75,4;11;12,9;9,6;10,8;79,8;10,8515039258036;78,7825726836217;"treino_70";10,840515146905;78,9964599892354;9,73371764858864;9,58053557098202;9,70236450165543;9,70883346813419
2026-06-23 15:30:00;2026-06-23 15:32:40;"1F";75,9;11;12,6;9,6;10,8;80,1;10,8515039258036;79,1627653750753;"treino_70";10,840515146905;79,3714753785129;9,69468560639164;9,55532838141534;9,66891226881709;9,67502503431368
2026-06-23 15:45:00;2026-06-23 15:47:40;"1F";77,3;10,9;11,8;9,4;10,8;80,3;10,7530350724711;80,2273049111454;"treino_70";10,742524898335;80,4215184684898;9,54867265575698;9,41625975843451;9,50730879013662;9,51275573604611
2026-06-23 16:00:00;2026-06-23 16:02:39;"1F";78,6;10,8;11,4;9,3;10,7;81,4;10,6545662191387;81,2158059089247;"treino_70";10,644534649765;81,3965584806113;9,4682593437761;9,34999616226071;9,42019762935501;9,42505374042402
2026-06-23 16:15:00;2026-06-23 16:17:39;"1F";77,9;10,7;11,2;9,2;10,5;81,9;10,5560973658062;80,6835361408897;"treino_70";10,546544401195;80,8715369356228;9,3081508305735;9,1844597536314;9,26690025384021;9,27259129035093
2026-06-23 16:30:00;2026-06-23 16:32:38;"1F";78,4;10,7;11;9,2;10,5;81,5;10,5560973658062;81,0637288323433;"treino_70";10,546544401195;81,2465523249003;9,24029304292791;9,17916153626417;9,25336193170305;9,25869828169951
2026-06-23 16:45:00;2026-06-23 16:47:37;"1F";78,6;10,7;11;9,2;10,4;82;10,5560973658062;81,2158059089247;"treino_70";10,546544401195;81,3965584806113;9,19754742838012;9,19305394254474;9,26395372268847;9,26914802753376
2026-06-23 17:00:00;2026-06-23 17:02:37;"1F";79,1;10,6;10,8;9,1;10,4;82,2;10,4576285124738;81,5959986003783;"treino_70";10,4485541526251;81,7715738698888;9,1714544361639;9,1107776574501;9,17413876784403;9,17931713933412
2026-06-23 17:15:00;2026-06-23 17:17:36;"1F";80,1;10,5;10,3;9;10,4;82,6;10,3591596591413;82,3563839832854;"treino_70";10,3505639040551;82,5216046484437;9,09929026908694;9,00301453422594;9,050626549845;9,05543717681305
2026-06-23 17:30:00;2026-06-23 17:32:35;"1F";81;10,4;9,8;8,9;10,3;83,1;10,2606908058089;83,0407308279019;"treino_70";10,2525736554851;83,1966323491432;8,95635586316044;8,88812095054879;8,92166799051352;8,92618465320169
2026-06-23 17:45:00;2026-06-23 17:47:35;"1F";82,6;10,1;9;8,6;10,1;83,7;9,96528424581152;84,2573474405534;"treino_70";9,95860290977513;84,3966815948311;8,68235847697843;8,60624832698627;8,61596467197008;8,62039219536071
2026-06-23 18:00:00;2026-06-23 18:02:34;"1F";83,5;9,9;8,4;8,4;10;84,8;9,76834653914662;84,9416942851698;"treino_70";9,76262241263516;85,0717092955306;8,56062887446272;8,39282000939543;8,38954390333062;8,39403920688706
2026-06-23 18:15:00;2026-06-23 18:17:34;"1F";82,5;10;8,3;8,4;9,9;84,8;9,86681539247907;84,1813089022627;"treino_70";9,86061266120514;84,3216785169756;8,46255817316326;8,38167791841564;8,39393759092524;8,39878448173503
2026-06-23 18:30:00;2026-06-23 18:32:33;"1F";82,1;10,2;9,1;8,7;10;84,8;10,063753099144;83,8771547490998;"treino_70";10,0565931583451;84,0216662055536;8,70062887446272;8,66931912318474;8,68639815520638;8,690829788013
2026-06-23 18:45:00;2026-06-23 18:47:33;"1F";81,4;10,3;9,6;8,8;10,1;84,2;10,1622219524764;83,3448849810648;"treino_70";10,1545834069151;83,4966446605652;8,83703023288986;8,79840669305525;8,82617990234177;8,83075900473253
2026-06-23 19:00:00;2026-06-23 19:02:32;"1F";80,5;10,4;9,8;8,8;10,2;83,6;10,2606908058089;82,6605381364483;"treino_70";10,2525736554851;82,8216169598657;8,91328915936652;8,85347520404422;8,89527421088288;8,90014467703122
2026-06-23 19:15:00;2026-06-23 19:17:32;"1F";80,1;10,4;9,8;8,8;10,2;83;10,2606908058089;82,3563839832854;"treino_70";10,2525736554851;82,5216046484437;8,87165053701626;8,82579080594523;8,87417851519768;8,87933154484145
2026-06-23 19:30:00;2026-06-23 19:32:31;"1F";78,6;10,4;9,8;8,7;10,2;82,4;10,2606908058089;81,2158059089247;"treino_70";10,2525736554851;81,3965584806113;8,83007944497927;8,72222716520397;8,79522189710946;8,80143078489182
2026-06-23 19:45:00;2026-06-23 19:47:31;"1F";82;10,2;9,8;8,8;10,2;83,6;10,063753099144;83,8011162108091;"treino_70";10,0565931583451;83,9466631276982;8,91328915936652;8,80240274280016;8,82113186512436;8,82563407238305
2026-06-23 20:00:00;2026-06-23 20:02:30;"1F";82,5;10,1;9,6;8,7;10;84,3;9,96528424581152;84,1813089022627;"treino_70";9,95860290977513;84,3216785169756;8,76598731604158;8,71934061011012;8,73070601253435;8,7352039850256
2026-06-23 20:15:00;2026-06-23 20:17:30;"1F";84,4;10;9,5;8,7;9,9;85,3;9,86681539247907;85,6260411297863;"treino_70";9,86061266120514;85,7467369962301;8,73716124233198;8,75291174459112;8,73379672961229;8,7373051431717
2026-06-23 20:30:00;2026-06-23 20:32:29;"1F";85,6;9,7;9,3;8,6;9,7;86,3;9,57140883248171;86,5385035892749;"treino_70";9,56664191549518;86,646773930496;8,60985462241854;8,56152704141912;8,52556484124121;8,52929329262809
2026-06-23 20:45:00;2026-06-23 20:47:28;"1F";82,7;9,6;9,2;8,3;9,4;86,3;9,47293997914926;84,3333859788441;"treino_70";9,4686516669252;84,4716846726866;8,35486315091506;8,26466451119827;8,27725040285871;8,28335469811474
2026-06-23 21:00:00;2026-06-23 21:02:28;"1F";82,2;9,6;9,1;8,2;9,4;85;9,47293997914926;83,9531932873905;"treino_70";9,4686516669252;84,0966692834092;8,24586516256318;8,21058572781593;8,23129266200074;8,23774240401631
2026-06-23 21:15:00;2026-06-23 21:17:27;"1F";82,2;9,4;8,8;8;9,3;84,4;9,27600227248436;83,9531932873905;"treino_70";9,27267116978523;84,0966692834092;8,06690715618008;7,99536837097588;8,01783489843707;8,02498087955053
2026-06-23 21:30:00;2026-06-23 21:32:27;"1F";82,9;9,4;8,6;8;9,3;84,8;9,27600227248436;84,4854630554255;"treino_70";9,27267116978523;84,6216908283976;8,0541336174282;8,00284086661248;8,01399947673035;8,02066533762292
2026-06-23 21:45:00;2026-06-23 21:47:29;"1F";83;9,5;8,8;8,1;9,4;85,1;9,37447112581681;84,5615015937162;"treino_70";9,37066141835521;84,6966939062531;8,19269865449741;8,1273833984818;8,1360050204596;8,14225192158088
2026-06-23 22:00:00;2026-06-23 22:02:26;"1F";84,3;9,5;8,9;8,2;9,4;85,5;9,37447112581681;85,5500025914956;"treino_70";9,37066141835521;85,6717339183746;8,24005344309985;8,23607202142636;8,22351140956383;8,22885871506823
2026-06-23 22:15:00;2026-06-23 22:17:25;"1F";83,1;9,5;8,9;8,1;9,4;85,8;9,37447112581681;84,637540132007;"treino_70";9,37066141835521;84,7716969841086;8,26059142228673;8,15419334660227;8,16119058630907;8,16736847649539
2026-06-23 22:30:00;2026-06-23 22:32:28;"1F";83,1;9,6;8,9;8,2;9,4;85,3;9,47293997914926;84,637540132007;"treino_70";9,4686516669252;84,7716969841086;8,22637188276722;8,23196372227438;8,23803800577409;8,24386538838377
2026-06-23 22:45:00;2026-06-23 22:47:24;"1F";83,2;9,6;9;8,3;9,4;85,3;9,47293997914926;84,7135786702977;"treino_70";9,4686516669252;84,8467000619641;8,24637188276722;8,25879356041088;8,26323788384503;8,26899596099244
2026-06-23 23:00:00;2026-06-23 23:02:24;"1F";83,7;9,6;9;8,3;9,4;85,5;9,47293997914926;85,0937713617513;"treino_70";9,4686516669252;85,2217154512416;8,26005344309985;8,29297302065201;8,28925516008631;8,29466624503524
2026-06-23 23:15:00;2026-06-23 23:17:23;"1F";84,9;9,6;9;8,4;9,4;86,1;9,47293997914926;86,0062338212399;"treino_70";9,4686516669252;86,1217523855075;8,30114818961637;8,3752102391349;8,3518185079972;8,35639363756516
2026-06-23 23:30:00;2026-06-23 23:32:25;"1F";86;9,5;9;8,4;9,4;86,7;9,37447112581681;86,8426577424378;"treino_70";9,37066141835521;86,946786241918;8,34231818443667;8,37257279819141;8,33209739518794;8,33626023708533
2026-06-23 23:45:00;2026-06-23 23:47:22;"1F";84,4;9,4;8,9;8,2;9,3;87;9,27600227248436;85,6260411297863;"treino_70";9,27267116978523;85,7467369962301;8,26448139580647;8,16490786227739;8,15169579868756;8,15732757866586
2026-06-24;2026-06-24 00:02:22;"1F";84;9,4;8,9;8,1;9,1;86,3;9,27600227248436;85,3218869766234;"treino_70";9,27267116978523;85,4467246848081;8,05987153568266;8,13764449752535;8,13094995483425;8,13685819253726
2026-06-24 00:15:00;2026-06-24 00:17:23;"1F";84,1;9,3;8,8;8;9,1;86,1;9,17753341915191;85,3979255149141;"treino_70";9,17468092121524;85,5217277626636;8,0262596151145;8,04650933011128;8,03915661787663;8,04534890913093
2026-06-24 00:30:00;2026-06-24 00:32:21;"1F";85,3;9,3;8,8;8,1;9,1;86,3;9,17753341915191;86,3103879744027;"treino_70";9,17468092121524;86,4217646969295;8,03987153568266;8,12821396161919;8,10131251255481;8,10667658297573
2026-06-24 00:45:00;2026-06-24 00:47:20;"1F";86,1;9,2;8,8;8,1;9,1;87,1;9,07906456581946;86,9186962807285;"treino_70";9,07669067264526;87,0217893197735;8,0944055325707;8,10455582276983;8,06561342403297;8,07078095432946
2026-06-24 01:00:00;2026-06-24 01:02:19;"1F";86,6;9,2;8,8;8,1;9,1;87,5;9,07906456581946;87,2988889721821;"treino_70";9,07669067264526;87,396804709051;8,12172439984445;8,13868750521813;8,0915502698935;8,09637126097589
2026-06-24 01:15:00;2026-06-24 01:17:19;"1F";86,3;9,1;8,7;8;8,9;87,6;8,98059571248701;87,0707733573099;"treino_70";8,97870042407527;87,1717954754845;7,95145601798301;8,01987153568266;7,9787236335036;7,98411136510227
2026-06-24 01:30:00;2026-06-24 01:32:18;"1F";87,6;8,8;8,4;7,8;8,7;88;8,68518915248966;88,0592743550892;"treino_70";8,68472967836531;88,1468354876059;7,761445262065;7,81290424002343;7,75381746352143;7,75939060735204
2026-06-24 01:45:00;2026-06-24 01:47:19;"1F";89,6;8,4;8,1;7,6;8,4;88,9;8,29131373915986;89,5800451209036;"treino_70";8,29276868408537;89,6468970447159;7,52622743312025;7,57352131667682;7,48643767104348;7,49209588582596
2026-06-24 02:00:00;2026-06-24 02:02:23;"1F_SUSPEITO";91,7;8;7,8;7,3;8,1;90,1;7,89743832583006;91,1768544250086;"treino_70";7,90080768980543;91,2219616796813;7,31047013524561;7,33917809630498;7,22273442233102;7,22843262379077
2026-06-24 02:15:00;2026-06-24 02:17:19;"1F";92,5;7,5;7,3;6,9;7,6;90,9;7,40509405916781;91,7851627313344;"treino_70";7,4108564469555;91,8219863025253;6,86887269153845;6,89647315393812;6,77352029238962;6,78053775810579
2026-06-24 02:30:00;2026-06-24 02:32:16;"1F";92,9;7,3;6,9;6,7;7,2;91,6;7,20815635250291;92,0893168844972;"treino_70";7,21487594981553;92,1219986139472;6,51874438392987;6,68441132510971;6,55762468542686;6,56512045163473
2026-06-24 02:45:00;2026-06-24 02:47:16;"1F";92,8;6,8;6,6;6,2;6,8;91,8;6,71581208584065;92,0132783462065;"treino_70";6,7249247069656;92,0469955360917;6,15501355658292;6,22073395774001;6,10226646675712;6,11170015946541
2026-06-24 03:00:00;2026-06-24 03:02:16;"1F";94,1;6,7;6,3;6,2;6,6;92,4;6,6173432325082;93,0017793439858;"treino_70";6,62693445839562;93,0220355482132;5,97573653718366;6,16695639759217;6,02893468195081;6,03788290300908
2026-06-24 03:15:00;2026-06-24 03:17:15;"1F";94,8;6,6;6,3;6,1;6,6;92,9;6,51887437917575;93,5340491120209;"treino_70";6,52894420982563;93,5470570932017;6,00848400722772;6,13353136524402;5,98559715112748;5,99445809192184
2026-06-24 03:30:00;2026-06-24 03:32:14;"1F";94,6;6,1;6,1;5,7;6,3;92,9;6,0265301125135;93,3819720354394;"treino_70";6,0389929669757;93,3970509374907;5,73022923013126;5,68190006807114;5,54423768289505;5,55512220316644
2026-06-24 03:45:00;2026-06-24 03:47:13;"1F";92,8;5,8;5,4;5,2;5,6;93;5,73112355251615;92,0132783462065;"treino_70";5,74502222126575;92,0469955360917;5,04070023271282;5,18670950872416;5,08163282337958;5,09480794504214
2026-06-24 04:00:00;2026-06-24 04:02:13;"1F";90,8;5,9;5,3;5,1;5,5;93,1;5,8295924058486;90,4925075803922;"treino_70";5,84301246983573;90,5469339789818;4,9476523994512;5,11782071898621;5,04255159711824;5,05662432186304
2026-06-24 04:15:00;2026-06-24 04:17:12;"1F";89,3;6;5,3;5,1;5,5;92,7;5,92806125918105;89,3519295060314;"treino_70";5,94100271840572;89,4218878111494;4,92212413020447;5,10117591622281;5,04775952049222;5,06240796633818
2026-06-24 04:30:00;2026-06-24 04:32:12;"1F";88,3;6;5,3;5;5,6;91,9;5,92806125918105;88,5915441231243;"treino_70";5,94100271840572;88,6718570325944;4,95046470324621;5,03770824304136;4,99955376218286;5,01482668095719
2026-06-24 04:45:00;2026-06-24 04:47:11;"1F";86,2;6,1;5,3;5;5,7;90,9;6,0265301125135;86,9947348190192;"treino_70";6,0389929669757;87,096792397629;4,9660125685165;4,98365498697608;4,97610152145181;4,99231239164069
2026-06-24 05:00:00;2026-06-24 05:02:11;"1F";85,1;6,2;5,3;5;5,8;89,1;6,12499896584595;86,1583108978213;"treino_70";6,13698321554569;86,2717585412185;4,93085383040758;4,99274967614473;5,00060853618733;5,01713743779816
2026-06-24 05:15:00;2026-06-24 05:17:10;"1F";83,5;6,3;5,4;5;6;86,9;6,2234678191784;84,9416942851698;"treino_70";6,23497346411567;85,0717092955306;4,96932546218491;4,99051138663638;5,02114322262516;5,03829471907154
2026-06-24 05:30:00;2026-06-24 05:32:09;"1F";81,1;6,3;5,4;4,8;6,1;84,9;6,2234678191784;83,1167693661926;"treino_70";6,23497346411567;83,2716354269987;4,92211172637779;4,84129964063214;4,9070559136213;4,92565306996661
2026-06-24 05:45:00;2026-06-24 05:47:09;"1F";79,6;6,3;5,3;4,7;6,1;82,7;6,2234678191784;81,9761912918319;"treino_70";6,23497346411567;82,1465892591662;4,76519764874652;4,72885611757795;4,81622324206082;4,83571060485355
2026-06-24 06:00:00;2026-06-24 06:02:08;"1F";78,9;6,3;5,4;4,7;6,1;82,6;6,2234678191784;81,4439215237968;"treino_70";6,23497346411567;81,6215677141778;4,7790066911679;4,70593059005883;4,80329249808963;4,82319176813117
2026-06-24 06:15:00;2026-06-24 06:17:08;"1F";77,8;6,3;5,4;4,6;6,1;81,8;6,2234678191784;80,6074976025989;"treino_70";6,23497346411567;80,7965338577673;4,72958070879014;4,63875281718837;4,75170450992376;4,77224652226804
2026-06-24 06:30:00;2026-06-24 06:32:07;"1F";78,5;6,3;5,4;4,7;6,1;81,9;6,2234678191784;81,139767370634;"treino_70";6,23497346411567;81,3215554027558;4,73574906570119;4,6814631681003;4,78451054604109;4,80464418319141
2026-06-24 06:45:00;2026-06-24 06:47:07;"1F";76,6;6,4;5,5;4,7;6,1;81,6;6,32193667251085;79,6950351431103;"treino_70";6,33296371268566;79,8964969235014;4,73725247873307;4,66241316726504;4,79161838095676;4,81252279679028
2026-06-24 07:00:00;2026-06-24 07:02:06;"1F";79;6,3;5,6;4,7;6,1;81,8;6,2234678191784;81,5199600620875;"treino_70";6,23497346411567;81,6965707920333;4,76958070879014;4,75205443076682;4,8479920345016;4,86783259811481
2026-06-24 07:15:00;2026-06-24 07:17:06;"1F";79,6;6,4;5,6;4,9;6,2;83;6,32193667251085;81,9761912918319;"treino_70";6,33296371268566;82,1465892591662;4,92154058968654;4,86598749598241;4,95260434535568;4,97175068462851
2026-06-24 07:30:00;2026-06-24 07:32:05;"1F";82;6,5;5,9;5,1;6,2;83,9;6,4204055258433;83,8011162108091;"treino_70";6,43095396125565;83,9466631276982;5,03762228408449;5,15221266547806;5,20313577212093;5,22049869250947
2026-06-24 07:45:00;2026-06-24 07:47:05;"1F";83,4;6,4;6,1;5,2;6,2;85,3;6,32193667251085;84,8656557468791;"treino_70";6,33296371268566;84,9967062176751;5,16530993671476;5,20208675432552;5,23325831770756;5,25011926911274
2026-06-24 08:00:00;2026-06-24 08:02:04;"1F";83,6;6,5;6,6;5,4;6,2;86,1;6,4204055258433;85,0177328234605;"treino_70";6,43095396125565;85,1467123733861;5,31566232221335;5,39248320042549;5,41974372273474;5,43613076275846
2026-06-24 08:15:00;2026-06-24 08:17:03;"1F";82,1;6,7;7,1;5,5;6,3;86,1;6,6173432325082;83,8771547490998;"treino_70";6,62693445839562;84,0216662055536;5,49395902193832;5,553641395188;5,60134419081719;5,61795073420023
2026-06-24 08:30:00;2026-06-24 08:32:05;"1F";80,6;6,9;7,5;5,7;6,4;85,2;6,8142809391731;82,736576674739;"treino_70";6,82291495553559;82,8966200377212;5,59531055731395;5,69431787494607;5,76250111988742;5,77933340164329
2026-06-24 08:45:00;2026-06-24 08:47:02;"1F";79,4;7,2;8,2;6;6,5;84,8;7,10968749917046;81,8241142152504;"treino_70";7,11688570124555;81,9965831034553;5,78814416844353;5,99042233154022;6,07399110032422;6,09053221503142
2026-06-24 10:30:00;2026-06-24 10:32:04;"1F_SUSPEITO";80,1;8,5;13,4;8,1;7,9;84,4;8,38978259249231;82,3563839832854;"treino_70";8,39075893265536;82,5216046484437;7,89489545917172;8,07853630791606;8,14166254783656;8,15332127744201
2026-06-24 12:00:00;2026-06-24 12:01:56;"1F";77,1;8,4;12,8;7,7;7,9;83,2;8,29131373915986;80,0752278345639;"treino_70";8,29276868408537;80,2715123127788;7,69639126589721;7,68595125249254;7,79576364424108;7,80970015705119
2026-06-24 12:15:00;2026-06-24 12:16:55;"1F";75,1;8,4;11,7;7,3;7,9;81,4;8,29131373915986;78,5544570687496;"treino_70";8,29276868408537;78,7714507556689;7,35928455307575;7,33683636384242;7,47679503250487;7,49200404629904
2026-06-24 12:30:00;2026-06-24 12:31:55;"1F";75,8;8,5;11,7;7,5;8;81,1;8,38978259249231;79,0867268367846;"treino_70";8,39075893265536;79,2964723006574;7,41725119256789;7,45832661161547;7,58722884605022;7,60166403954176
2026-06-24 12:45:00;2026-06-24 12:46:54;"1F";75,9;8,5;12,7;7,7;8,1;81,4;8,38978259249231;79,1627653750753;"treino_70";8,39075893265536;79,3714753785129;7,71421181821984;7,66479641546936;7,7921880463015;7,80655940526337
2026-06-24 13:30:00;2026-06-24 13:31:58;"1F";79,3;8,5;12,1;7,8;8,2;83,2;8,38978259249231;81,7480756769597;"treino_70";8,39075893265536;81,9215800255998;7,78975675708596;7,76609151040533;7,84158323824597;7,85376344037354
2026-06-24 14:00:00;2026-06-24 14:01:51;"1F";79,8;8,6;11;7,7;8,2;83,9;8,48825144582476;82,1282683684133;"treino_70";8,48874918122534;82,2965954148772;7,61588167288563;7,65602093048766;7,72303068430113;7,73454365652458
2026-06-24 14:15:00;2026-06-24 14:16:52;"1F";79;8,8;12,3;8;8,4;83,1;8,68518915248966;81,5199600620875;"treino_70";8,68472967836531;81,6965707920333;7,97871803807148;8,01751646037424;8,0954723153525;8,10682949028245
2026-06-24 17:45:00;2026-06-24 17:46:43;"1F";71,1;8,9;8,4;6,8;8,8;76,7;8,78365800582211;75,5129155371209;"treino_70";8,7827199269353;75,7713276414491;7,08636832015173;6,79850134888544;6,99632444464497;7,0124592866646
2026-06-24 18:00:00;2026-06-24 18:01:42;"1F";73,8;8,1;6,2;6;8,3;77,4;7,99590717916251;77,5659560709703;"treino_70";7,99879793837542;77,7964107435475;6,30868243454753;5,92538225880373;6,08603838667205;6,10303892733163
2026-06-24 18:15:00;2026-06-24 18:16:41;"1F";75,7;7,6;4,6;5,3;7,8;78,8;7,50356291250026;79,0106882984939;"treino_70";7,50884669552549;79,2214692228019;5,69452217420436;5,34441834081736;5,47970093564303;5,49716770576706
2026-06-24 18:30:00;2026-06-24 18:31:41;"1F";79,7;6,7;3,8;4,7;7,3;80,6;6,6173432325082;82,0522298301226;"treino_70";6,62693445839562;82,2215923370217;5,26358573135652;4,7435996248003;4,82651265174576;4,84457577906228
2026-06-24 18:45:00;2026-06-24 18:46:41;"1F";83,6;6,2;3,2;4,5;6,7;82,3;6,12499896584595;85,0177328234605;"treino_70";6,13698321554569;85,1467123733861;4,78621473644393;4,47890323234014;4,5090035925879;4,52644611216343
2026-06-24 19:00:00;2026-06-24 19:01:40;"1F";86,2;5,8;2,8;4,2;6,3;83,7;5,73112355251615;86,9947348190192;"treino_70";5,74502222126575;87,096792397629;4,48301786680651;4,24871317976583;4,24435583783218;4,26164213011949
2026-06-24 19:15:00;2026-06-24 19:16:39;"1F";84,4;6,3;3;4,6;6,3;85,5;6,2234678191784;85,6260411297863;"treino_70";6,23497346411567;85,7467369962301;4,63607448609967;4,56687780874904;4,58416497168049;4,60076760461574
2026-06-24 19:30:00;2026-06-24 19:31:38;"1F";85,5;5,9;2,9;4,3;6,2;85,3;5,8295924058486;86,4624650509842;"treino_70";5,84301246983573;86,5717708526405;4,52530993671476;4,30330177731041;4,30828724560374;4,32564091889138
2026-06-24 19:45:00;2026-06-24 19:46:38;"1F";85,3;5,8;2,8;4,2;6,1;86;5,73112355251615;86,3103879744027;"treino_70";5,74502222126575;86,4217646969295;4,47107902408508;4,19267591681553;4,20164940070679;4,21948053192188
2026-06-24 20:00:00;2026-06-24 20:01:37;"1F";87,7;5,2;2,4;3,8;5,9;86,2;5,14031043252145;88,13531289338;"treino_70";5,15708072984583;88,2218385654614;4,24702713339943;3,79120898858516;3,77120275942651;3,78974562124114
2026-06-24 20:15:00;2026-06-24 20:16:42;"1F_SUSPEITO";88,4;5,3;2,3;3,9;5,7;86,8;5,2387792858539;88,667582661415;"treino_70";5,25507097841582;88,7468601104499;4,10778372533763;3,89323592661249;3,86168644794999;3,87944430448169
2026-06-24 20:30:00;2026-06-24 20:31:36;"1F";86,4;6,1;2,5;4,4;5,9;87,4;6,0265301125135;87,1468118956006;"treino_70";6,0389929669757;87,24679855334;4,34230897533195;4,43624215410847;4,4256864382046;4,44177421609933
2026-06-24 20:45:00;2026-06-24 20:46:36;"1F";84,4;6,3;2,9;4,5;6,2;86,8;6,2234678191784;85,6260411297863;"treino_70";6,23497346411567;85,7467369962301;4,61986662623783;4,54687780874904;4,56416497168049;4,58076760461574
2026-06-24 21:00:00;2026-06-24 21:01:35;"1F";85,8;6,1;3;4,5;6,2;86,6;6,0265301125135;86,6905806658563;"treino_70";6,0389929669757;86,796780086207;4,62722293603764;4,49851427042469;4,49695119792901;4,51340770259812
2026-06-24 21:15:00;2026-06-24 21:16:35;"1F";87,3;5,7;2,9;4,3;6;87;5,6326546991837;87,8311587402171;"treino_70";5,64703197269576;87,9218262540395;4,47562022376114;4,25901675907683;4,239347460658;4,25632386628781
2026-06-24 21:30:00;2026-06-24 21:31:34;"1F";89;5,7;2,9;4,4;5,9;87,8;5,6326546991837;89,1238138911593;"treino_70";5,64703197269576;89,1968785775829;4,44749371891107;4,36574669672037;4,32047957058641;4,33641181220209
2026-06-24 21:45:00;2026-06-24 21:46:34;"1F";89,5;5,5;2,9;4,2;5,7;88,4;5,4357169925188;89,5040065826129;"treino_70";5,45105147555579;89,5718939668604;4,32798257448306;4,23955715688628;4,18910899184462;4,20546457037244
2026-06-24 22:00:00;2026-06-24 22:01:34;"1F";91,5;5,4;2,8;4,3;5,8;89,1;5,33724813918635;91,0247773484272;"treino_70";5,3530612269858;91,0719555239703;4,43085383040758;4,26662030161843;4,18694370954075;4,202429337249
2026-06-24 22:15:00;2026-06-24 22:16:33;"1F";90,7;5,8;3,3;4,6;5,9;89,6;5,73112355251615;90,4164690421015;"treino_70";5,74502222126575;90,4719309011263;4,64138524960487;4,63237005330898;4,55990197706557;4,57440714330197
2026-06-24 22:30:00;2026-06-24 22:31:32;"1F";88,4;6,2;3,6;4,9;6;89,5;6,12499896584595;88,667582661415;"treino_70";6,13698321554569;88,7468601104499;4,77390309164463;4,86141550675588;4,81941844517996;4,83390135961605
2026-06-24 22:45:00;2026-06-24 22:46:32;"1F";88,8;6;3,5;4,7;5,9;89,3;5,92806125918105;88,9717368145778;"treino_70";5,94100271840572;89,0468724218719;4,66233977349856;4,70940701725159;4,6636362716833;4,67859752719422
2026-06-24 23:00:00;2026-06-24 23:01:31;"1F";88,5;6;3,4;4,7;5,9;89,4;5,92806125918105;88,7436211997057;"treino_70";5,94100271840572;88,8218631883054;4,64868544475935;4,67037933230411;4,62918187476138;4,64433026591708
2026-06-24 23:15:00;2026-06-24 23:16:30;"1F";87,6;6,1;3,5;4,7;5,9;89,2;6,0265301125135;88,0592743550892;"treino_70";6,0389929669757;88,1468354876059;4,65599692397893;4,71200016522649;4,68333236162376;4,69867774198038
2026-06-24 23:30:00;2026-06-24 23:31:31;"1F";88,3;5,8;3,3;4,5;5,8;89;5,73112355251615;88,5915441231243;"treino_70";5,74502222126575;88,6718570325944;4,52453320310535;4,48036849250744;4,44452720722323;4,46052740694432
2026-06-24 23:45:00;2026-06-24 23:46:29;"1F";89;5,7;3,3;4,4;5,6;89,2;5,6326546991837;89,1238138911593;"treino_70";5,64703197269576;89,1968785775829;4,37953800644968;4,44574669672037;4,40047957058641;4,41641181220209
2026-06-25;2026-06-25 00:01:29;"1F";90;5,5;3,4;4,4;5,5;89,6;5,4357169925188;89,8841992740664;"treino_70";5,45105147555579;89,9469093561379;4,34584256675294;4,37101319448565;4,31298134879003;4,32902842376295
2026-06-25 00:15:00;2026-06-25 00:16:28;"1F";91,4;5,3;3,4;4,3;5,4;90,2;5,2387792858539;90,9487388101365;"treino_70";5,25507097841582;90,9969524461148;4,30463174365237;4,30111715116974;4,22425802049359;4,24017688203009
2026-06-25 00:30:00;2026-06-25 00:31:28;"1F";92;5,3;3,4;4,3;5,2;90,8;5,2387792858539;91,4049700398808;"treino_70";5,25507097841582;91,4469709132478;4,18424776171406;4,3390098482752;4,25295621408626;4,26850207352575
2026-06-25 00:45:00;2026-06-25 00:46:27;"1F";92,5;5,1;3,2;4,2;5,1;91,2;5,041841579189;91,7851627313344;"treino_70";5,05909048127585;91,8219863025253;4,09021629780674;4,17195733773262;4,08086293240656;4,09684357453834
2026-06-25 01:00:00;2026-06-25 01:01:26;"1F";93;4,9;3;4;4,9;91,5;4,8449038725241;92,165355422788;"treino_70";4,86310998413588;92,1970016918027;3,91064514044814;4,00466048206199;3,90857233988957;3,92499107822581
2026-06-25 01:15:00;2026-06-25 01:16:26;"1F";93,4;4,9;2,9;4;4,9;91,9;4,8449038725241;92,4695095759508;"treino_70";4,86310998413588;92,4970140032247;3,91565008583225;4,00984470532146;3,90761523562799;3,92378601861637
2026-06-25 01:30:00;2026-06-25 01:31:25;"1F";92,6;5;3,1;4,1;4,9;92,1;4,94337272585655;91,8612012696251;"treino_70";4,96110023270586;91,8969893803807;3,96817052735092;4,07889488511881;3,98759680155414;4,00388901577338
2026-06-25 01:45:00;2026-06-25 01:46:25;"1F";92,7;4,9;3,1;4;4,8;92,2;4,8449038725241;91,9372398079158;"treino_70";4,86310998413588;91,9719924582363;3,89512798479935;4,00580362049508;3,91430838885631;3,93091257831615
2026-06-25 02:00:00;2026-06-25 02:01:25;"1F";93,4;4,7;2,8;3,8;4,7;92,3;4,6479661658592;92,4695095759508;"treino_70";4,66712948699591;92,4970140032247;3,76205652099853;3,83084991415417;3,73134475893592;3,7482665223889
2026-06-25 02:15:00;2026-06-25 02:16:24;"1F";93,4;4,6;2,6;3,7;4,5;92,4;4,54949731252674;92,4695095759508;"treino_70";4,56913923842592;92,4970140032247;3,56961701662705;3,71135249635378;3,61320949838781;3,63050675231993
2026-06-25 02:30:00;2026-06-25 02:31:23;"1F";94,1;4,4;2,5;3,6;4,4;92,6;4,35255960586184;93,0017793439858;"treino_70";4,37315874128595;93,0220355482132;3,48266916021543;3,57599622615009;3,4699151848836;3,48753537885222
2026-06-25 02:45:00;2026-06-25 02:46:23;"1F";94,5;4,3;2,5;3,5;4,3;92,8;4,25409075252939;93,3059334971487;"treino_70";4,27516849271596;93,3220478596352;3,41567008297396;3,52133054879135;3,41053233569239;3,428284745992
2026-06-25 03:00:00;2026-06-25 03:01:23;"1F";94,8;4,1;2,4;3,4;4,2;93,1;4,05715304586449;93,5340491120209;"treino_70";4,07918799557599;93,5470570932017;3,33480100351708;3,3606370600995;3,24807578474336;3,26640120244357
2026-06-25 03:15:00;2026-06-25 03:16:22;"1F";95,1;3,9;2,2;3,2;4;93,1;3,86021533919959;93,762164726893;"treino_70";3,88320749843602;93,7720663267682;3,13590056337597;3,17978576079484;3,06549434428884;3,08439492719184
2026-06-25 03:30:00;2026-06-25 03:31:21;"1F";95,4;3,6;2,2;3;3,7;93,3;3,56480877920224;93,9902803417652;"treino_70";3,58923675272606;93,9970755603347;2,90976343487983;2,95896904086759;2,8444170925561;2,86427486646536
2026-06-25 03:45:00;2026-06-25 03:46:20;"1F";95,7;3,6;2,5;3;3,6;93,6;3,56480877920224;94,2183959566373;"treino_70";3,58923675272606;94,2220847939011;2,90857891792677;3,03746804713902;2,91836553077489;2,93804231512967
2026-06-25 04:00:00;2026-06-25 04:01:22;"1F";96;3,5;2,7;3;3,4;93,7;3,46633992586979;94,4465115715095;"treino_70";3,49124650415608;94,4470940274676;2,79559504679054;3,01609525248037;2,89388919858819;2,91376569564517
2026-06-25 04:15:00;2026-06-25 04:16:21;"1F";96,2;3,6;2,8;3,1;3,4;94,1;3,56480877920224;94,5985886480909;"treino_70";3,58923675272606;94,5971001831786;2,83992420065972;3,12836336456557;3,00165006452387;3,02102414443611
2026-06-25 04:30:00;2026-06-25 04:31:19;"1F";96,4;3,6;3;3,2;3,5;94,3;3,56480877920224;94,7506657246724;"treino_70";3,58923675272606;94,7471063388896;2,97174668885764;3,18074373020719;3,05097685980442;3,07022948935904
2026-06-25 04:45:00;2026-06-25 04:46:20;"1F";96,5;3,4;3,1;3;3,4;94,4;3,36787107253734;94,8267042629631;"treino_70";3,39325625558609;94,8221094167451;2,91820513691767;3,04698558452066;2,91864395562181;2,93860027061405
2026-06-25 05:00:00;2026-06-25 05:01:17;"1F";96,6;3,4;2,3;2,9;3,2;94,5;3,36787107253734;94,9027428012538;"treino_70";3,39325625558609;94,8971124946006;2,6049661480705;2,893153367191;2,76328882700048;2,78318471042307
2026-06-25 05:15:00;2026-06-25 05:16:17;"1F";96,6;3,3;2,2;2,8;3,2;94,6;3,26940221920489;94,9027428012538;"treino_70";3,29526600701611;94,8971124946006;2,59103847060487;2,79316163705299;2,66477768656611;2,68505602744283
2026-06-25 05:30:00;2026-06-25 05:31:16;"1F";96,6;3,1;2,1;2,6;3;94,7;3,07246451253999;94,9027428012538;"treino_70";3,09928550987614;94,8971124946006;2,41771284353341;2,61317813461687;2,48775536262203;2,50879861885131
2026-06-25 05:45:00;2026-06-25 05:46:16;"1F";96,7;3,1;1,7;2,5;2,9;94,8;3,07246451253999;94,9787813395445;"treino_70";3,09928550987614;94,9721155724561;2,26404462213442;2,53930367846751;2,41236740094813;2,43335080897203
2026-06-25 06:00:00;2026-06-25 06:01:16;"1F";96,7;2,8;1,3;2,2;2,8;94,8;2,77705795254264;94,9787813395445;"treino_70";2,80531476416618;94,9721155724561;2,10432848916331;2,21928287608603;2,09679910232168;2,11893052099968
2026-06-25 06:15:00;2026-06-25 06:16:15;"1F";96,7;2,9;1,1;2,3;2,8;95,1;2,87552680587509;94,9787813395445;"treino_70";2,90330501273616;94,9721155724561;2,08239931208737;2,25928982436551;2,13532188300019;2,15707063131064
2026-06-25 06:30:00;2026-06-25 06:31:15;"1F";96,7;2,8;1,1;2,2;2,7;95;2,77705795254264;94,9787813395445;"treino_70";2,80531476416618;94,9721155724561;1,99662530360516;2,17928287608603;2,05679910232168;2,07893052099968
2026-06-25 06:45:00;2026-06-25 06:46:14;"1F";96,7;2,5;0,9;1,9;2,6;95,1;2,48165139254529;94,9787813395445;"treino_70";2,51134401845622;94,9721155724561;1,88287431106887;1,89926194582017;1,78123067294175;1,80451010362757
2026-06-25 07:00:00;2026-06-25 07:01:13;"1F";96,7;2,3;0,6;1,7;2,5;95,1;2,28471368588039;94,9787813395445;"treino_70";2,31536352131625;94,9721155724561;1,74311178806901;1,67924792068867;1,56418498012607;1,58822975291155
2026-06-25 07:15:00;2026-06-25 07:16:13;"1F";96,8;2,9;0,9;2,2;2,7;95,5;2,87552680587509;95,0548198778352;"treino_70";2,90330501273616;95,0471186503116;1,98671639908861;2,22538836267782;2,09991270714244;2,12160197684948
2026-06-25 07:30:00;2026-06-25 07:31:12;"1F";96,9;2,9;1,3;2,3;2,8;95,4;2,87552680587509;95,1308584161259;"treino_70";2,90330501273616;95,1221217281671;2,14050015662295;2,31149018888633;2,18450545259272;2,206135188997
2026-06-25 07:45:00;2026-06-25 07:46:11;"1F";96,9;2,9;1,7;2,4;2,7;95,3;2,87552680587509;95,1308584161259;"treino_70";2,90330501273616;95,1221217281671;2,13466990913189;2,39149018888633;2,26450545259272;2,286135188997
2026-06-25 08:00:00;2026-06-25 08:01:11;"1F";96,9;3;2,5;2,6;2,7;95,5;2,97399565920754;95,1308584161259;"treino_70";3,00129526130615;95,1221217281671;2,30671639908861;2,63152736599218;2,50305132433572;2,52429796715723
2026-06-25 08:15:00;2026-06-25 08:16:10;"1F";97,1;3,5;3,6;3,3;3,1;95,8;3,46633992586979;95,2829354927074;"treino_70";3,49124650415608;95,2721278838781;2,86429115958693;3,26410759442423;3,12511010928968;3,14431952336589
2026-06-25 08:30:00;2026-06-25 08:31:10;"1F";97,2;4;4,6;3,8;3,6;96;3,95868419253204;95,3589740309981;"treino_70";3,98119774700601;95,3471309617336;3,47599570067463;3,87072114851094;3,72267941989297;3,73990924809236
2026-06-25 08:45:00;2026-06-25 08:46:09;"1F";97,4;4,6;5,9;4,6;4,2;96,1;4,54949731252674;95,5110511075795;"treino_70";4,56913923842592;95,4971371174446;4,22167185540466;4,62395891905996;4,46375484142984;4,47855562304207
2026-06-25 09:00:00;2026-06-25 09:01:09;"1F";97,4;4,8;6,8;5;4,5;96;4,74643501919165;95,5110511075795;"treino_70";4,76511973556589;95,4971371174446;4,63509910200396;4,96418341072893;4,80096127069861;4,81499376443289
2026-06-25 09:15:00;2026-06-25 09:16:08;"1F";97,5;5,1;6,8;5,2;4,7;96;5,041841579189;95,5870896458702;"treino_70";5,05909048127585;95,5721401953001;4,79489970510554;5,21097178301769;5,04162778407419;5,0544433749697
2026-06-25 09:30:00;2026-06-25 09:31:08;"1F";97,5;5,2;7,1;5,3;4,8;95,9;5,14031043252145;95,5870896458702;"treino_70";5,15708072984583;95,5721401953001;4,9284376718099;5,35109898031046;5,18024242566071;5,19267366359902
2026-06-25 09:45:00;2026-06-25 09:46:07;"1F";97,5;5,9;8,1;6,1;5;96,1;5,8295924058486;95,5870896458702;"treino_70";5,84301246983573;95,5721401953001;5,30099629509506;6,11198900163898;5,9305445470925;5,94028531792474
2026-06-25 10:00:00;2026-06-25 10:01:07;"1F";97,6;6,2;10,4;6,8;5,5;96,3;6,12499896584595;95,6631281841609;"treino_70";6,13698321554569;95,6471432731556;6,17352626718024;6,81898980726384;6,63137303214629;6,63989392583159
2026-06-25 10:15:00;2026-06-25 10:16:06;"1F";96,9;6,7;12,1;7,5;5,9;96,3;6,6173432325082;95,1308584161259;"treino_70";6,62693445839562;95,1221217281671;6,83330971226669;7,51289339220725;7,32923882620592;7,33631110482238
2026-06-25 10:30:00;2026-06-25 10:31:05;"1F";89,1;7,1;11,8;7,3;5,9;95,9;7,011218645838;89,19985242945;"treino_70";7,01889545267556;89,2718816554384;6,74717188567253;7,25529243631945;7,19184455639598;7,20259708378482
2026-06-25 10:45:00;2026-06-25 10:46:05;"1F";84,3;8,1;13,5;8,1;6,4;96;7,99590717916251;85,5500025914956;"treino_70";7,99879793837542;85,6717339183746;7,49320265014461;8,06430691881799;8,06545529427179;8,07575353692498
2026-06-25 11:00:00;2026-06-25 11:01:04;"1F_SUSPEITO";79,3;8,8;18,3;9,2;6,9;94,9;8,68518915248966;81,7480756769597;"treino_70";8,68472967836531;81,9215800255998;8,77933253161646;9,23731555406746;9,31060292154863;9,32176259374153
2026-06-25 11:15:00;2026-06-25 11:16:04;"1F";77;9,1;18,3;9,3;7,4;92,3;8,98059571248701;79,9991892962732;"treino_70";8,97870042407527;80,1965092349234;9,0037781009853;9,31592706900854;9,42296511053265;9,43463045142368
2026-06-25 11:30:00;2026-06-25 11:31:03;"1F";74;9,6;20;9,8;8,3;87,6;9,47293997914926;77,7180331475517;"treino_70";9,4686516669252;77,9464168992585;9,74014511488179;9,83871963103039;9,98977528942893;10,00178304234
2026-06-25 11:45:00;2026-06-25 11:46:04;"1F";73;9,9;21,7;10,4;8,9;82,9;9,76834653914662;76,9576477646445;"treino_70";9,76262241263516;77,1963861207035;10,2341674937184;10,339820640019;10,5052661911445;10,5169738770443
2026-06-25 12:00:00;2026-06-25 12:01:02;"1F";72,8;10;20,6;10,2;9,2;80,2;9,86681539247907;76,8055706880631;"treino_70";9,86061266120514;77,0463799649925;10,0658002282199;10,1822349812613;10,3504435753245;10,3619648270175
2026-06-25 12:15:00;2026-06-25 12:16:02;"1F";73,6;10,1;19,2;10,1;9,4;79,9;9,96528424581152;77,4138789943888;"treino_70";9,95860290977513;77,6464045878365;9,92009299245581;10,0319392056724;10,1871186634601;10,1977757308245
2026-06-25 12:30:00;2026-06-25 12:31:01;"1F";73,9;10,4;19,3;10,3;9,6;80,2;10,2606908058089;77,641994609261;"treino_70";10,2525736554851;77,871413821403;10,1147702031346;10,3002497698065;10,4493578158518;10,458837868807
2026-06-25 12:45:00;2026-06-25 12:46:01;"1F";72,4;10,9;20,3;10,8;10,1;79,3;10,7530350724711;76,5014165349002;"treino_70";10,742524898335;76,7463676535705;10,6392843049839;10,7768495951418;10,9482052367528;10,9571199339897
2026-06-25 13:00:00;2026-06-25 13:00:59;"1F";73,5;10,7;18,8;10,4;10,2;79,2;10,5560973658062;77,3378404560981;"treino_70";10,546544401195;77,571401509981;10,4094938018421;10,4008431449987;10,5551187224394;10,563905529423
2026-06-25 13:45:00;2026-06-25 13:45:59;"1F_SUSPEITO";68,8;11,9;19,7;11,2;11,2;76,8;11,7377236057956;73,7640291564344;"treino_70";11,7224273840349;74,0462568507727;11,1912460190834;11,1592736228573;11,3875905089471;11,3959432066995
2026-06-25 14:00:00;2026-06-25 14:01:01;"1F";67;12,1;20,7;11,4;11,4;74,7;11,9346613124605;72,3953354672015;"treino_70";11,9184078811748;72,6962014493737;11,396621759647;11,3815288725131;11,6399200418411;11,6489803661725
2026-06-25 14:15:00;2026-06-25 14:15:57;"1F";64,3;12,6;23,4;12,1;11,9;72,4;12,4270055791228;70,3422949333521;"treino_70";12,4083591240248;70,6711183472753;12,154007339322;12,1002750540833;12,4049842539123;12,4145643164508
2026-06-25 14:30:00;2026-06-25 14:30:59;"1F_SUSPEITO";64,6;12,6;22,5;11,9;11,9;72,4;12,4270055791228;70,5704105482243;"treino_70";12,4083591240248;70,8961275808418;11,974007339322;11,9418122332732;12,2413767322126;12,2507316279697
2026-06-25 15:00:00;2026-06-25 15:00:58;"1F";62,3;12,9;22,7;12;12,6;70;12,7224121391201;68,8215241675378;"treino_70";12,7023298697347;69,1710567901654;12,3705072457429;12,0372125231104;12,3772504347107;12,3874777137758
2026-06-25 15:45:00;2026-06-25 15:45:54;"1F_SUSPEITO";60,5;13,7;23,6;12,7;12,9;69,4;13,5101629657797;67,4528304783049;"treino_70";13,4862518582946;67,8210013887665;12,7324570717214;12,6711475329862;13,0463922190685;13,0557711417949
2026-06-25 16:00:00;2026-06-25 16:14:27;"1F";62,2;13,3;20,2;11,8;13,1;68,7;13,1162875524499;68,7454856292471;"treino_70";13,0942908640147;69,0960537123099;12,1513871365213;11,82374228328;12,1669213575547;12,1760885378504
2026-06-25 16:45:00;2026-06-25 16:59:26;"1F";72,9;12,4;18,5;11,6;13;71,9;12,2300678724579;76,8816092263538;"treino_70";12,2123786268848;77,121383042848;11,9702721148842;11,588595319762;11,7461327997253;11,7498785017741
2026-06-25 17:00:00;2026-06-25 17:14:25;"1F";75,1;12,1;15,6;10,9;12,3;76,7;11,9346613124605;78,5544570687496;"treino_70";11,9184078811748;78,7714507556689;11,2065816153122;10,9385682304443;11,0597577103696;11,0628328027045
2026-06-25 17:15:00;2026-06-25 17:29:24;"1F";77,8;11,6;14,6;10,6;11,9;79,1;11,4423170457983;80,6074976025989;"treino_70";11,4284566383249;80,7965338577673;10,8722530397994;10,5486317418725;10,6268146593308;10,6295534259524
2026-06-25 17:30:00;2026-06-25 17:44:24;"1F";79,9;11,1;11,4;9,7;11,5;80,6;10,949972779136;82,204306906704;"treino_70";10,938505395475;82,3715984927327;10,0308791365978;9,67226458185286;9,71858373282944;9,72148495600626
2026-06-25 17:45:00;2026-06-25 17:59:23;"1F";81,4;10,8;9,6;9,2;11;82,1;10,6545662191387;83,3448849810648;"treino_70";10,644534649765;83,4966446605652;9,39004230609462;9,18572246151916;9,20929219424922;9,21214147727179
2026-06-25 18:00:00;2026-06-25 18:14:22;"1F";83,1;10,5;8,6;8,9;10,7;83,3;10,3591596591413;84,637540132007;"treino_70";10,3505639040551;84,7716969841086;9,04149089274995;8,87189631940024;8,86966405433328;8,87233687873288
2026-06-25 18:15:00;2026-06-25 18:29:22;"1F";84,4;10,2;8,3;8,7;10,5;84,2;10,063753099144;85,6260411297863;"treino_70";10,0565931583451;85,7467369962301;8,88889169192096;8,66891290501943;8,64783024805275;8,65063087446792
2026-06-25 18:30:00;2026-06-25 18:44:21;"1F";87,2;9,8;8,1;8,5;10,2;85,3;9,66987768581417;87,7551202019264;"treino_70";9,66463216406517;87,846823176184;8,69163466298623;8,51062008051381;8,446964105035;8,44920245732455
2026-06-25 18:45:00;2026-06-25 18:59:21;"1F";89,1;9,4;7,6;8,2;9,8;87;9,27600227248436;89,19985242945;"treino_70";9,27267116978523;89,2718816554384;8,39673155473091;8,22775429505579;8,13692976847249;8,13927444569453
2026-06-25 19:00:00;2026-06-25 19:14:20;"1F";88,8;9,4;7,4;8,1;9,4;88,3;9,27600227248436;88,9717368145778;"treino_70";9,27267116978523;89,0468724218719;8,13247412141114;8,16700839184146;8,08119521146438;8,08375185339058
2026-06-25 19:15:00;2026-06-25 19:29:20;"1F";89,5;9,1;7,2;7,9;9,2;89;8,98059571248701;89,5040065826129;"treino_70";8,97870042407527;89,5718939668604;7,98326497348223;7,93883915613093;7,84494133493522;7,84810246054533
2026-06-25 19:30:00;2026-06-25 19:44:20;"1F";90,8;8,9;7;7,8;9;89,3;8,78365800582211;90,4925075803922;"treino_70";8,7827199269353;90,5469339789818;7,8062528999506;7,83026785677673;7,71719660563773;7,72018237158598
2026-06-25 19:45:00;2026-06-25 19:59:19;"1F";91,7;8,7;6,9;7,7;8,8;89,9;8,58672029915721;91,1768544250086;"treino_70";8,58673942979533;91,2219616796813;7,66956302965627;7,71376505268503;7,58824919483947;7,5913459107988
2026-06-25 20:00:00;2026-06-25 20:14:18;"1F";92;8,7;7,3;7,8;8,7;90,6;8,58672029915721;91,4049700398808;"treino_70";8,58673942979533;91,4469709132478;7,71842782214028;7,81435914894393;7,68383805105009;7,68672473296905
2026-06-25 20:15:00;2026-06-25 20:29:17;"1F";91,7;8,9;7,6;8;8,6;91,1;8,78365800582211;91,1768544250086;"treino_70";8,7827199269353;91,2219616796813;7,73350806064325;8,01221834369363;7,88411043478461;7,88646387054046
2026-06-25 20:30:00;2026-06-25 20:44:19;"1F";91,1;9,2;8,1;8,3;8,7;91,5;9,07906456581946;90,7206231952643;"treino_70";9,07669067264526;90,7719432125483;7,94004698893993;8,30828778341738;8,18639627336337;8,18806080207467
2026-06-25 20:45:00;2026-06-25 20:59:17;"1F";89,1;9,4;8,4;8,4;8,9;91,5;9,27600227248436;89,19985242945;"treino_70";9,27267116978523;89,2718816554384;8,15843598258751;8,38775429505579;8,29692976847249;8,29927444569453
2026-06-25 21:00:00;2026-06-25 21:14:16;"1F";87,6;9,3;8,5;8,2;9,1;90,9;9,17753341915191;88,0592743550892;"treino_70";9,17468092121524;88,1468354876059;8,29533745855828;8,22566297454445;8,16094310753683;8,16470659326896
2026-06-25 21:15:00;2026-06-25 21:29:15;"1F";86,9;9,3;8,4;8,2;9,1;89,7;9,17753341915191;87,5270045870542;"treino_70";9,17468092121524;87,6218139426175;8,19259845882878;8,15762522090668;8,10446427309978;8,10871673273618
2026-06-25 21:30:00;2026-06-25 21:44:15;"1F";87;9,1;8,4;8;9,1;88,8;8,98059571248701;87,6030431253449;"treino_70";8,97870042407527;87,696817020473;8,13075016116913;8,00758122286434;7,95497279398938;7,95987641167684
2026-06-25 21:45:00;2026-06-25 21:59:15;"1F";87,6;9,1;8,4;8,1;9;88,2;8,98059571248701;88,0592743550892;"treino_70";8,97870042407527;88,1468354876059;8,01096316077506;8,04855952722278;7,98609289453199;7,99058024295399
2026-06-25 22:00:00;2026-06-25 22:14:14;"1F";87,8;9,1;8,4;8,1;9;88,4;8,98059571248701;88,2113514316707;"treino_70";8,97870042407527;88,2968416433169;8,02463246927129;8,06223627941531;7,99647640385188;8,00082472569621
2026-06-25 22:15:00;2026-06-25 22:29:14;"1F";87,7;9;8,4;8;8,9;88,6;8,88212685915456;88,13531289338;"treino_70";8,88071017550529;88,2218385654614;7,95959105364241;7,97682820725137;7,91384632747557;7,91862635557276
2026-06-25 22:30:00;2026-06-25 22:44:13;"1F";87,1;9;8,4;7,9;8,9;88,7;8,88212685915456;87,6790816636356;"treino_70";8,88071017550529;87,7718200983285;7,96641671979341;7,93593843037598;7,88279415150424;7,8879891787757
2026-06-25 22:45:00;2026-06-25 22:59:12;"1F";85,8;8,9;8,4;7,8;8,8;88,4;8,78365800582211;86,6905806658563;"treino_70";8,7827199269353;86,796780086207;7,86726023543345;7,76936879396388;7,73847522657837;7,74492267161285
2026-06-25 23:00:00;2026-06-25 23:14:12;"1F";86,4;9;8,3;7,9;8,7;87,8;8,88212685915456;87,1468118956006;"treino_70";8,88071017550529;87,24679855334;7,72789435395559;7,86833301850806;7,82662478941426;7,83230243003276
2026-06-25 23:15:00;2026-06-25 23:29:11;"1F";88,1;9;8,4;8;8,8;87,7;8,88212685915456;88,4394670465428;"treino_70";8,88071017550529;88,5218508768834;7,81969093489071;8,00413179212496;7,93457337866491;7,93907605693889
2026-06-25 23:30:00;2026-06-25 23:44:11;"1F";88,7;9;8,4;8,1;8,9;88,5;8,88212685915456;88,8956982762871;"treino_70";8,88071017550529;88,9718693440164;7,95276760054453;8,04515286901586;7,96570239515361;7,96978802129529
2026-06-25 23:45:00;2026-06-25 23:59:11;"1F";88,9;9;8,4;8,1;8,8;89;8,88212685915456;89,0477753528686;"treino_70";8,88071017550529;89,1218754997274;7,90812098173899;8,05884410042388;7,97608899215746;7,98003532659275
2026-06-26;2026-06-26 00:14:10;"1F";89,7;9;8,5;8,1;8,9;89,4;8,88212685915456;89,6560836591943;"treino_70";8,88071017550529;89,7219001225714;8,03425839370364;8,13369684539134;8,03768672022606;8,04107451389602
2026-06-26 00:15:00;2026-06-26 00:29:10;"1F";91,1;8,9;8,4;8,1;8,8;89,7;8,78365800582211;90,7206231952643;"treino_70";8,7827199269353;90,7719432125483;7,95589357479952;8,13089798501829;8,0128228564602;8,01559815995587
2026-06-26 00:30:00;2026-06-26 00:44:08;"1F";91,3;9;8,4;8,2;8,9;90,1;8,88212685915456;90,8727002718458;"treino_70";8,88071017550529;90,9219493682593;8,06220871511491;8,22382478100143;8,10112897532013;8,10339307561379
2026-06-26 00:45:00;2026-06-26 00:59:08;"1F";93,3;8,9;8,5;8,3;8,9;90,7;8,78365800582211;92,3934710376601;"treino_70";8,7827199269353;92,4220109253692;8,12339559634062;8,30279837938492;8,14777288648902;8,1489951840211
2026-06-26 01:00:00;2026-06-26 01:14:07;"1F";94,8;8,9;8,4;8,4;8,9;91,2;8,78365800582211;93,5340491120209;"treino_70";8,7827199269353;93,5470570932017;8,13777914494274;8,38698669630816;8,20650930948886;8,20666300949928
2026-06-26 01:15:00;2026-06-26 01:29:07;"1F";95,6;8,8;8,4;8,4;8,9;92;8,68518915248966;94,1423574183466;"treino_70";8,68472967836531;94,1470817160456;8,19290859811281;8,36292125787434;8,17022795386914;8,17018881023826
2026-06-26 01:30:00;2026-06-26 01:44:07;"1F";96;8,8;8,3;8,4;8,8;92,6;8,68518915248966;94,4465115715095;"treino_70";8,68472967836531;94,4470940274676;8,13497895335088;8,37080043519892;8,1712690636479;8,17094335782325
2026-06-26 01:45:00;2026-06-26 01:59:06;"1F";96;8,8;8,3;8,4;8,8;93,1;8,68518915248966;94,4465115715095;"treino_70";8,68472967836531;94,4470940274676;8,16949507577641;8,37080043519892;8,1712690636479;8,17094335782325
2026-06-26 02:00:00;2026-06-26 02:14:05;"1F";94,7;8,9;8,3;8,4;8,7;93,4;8,78365800582211;93,4580105737301;"treino_70";8,7827199269353;93,4720540153462;8,11073493297772;8,36002514063072;8,18125108477542;8,18147627063946
2026-06-26 02:15:00;2026-06-26 02:29:05;"1F_SUSPEITO";94,6;9;8,3;8,4;8,7;93,6;8,88212685915456;93,3819720354394;"treino_70";8,88071017550529;93,3970509374907;8,12453923790407;8,43275012807782;8,25427099271667;8,25418949249679
2026-06-26 02:30:00;2026-06-26 02:44:04;"1F";91,9;9,2;8,4;8,4;8,8;93,7;9,07906456581946;91,3289315015901;"treino_70";9,07669067264526;91,3719678353923;8,23098876362883;8,42378566739281;8,28841429874817;8,28951054036135
2026-06-26 02:45:00;2026-06-26 02:59:04;"1F";92;9,2;8,4;8,4;8,8;93,6;9,07906456581946;91,4049700398808;"treino_70";9,07669067264526;91,4469709132478;8,2240675142134;8,4307326697715;8,29367225258812;8,29469730588
2026-06-26 03:00:00;2026-06-26 03:14:03;"1F";87,9;9,4;8,4;8,3;8,8;93,4;9,27600227248436;88,2873899699614;"treino_70";9,27267116978523;88,3718447211724;8,2102317781305;8,30488466153582;8,23405828226797;8,23724904986847
2026-06-26 03:15:00;2026-06-26 03:29:02;"1F";84,9;9,7;8,6;8,4;8,9;92,7;9,57140883248171;86,0062338212399;"treino_70";9,56664191549518;86,1217523855075;8,28126391074814;8,37329845837418;8,34889994118456;8,35311989272979
2026-06-26 03:30:00;2026-06-26 03:44:01;"1F";86,5;9,6;8,7;8,4;9,2;90,4;9,47293997914926;87,2228504338914;"treino_70";9,4686516669252;87,3218016311955;8,37984092415451;8,42531599964954;8,37550498618078;8,37895848847839
2026-06-26 03:45:00;2026-06-26 03:59:02;"1F";86,3;9,6;8,7;8,4;9,4;88,4;9,47293997914926;87,0707733573099;"treino_70";9,4686516669252;87,1717954754845;8,3993767555401;8,41152414780401;8,36502733568796;8,36862148248783
2026-06-26 04:00:00;2026-06-26 04:14:03;"1F";84,8;9,6;8,3;8,2;9,4;88;9,47293997914926;85,9301952829491;"treino_70";9,4686516669252;86,046749307652;8,29177886657026;8,22834597016981;8,20659831117061;8,21124327544265
2026-06-26 04:15:00;2026-06-26 04:29:00;"1F";84,5;9,4;7,7;8;9,4;87;9,27600227248436;85,702079668077;"treino_70";9,27267116978523;85,8217400740856;8,10293145874337;7,93172888718308;7,9168853129962;7,92244789842727
2026-06-26 04:30:00;2026-06-26 04:44:00;"1F";88,5;8,8;6,9;7,6;9,3;86,5;8,68518915248966;88,7436211997057;"treino_70";8,68472967836531;88,8218631883054;7,83022169670999;7,57406477561797;7,50024541357834;7,50519842975
2026-06-26 04:45:00;2026-06-26 04:58:59;"1F";94,1;8,3;6,9;7,6;9,1;87,2;8,19284488582741;93,0017793439858;"treino_70";8,19477843551539;93,0220355482132;7,72123200442781;7,56066352583996;7,40042219143324;7,40333778153104
2026-06-26 05:00:00;2026-06-26 05:13:58;"1F";96,3;8,1;7,4;7,7;8,6;90;7,99590717916251;94,6746271863816;"treino_70";7,99879793837542;94,6721032610341;7,6184992846066;7,65211497460406;7,45773388451783;7,45986556847851
2026-06-26 05:15:00;2026-06-26 05:28:58;"1F";96,9;8,1;7,6;7,7;8,2;92,1;7,99590717916251;95,1308584161259;"treino_70";7,99879793837542;95,1221217281671;7,48477457915521;7,73340566866813;7,52887263368784;7,53058168566123
2026-06-26 05:30:00;2026-06-26 05:43:57;"1F";97,1;8;7,6;7,7;8,1;93,2;7,89743832583006;95,2829354927074;"treino_70";7,90080768980543;95,2721278838781;7,48014739936654;7,66712162577486;7,46069507538028;7,46264645595726
2026-06-26 05:45:00;2026-06-26 05:58:56;"1F";97,3;8;7,6;7,7;8;93,7;7,89743832583006;95,4350125692888;"treino_70";7,90080768980543;95,4221340395891;7,43463668337184;7,68088370423325;7,47106830661002;7,47287877615121
2026-06-26 06:00:00;2026-06-26 06:13:56;"1F";97,4;8,2;7,7;7,9;8;94,1;8,09437603249496;95,5110511075795;"treino_70";8,0967881869454;95,4971371174446;7,48184369828919;7,86799198724911;7,65346257672998;7,65443425398661
2026-06-26 06:15:00;2026-06-26 06:28:56;"1F";97,5;8,3;7,8;8;8,1;94,4;8,19284488582741;95,5870896458702;"treino_70";8,19477843551539;95,5721401953001;7,60192753954274;7,97503586871876;7,75728991543753;7,75780627322431
2026-06-26 06:30:00;2026-06-26 06:43:55;"1F";97,5;8,4;7,8;8,1;8,2;94,6;8,29131373915986;95,5870896458702;"treino_70";8,29276868408537;95,5721401953001;7,69527534578723;8,05516267048587;7,83590415061591;7,83603615932229
2026-06-26 06:45:00;2026-06-26 06:58:54;"1F";97,5;8,4;7,8;8,1;8,3;94,7;8,29131373915986;95,5870896458702;"treino_70";8,29276868408537;95,5721401953001;7,78182602483849;8,05516267048587;7,83590415061591;7,83603615932229
2026-06-26 07:00:00;2026-06-26 07:13:54;"1F";97,4;8,4;7,6;8;8,3;94,7;8,29131373915986;95,5110511075795;"treino_70";8,29276868408537;95,4971371174446;7,7418260248385;8,0082155798452;7,7906680827613;7,7908714810077
2026-06-26 07:15:00;2026-06-26 07:28:53;"1F";97,3;8,4;7,4;8;8,2;94,7;8,29131373915986;95,4350125692888;"treino_70";8,29276868408537;95,4221340395891;7,62212612758928;7,96127082293689;7,74543337411384;7,74570812498019
2026-06-26 07:30:00;2026-06-26 07:43:52;"1F";96,8;8,7;8,2;8,3;8,2;94,8;8,58672029915721;95,0548198778352;"treino_70";8,58673942979533;95,0471186503116;7,78897927580656;8,32664604997182;8,11488095585879;8,11436329200996
2026-06-26 07:45:00;2026-06-26 07:58:52;"1F";93,2;9,2;9,5;8,7;8,4;95;9,07906456581946;92,3174324993694;"treino_70";9,07669067264526;92,3470078475137;8,22218526539873;8,73426628426412;8,57686663327434;8,57703477900013
2026-06-26 08:00:00;2026-06-26 08:13:52;"1F";92,4;9,2;9,9;8,8;8,6;94,9;9,07906456581946;91,7091241930437;"treino_70";9,07669067264526;91,7469832246698;8,45475812439576;8,75854240706529;8,61471674596754;8,61545670678786
2026-06-26 08:15:00;2026-06-26 08:28:52;"1F";92,7;9,3;10,4;9;8,7;94,8;9,17753341915191;91,9372398079158;"treino_70";9,17468092121524;91,9719924582363;8,62755606804455;8,95880872195999;8,80856441225112;8,80871628419358
2026-06-26 08:30:00;2026-06-26 08:43:54;"1F_SUSPEITO";92,9;9,2;10,9;9;8,8;94,6;9,07906456581946;92,0893168844972;"treino_70";9,07669067264526;92,1219986139472;8,79338150877003;8,9933535057885;8,84105090490934;8,8414337362255
2026-06-26 08:45:00;2026-06-26 08:58:53;"1F";94,5;9,1;11,5;9,2;8,9;94,4;8,98059571248701;93,3059334971487;"treino_70";8,97870042407527;93,3220478596352;8,97915391093204;9,14544629605455;8,96726861545957;8,96688083247851
2026-06-26 09:00:00;2026-06-26 09:13:50;"1F";94,1;9,4;12,3;9,5;8,9;94,4;9,27600227248436;93,0017793439858;"treino_70";9,27267116978523;93,0220355482132;9,13915391093204;9,51633523083429;9,34081789947733;9,33958607606942
2026-06-26 09:15:00;2026-06-26 09:28:49;"1F";91,8;9,9;14,4;10,2;9,1;94,6;9,76834653914662;91,2528929632994;"treino_70";9,76262241263516;91,2969647575368;9,73243441883096;10,1715389605676;10,0287558850604;10,0273202052737
2026-06-26 09:30:00;2026-06-26 09:43:49;"1F";90,1;10,4;15,8;10,7;9,4;94,4;10,2606908058089;89,9602378123571;"treino_70";10,2525736554851;90,0219124339934;10,2374199791381;10,7267160811228;10,6068137049729;10,6047704464973
2026-06-26 09:45:00;2026-06-26 09:58:48;"1F";88,7;10,8;15,8;10,9;9,6;94,3;10,6545662191387;88,8956982762871;"treino_70";10,644534649765;88,9718693440164;10,3896648026569;10,9424010323134;10,8418275745055;10,8393504448441
2026-06-26 10:15:00;2026-06-26 10:28:47;"1F";87;11,5;16,8;11,6;10,4;92,5;11,3438481924658;87,6030431253449;"treino_70";11,3304663897549;87,696817020473;11,0977523877654;11,5703792444508;11,4913570562881;11,4876097698877
2026-06-26 10:30:00;2026-06-26 10:43:46;"1F";88,2;11,7;16,2;11,7;10,9;91,4;11,5407858991307;88,5155055848335;"treino_70";11,5264468868949;88,5968539547389;11,2951130167003;11,6945790108544;11,5922615690671;11,5868832896631
2026-06-26 10:45:00;2026-06-26 10:58:46;"1F";88,6;12,1;15,7;11,9;11,4;90,1;11,9346613124605;88,8196597379964;"treino_70";11,9184078811748;88,8968662661609;11,4963859259166;11,9386074800748;11,8245603275802;11,8174205140265
2026-06-26 11:00:00;2026-06-26 11:13:45;"1F";85,9;12,9;18,7;12,9;11,6;90,1;12,7224121391201;86,766619204147;"treino_70";12,7023298697347;86,8717831640625;12,2543197329662;12,9665927252875;12,8919994837529;12,8840700874923
2026-06-26 11:15:00;2026-06-26 11:28:45;"1F";81,9;13,6;22,1;13,9;12,2;89,3;13,4116941124473;83,7250776725184;"treino_70";13,3882616097246;83,8716600498427;13,3489870797528;13,8923220294305;13,8832841651838;13,8760483756361
2026-06-26 11:30:00;2026-06-26 11:43:44;"1F";81,3;13,7;21,8;13,9;12,9;86,4;13,5101629657797;83,268846442774;"treino_70";13,4862518582946;83,4216415827097;13,6238823107702;13,86460233037;13,8656101784632;13,8585064907049
2026-06-26 11:45:00;2026-06-26 11:58:46;"1F";76,3;15,1;24,7;15,1;13,4;84,8;14,888726912434;79,4669195282382;"treino_70";14,8581153382744;79,6714876899349;14,475023271932;15,1396499368996;15,2230758206892;15,2153108781685
2026-06-26 12:00:00;2026-06-26 12:13:44;"1F";76,3;15;23,8;14,9;14,3;81,9;14,7902580591016;79,4669195282382;"treino_70";14,7601250897044;79,6714876899349;14,7751972039461;14,8831513041523;14,9671515691821;14,9597181423098
2026-06-26 12:15:00;2026-06-26 12:28:43;"1F";76;14,9;22;14,4;14,4;80,6;14,6917892057691;79,238803913366;"treino_70";14,6621348411344;79,4464784563684;14,3930391803296;14,4234614456346;14,5136405936015;14,5067874147266
2026-06-26 12:30:00;2026-06-26 12:43:44;"1F";74,6;15,3;22,5;14,7;14,4;80,2;15,0856646190989;78,174264377296;"treino_70";15,0540958354144;78,3964353663914;14,4623869018262;14,7199403080911;14,8343506641612;14,8273524333645
2026-06-26 12:45:00;2026-06-26 12:58:41;"1F";71,8;16,3;25,1;15,8;14,7;79,5;16,0703531524234;76,0451853051559;"treino_70";16,0339983211142;76,2963491864376;15,160109391497;15,7774437445985;15,9416731975045;15,9338546597726
2026-06-26 13:30:00;2026-06-26 13:43:40;"1F";64,9;17,6;29,3;17;16;75,3;17,3504482457453;70,7985261630964;"treino_70";17,307871552524;71,1211368144083;16,6686835698538;17,027262831885;17,3290886753802;17,3235120961958
2026-06-26 13:45:00;2026-06-26 13:58:42;"1F";67,4;16,8;25,1;15,8;16,8;72,1;16,5626974190857;72,6994896203644;"treino_70";16,5239495639642;72,9962137607957;16,1797227125531;15,7981528730402;16,0485102381979;16,0430354999849
2026-06-26 14:00:00;2026-06-26 14:13:38;"1F_SUSPEITO";66,5;17,2;26,9;16,4;16,3;73,2;16,9565728324155;72,0151427757479;"treino_70";16,9159105582441;72,3211860600963;16,2495094158938;16,3827141135933;16,6512653540389;16,6453999910613
2026-06-26 14:15:00;2026-06-26 14:28:38;"1F";67,9;16,9;25,9;16,1;16,5;72,9;16,6611662724181;73,0796823118179;"treino_70";16,6219398125341;73,3712291500732;16,1771322470899;16,0735546907348;16,3138394882193;16,3076114416158
2026-06-26 15:00:00;2026-06-26 15:13:36;"1F";66,1;17,5;25,8;16,4;16,4;73,6;17,2519793924128;71,710988622585;"treino_70";17,2098813039541;72,0211737486743;16,1374853147512;16,3528524203163;16,6297439956803;16,6233490294269
2026-06-26 15:30:00;2026-06-26 15:43:35;"1F";66,3;17,4;26,6;16,4;16,5;74,5;17,1535105390804;71,8630656991665;"treino_70";17,1118910553841;72,1711799043853;16,4458418738586;16,4550515643201;16,7277747192446;16,7214938697498
2026-06-26 16:15:00;2026-06-26 16:27:32;"1F";70,9;16,2;22,9;15,2;16,1;74,5;15,971884299091;75,3608384605395;"treino_70";15,9360080725442;75,6213214857381;15,4012738826635;15,1899841378523;15,3720607964614;15,3653442042839
2026-06-26 16:30:00;2026-06-26 16:42:31;"1F_SUSPEITO";72,2;16;21,1;14,8;15,8;75,9;15,7749465924261;76,3493394583188;"treino_70";15,7400275754043;76,5963614978595;14,9235132959809;14,7824448378955;14,9398733316889;14,9326620472222
2026-06-26 17:00:00;2026-06-26 17:12:30;"1F";76,1;15,2;17,7;13,8;15,6;77,6;14,9871957657665;79,3148424516567;"treino_70";14,9561055868444;79,5214815342239;14,2244555610458;13,8005697632106;13,8871909261294;13,8792620686916
2026-06-26 17:15:00;2026-06-26 17:27:29;"1F";77,7;14,8;14,9;13,1;15,1;78,8;14,5933203524367;80,5314590643082;"treino_70";14,5641445925644;80,7215307799118;13,3740586810438;13,0581700578822;13,1172282489482;13,1093009250391
2026-06-26 17:30:00;2026-06-26 17:42:29;"1F";79,2;14,6;13,2;12,7;14,7;80,2;14,3963826457718;81,672037138669;"treino_70";14,3681640954245;81,8465769477443;12,834111617319;12,6799213776016;12,7124514598442;12,7039635130684
2026-06-26 17:45:00;2026-06-26 17:57:28;"1F";80,4;14,4;12,5;12,5;14,6;81,1;14,1994449391069;82,5844995981576;"treino_70";14,1721835982845;82,7466138820102;12,6861881292297;12,4777114211721;12,4895255209822;12,4807375896531
2026-06-26 18:00:00;2026-06-26 18:12:28;"1F";81,2;14,3;12,3;12,4;14,4;81,7;14,1009760857744;83,1928079044833;"treino_70";14,0741933497145;83,3466385048542;12,537401162376;12,4216162768941;12,4194567242045;12,4103604152337
2026-06-26 18:15:00;2026-06-26 18:27:28;"1F";82,5;14,1;12,1;12,3;14,2;82,6;13,9040383791095;84,1813089022627;"treino_70";13,8782128525745;84,3216785169756;12,4111418034268;12,325834406708;12,3014300628812;12,2919714776902
2026-06-26 18:30:00;2026-06-26 18:42:27;"1F";83,3;13,9;11,9;12,2;14;83,5;13,7071006724446;84,7896172085884;"treino_70";13,6822323554346;84,9217031398196;12,2843111455825;12,1912700283372;12,1539900654178;12,1445845660544
2026-06-26 18:45:00;2026-06-26 18:57:26;"1F";84,1;13,8;11,7;12,1;13,9;84,1;13,6086318191122;85,3979255149141;"treino_70";13,5842421068646;85,5217277626636;12,2120958184136;12,1341486375074;12,0831499615362;12,0734520552553
2026-06-26 19:00:00;2026-06-26 19:12:25;"1F";84,3;13,8;11,6;12,1;13,8;84,8;13,6086318191122;85,5500025914956;"treino_70";13,5842421068646;85,6717339183746;12,1673038068335;12,1293303764638;12,0746648745885;12,0648059798054
2026-06-26 19:15:00;2026-06-26 19:27:25;"1F";85,7;13,5;11,3;11,9;13,8;85,1;13,3132252591148;86,6145421275656;"treino_70";13,2902713611546;86,7217770083515;12,1301010733353;11,9410460072039;11,8637946405785;11,8538789167643
2026-06-26 19:30:00;2026-06-26 19:42:24;"1F";86,3;13,4;11,1;11,9;13,6;85,7;13,2147564057824;87,0707733573099;"treino_70";13,1922811125847;87,1717954754845;11,9792725876837;11,8680714628703;11,7809235491443;11,7708866002929
2026-06-26 19:45:00;2026-06-26 19:57:24;"1F";88,8;12,9;10,6;11,6;13,4;86,1;12,7224121391201;88,9717368145778;"treino_70";12,7023298697347;89,0468724218719;11,752982542947;11,563344896146;11,436312130388;11,4260995223599
2026-06-26 20:00:00;2026-06-26 20:12:23;"1F";88,7;13;10,6;11,6;13,2;86,9;12,8208809924526;88,8956982762871;"treino_70";12,8003201183047;88,9718693440164;11,6565029684627;11,6345870023796;11,5081967623365;11,4976985569647
2026-06-26 20:15:00;2026-06-26 20:27:22;"1F";90;12,7;10,7;11,5;13,1;87,7;12,5254744324552;89,8841992740664;"treino_70";12,5063493725948;89,9469093561379;11,658129173313;11,5154756530868;11,3690612087044;11,3586345082546
2026-06-26 20:30:00;2026-06-26 20:42:22;"1F";91,3;12,6;10,6;11,5;12,9;88,1;12,4270055791228;90,8727002718458;"treino_70";12,4083591240248;90,9219493682593;11,5109198108268;11,513656857791;11,3448766322492;11,333794896039
2026-06-26 20:45:00;2026-06-26 20:57:21;"1F";92,1;12,2;10,3;11,2;12,9;88,8;12,033130165793;91,4810085781715;"treino_70";12,0163981297448;91,5219739911033;11,503344896146;11,1963957150738;11,0182915891661;11,0080688848225
2026-06-26 21:00:00;2026-06-26 21:12:23;"1F";93,2;12,1;10,3;11,2;12,6;89,2;11,9346613124605;92,3174324993694;"treino_70";11,9184078811748;92,3470078475137;11,2968769851222;11,1987540937425;11,0020740731935;10,9913662095195
2026-06-26 21:15:00;2026-06-26 21:27:20;"1F";93,6;11,9;10,2;11,1;12,5;89,9;11,7377236057956;92,6215866525323;"treino_70";11,7224273840349;92,6470201589357;11,2501300795889;11,049437797767;10,8482451019062;10,8379764810947
2026-06-26 21:30:00;2026-06-26 21:42:20;"1F";93;12,3;10,2;11,3;12,3;90,3;12,1315990191254;92,165355422788;"treino_70";12,1143883783148;92,1970016918027;11,1219194011144;11,3227608515331;11,1270092629916;11,115708391206
2026-06-26 21:45:00;2026-06-26 21:57:19;"1F";92,4;12,3;10,3;11,3;12,4;90,8;12,1315990191254;91,7091241930437;"treino_70";12,1143883783148;91,7469832246698;11,2581068482533;11,2980299705713;11,1131747583523;11,1023445054195
2026-06-26 22:00:00;2026-06-26 22:12:18;"1F";93,1;11,5;9,9;10,6;12,3;90,9;11,3438481924658;92,2413939610787;"treino_70";11,3304663897549;92,2720047696582;11,1064519400128;10,6346282955485;10,4478635494718;10,4394826340791
2026-06-26 22:15:00;2026-06-26 22:27:22;"1F";94,6;11,9;9,9;11;11,9;90,9;11,7377236057956;93,3819720354394;"treino_70";11,7224273840349;93,3970509374907;10,7900633686869;11,063589593006;10,8442936216389;10,8332462088236
2026-06-26 22:30:00;2026-06-26 22:42:20;"1F";93,6;11,6;10;10,8;11,9;91,6;11,4423170457983;92,6215866525323;"treino_70";11,4284566383249;92,6470201589357;10,8616370329478;10,7708540940623;10,5737707612812;10,5646299185099
2026-06-26 22:45:00;2026-06-26 22:57:17;"1F";94,3;11,6;9,9;10,8;11,7;91,7;11,4423170457983;93,1538564205673;"treino_70";11,4284566383249;93,1720417039242;10,6905587886916;10,8024143038687;10,5927454672821;10,5830643775094
2026-06-26 23:00:00;2026-06-26 23:12:16;"1F";93,9;11,6;10,1;10,8;11,6;92,1;11,4423170457983;92,8497022674044;"treino_70";11,4284566383249;92,8720293925022;10,6806538607648;10,8129408799969;10,6104681143527;10,6010958921757
2026-06-26 23:15:00;2026-06-26 23:27:15;"1F";94,4;11,5;10,1;10,8;11,5;92,3;11,3438481924658;93,229894958858;"treino_70";11,3304663897549;93,2470447817797;10,616002544231;10,7701341003542;10,5600644278503;10,5506837512803
2026-06-26 23:30:00;2026-06-26 23:42:15;"1F";94,9;11,3;9,8;10,6;11,5;92,4;11,1469104858009;93,6100876503116;"treino_70";11,134485892615;93,6220601710572;10,5633246677112;10,5874854588437;10,3712565578571;10,3622477559827
2026-06-26 23:45:00;2026-06-26 23:57:15;"1F";95,6;11,2;9,6;10,5;11,4;92,6;11,0484416324685;94,1423574183466;"treino_70";11,036495644045;94,1470817160456;10,4586041063383;10,5190432847394;10,2916841316435;10,2825175767326
2026-06-27;2026-06-27 00:12:14;"1F";94,9;11,2;9,6;10,5;11,3;92,8;11,0484416324685;93,6100876503116;"treino_70";11,036495644045;93,6220601710572;10,3938270349093;10,4677549728588;10,2529447086135;10,2443146962455
2026-06-27 00:15:00;2026-06-27 00:27:14;"1F";94,9;11;9,6;10,3;11,2;92,8;10,8515039258036;93,6100876503116;"treino_70";10,840515146905;93,6220601710572;10,3144252521057;10,3082939656976;10,0963209745752;10,0884485415647
2026-06-27 00:30:00;2026-06-27 00:42:14;"1F";95,7;10,8;9,3;10,1;11,1;93;10,6545662191387;94,2183959566373;"treino_70";10,644534649765;94,2220847939011;10,1895602382741;10,1469630082108;9,92360035188209;9,91587913045866
2026-06-27 00:45:00;2026-06-27 00:57:13;"1F";96,3;10,9;9,3;10,3;10,9;93,2;10,7530350724711;94,6746271863816;"treino_70";10,742524898335;94,6721032610341;10,0451742031459;10,2705858329558;10,0350496799708;10,0264906580192
2026-06-27 01:00:00;2026-06-27 01:12:12;"1F";96,5;10,6;9,1;10;11;93,3;10,4576285124738;94,8267042629631;"treino_70";10,4485541526251;94,8221094167451;10,091898268999;10,0052638135356;9,77057724493539;9,76301227439522
2026-06-27 01:15:00;2026-06-27 01:27:12;"1F";96,8;10,6;9,1;10;10,7;93,5;10,4576285124738;95,0548198778352;"treino_70";10,4485541526251;95,0471186503116;9,86788490782611;10,0270489871824;9,78701645651059;9,77922419717183
2026-06-27 01:30:00;2026-06-27 01:42:11;"1F";97,2;10,9;9,4;10,4;10,8;93,9;10,7530350724711;95,3589740309981;"treino_70";10,742524898335;95,3471309617336;10,0363410519368;10,3563675236536;10,1046896520118;10,0954427739571
2026-06-27 01:45:00;2026-06-27 01:57:11;"1F";97,1;10,4;9,4;10;11,1;94,2;10,2606908058089;95,2829354927074;"treino_70";10,2525736554851;95,2721278838781;10,2969343024166;9,94871891223305;9,7063299407732;9,69907713702846
2026-06-27 02:00:00;2026-06-27 02:12:10;"1F";97,3;10,5;9,2;10;10,7;93,7;10,3591596591413;95,4350125692888;"treino_70";10,3505639040551;95,4221340395891;9,90232165519611;10,0033001337565;9,75584683664226;9,74805909367257
2026-06-27 02:15:00;2026-06-27 02:27:10;"1F";97,6;10,8;9,6;10,3;10,8;94,4;10,6545662191387;95,6631281841609;"treino_70";10,644534649765;95,6471432731556;10,1125633197268;10,3455117487416;10,088155149804;10,0789863631701
2026-06-27 02:30:00;2026-06-27 02:42:09;"1F";97,6;10,9;9,7;10,4;10,8;94,1;10,7530350724711;95,6631281841609;"treino_70";10,742524898335;95,6471432731556;10,1108242884579;10,4456532606373;10,1867805710621;10,1772272286998
2026-06-27 02:45:00;2026-06-27 02:57:11;"1F";97,2;10,8;9,9;10,4;10,9;94,5;10,6545662191387;95,3589740309981;"treino_70";10,644534649765;95,3471309617336;10,2594819944706;10,3762860949388;10,1261102065958;10,117247045043
2026-06-27 03:00:00;2026-06-27 03:12:10;"1F";96,4;10,7;9,8;10,2;10,7;94,3;10,5560973658062;94,7506657246724;"treino_70";10,546544401195;94,7471063388896;10,0656776280503;10,2179664428788;9,98358680159098;9,97571551165796
2026-06-27 03:15:00;2026-06-27 03:27:08;"1F";96,3;10,4;9,3;9,9;10,6;94,5;10,2606908058089;94,6746271863816;"treino_70";10,2525736554851;94,6721032610341;9,90047631916244;9,87085956796299;9,64267254640964;9,63602257257331
2026-06-27 03:30:00;2026-06-27 03:42:07;"1F";96,5;10,2;9,1;9,7;10,4;94,3;10,063753099144;94,8267042629631;"treino_70";10,0565931583451;94,8221094167451;9,68676518636111;9,68536113498728;9,45658265322388;9,45054662653582
2026-06-27 03:45:00;2026-06-27 03:57:06;"1F";96,9;10,2;9,2;9,7;10,2;94,5;10,063753099144;95,1308584161259;"treino_70";10,0565931583451;95,1221217281671;9,56180191645692;9,73416966797637;9,49831882624549;9,49198308118082
2026-06-27 04:00:00;2026-06-27 04:12:06;"1F";97,2;10,4;9,6;10;10,3;94,7;10,2606908058089;95,3589740309981;"treino_70";10,2525736554851;95,3471309617336;9,7358213284814;9,9959602686523;9,75179231070239;9,74446401619658
2026-06-27 04:15:00;2026-06-27 04:27:06;"1F";97,4;10,8;9,8;10,4;10,4;94,9;10,6545662191387;95,5110511075795;"treino_70";10,644534649765;95,4971371174446;9,8699106602769;10,3708950783204;10,11713044639;10,1081145308011
2026-06-27 04:30:00;2026-06-27 04:42:05;"1F";97,4;11;10,2;10,6;10,8;95,2;10,8515039258036;95,5110511075795;"treino_70";10,840515146905;95,4971371174446;10,2906174349127;10,611118076579;10,3543353423073;10,344551153312
2026-06-27 04:45:00;2026-06-27 04:57:04;"1F";97,4;11,1;10,3;10,7;11;95;10,949972779136;95,5110511075795;"treino_70";10,938505395475;95,4971371174446;10,4555844772035;10,7112295592092;10,4529377733313;10,4427694477853
2026-06-27 05:00:00;2026-06-27 05:12:04;"1F";97,5;10,9;10,2;10,5;11;95,1;10,7530350724711;95,5870896458702;"treino_70";10,742524898335;95,5721401953001;10,4428768517934;10,5383289690396;10,2812561824388;10,2717794995617
2026-06-27 05:15:00;2026-06-27 05:27:03;"1F";97,6;10,7;9,7;10,3;10,8;94,9;10,5560973658062;95,6631281841609;"treino_70";10,546544401195;95,6471432731556;10,1688329113926;10,2853702258568;10,0295297172523;10,020745486448
2026-06-27 05:30:00;2026-06-27 05:42:05;"1F";97,8;10,7;9,6;10,3;10,7;95,1;10,5560973658062;95,8152052607424;"treino_70";10,546544401195;95,7971494288665;10,0835925974643;10,2799646516327;10,0205359603705;10,0115991590722
2026-06-27 05:45:00;2026-06-27 05:57:02;"1F";97,9;10,6;9,5;10,2;10,7;95,1;10,4576285124738;95,8912437990331;"treino_70";10,4485541526251;95,8721525067221;10,0635925974643;10,1870783611655;9,9273809537152;9,91875300472451
2026-06-27 06:00:00;2026-06-27 06:12:02;"1F";98;10,7;9,6;10,3;10,7;95,3;10,5560973658062;95,9672823373238;"treino_70";10,546544401195;95,9471555845775;10,0980905004803;10,2945668467353;10,0315467138909;10,0224572235429
2026-06-27 06:15:00;2026-06-27 06:27:01;"1F";98;10,4;9,4;10;10,7;95,3;10,2606908058089;95,9672823373238;"treino_70";10,2525736554851;95,9471555845775;10,0580905004803;10,0139627842426;9,75553290670886;9,74759958684889
2026-06-27 06:30:00;2026-06-27 06:42:00;"1F";98,2;10,8;9,9;10,4;10,5;95,3;10,6545662191387;96,1193594139053;"treino_70";10,644534649765;96,0971617402885;9,99850597909468;10,4494079529718;10,1812560741097;10,1716279708901
2026-06-27 06:45:00;2026-06-27 06:57:00;"1F";98,3;10,9;10,4;10,6;10,7;95,7;10,7530350724711;96,195397952196;"treino_70";10,742524898335;96,172164818144;10,2871093531358;10,6369767329742;10,3654822997963;10,355391528895
2026-06-27 07:00:00;2026-06-27 07:12:00;"1F";98,4;11,1;10,7;10,9;10,9;95,7;10,949972779136;96,2714364904867;"treino_70";10,938505395475;96,2471678959995;10,506816651698;10,8648379883006;10,5884492971263;10,5775091968729
2026-06-27 07:15:00;2026-06-27 07:26:59;"1F";98,4;11,2;10,9;11;11;95,8;11,0484416324685;96,2714364904867;"treino_70";11,036495644045;96,2471678959995;10,6339757294722;10,985098815725;10,7071661526974;10,6958398337821
2026-06-27 07:30:00;2026-06-27 07:41:58;"1F";98,5;11,3;11,1;11,1;11,1;95,9;11,1469104858009;96,3474750287774;"treino_70";11,134485892615;96,322170973855;10,7611672668414;11,1127604842159;10,831462913851;10,8196726295608
2026-06-27 07:45:00;2026-06-27 07:56:58;"1F";98,6;11,5;11,4;11,3;11,3;95,9;11,3438481924658;96,4235135670681;"treino_70";11,3304663897549;96,3971740517105;10,9809356726462;11,3407441213274;11,0545230910491;11,0418817698842
2026-06-27 08:00:00;2026-06-27 08:12:00;"1F";98,6;11,7;11,9;11,6;11,4;96;11,5407858991307;96,4235135670681;"treino_70";11,5264468868949;96,3971740517105;11,1681901416798;11,6013250175081;11,3120022378867;11,2985876549083
2026-06-27 08:15:00;2026-06-27 08:26:57;"1F";98,5;11,5;11,9;11,4;11,3;95,8;11,3438481924658;96,3474750287774;"treino_70";11,3304663897549;96,322170973855;11,0735824823433;11,4333117709935;11,1489193471137;11,1363562129939
2026-06-27 08:30:00;2026-06-27 08:41:56;"1F";98,5;11,7;12,5;11,7;11,2;95,8;11,5407858991307;96,3474750287774;"treino_70";11,5264468868949;96,322170973855;11,1137135761565;11,7138630157043;11,4263757369084;11,413039753334
2026-06-27 08:45:00;2026-06-27 08:56:56;"1F";95,4;12,3;12,9;12;11,4;96,1;12,1315990191254;93,9902803417652;"treino_70";12,1143883783148;93,9970755603347;11,3755622278713;12,0422629118857;11,8026850374235;11,7894932950245
2026-06-27 09:00:00;2026-06-27 09:11:56;"1F";91,8;13;14,2;12,6;11,8;96,1;12,8208809924526;91,2528929632994;"treino_70";12,8003201183047;91,2969647575368;11,9552209753365;12,5880515646049;12,4049692293034;12,3920057234465
2026-06-27 09:15:00;2026-06-27 09:26:55;"1F";86,6;14,6;18;14,2;12,1;95,9;14,3963826457718;87,2988889721821;"treino_70";14,3681640954245;87,396804709051;12,9400088438946;14,2112884452612;14,1056681664876;14,0910783062608
2026-06-27 09:30:00;2026-06-27 09:41:54;"1F";83,1;15,1;20,4;14,8;12,8;96;14,888726912434;84,637540132007;"treino_70";14,8581153382744;84,7716969841086;13,9867813985314;14,8093088131573;14,764622341153;14,7511721264544
2026-06-27 09:45:00;2026-06-27 09:56:53;"1F";82,4;15,7;23;15,7;13,4;94,9;15,4795400324287;84,1052703639719;"treino_70";15,4460568296943;84,2466754391201;14,9018230148341;15,7405100908672;15,7037164249338;15,6887606361409
2026-06-27 10:00:00;2026-06-27 10:11:53;"1F";80,1;16,7;26,1;16,9;14,4;92,5;16,4642285657532;82,3563839832854;"treino_70";16,4259593153942;82,5216046484437;16,131913080999;16,9508512465541;16,950373463096;16,9339555710521
2026-06-27 10:15:00;2026-06-27 10:26:53;"1F";76,6;17,8;28,9;18,1;15,4;89,1;17,5473859524102;79,6950351431103;"treino_70";17,503852049664;79,8964969235014;17,2158804681387;18,0699998575276;18,1318336915539;18,1148435054177
2026-06-27 10:30:00;2026-06-27 10:41:52;"1F";75,9;18,3;30;18,6;16,6;83,9;18,0397302190724;79,1627653750753;"treino_70";17,9938032925139;79,3714753785129;17,9604977960759;18,6140092579581;18,6872836286396;18,6692823072658
2026-06-27 10:45:00;2026-06-27 10:56:51;"1F";78,7;17,9;26,8;17,9;17,3;81,7;17,6458548057426;81,2918444472154;"treino_70";17,601842298234;81,4715615584668;17,6853931490339;17,9011598222399;17,9197572971735;17,9005107599293
2026-06-27 11:00:00;2026-06-27 11:11:51;"1F";75,6;18,9;29,5;18,9;17,3;83,1;18,6305433390671;78,9346497602032;"treino_70";18,5817447839339;79,1464661449464;18,3402338778923;18,9469767254734;19,0232136156098;19,0035149138378
2026-06-27 11:15:00;2026-06-27 11:26:50;"1F";76,7;18,8;26,6;18,4;18;80,7;18,5320744857347;79,771073681401;"treino_70";18,4837545353639;79,9715000013569;18,1047204354424;18,3840579963861;18,4379009349374;18,4174924331626
2026-06-27 11:30:00;2026-06-27 11:41:50;"1F";77,1;18,7;26,3;18,3;18;81,4;18,4336056324022;80,0752278345639;"treino_70";18,3857642867939;80,2715123127788;18,1030233598388;18,2813671806837;18,327502009267;18,307050002006
2026-06-27 11:45:00;2026-06-27 11:56:49;"1F";76,7;19,4;27,5;19;18,2;80,9;19,1228876057294;79,771073681401;"treino_70";19,0716960267838;79,9715000013569;18,4561192163718;19,023513704652;19,0737787887045;19,0513741741969
2026-06-27 12:00:00;2026-06-27 12:11:49;"1F";75,8;19,5;27,5;19;18,6;80,7;19,2213564590619;79,0867268367846;"treino_70";19,1696862753538;79,2964723006574;18,7487212350625;19,0224094318475;19,0911834584764;19,0693149154734
2026-06-27 12:15:00;2026-06-27 12:26:48;"1F";75;19,6;26,3;18,8;18,9;80,1;19,3198253123943;78,4784185304589;"treino_70";19,2676765239238;78,6964476778134;18,6897461518403;18,7895493065914;18,8748389629772;18,8534165595984
2026-06-27 12:30:00;2026-06-27 12:41:48;"1F";76,5;19,3;24,4;18,3;19;79,6;19,024418752397;79,6189966048196;"treino_70";18,9737057782138;79,8214938456459;18,3443874317373;18,3097585604423;18,3648402162655;18,3429600148874
2026-06-27 12:45:00;2026-06-27 12:56:47;"1F";77,2;19,4;23,4;18,3;19,1;79,5;19,1228876057294;80,1512663728546;"treino_70";19,0716960267838;80,3465153906343;18,2129805298774;18,2465474761864;18,2862422956221;18,2633572479678
2026-06-27 13:00:00;2026-06-27 13:11:46;"1F";78,5;19,4;22,3;18,1;19,1;80,2;19,1228876057294;81,139767370634;"treino_70";19,0716960267838;81,3215554027558;18,0527245430351;18,138362943;18,1506239659728;18,1264920725154
2026-06-27 13:15:00;2026-06-27 13:26:47;"1F";76,1;19,8;22,7;18,3;19,2;80,9;19,5167630190592;79,3148424516567;"treino_70";19,4636570210637;79,5214815342239;18,2698215192076;18,3176855324904;18,3783971039971;18,3552460397281
2026-06-27 13:30:00;2026-06-27 13:41:45;"1F";74,8;19,8;22,7;18,2;19,5;78,9;19,5167630190592;78,3263414538774;"treino_70";19,4636570210637;78,5464415221024;18,3297460010138;18,2046286922567;18,293209534189;18,2713273901651
2026-06-27 13:45:00;2026-06-27 13:56:45;"1F";73,9;19,7;25,2;18,5;19,5;78;19,4182941657268;77,641994609261;"treino_70";19,3656667724937;77,871413821403;18,7521952504931;18,5502462161306;18,6586177802482;18,6379409014623
2026-06-27 14:00:00;2026-06-27 14:11:44;"1F";74,2;19,4;22,7;17,8;19,4;77,1;19,1228876057294;77,8701102241331;"treino_70";19,0716960267838;78,0964230549695;18,0979420281643;17,848071716307;17,9513702895937;17,9313759629562
2026-06-27 14:15:00;2026-06-27 14:26:43;"1F";74,7;19;22,5;17,5;19,1;77,3;18,7290121923996;78,2503029155867;"treino_70";18,6797350325038;78,4714384442469;17,8450758202998;17,5464737458507;17,6410761530079;17,6219054510289
2026-06-27 14:45:00;2026-06-27 14:56:42;"1F";78,5;18,3;20,9;17;18,5;79,1;18,0397302190724;81,139767370634;"treino_70";17,9938032925139;81,3215554027558;17,2166207174468;17,0122225487181;17,0321056687948;17,011690578598
2026-06-27 15:00:00;2026-06-27 15:11:41;"1F";79,3;18,1;20,8;16,9;18,1;80,6;17,8427925124075;81,7480756769597;"treino_70";17,797822795374;81,9215800255998;17,0137063426022;16,905177976452;16,9101384771082;16,8896628234907
2026-06-27 15:15:00;2026-06-27 15:26:43;"1F";79,4;17,9;20,1;16,6;17,9;81,2;17,6458548057426;81,8241142152504;"treino_70";17,601842298234;81,9965831034553;16,7689401363754;16,6193435186671;16,6237459085496;16,6038591319301
2026-06-27 15:30:00;2026-06-27 15:41:40;"1F";79,7;17,9;19,8;16,6;17,7;81,5;17,6458548057426;82,0522298301226;"treino_70";17,601842298234;82,2215923370217;16,5789115545845;16,5842776980569;16,5825989607293;16,5624379418672
2026-06-27 15:45:00;2026-06-27 15:56:39;"1F";80,1;17,8;19,4;16,5;17,7;81,6;17,5473859524102;82,3563839832854;"treino_70";17,503852049664;82,5216046484437;16,5071857577123;16,460299601806;16,4512903495267;16,4311061897042
2026-06-27 16:00:00;2026-06-27 16:11:39;"1F";80,1;17,7;18,9;16,3;17,6;81,9;17,4489170990777;82,3563839832854;"treino_70";17,405861801094;82,5216046484437;16,3544557778307;16,2830770995667;16,2748434287204;16,2550016559564
2026-06-27 16:15:00;2026-06-27 16:26:38;"1F";80,7;17,8;19,1;16,4;17,5;82,1;17,5473859524102;82,8126152130297;"treino_70";17,503852049664;82,9716231155767;16,3333793676552;16,4500533862441;16,4289192092964;16,4081886716291
2026-06-27 16:30:00;2026-06-27 16:41:38;"1F";81,3;17,6;18,8;16,3;17,5;82,7;17,3504482457453;83,268846442774;"treino_70";17,307871552524;83,4216415827097;16,322812970344;16,2849196090914;16,2533355335521;16,2327502476611
2026-06-27 16:45:00;2026-06-27 16:56:37;"1F";81,8;17,4;18,1;16;17,4;82,9;17,1535105390804;83,6490391342276;"treino_70";17,1118910553841;83,7966569719872;16,1215588359331;16,0311296959809;15,9912164961061;15,9708730782915
2026-06-27 17:00:00;2026-06-27 17:11:37;"1F";82,4;17,2;17,3;15,8;17,3;83,2;16,9565728324155;84,1052703639719;"treino_70";16,9159105582441;84,2466754391201;15,9084384515149;15,7651648724397;15,7150305630152;15,6948451831822
2026-06-27 17:15:00;2026-06-27 17:26:36;"1F";82,8;17,1;16,7;15,6;17,1;83,5;16,858103979083;84,4094245171348;"treino_70";16,8179203096741;84,5466877505421;15,6573727585006;15,6001906506316;15,5430035516194;15,5228105856481
2026-06-27 17:30:00;2026-06-27 17:41:36;"1F";83,7;17;16,2;15,5;17;83,9;16,7596351257506;85,0937713617513;"treino_70";16,7199300611041;85,2217154512416;15,5121435451499;15,4958372262056;15,4217288374357;15,4010865514719
2026-06-27 17:45:00;2026-06-27 17:56:35;"1F";85,1;16,8;15,8;15,4;16,9;84,5;16,5626974190857;86,1583108978213;"treino_70";16,5239495639642;86,2717585412185;15,4030539642505;15,3737682267836;15,2739431730897;15,2527694357731
2026-06-27 18:00:00;2026-06-27 18:11:35;"1F";87,9;16,6;15,3;15,4;16,7;85,4;16,3657597124208;88,2873899699614;"treino_70";16,3279690668242;88,3718447211724;15,2199657570001;15,344208486619;15,1913386853788;15,1684181224938
2026-06-27 18:15:00;2026-06-27 18:26:34;"1F";90,3;16,4;15,2;15,4;16,6;86,7;16,1688220057559;90,1123148889386;"treino_70";16,1319885696842;90,1719185897043;15,2270046414877;15,3608882658526;15,1631541617839;15,1388607051574
2026-06-27 18:30:00;2026-06-27 18:41:33;"1F";91,8;16,2;15;15,3;16,4;88,3;15,971884299091;91,2528929632994;"treino_70";15,9360080725442;91,2969647575368;15,1592922288153;15,2837942531647;15,0591128040104;15,034249732598
2026-06-27 18:45:00;2026-06-27 18:56:32;"1F";92,2;16,2;15;15,3;16,2;89,7;15,971884299091;91,5570471164622;"treino_70";15,9360080725442;91,5969770689588;15,1145783684346;15,3160663668045;15,0835252902289;15,0583135288804
2026-06-27 19:00:00;2026-06-27 19:11:32;"1F";92,4;16;15;15,2;16,1;90,4;15,7749465924261;91,7091241930437;"treino_70";15,7400275754043;91,7469832246698;15,0919295954763;15,1735321143431;14,9397062406424;14,9150665336156
2026-06-27 19:15:00;2026-06-27 19:26:32;"1F";93,4;15,8;14,8;15,1;15,9;90,8;15,5780088857612;92,4695095759508;"treino_70";15,5440470782643;92,4970140032247;14,9259302210919;15,0549804124352;14,8042758127604;14,7795190109606
2026-06-27 19:30:00;2026-06-27 19:41:31;"1F";94;15,7;14,7;15;15,8;91,3;15,4795400324287;92,9257408056951;"treino_70";15,4460568296943;92,9470324703577;14,8668272811538;15,0035101307762;14,7424562048731;14,7175575552621
2026-06-27 19:45:00;2026-06-27 19:56:30;"1F";94,9;15,6;14,6;15;15,7;91,7;15,3810711790963;93,6100876503116;"treino_70";15,3480665811243;93,6220601710572;14,799599527503;14,9758857210875;14,6986553307172;14,6733586821686
2026-06-27 20:00:00;2026-06-27 20:11:30;"1F";95,4;15,5;14,6;14,9;15,7;92,1;15,2826023257638;93,9902803417652;"treino_70";15,2500763325543;93,9970755603347;14,831547918177;14,9360955898123;14,6505308642153;14,6251831990897
2026-06-27 20:15:00;2026-06-27 20:26:29;"1F";95,8;15,5;14,6;15;15,6;92,4;15,2826023257638;94,2944344949281;"treino_70";15,2500763325543;94,2970878717566;14,776181284929;14,9680666321942;14,6746914750457;14,6489997311486
2026-06-27 20:30:00;2026-06-27 20:41:29;"1F";95,4;15,4;14,5;14,8;15,5;92,8;15,1841334724314;93,9902803417652;"treino_70";15,1520860839844;93,9970755603347;14,7086911325025;14,836288482573;14,5521608482951;14,5271930542364
2026-06-27 20:45:00;2026-06-27 20:56:28;"1F";96;15,1;14,1;14,6;15,5;92,9;14,888726912434;94,4465115715095;"treino_70";14,8581153382744;94,4470940274676;14,6366555025606;14,5644624469571;14,2730153059626;14,2486760958602
2026-06-27 21:00:00;2026-06-27 21:11:27;"1F";97;15;14,1;14,6;15,2;93;14,7902580591016;95,2068969544167;"treino_70";14,7601250897044;95,1971248060226;14,4063219841389;14,5638294621887;14,2544536110403;14,2296447829631
2026-06-27 21:15:00;2026-06-27 21:26:27;"1F";97,4;15,1;14,2;14,7;15,2;93,3;14,888726912434;95,5110511075795;"treino_70";14,8581153382744;95,4971371174446;14,4500820362836;14,6956801896431;14,3770261116845;14,3514924027164
2026-06-27 21:30:00;2026-06-27 21:41:26;"1F";97,3;15;14,2;14,6;15,2;93,7;14,7902580591016;95,4350125692888;"treino_70";14,7601250897044;95,4221340395891;14,4817769965566;14,6076324124082;14,2924304508506;14,2673660853479
2026-06-27 21:45:00;2026-06-27 21:56:26;"1F";97,4;15;14,1;14,6;15,1;93,7;14,7902580591016;95,5110511075795;"treino_70";14,7601250897044;95,4971371174446;14,3822337934797;14,5955691228322;14,278424107375;14,2532745312233
2026-06-27 22:00:00;2026-06-27 22:11:28;"1F";97,6;15,3;14,2;14,9;15;94;15,0856646190989;95,6631281841609;"treino_70";15,0540958354144;95,6471432731556;14,3463791435047;14,8718693479419;14,546288382979;14,519814682751
2026-06-27 22:15:00;2026-06-27 22:26:26;"1F";94,6;15,4;14,3;14,7;15,3;94,2;15,1841334724314;93,3819720354394;"treino_70";15,1520860839844;93,3970509374907;14,6210412368622;14,7325208576387;14,4639630802371;14,4396810713076
2026-06-27 22:30:00;2026-06-27 22:41:24;"1F";95,1;15,1;14;14,5;15,1;93,8;14,888726912434;93,762164726893;"treino_70";14,8581153382744;93,7720663267682;14,3701445390803;14,4730847877989;14,1990773543317;14,175504491893
2026-06-27 22:45:00;2026-06-27 22:56:23;"1F";95,5;14,9;13,8;14,3;15;93,8;14,6917892057691;94,0663188800559;"treino_70";14,6621348411344;94,0720786381901;14,2505856536296;14,3051517698544;14,0262796633125;14,0031265234057
2026-06-27 23:00:00;2026-06-27 23:11:25;"1F";95,6;14,7;13,5;14,1;14,9;93,7;14,4948514991042;94,1423574183466;"treino_70";14,4661543439945;94,1470817160456;14,1031473546906;14,093376155702;13,8154624655245;13,7929852152137
2026-06-27 23:45:00;2026-06-27 23:56:22;"1F";91,4;15,1;13,9;14,2;14,7;93,8;14,888726912434;90,9487388101365;"treino_70";14,8581153382744;90,9969524461148;14,0319089319466;14,1605825733849;13,9578805266454;13,9374463679801
2026-06-28;2026-06-28 00:11:22;"1F_SUSPEITO";89;15,1;13,8;14;14,6;93,1;14,888726912434;89,1238138911593;"treino_70";14,8581153382744;89,1968785775829;13,8775480674345;13,9516128319778;13,7948525178573;13,7764450254245
2026-06-28 00:15:00;2026-06-28 00:26:21;"1F";87,1;15,1;13,8;13,8;14,7;91,2;14,888726912434;87,6790816636356;"treino_70";14,8581153382744;87,7718200983285;13,8082316334647;13,8024045536327;13,6818598432806;13,6650522758316
2026-06-28 00:30:00;2026-06-28 00:41:20;"1F";88,4;14,9;13,7;13,7;14,8;88,5;14,6917892057691;88,667582661415;"treino_70";14,6621348411344;88,7468601104499;13,6562089641919;13,7270876122181;13,5840994858752;13,5669253738932
2026-06-28 00:45:00;2026-06-28 00:56:22;"1F";90,9;14,6;13,6;13,6;14,8;88,6;14,3963826457718;90,5685461186829;"treino_70";14,3681640954245;90,6219370568373;13,644016608087;13,6656823419904;13,4788909756071;13,4607285359066
2026-06-28 01:00:00;2026-06-28 01:11:19;"1F";91,6;14,3;13,3;13,4;14,5;89,8;14,1009760857744;91,1008158867179;"treino_70";14,0741933497145;91,1469586018258;13,4410357184969;13,4226775857515;13,2264729557521;13,2088408200631
2026-06-28 01:15:00;2026-06-28 01:26:19;"1F";93;14,1;13,1;13,4;14,2;90,4;13,9040383791095;92,165355422788;"treino_70";13,8782128525745;92,1970016918027;13,2106358088042;13,3325585522424;13,112564529909;13,0945211591258
2026-06-28 01:30:00;2026-06-28 01:41:18;"1F";94,3;13,9;12,9;13,2;14,1;90,9;13,7071006724446;93,1538564205673;"treino_70";13,6822323554346;93,1720417039242;13,1301980229801;13,2340704162195;12,9922877800301;12,9739247965791
2026-06-28 01:45:00;2026-06-28 01:56:19;"1F";95,6;13,9;13;13,3;14;91,5;13,7071006724446;94,1423574183466;"treino_70";13,6822323554346;94,1470817160456;13,1173374965399;13,3546726714549;13,0883143213885;13,0688795047682
2026-06-28 02:00:00;2026-06-28 02:11:16;"1F";96,1;13,7;12,9;13,2;14;92,3;13,5101629657797;94,5225501098002;"treino_70";13,4862518582946;94,5220971053231;13,1590557319088;13,2135976243478;12,9406868510366;12,9216017154984
2026-06-28 02:15:00;2026-06-28 02:26:16;"1F";96,9;13,7;12,9;13,3;13,9;92,7;13,5101629657797;95,1308584161259;"treino_70";13,4862518582946;95,1221217281671;13,1105594797583;13,2754319709299;12,9873845284858;12,9676408921131
2026-06-28 02:30:00;2026-06-28 02:41:15;"1F";97,2;13,5;12,6;13,1;13,7;93,2;13,3132252591148;95,3589740309981;"treino_70";13,2902713611546;95,3471309617336;12,9301912721487;13,0784808686518;12,7877513359878;12,7685278638255
2026-06-28 03:00:00;2026-06-28 03:11:14;"1F";97,6;13;11,9;12,6;13,4;93,7;12,8208809924526;95,6631281841609;"treino_70";12,8003201183047;95,6471432731556;12,5899976534583;12,5686225247209;12,2779118631159;12,2602828731271
2026-06-28 03:15:00;2026-06-28 03:26:13;"1F";97,9;13,1;12;12,7;13,2;93,9;12,919349845785;95,8912437990331;"treino_70";12,8983103668747;95,8721525067221;12,4661382643543;12,6917355613012;12,3938731338061;12,3756156637962
2026-06-28 03:30:00;2026-06-28 03:41:13;"1F";98,1;13,1;12,2;12,7;13,2;94,3;12,919349845785;96,0433208756145;"treino_70";12,8983103668747;96,022158662433;12,5366104966553;12,7470577399575;12,4454349582361;12,4270147603363
2026-06-28 03:45:00;2026-06-28 03:56:12;"1F";98,1;13,1;12,1;12,7;13,2;94,5;12,919349845785;96,0433208756145;"treino_70";12,8983103668747;96,022158662433;12,5318553304722;12,7270577399575;12,4254349582361;12,4070147603363
2026-06-28 04:00:00;2026-06-28 04:11:12;"1F";98,2;13,2;12,3;12,8;13,1;94,7;13,0178186991175;96,1193594139053;"treino_70";12,9963006154447;96,0971617402885;12,5074066854386;12,8549520196125;12,5499110358748;12,5310236379612
2026-06-28 04:15:00;2026-06-28 04:26:11;"1F";98,2;13;12,1;12,7;13,2;94,9;12,8208809924526;96,1193594139053;"treino_70";12,8003201183047;96,0971617402885;12,5623625091243;12,6544902421265;12,3525233576002;12,3344075655521
2026-06-28 04:30:00;2026-06-28 04:41:11;"1F";98,2;12,9;11,9;12,5;13,1;94,8;12,7224121391201;96,1193594139053;"treino_70";12,7023298697347;96,0971617402885;12,4350187217089;12,5342593381273;12,2338295027308;12,2160995137496
2026-06-28 04:45:00;2026-06-28 04:56:10;"1F";98,3;13,1;12,1;12,7;13;95;12,919349845785;96,195397952196;"treino_70";12,8983103668747;96,172164818144;12,4105015083342;12,7423860718508;12,4370003343725;12,4184173200582
2026-06-28 05:00:00;2026-06-28 05:11:10;"1F";98,3;12,9;11,8;12,5;13,1;95,2;12,7224121391201;96,195397952196;"treino_70";12,7023298697347;96,172164818144;12,445481701838;12,5218945207254;12,219589817519;12,2017788234989
2026-06-28 05:15:00;2026-06-28 05:26:09;"1F";98,4;12,6;11,4;12,2;12,9;95;12,4270055791228;96,2714364904867;"treino_70";12,4083591240248;96,2471678959995;12,1907557644304;12,2087492963554;11,9092009913489;11,8924676210112
2026-06-28 05:30:00;2026-06-28 05:41:09;"1F";98,5;13;11,5;12,6;12,7;95,2;12,8208809924526;96,3474750287774;"treino_70";12,8003201183047;96,322170973855;12,0663753022258;12,5574450965777;12,2498412272847;12,2314817311874
2026-06-28 05:45:00;2026-06-28 05:56:08;"1F";98,5;12,9;11,8;12,5;12,9;95,5;12,7224121391201;96,3474750287774;"treino_70";12,7023298697347;96,322170973855;12,308699103963;12,5371696132526;12,2311131760314;12,2131401034352
2026-06-28 06:00:00;2026-06-28 06:11:07;"1F";98,5;12,8;11,9;12,5;12,9;95,4;12,6239432857877;96,3474750287774;"treino_70";12,6043396211647;96,322170973855;12,3211073830578;12,4768941198023;12,1723851143179;12,1547984653113
2026-06-28 06:15:00;2026-06-28 06:26:09;"1F";98,6;13,1;12,1;12,8;12,9;95,5;12,919349845785;96,4235135670681;"treino_70";12,8983103668747;96,3971740517105;12,3686991039629;12,7653901350353;12,4543550709033;12,4355276654221
2026-06-28 06:30:00;2026-06-28 06:41:06;"1F";98,6;12,9;12,1;12,6;13;95,6;12,7224121391201;96,4235135670681;"treino_70";12,7023298697347;96,3971740517105;12,4561304352873;12,6048095262343;12,2968762211605;12,2788220749659
2026-06-28 06:45:00;2026-06-28 06:56:06;"1F";98,5;12,8;11,8;12,4;12,9;95,5;12,6239432857877;96,3474750287774;"treino_70";12,6043396211647;96,322170973855;12,308699103963;12,4568941198023;12,1523851143179;12,1347984653113
2026-06-28 07:00:00;2026-06-28 07:11:05;"1F";98,4;12,4;11,2;12;12,7;95,4;12,2300678724579;96,2714364904867;"treino_70";12,2123786268848;96,2471678959995;12,0214926037399;12,0082279237359;11,7117675716449;11,6958066361196
2026-06-28 07:15:00;2026-06-28 07:26:05;"1F";98,4;12,3;11;11,9;12,4;95,4;12,1315990191254;96,2714364904867;"treino_70";12,1143883783148;96,2471678959995;11,7420703515788;11,8879672220042;11,5930508458693;11,5774761278862
2026-06-28 07:30:00;2026-06-28 07:41:04;"1F";98,5;12,3;11,3;11,9;12,3;95,6;12,1315990191254;96,3474750287774;"treino_70";12,1143883783148;96,322170973855;11,7372636406915;11,9555164997135;11,6587446478512;11,6430901181329
2026-06-28 07:45:00;2026-06-28 07:56:04;"1F";98,7;12,8;12,4;12,6;12,3;95,7;12,6239432857877;96,4995521053588;"treino_70";12,6043396211647;96,472177129566;11,9647664618168;12,5921458902147;12,2838893684498;12,2661409613916
2026-06-28 08:00:00;2026-06-28 08:11:03;"1F";98,7;13,4;14,5;13,5;12,6;96,2;13,2147564057824;96,4995521053588;"treino_70";13,1922811125847;96,472177129566;12,6620946877317;13,4939765127232;13,176394068892;13,1563246492461
2026-06-28 08:15:00;2026-06-28 08:26:02;"1F";97,6;13,9;15,4;14;13;96,1;13,7071006724446;95,6631281841609;"treino_70";13,6822323554346;95,6471432731556;13,1541961558647;13,9898936541594;13,6855381085589;13,664448139423
2026-06-28 08:30:00;2026-06-28 08:41:02;"1F";87,4;15,9;15,8;14,9;13,4;96,1;15,6764777390936;87,9071972785078;"treino_70";15,6420373268343;87,996829331895;13,5538542018824;14,8540780002893;14,7188800421849;14,6989286512279
2026-06-28 08:45:00;2026-06-28 08:56:02;"1F";84,9;16;16,3;14,9;13,7;96,1;15,7749465924261;86,0062338212399;"treino_70";15,7400275754043;86,1217523855075;13,8935976243478;14,8328249872386;14,745000774715;14,7268448871704
2026-06-28 09:00:00;2026-06-28 09:11:03;"1F_SUSPEITO";84,1;16,3;17,7;15,2;14,1;96,1;16,0703531524234;85,3979255149141;"treino_70";16,0339983211142;85,5217277626636;14,4932553730623;15,2828238008508;15,2075782091315;15,1890525753745
2026-06-28 09:15:00;2026-06-28 09:26:01;"1F";80,7;17,3;20,5;16,3;14,4;95,1;17,0550416857479;82,8126152130297;"treino_70";17,0139008068141;82,9716231155767;15,2147579046415;16,3433855061514;16,3262804546297;16,3072701235412
2026-06-28 09:30:00;2026-06-28 09:41:00;"1F";80,6;17,5;23,9;17,1;14,9;94,3;17,2519793924128;82,736576674739;"treino_70";17,2098813039541;82,8966200377212;16,2304407931524;17,1698157855142;17,1531045871833;17,1334963928202
2026-06-28 09:45:00;2026-06-28 09:55:59;"1F";77,6;18,3;27,4;18,2;16,1;91,3;18,0397302190724;80,4554205260175;"treino_70";17,9938032925139;80,6465277020563;17,6443113934491;18,2367132176751;18,2750557732864;18,255475134454
2026-06-28 10:00:00;2026-06-28 10:11:00;"1F";79,9;18,2;28,7;18,6;17;85,3;17,94126136574;82,204306906704;"treino_70";17,895813043944;82,3715984927327;18,1263292017622;18,6124557817706;18,6044274910251;18,5830581958894
2026-06-28 10:15:00;2026-06-28 10:25:58;"1F";80;18,3;27,3;18,5;17,4;83,9;18,0397302190724;82,2803454449947;"treino_70";17,9938032925139;82,4466015705882;18,0437890762041;18,4180265278407;18,4071860183336;18,3853824036339
2026-06-28 10:30:00;2026-06-28 10:40:57;"1F";77,4;19,3;26,3;18,8;17,8;83,5;19,024418752397;80,3033434494361;"treino_70";18,9737057782138;80,4965215463453;18,1222557652219;18,7670450466094;18,8031491445218;18,7804067922907
2026-06-28 10:45:00;2026-06-28 10:55:57;"1F";75,4;20,2;28,8;19,8;18,8;81,2;19,910638432389;78,7825726836217;"treino_70";19,8556180153437;78,9964599892354;19,2057681063211;19,7821100717312;19,8557201868089;19,8319365811661
2026-06-28 11:00:00;2026-06-28 11:10:57;"1F";72,6;21,2;30,7;20,7;19,6;79,9;20,8953269657135;76,6534936114817;"treino_70";20,8355205010435;76,8963738092815;20,09304748745;20,6735027139444;20,804433261542;20,7802258632689
2026-06-28 11:15:00;2026-06-28 11:25:58;"1F_SUSPEITO";69,1;22,3;32,3;21,5;20,5;77,6;21,9784843523705;73,9921447713065;"treino_70";21,9134132353134;74,2712660843391;20,9052108520533;21,5021773131604;21,7107912851764;21,6868095803032
2026-06-28 11:45:00;2026-06-28 11:55:57;"1F";64,2;22,5;30,6;20,9;22;71,3;22,1754220590354;70,2662563950614;"treino_70";22,1093937324533;70,5961152694198;21,1400693451738;20,8506964480585;21,1768685382669;21,1576597617008
2026-06-28 12:00:00;2026-06-28 12:10:59;"1F_SUSPEITO";64;22,6;30,6;20,9;22,1;70;22,2738909123678;70,11417931848;"treino_70";22,2073839810233;70,4461091137088;21,0954806472746;20,9055834821588;21,2368651085994;21,2175887065667
2026-06-28 12:45:00;2026-06-28 12:55:57;"1F_SUSPEITO";62;22,9;30,6;20,9;22,2;68,3;22,5692974723652;68,5934085526656;"treino_70";22,5013547267333;68,9460475565989;21,0127619909744;20,9347852617359;21,3166896384665;21,2988178467592
2026-06-28 13:00:00;2026-06-28 13:10:54;"1F";61,3;23,4;31,3;21,4;22,4;67,8;23,0616417390274;68,0611387846306;"treino_70";22,9913059695832;68,4210260116105;21,2556485777639;21,3732247354846;21,7749295866815;21,7564590716916
2026-06-28 13:30:00;2026-06-28 13:40:51;"1F";60,7;23,8;33,2;22;23;67,1;23,4555171523572;67,6049075548863;"treino_70";23,3832669638632;67,9710075444775;22,017483928659;21,9866407872863;22,4057164259484;22,3868370979123
2026-06-28 14:45:00;2026-06-28 14:55:47;"1F_SUSPEITO";62,5;23,4;31,7;21,6;23,1;67,8;23,0616417390274;68,9736012441192;"treino_70";22,9913059695832;69,3210629458764;21,8587661877179;21,5705722331688;21,9415450455807;21,9216754159503
2026-06-28 15:45:00;2026-06-28 15:55:47;"1F";64,6;22,8;25,5;20,1;22,3;69,9;22,4708286190327;70,5704105482243;"treino_70";22,4033644781633;70,8961275808418;20,216605603873;20,0906413202591;20,4075562383446;20,3870228970352
2026-06-28 16:15:00;2026-06-28 16:25:43;"1F";65,9;22;23,7;19,2;22,3;69,5;21,6830777923731;71,5589115460036;"treino_70";21,6194424896034;71,8711675929633;19,8194092835984;19,2600225982649;19,5444894510772;19,524882683145
2026-06-28 16:30:00;2026-06-28 16:40:42;"1F";67,2;21,7;22,3;18,9;21,9;70,2;21,3876712323758;72,5474125437829;"treino_70";21,3254717438935;72,8462076050847;19,3034719303713;18,877224912983;19,1309125306346;19,1108049603997
2026-06-28 16:45:00;2026-06-28 16:55:42;"1F";67,9;21,7;22,1;18,9;21,6;71,3;21,3876712323758;73,0796823118179;"treino_70";21,3254717438935;73,3712291500732;19,1381305373163;18,9017396064435;19,1390770711097;19,1182226537301
2026-06-28 17:00:00;2026-06-28 17:10:41;"1F";69,2;21,3;22,6;18,9;21,5;71,8;20,993795819046;74,0681833095973;"treino_70";20,9335107496135;74,3462691621946;19,2081114272079;18,8211157415199;19,0288510388839;19,0078526768862
2026-06-28 17:15:00;2026-06-28 17:25:40;"1F";70;21,1;21;18,4;21,3;72,6;20,7968581123811;74,676491615923;"treino_70";20,7375302524735;74,9462937850386;18,8092577511933;18,4233867671246;18,6132526408274;18,5920430676104
2026-06-28 17:30:00;2026-06-28 17:40:40;"1F";71,1;20,8;20;18,1;21;73,2;20,5014515523837;75,5129155371209;"treino_70";20,4435595067636;75,7713276414491;18,4358008171864;18,0963476812802;18,2621562636152;18,2407567645066
2026-06-28 17:45:00;2026-06-28 17:55:42;"1F";71,7;20,7;19,7;18;20,8;74,1;20,4029826990513;75,9691467668652;"treino_70";20,3455692581936;76,2213461085821;18,3042961178566;18,0144736832431;18,1671895911711;18,1454955863008
2026-06-28 18:00:00;2026-06-28 18:10:42;"1F";72,7;20,5;19,4;17,9;20,6;74,7;20,2060449923864;76,7295321497724;"treino_70";20,1495887610536;76,971376887137;18,1453765546554;17,8920857639241;18,0233379461814;18,0012713518653
2026-06-28 18:15:00;2026-06-28 18:25:38;"1F";74,1;20,2;19,1;17,7;20,4;75,4;19,910638432389;77,7940716858424;"treino_70";19,8556180153437;78,021419977114;17,994751332949;17,7279311085962;17,8297615135201;17,8072649274795
2026-06-28 18:30:00;2026-06-28 18:40:38;"1F";75,8;19,9;18,6;17,5;20,2;76,5;19,6152318723917;79,0867268367846;"treino_70";19,5616472696337;79,2964723006574;17,8385906066814;17,5480082927428;17,6145963443389;17,591407720949
2026-06-28 18:45:00;2026-06-28 18:55:38;"1F";75,5;20;18,4;17,6;19,9;77,5;19,7137007257241;78,8586112219124;"treino_70";19,6596375182037;79,0714630670909;17,6560131529688;17,5582049444035;17,6307080715808;17,6074839008909
2026-06-28 19:00:00;2026-06-28 19:10:39;"1F_SUSPEITO";75,7;20;18,6;17,6;20;77,4;19,7137007257241;79,0106882984939;"treino_70";19,6596375182037;79,2214692228019;17,7640246573589;17,6156745467749;17,6838693836984;17,6604488727977
2026-06-28 19:15:00;2026-06-28 19:25:35;"1F";76,5;19,9;18,6;17,6;20;77,7;19,6152318723917;79,6189966048196;"treino_70";19,5616472696337;79,8214938456459;17,7901795772589;17,608980065663;17,6605497961509;17,6366770186324
2026-06-28 19:30:00;2026-06-28 19:40:37;"1F";76,9;19,9;18,6;17,6;19,8;78,4;19,6152318723917;79,9231507579825;"treino_70";19,5616472696337;80,1215061570679;17,6973761971714;17,6438027536762;17,6868022590204;17,6625390566245
2026-06-28 19:45:00;2026-06-28 19:55:35;"1F";78,1;19,6;18,4;17,5;19,8;78,6;19,3198253123943;80,8356132174711;"treino_70";19,2676765239238;81,0215430913338;17,6747229748898;17,4776599366102;17,4970114302179;17,4725893487345
2026-06-28 20:00:00;2026-06-28 20:10:34;"1F";78,3;19,7;18,4;17,6;19,6;79,5;19,4182941657268;80,9876902940525;"treino_70";19,3656667724937;81,1715492470448;17,5985322055101;17,5718181306499;17,5862483073609;17,5612960720731
2026-06-28 20:15:00;2026-06-28 20:25:34;"1F";78,6;19,6;18,5;17,5;19,6;79,7;19,3198253123943;81,2158059089247;"treino_70";19,2676765239238;81,3965584806113;17,6357908628741;17,5408415826708;17,5495987162243;17,5246946925557
2026-06-28 21:00:00;2026-06-28 21:10:36;"1F_SUSPEITO";76,1;16,3;16,7;14,4;17,9;79,9;16,0703531524234;79,3148424516567;"treino_70";16,0339983211142;79,5214815342239;15,9809000423745;14,4416225167063;14,5220475161221;14,5104785221687
2026-06-28 21:45:00;2026-06-28 21:55:32;"1F";79,1;14,6;14,2;12,9;14,8;80,7;14,3963826457718;81,5959986003783;"treino_70";14,3681640954245;81,7715738698888;13,1500404118919;12,8722304903796;12,9066172512572;12,898211465834
2026-06-28 22:00:00;2026-06-28 22:10:29;"1F";80,8;14,4;13,7;12,7;14,5;81,4;14,1994449391069;82,8886537513205;"treino_70";14,1721835982845;83,0466261934322;12,8718457350184;12,7483702107945;12,7527843147432;12,743669554125
2026-06-28 22:30:00;2026-06-28 22:40:29;"1F_SUSPEITO";83,6;13,8;12,7;12,3;13,9;83,6;13,6086318191122;85,0177328234605;"treino_70";13,5842421068646;85,1467123733861;12,374071864167;12,296213154985;12,254374420318;12,2450787556642
2026-06-29 00:45:00;2026-06-29 00:55:24;"1F";89,6;13,4;12,6;12,4;13,5;88;13,2147564057824;89,5800451209036;"treino_70";13,1922811125847;89,6468970447159;12,3751469999602;12,4177662254676;12,2701295882057;12,2574506159835
2026-06-29 01:15:00;2026-06-29 01:25:23;"1F";91,9;13,1;12,2;12,3;13,1;89,7;12,919349845785;91,3289315015901;"treino_70";12,8983103668747;91,3719678353923;12,1086515467894;12,2748636000286;12,0886392373667;12,0752237971887
2026-06-29 01:30:00;2026-06-29 01:40:22;"1F";92,6;13;12,1;12,2;13;90,5;12,8208809924526;91,8612012696251;"treino_70";12,8003201183047;91,8969893803807;12,0699818535502;12,2285230541143;12,0307191122727;12,0171162982467
2026-06-29 01:45:00;2026-06-29 01:55:23;"1F";93,3;12,8;11,9;12,1;12,9;91,3;12,6239432857877;92,3934710376601;"treino_70";12,6043396211647;92,4220109253692;12,01114211011;12,0825509730925;11,8745506025227;11,8611378289271
2026-06-29 02:15:00;2026-06-29 02:25:20;"1F";93,5;12,9;11,9;12,2;12,8;92,2;12,7224121391201;92,5455481142415;"treino_70";12,7023298697347;92,5720170810802;11,999663389906;12,1771530550637;11,9641070597279;11,9501591556203
2026-06-29 02:30:00;2026-06-29 02:40:21;"1F";94;12,8;11,8;12,1;12,7;92,4;12,6239432857877;92,9257408056951;"treino_70";12,6043396211647;92,9470324703577;11,9153823281722;12,1153925440948;11,8945023770291;11,8805312261196
2026-06-29 02:45:00;2026-06-29 02:55:19;"1F";94,4;12,6;11,7;12;12,6;92,5;12,4270055791228;93,229894958858;"treino_70";12,4083591240248;93,2470447817797;11,8235431663228;11,9663155931324;11,7408459033065;11,7273105894457
2026-06-29 03:00:00;2026-06-29 03:10:19;"1F";95,1;12,6;11,6;12;12,6;92,7;12,4270055791228;93,762164726893;"treino_70";12,4083591240248;93,7720663267682;11,8185455835973;11,9990577816879;11,7607013938258;11,7466090832458
2026-06-29 03:15:00;2026-06-29 03:25:18;"1F";95,3;12,7;11,7;12,1;12,6;92,9;12,5254744324552;93,9142418034745;"treino_70";12,5063493725948;93,9220724824792;11,853554144227;12,1139331718477;11,8704555344489;11,8558242200335
2026-06-29 03:30:00;2026-06-29 03:40:17;"1F";94,7;12,8;11,9;12,2;12,6;93,2;12,6239432857877;93,4580105737301;"treino_70";12,6043396211647;93,4720540153462;11,9160785352096;12,1883086857225;11,9544976502479;11,9399670571384
2026-06-29 03:45:00;2026-06-29 03:55:17;"1F";94,7;12,9;12;12,3;12,7;93,2;12,7224121391201;93,4580105737301;"treino_70";12,7023298697347;93,4720540153462;12,0155433879102;12,2880080301869;12,0527857880198;12,0378768438934
2026-06-29 04:00:00;2026-06-29 04:10:16;"1F";94,8;12,9;12;12,3;12,7;93,3;12,7224121391201;93,5340491120209;"treino_70";12,7023298697347;93,5470570932017;12,0230703687388;12,2955890898785;12,0585147335353;12,0435255629354
2026-06-29 04:15:00;2026-06-29 04:25:16;"1F";94,9;12,8;12;12,2;12,7;93,3;12,6239432857877;93,6100876503116;"treino_70";12,6043396211647;93,6220601710572;12,0230703687388;12,2234413644862;11,9859328981888;11,9712422671746
2026-06-29 04:30:00;2026-06-29 04:40:15;"1F";95,4;12,9;12,1;12,4;12,7;93,4;12,7224121391201;93,9902803417652;"treino_70";12,7023298697347;93,9970755603347;12,0505988774423;12,3611073830578;12,1129069854304;12,0974359996125
2026-06-29 04:45:00;2026-06-29 04:55:14;"1F";95,9;12,9;12,2;12,4;12,8;93,6;12,7224121391201;94,3704730332188;"treino_70";12,7023298697347;94,3720909496121;12,1651882688009;12,4190813039522;12,1615916098089;12,1457185098755
2026-06-29 05:00:00;2026-06-29 05:10:17;"1F_SUSPEITO";96,2;12,9;12,3;12,5;12,9;93,8;12,7224121391201;94,5985886480909;"treino_70";12,7023298697347;94,5971001831786;12,2798465014952;12,4618840835219;12,1988130808489;12,1826984480965
2026-06-29 05:15:00;2026-06-29 05:25:13;"1F";96,4;12,8;12,3;12,3;12,8;93,9;12,6239432857877;94,7506657246724;"treino_70";12,6043396211647;94,7471063388896;12,2078391969132;12,3971334301843;12,1318117514528;12,1159180066539
2026-06-29 05:30:00;2026-06-29 05:40:13;"1F";97;12,6;12,1;12,2;12,7;94,1;12,4270055791228;95,2068969544167;"treino_70";12,4083591240248;95,1971248060226;12,1033413679517;12,2426062209105;11,9691078449938;11,9534980268022
2026-06-29 05:45:00;2026-06-29 05:55:13;"1F";97,3;12,7;12,1;12,3;12,6;94,3;12,5254744324552;95,4350125692888;"treino_70";12,5063493725948;95,4221340395891;12,0387872694174;12,3454207960646;12,0648459977507;12,0486118819419
2026-06-29 06:00:00;2026-06-29 06:10:12;"1F";97,5;12,7;12,1;12,4;12,7;94,6;12,5254744324552;95,5870896458702;"treino_70";12,5063493725948;95,5721401953001;12,1410607989893;12,3606044218877;12,0763052472931;12,0599103461428
2026-06-29 06:15:00;2026-06-29 06:25:16;"1F_SUSPEITO";97,6;12,8;12,2;12,5;12,7;94,7;12,6239432857877;95,6631281841609;"treino_70";12,6043396211647;95,6471432731556;12,1686093299906;12,4683399384154;12,1806614701515;12,163801587647
2026-06-29 06:30:00;2026-06-29 06:40:11;"1F";97,8;12,9;12,3;12,6;12,8;94,9;12,7224121391201;95,8152052607424;"treino_70";12,7023298697347;95,7971494288665;12,2834413644862;12,5837343296121;12,2907973235412;12,2733911271061
2026-06-29 06:45:00;2026-06-29 06:55:10;"1F";97,8;12,8;12,2;12,5;12,8;95;12,6239432857877;95,8152052607424;"treino_70";12,6043396211647;95,7971494288665;12,271010009384;12,4835630912532;12,1921491935888;12,1751279686642
2026-06-29 07:00:00;2026-06-29 07:10:10;"1F";97,8;12,8;12;12,4;12,7;95,1;12,6239432857877;95,8152052607424;"treino_70";12,6043396211647;95,7971494288665;12,1588189932187;12,4435630912532;12,1521491935888;12,1351279686642
2026-06-29 07:15:00;2026-06-29 07:25:09;"1F";97,8;13;12,2;12,6;12,8;95,2;12,8208809924526;95,8152052607424;"treino_70";12,8003201183047;95,7971494288665;12,2861519187657;12,6439055576525;12,3494454428788;12,3316542750251
2026-06-29 07:30:00;2026-06-29 07:40:08;"1F";97,5;13,1;12,7;12,8;12,9;95,4;12,919349845785;95,5870896458702;"treino_70";12,8983103668747;95,5721401953001;12,4811073830578;12,801109611908;12,5107601163261;12,4928278375592
2026-06-29 07:45:00;2026-06-29 07:55:08;"1F_SUSPEITO";96,9;13,3;13,1;13;13;95,4;13,1162875524499;95,1308584161259;"treino_70";13,0942908640147;95,1221217281671;12,6409147561719;12,9952883725808;12,7132062712896;12,6949949592515
2026-06-29 08:00:00;2026-06-29 08:10:07;"1F";96,6;13,5;13,3;13,2;13,1;95,5;13,3132252591148;94,9027428012538;"treino_70";13,2902713611546;94,8971124946006;12,7683445644171;13,1722525592647;12,8928470487147;12,8741153880974
2026-06-29 08:15:00;2026-06-29 08:25:07;"1F";96,1;13,8;14,2;13,6;13,3;95,6;13,6086318191122;94,5225501098002;"treino_70";13,5842421068646;94,5220971053231;13,1156446112903;13,5535120773159;13,2791386964945;13,2596721819188
2026-06-29 08:30:00;2026-06-29 08:40:06;"1F";95,7;13,9;14,3;13,6;13,5;95,5;13,7071006724446;94,2183959566373;"treino_70";13,6822323554346;94,2220847939011;13,2876353544223;13,6224207252665;13,3541679888326;13,3346505942574
2026-06-29 08:45:00;2026-06-29 08:55:06;"1F";95,4;13,9;14,5;13,6;13,6;95,4;13,7071006724446;93,9902803417652;"treino_70";13,6822323554346;93,9970755603347;13,3997587651414;13,6391806233032;13,3766093418554;13,3573396252948
2026-06-29 09:00:00;2026-06-29 09:10:05;"1F";94,3;14,6;16,3;14,5;13,6;95,3;14,3963826457718;93,1538564205673;"treino_70";14,3681640954245;93,1720417039242;13,7520609087322;14,4715297942989;14,2199733853925;14,1989680978357
2026-06-29 09:15:00;2026-06-29 09:25:05;"1F";92,8;14,8;18,4;14,9;14;95,5;14,5933203524367;92,0132783462065;"treino_70";14,5641445925644;92,0469955360917;14,5067485989506;14,9328818630718;14,7072881216314;14,6867908885314
2026-06-29 09:30:00;2026-06-29 09:40:04;"1F";92,4;15;18,1;15;14,1;95,1;14,7902580591016;91,7091241930437;"treino_70";14,7601250897044;91,7469832246698;14,4954747953755;15,0001547068301;14,7795641382082;14,7586567006681
2026-06-29 09:45:00;2026-06-29 09:55:04;"1F";91,6;15;17,8;14,9;14,4;94,8;14,7902580591016;91,1008158867179;"treino_70";14,7601250897044;91,1469586018258;14,6513102531349;14,8771464471577;14,67189743616;14,6516654797798
2026-06-29 10:00:00;2026-06-29 10:10:04;"1F";91,9;15,1;17;14,8;14,5;94,1;14,888726912434;91,3289315015901;"treino_70";14,8581153382744;91,3719678353923;14,5162484543023;14,8200244999152;14,6077217473166;14,5868644941064
2026-06-29 10:15:00;2026-06-29 10:25:03;"1F";91,9;15,1;16,2;14,7;14,7;93,5;14,888726912434;91,3289315015901;"treino_70";14,8581153382744;91,3719678353923;14,4683682476034;14,6600244999152;14,4477217473166;14,4268644941064
2026-06-29 10:30:00;2026-06-29 10:40:02;"1F";92,8;15;15,5;14,5;14,8;92,8;14,7902580591016;92,0132783462065;"treino_70";14,7601250897044;92,0469955360917;14,3528818630718;14,5116845671945;14,2834126729825;14,2621671768374
2026-06-29 10:45:00;2026-06-29 10:55:01;"1F";94,3;14,9;15,1;14,5;14,9;92,5;14,6917892057691;93,1538564205673;"treino_70";14,6621348411344;93,1720417039242;14,328681834729;14,4704407931524;14,2146956234394;14,1925579213874
2026-06-29 11:00:00;2026-06-29 11:10:01;"1F";94,9;14,6;14,5;14,2;14,8;92,5;14,3963826457718;93,6100876503116;"treino_70";14,3681640954245;93,6220601710572;14,1293281067079;14,1585851318895;13,8955411530048;13,8740323587911
2026-06-29 11:15:00;2026-06-29 11:25:03;"1F";96,2;14,5;14,1;14,1;14,6;92,8;14,2979137924393;94,5985886480909;"treino_70";14,2701738468545;94,5971001831786;13,9140791140045;14,1007592418789;13,8142286600533;13,7920085399557
2026-06-29 11:30:00;2026-06-29 11:39:59;"1F";96,9;14,4;13,9;14;14,5;93,4;14,1994449391069;95,1308584161259;"treino_70";14,1721835982845;95,1221217281671;13,8415314013341;14,0356828707706;13,7371960721713;13,7147708717859
2026-06-29 11:45:00;2026-06-29 11:55:02;"1F";96,8;14,4;13,8;14;14,4;93,8;14,1994449391069;95,0548198778352;"treino_70";14,1721835982845;95,0471186503116;13,7732321116331;14,0078428300844;13,7112751550951;13,6889338173389
2026-06-29 12:00:00;2026-06-29 12:10:04;"1F_SUSPEITO";97,2;14,6;13,9;14,2;14,4;94,2;14,3963826457718;95,3589740309981;"treino_70";14,3681640954245;95,3471309617336;13,824448553764;14,2193728470033;13,9121214046369;13,8886770849619
2026-06-29 12:15:00;2026-06-29 12:24:59;"1F";97,4;14,5;14;14,2;14,5;94,4;14,2979137924393;95,5110511075795;"treino_70";14,2701738468545;95,4971371174446;13,939716756868;14,1750136403885;13,8654139335766;13,8421850228053
2026-06-29 12:30:00;2026-06-29 12:39:58;"1F";97,5;14,5;14;14,2;14,4;94,6;14,2979137924393;95,5870896458702;"treino_70";14,2701738468545;95,5721401953001;13,8756847236941;14,1828764849473;13,8713508313021;13,848037742381
2026-06-29 12:45:00;2026-06-29 12:54:57;"1F";97,4;14,5;14;14,2;14,4;94,8;14,2979137924393;95,5110511075795;"treino_70";14,2701738468545;95,4971371174446;13,8913102531349;14,1750136403885;13,8654139335766;13,8421850228053
2026-06-29 13:00:00;2026-06-29 13:09:56;"1F";97,5;14,6;14;14,3;14,4;95;14,3963826457718;95,5870896458702;"treino_70";14,3681640954245;95,5721401953001;13,9069407701156;14,2630026145611;13,9499643761769;13,9262669443405
2026-06-29 13:15:00;2026-06-29 13:24:57;"1F";97,4;14,6;14,1;14,3;14,5;95,2;14,3963826457718;95,5110511075795;"treino_70";14,3681640954245;95,4971371174446;14,022352724639;14,2751247567507;13,9640159887273;13,9404029447056
2026-06-29 13:30:00;2026-06-29 13:39:56;"1F";97,3;14,6;14,2;14,3;14,5;95,2;14,3963826457718;95,4350125692888;"treino_70";14,3681640954245;95,4221340395891;14,042352724639;14,2872481682825;13,9780683318745;13,9545396585589
2026-06-29 13:45:00;2026-06-29 13:55:00;"1F_SUSPEITO";97,4;14,7;14,2;14,4;14,5;95,3;14,4948514991042;95,5110511075795;"treino_70";14,4661543439945;95,4971371174446;14,0501877676342;14,3752358631496;14,0626180336551;14,0386208564706
2026-06-29 14:00:00;2026-06-29 14:09:54;"1F";97,5;14,8;14,5;14,5;14,6;95,5;14,5933203524367;95,5870896458702;"treino_70";14,5641445925644;95,5721401953001;14,2056841408715;14,5232548440051;14,2071914353488;14,1827253179425
2026-06-29 14:15:00;2026-06-29 14:24:54;"1F";97,7;14,8;14,6;14,6;14,6;95,5;14,5933203524367;95,7391667224517;"treino_70";14,5641445925644;95,7221463510111;14,2256841408715;14,5590743266301;14,2391363042497;14,214500522965
2026-06-29 14:30:00;2026-06-29 14:39:53;"1F";97,9;14,8;14,6;14,6;14,6;95,5;14,5933203524367;95,8912437990331;"treino_70";14,5641445925644;95,8721525067221;14,2256841408715;14,5748987756905;14,2510840264828;14,2262785149104
2026-06-29 14:45:00;2026-06-29 14:54:53;"1F";97,9;14,8;14,6;14,6;14,7;95,7;14,5933203524367;95,8912437990331;"treino_70";14,5641445925644;95,8721525067221;14,3212468286833;14,5748987756905;14,2510840264828;14,2262785149104
2026-06-29 15:00:00;2026-06-29 15:09:53;"1F";97,9;14,8;14,3;14,5;14,7;95,7;14,5933203524367;95,8912437990331;"treino_70";14,5641445925644;95,8721525067221;14,2612468286833;14,5148987756905;14,1910840264828;14,1662785149104
2026-06-29 15:15:00;2026-06-29 15:24:52;"1F";98;14,8;14,3;14,5;14,6;95,8;14,5933203524367;95,9672823373238;"treino_70";14,5641445925644;95,9471555845775;14,1892501796153;14,5228128680988;14,1970589600989;14,1721685583694
2026-06-29 15:30:00;2026-06-29 15:39:51;"1F";98,1;14,7;14,3;14,4;14,6;95,8;14,4948514991042;96,0433208756145;"treino_70";14,4661543439945;96,022158662433;14,1892501796153;14,45051237781;14,1243523590643;14,0997626445064
2026-06-29 15:45:00;2026-06-29 15:54:50;"1F";98,2;14,8;14,4;14,6;14,6;95,9;14,5933203524367;96,1193594139053;"treino_70";14,5641445925644;96,0971617402885;14,2171079907119;14,5586447995333;14,2290109773069;14,203950745018
2026-06-29 16:00:00;2026-06-29 16:09:50;"1F";97,6;15;14,9;14,8;14,6;96;14,7902580591016;95,6631281841609;"treino_70";14,7601250897044;95,6471432731556;14,3249670380272;14,7714461479316;14,4504134915615;14,4250934465752
2026-06-29 16:15:00;2026-06-29 16:24:49;"1F";97,1;15,2;15,3;15;14,8;96,1;14,9871957657665;95,2829354927074;"treino_70";14,9561055868444;95,2721278838781;14,5726560317051;14,971894421473;14,6575801414088;14,6319191461956
2026-06-29 16:30:00;2026-06-29 16:39:51;"1F";97,2;15,2;15,3;15;14,9;96,1;14,9871957657665;95,3589740309981;"treino_70";14,9561055868444;95,3471309617336;14,6525703702368;14,979858867466;14,6635954616134;14,6378488660171
2026-06-29 16:45:00;2026-06-29 16:54:48;"1F";97,1;15,3;15,2;15;14,9;96,1;15,0856646190989;95,2829354927074;"treino_70";15,0540958354144;95,2721278838781;14,6325703702368;15,0319603251786;14,7161475950513;14,6901030981176
2026-06-29 17:00:00;2026-06-29 17:09:47;"1F";97,2;15,3;15,3;15;15;96,1;15,0856646190989;95,3589740309981;"treino_70";15,0540958354144;95,3471309617336;14,7324846985335;15,0599398362215;14,7421744355959;14,71604412765
2026-06-29 17:15:00;2026-06-29 17:24:47;"1F";97,1;15,4;15,6;15,2;15;96,1;15,1841334724314;95,2829354927074;"treino_70";15,1520860839844;95,2721278838781;14,7924846985335;15,1920262190268;14,8747150385986;14,8482870400307
2026-06-29 17:30:00;2026-06-29 17:39:47;"1F";96,1;15,3;15;14,9;15,1;96,1;15,0856646190989;94,5225501098002;"treino_70";15,0540958354144;94,5220971053231;14,7523990166227;14,9122276222889;14,6159151063733;14,5907279176265
2026-06-29 17:45:00;2026-06-29 17:54:46;"1F";96,5;15,2;14,6;14,8;14,9;96;14,9871957657665;94,8267042629631;"treino_70";14,9561055868444;94,8221094167451;14,5046643142012;14,7841320059736;14,4815021792731;14,4563544720145
2026-06-29 18:00:00;2026-06-29 18:09:46;"1F";96,4;15,1;14,6;14,7;14,9;96;14,888726912434;94,7506657246724;"treino_70";14,8581153382744;94,7471063388896;14,5046643142012;14,6962156514599;14,3970049664872;14,3723247736433
2026-06-29 18:15:00;2026-06-29 18:24:45;"1F";96,4;15,1;14,5;14,7;14,9;96;14,888726912434;94,7506657246724;"treino_70";14,8581153382744;94,7471063388896;14,4846643142012;14,6762156514599;14,3770049664872;14,3523247736433
2026-06-29 18:30:00;2026-06-29 18:39:45;"1F";97,2;14,9;14,4;14,6;14,8;95,9;14,6917892057691;95,3589740309981;"treino_70";14,6621348411344;95,3471309617336;14,3768756363782;14,5596159019502;14,2478584789489;14,2232630209202
2026-06-29 18:45:00;2026-06-29 18:54:44;"1F";97,6;14,7;14,4;14,4;14,7;95,9;14,4948514991042;95,6631281841609;"treino_70";14,4661543439945;95,6471432731556;14,2969918187183;14,4310228596763;14,1145385094949;14,090372120517
2026-06-29 19:00:00;2026-06-29 19:09:43;"1F";97,1;14,1;14;13,8;14,5;95,7;13,9040383791095;95,2829354927074;"treino_70";13,8782128525745;95,2721278838781;14,0415403658154;13,8311688225208;13,533337477242;13,5118950067569
2026-06-29 19:15:00;2026-06-29 19:24:42;"1F";96,8;13,9;13,6;13,6;13,9;95,7;13,7071006724446;95,0548198778352;"treino_70";13,6822323554346;95,0471186503116;13,4824207252665;13,5677392505514;13,2786104299314;13,258183436627
2026-06-29 19:30:00;2026-06-29 19:39:41;"1F";96,7;13,5;13,3;13,2;13,6;95,7;13,3132252591148;94,9787813395445;"treino_70";13,2902713611546;94,9721155724561;13,1828607618466;13,1799536575354;12,8986623362066;12,8798487580468
2026-06-29 19:45:00;2026-06-29 19:54:41;"1F";97,1;13,5;13,1;13,2;13,3;95,7;13,3132252591148;95,2829354927074;"treino_70";13,2902713611546;95,2721278838781;12,903300701946;13,1707725243956;12,881931858301;12,8627904058994
2026-06-29 20:00:00;2026-06-29 20:09:40;"1F";96,1;13,5;12,9;13,1;13,2;95,8;13,3132252591148;94,5225501098002;"treino_70";13,2902713611546;94,5220971053231;12,7910895707396;13,0537686866601;12,7837831277982;12,7654607506272
2026-06-29 20:15:00;2026-06-29 20:24:40;"1F";96;13,6;12,9;13,1;13,2;95,8;13,4116941124473;94,4465115715095;"treino_70";13,3882616097246;94,4470940274676;12,7910895707396;13,1259754406276;12,8564130752054;12,8377913290947
2026-06-29 20:30:00;2026-06-29 20:39:39;"1F";96,1;13,6;12,9;13,1;13,3;95,9;13,4116941124473;94,5225501098002;"treino_70";13,3882616097246;94,5220971053231;12,8786172721684;13,1336831608055;12,8622349948143;12,8435312384109
2026-06-29 20:45:00;2026-06-29 20:54:39;"1F";96,2;13,6;13;13,2;13,4;95,7;13,4116941124473;94,5985886480909;"treino_70";13,3882616097246;94,5971001831786;12,9631540660154;13,1613922978032;12,8880577354376;12,8692719489222
2026-06-29 21:00:00;2026-06-29 21:09:38;"1F";96;13,6;13;13,1;13,4;95,7;13,4116941124473;94,4465115715095;"treino_70";13,3882616097246;94,4470940274676;12,9631540660154;13,1459754406276;12,8764130752054;12,8577913290947
2026-06-29 21:15:00;2026-06-29 21:24:38;"1F";96,1;13,5;12,9;13;13,3;95,5;13,3132252591148;94,5225501098002;"treino_70";13,2902713611546;94,5220971053231;12,8479899811567;13,0537686866601;12,7837831277982;12,7654607506272
2026-06-29 21:30:00;2026-06-29 21:39:37;"1F";95,8;13,4;12,8;12,9;13,2;95,5;13,2147564057824;94,2944344949281;"treino_70";13,1922811125847;94,2970878717566;12,7481672782361;12,9308269284048;12,6679378099534;12,6502414965325
2026-06-29 21:45:00;2026-06-29 21:54:37;"1F";95,8;13,4;12,8;12,9;13,2;95,4;13,2147564057824;94,2944344949281;"treino_70";13,1922811125847;94,2970878717566;12,7405294694628;12,9308269284048;12,6679378099534;12,6502414965325
2026-06-29 22:00:00;2026-06-29 22:09:37;"1F";95,2;13,3;12,7;12,7;13,1;95,2;13,1162875524499;93,8382032651838;"treino_70";13,0942908640147;93,8470694046237;12,625481701838;12,7850348354033;12,5348267460065;12,5179986923396
2026-06-29 22:15:00;2026-06-29 22:24:36;"1F";96,1;13,1;12,6;12,7;13;95,1;12,919349845785;94,5225501098002;"treino_70";12,8983103668747;94,5220971053231;12,5181025608927;12,6741106834639;12,4099755512026;12,3931786919447
2026-06-29 22:30:00;2026-06-29 22:39:35;"1F";96,9;13,2;12,6;12,8;12,9;95,1;13,0178186991175;95,1308584161259;"treino_70";12,9963006154447;95,1221217281671;12,4383413827901;12,8152524469156;12,5346616803121;12,5168334495936
2026-06-29 22:45:00;2026-06-29 22:54:35;"1F";96,9;13,1;12,6;12,7;13,1;95,2;12,919349845785;95,1308584161259;"treino_70";12,8983103668747;95,1221217281671;12,605481701838;12,7352165107624;12,4561170786049;12,4386719293011
2026-06-29 23:00:00;2026-06-29 23:09:34;"1F";97,4;12,9;12,5;12,6;12,9;95,1;12,7224121391201;95,5110511075795;"treino_70";12,7023298697347;95,4971371174446;12,4183413827901;12,5932344014677;12,3077796380897;12,2906968715188
2026-06-29 23:15:00;2026-06-29 23:24:34;"1F";97,6;12,9;12,4;12,6;12,8;95,3;12,7224121391201;95,6631281841609;"treino_70";12,7023298697347;95,6471432731556;12,3337251866516;12,5884812367554;12,2992866719635;12,2820422356704
2026-06-29 23:30:00;2026-06-29 23:39:33;"1F";97,8;12,9;12,4;12,6;12,8;95,4;12,7224121391201;95,8152052607424;"treino_70";12,7023298697347;95,7971494288665;12,341299998924;12,6037343296121;12,3107973235412;12,2933911271061
2026-06-29 23:45:00;2026-06-29 23:54:33;"1F";98;13;12,4;12,7;12,8;95,5;12,8208809924526;95,9672823373238;"treino_70";12,8003201183047;95,9471555845775;12,3488763572672;12,6991947925504;12,4009826057655;12,3830291706435
2026-06-30;2026-06-30 00:09:32;"1F";98,2;13,1;12,6;12,8;12,9;95,7;12,919349845785;96,1193594139053;"treino_70";12,8983103668747;96,0971617402885;12,4838871372823;12,8347211359457;12,531217201972;12,5127156069467
2026-06-30 00:15:00;2026-06-30 00:24:31;"1F";98,3;13,2;12,6;12,9;13;95,8;13,0178186991175;96,195397952196;"treino_70";12,9963006154447;96,172164818144;12,5713521698392;12,9226318322121;12,6157055771142;12,596736552786
2026-06-30 00:30:00;2026-06-30 00:39:31;"1F";98,4;13,2;12,8;13;13,1;95,9;13,0178186991175;96,2714364904867;"treino_70";12,9963006154447;96,2471678959995;12,6988493096779;12,970313169453;12,661500997748;12,6424503251233
2026-06-30 00:45:00;2026-06-30 00:54:30;"1F";98,4;13,3;12,8;13,1;13,1;95,9;13,1162875524499;96,2714364904867;"treino_70";13,0942908640147;96,2471678959995;12,6988493096779;13,0505737795625;12,7402176289258;12,7207807395629
2026-06-30 01:00:00;2026-06-30 01:09:30;"1F";98,3;13,6;12,9;13,3;13,2;96,1;13,4116941124473;96,195397952196;"treino_70";13,3882616097246;96,172164818144;12,8140252003136;13,3036147729482;12,9905264441714;12,9700133806674
2026-06-30 01:15:00;2026-06-30 01:24:30;"1F";98;13,7;13,1;13,4;13,4;96,1;13,5101629657797;95,9672823373238;"treino_70";13,4862518582946;95,9471555845775;13,0138542018824;13,4006022072614;13,0916793626168;13,071028214891
2026-06-30 01:30:00;2026-06-30 01:39:30;"1F";97,7;13,8;13,3;13,5;13,5;96,1;13,6086318191122;95,7391667224517;"treino_70";13,5842421068646;95,7221463510111;13,1337686866601;13,4975130299118;13,1927711083228;13,171982942112
2026-06-30 01:45:00;2026-06-30 01:54:29;"1F";97,6;13,8;13,3;13,5;13,6;96,1;13,6086318191122;95,6631281841609;"treino_70";13,5842421068646;95,6471432731556;13,2136831608055;13,4897524583122;13,1869130120499;13,1662075957913
2026-06-30 02:00:00;2026-06-30 02:09:29;"1F";98,1;13,8;13,3;13,5;13,6;96,1;13,6086318191122;96,0433208756145;"treino_70";13,5842421068646;96,022158662433;13,2136831608055;13,5285694581595;13,2162116448097;13,1950922806351
2026-06-30 02:15:00;2026-06-30 02:24:28;"1F";98,2;13,9;13,4;13,6;13,7;96,2;13,7071006724446;96,1193594139053;"treino_70";13,6822323554346;96,0971617402885;13,321322000171;13,6365679232921;13,320767582423;13,2991795667589
2026-06-30 02:30:00;2026-06-30 02:39:29;"1F";98,1;14,1;13,5;13,8;13,8;96,2;13,9040383791095;96,0433208756145;"treino_70";13,8782128525745;96,022158662433;13,4212516919934;13,8092171869978;13,492258641222;13,4699824928149
2026-06-30 02:45:00;2026-06-30 02:54:26;"1F";98;14,2;13,6;13,9;14;96,3;14,002507232442;95,9672823373238;"treino_70";13,9762031011445;95,9471555845775;13,6088824850206;13,9016072016201;13,5850338780578;13,5624557954033
2026-06-30 03:00:00;2026-06-30 03:09:26;"1F";98,2;14,2;13,7;13,9;14;96,2;14,002507232442;96,1193594139053;"treino_70";13,9762031011445;96,0971617402885;13,6211110441167;13,9372603038538;13,616848805277;13,5941033833072
2026-06-30 03:15:00;2026-06-30 03:24:25;"1F";98,2;14,4;13,8;14,1;14,1;96,3;14,1994449391069;96,1193594139053;"treino_70";14,1721835982845;96,0971617402885;13,7288273667452;14,117721841564;13,7942362363176;13,7707192105708
2026-06-30 03:30:00;2026-06-30 03:39:25;"1F";98,1;14,5;13,9;14,2;14,3;96,4;14,2979137924393;96,0433208756145;"treino_70";14,2701738468545;96,022158662433;13,9165355019498;14,210080686829;13,8869878269339;13,8631693007533
2026-06-30 03:45:00;2026-06-30 03:54:25;"1F";98,1;14,5;14;14,2;14,4;96,3;14,2979137924393;96,0433208756145;"treino_70";14,2701738468545;96,022158662433;14,0086619496149;14,230080686829;13,9069878269339;13,8831693007533
2026-06-30 04:00:00;2026-06-30 04:09:24;"1F";98,1;14,5;14;14,2;14,4;96,3;14,2979137924393;96,0433208756145;"treino_70";14,2701738468545;96,022158662433;14,0086619496149;14,230080686829;13,9069878269339;13,8831693007533
2026-06-30 04:15:00;2026-06-30 04:24:23;"1F";98,3;14,5;14;14,2;14,4;96,3;14,2979137924393;96,195397952196;"treino_70";14,2701738468545;96,172164818144;14,0086619496149;14,2458258077684;13,9188727947618;13,8948856481621
2026-06-30 04:30:00;2026-06-30 04:39:23;"1F";98,4;14,5;14;14,3;14,4;96,4;14,2979137924393;96,2714364904867;"treino_70";14,2701738468545;96,2471678959995;14,0164955564617;14,2537003250906;13,9248164021792;13,9007449186833
2026-06-30 04:45:00;2026-06-30 04:54:22;"1F";98,6;14,6;14;14,3;14,4;96,4;14,3963826457718;96,4235135670681;"treino_70";14,3681640954245;96,3971740517105;14,0164955564617;14,3497434351561;14,015445135551;13,9908182963572
2026-06-30 05:00:00;2026-06-30 05:09:22;"1F";98,6;14,6;14;14,3;14,4;96,5;14,3963826457718;96,4235135670681;"treino_70";14,3681640954245;96,3971740517105;14,0243304457799;14,3497434351561;14,015445135551;13,9908182963572
2026-06-30 05:15:00;2026-06-30 05:24:21;"1F";98,7;14,7;14,1;14,5;14,5;96,5;14,4948514991042;96,4995521053588;"treino_70";14,4661543439945;96,472177129566;14,1243056764343;14,457941641849;14,1201529918258;14,0950547220671
2026-06-30 05:30:00;2026-06-30 05:39:21;"1F";98,7;14,9;14,2;14,6;14,6;96,6;14,6917892057691;96,4995521053588;"treino_70";14,6621348411344;96,472177129566;14,232147408749;14,6385515163179;14,2976542142323;14,271782276464
2026-06-30 05:45:00;2026-06-30 05:54:20;"1F";98,7;15;14,3;14,7;14,7;96,6;14,7902580591016;96,4995521053588;"treino_70";14,7601250897044;96,472177129566;14,3321377879771;14,7388564392172;14,3964048106131;14,3701460389613
2026-06-30 06:00:00;2026-06-30 06:09:19;"1F";98,6;15,1;14,4;14,8;14,9;96,6;14,888726912434;96,4235135670681;"treino_70";14,8581153382744;96,3971740517105;14,5121185160031;14,8311940483749;14,4891413206446;14,4625813410421
2026-06-30 06:15:00;2026-06-30 06:24:19;"1F";98,4;15,2;14,5;14,9;15;96,6;14,9871957657665;96,2714364904867;"treino_70";14,9561055868444;96,2471678959995;14,6121088648555;14,9155234935509;14,575831682527;14,5490566913663
2026-06-30 06:30:00;2026-06-30 06:39:19;"1F";98,2;15,1;14,4;14,8;15;96,5;14,888726912434;96,1193594139053;"treino_70";14,8581153382744;96,0971617402885;14,5841816767316;14,7993369160566;14,4650919279392;14,4388742916183
2026-06-30 06:45:00;2026-06-30 06:54:20;"1F";98,1;15,4;14,6;15,1;15,1;96,6;15,1841334724314;96,0433208756145;"treino_70";15,1520860839844;96,022158662433;14,7120992036371;15,0720229903802;14,7351279063812;14,7078390351296
2026-06-30 07:00:00;2026-06-30 07:09:18;"1F";96,6;15,7;14,8;15,2;15,2;96,7;15,4795400324287;94,9027428012538;"treino_70";15,4460568296943;94,8971124946006;14,8400482060434;15,2320410263452;14,9200619090635;14,8929164731916
2026-06-30 07:15:00;2026-06-30 07:24:17;"1F";95,9;15,9;15;15,3;15,4;96,6;15,6764777390936;94,3704730332188;"treino_70";15,6420373268343;94,3720909496121;15,0320701598264;15,3755969557105;15,0744466347247;15,0471450437988
2026-06-30 07:30:00;2026-06-30 07:39:17;"1F";95,6;15,9;15,3;15,4;15,5;96,4;15,6764777390936;94,1423574183466;"treino_70";15,6420373268343;94,1470817160456;15,1560554829853;15,411430134765;15,1161834159426;15,0891425265206
2026-06-30 07:45:00;2026-06-30 07:54:18;"1F";95,5;16;15,6;15,6;15,6;96,2;15,7749465924261;94,0663188800559;"treino_70";15,7400275754043;94,0720786381901;15,2799843737865;15,5431989475182;15,2484784920746;15,2211443923039
2026-06-30 08:00:00;2026-06-30 08:09:16;"1F";94,9;16,2;15,9;15,7;15,7;96;15,971884299091;93,6100876503116;"treino_70";15,9360080725442;93,6220601710572;15,4038566011231;15,7142655747934;15,4285233323188;15,4009539757858
2026-06-30 08:15:00;2026-06-30 08:24:18;"1F";94,4;16,4;16,3;15,9;15,9;95,6;16,1688220057559;93,229894958858;"treino_70";16,1319885696842;93,2470447817797;15,611430134765;15,9131140066961;15,6344441830939;15,6065565856004
2026-06-30 08:30:00;2026-06-30 08:39:17;"1F_SUSPEITO";94;16,6;17;16,2;16;95,1;16,3657597124208;92,9257408056951;"treino_70";16,3279690668242;92,9470324703577;15,7909328858125;16,179820638046;15,9063020886543;15,8780121638852
2026-06-30 09:15:00;2026-06-30 09:24:16;"1F";90;17,6;20,6;17,4;16,7;92,8;17,3504482457453;89,8841992740664;"treino_70";17,307871552524;89,9469093561379;16,881505772396;17,3640288400106;17,1574660111613;17,1290228629394
2026-06-30 09:30:00;2026-06-30 09:39:13;"1F";89,5;17,8;20,5;17,4;17;91,5;17,5473859524102;89,5040065826129;"treino_70";17,503852049664;89,5718939668604;16,9931471183034;17,4603628074106;17,2614636162328;17,2327389780972
2026-06-30 09:45:00;2026-06-30 09:54:14;"1F";88,3;18;21,9;17,8;17,4;90,4;17,7443236590751;88,5915441231243;"treino_70";17,699832546804;88,6718570325944;17,4991281829531;17,7979846540575;17,6210422676046;17,5926795863538
2026-06-30 10:00:00;2026-06-30 10:09:12;"1F";88,9;17,8;20,4;17,4;17,6;89,3;17,5473859524102;89,0477753528686;"treino_70";17,503852049664;89,1218754997274;17,2660705355584;17,3904982618572;17,2037364826902;17,1755564540686
2026-06-30 10:15:00;2026-06-30 10:24:11;"1F";90,3;17,8;19;17,2;17,5;89,4;17,5473859524102;90,1123148889386;"treino_70";17,503852049664;90,1719185897043;16,9154977962654;17,2268730805034;17,0117820868468;16,9823312412189
2026-06-30 10:30:00;2026-06-30 10:39:17;"1F";88,3;18,4;21,4;18;17,7;90,1;18,1381990724049;88,5915441231243;"treino_70";18,0917935410839;88,6718570325944;17,6112766776973;18,0126572888849;17,8310887467831;17,8012715810513
2026-06-30 11:00:00;2026-06-30 11:09:10;"1F";83,8;19,8;26,2;19,6;18,9;86,7;19,5167630190592;85,169809900042;"treino_70";19,4636570210637;85,2967185290971;19,2301537834361;19,6850089988667;19,5821551028191;19,5515589542848
2026-06-30 11:15:00;2026-06-30 11:24:10;"1F";81,1;20,4;26,7;20;19,4;85,3;20,1075761390539;83,1167693661926;"treino_70";20,0515985124836;83,2716354269987;19,6020886375997;20,0158018264547;19,965117062917;19,9350489937274
2026-06-30 11:45:00;2026-06-30 11:54:43;"1F";75,9;21,5;29,3;20,9;20,4;81,9;21,1907335257109;79,1627653750753;"treino_70";21,1294912467535;79,3714753785129;20,6059356937044;20,9194289171732;20,9750368880403;20,9464653966723
2026-06-30 12:15:00;2026-06-30 12:24:07;"1F_SUSPEITO";74,1;21,7;30,4;21,1;20,9;78,4;21,3876712323758;77,7940716858424;"treino_70";21,3254717438935;78,021419977114;20,903305195429;21,1288425297204;21,2239298799225;21,196560255415
2026-06-30 12:30:00;2026-06-30 12:39:06;"1F";73;21,8;30,2;21,1;21,2;77,6;21,4861400857082;76,9576477646445;"treino_70";21,4234619924634;77,1963861207035;21,0224585708805;21,0645678259826;21,1842117765919;21,1576647584141
2026-06-30 13:30:00;2026-06-30 13:39:06;"1F";70,4;22,8;31,8;21,9;22,4;75;22,4708286190327;74,9806457690859;"treino_70";22,4033644781633;75,2463060964606;22,0242999087444;21,8995245542612;22,0765133517681;22,0495672020559
2026-06-30 13:45:00;2026-06-30 13:54:03;"1F_SUSPEITO";71,6;22,3;28,1;20,9;22,2;74,8;21,9784843523705;75,8931082285745;"treino_70";21,9134132353134;76,1463430307266;21,1134577927288;20,8943103652784;21,0444536338744;21,0177890309971
2026-06-30 14:00:00;2026-06-30 14:09:06;"1F";70,8;22,6;29,2;21,3;22,1;75,1;22,2738909123678;75,2847999222487;"treino_70";22,2073839810233;75,5463184078826;21,2847351037545;21,2663089425695;21,4343292389541;21,4075766221339
2026-06-30 14:15:00;2026-06-30 14:24:02;"1F_SUSPEITO";71,1;22,3;27,9;20,8;22,2;74,5;21,9784843523705;75,5129155371209;"treino_70";21,9134132353134;75,7713276414491;21,0459052269117;20,8079884989906;20,9697648378406;20,943634408261
2026-06-30 15:00:00;2026-06-30 15:09:01;"1F";68,5;23,1;30,8;21,7;22,6;73,2;22,7662351790301;73,5359135415623;"treino_70";22,6973352238733;73,8212476172062;21,8098487303205;21,7453400115256;21,967295464678;21,9415082574827
2026-06-30 15:30:00;2026-06-30 15:38:59;"1F_SUSPEITO";69;22,7;27,3;20,8;22,6;72,5;22,3723597657003;73,9161062330158;"treino_70";22,3053742295933;74,1962630064837;21,0447687773246;20,7928389946248;21,0032706625098;20,9781631166175
2026-06-30 15:45:00;2026-06-30 15:53:59;"1F";70;22,4;25,4;20,3;22,4;73;22,0769532057029;74,676491615923;"treino_70";22,0114034838834;74,9462937850386;20,5595900951504;20,2811084592653;20,468383758262;20,4431208932493
2026-06-30 16:00:00;2026-06-30 16:08:58;"1F";71,3;22,2;23,7;19,9;22,2;73,6;21,880015499038;75,6649926137023;"treino_70";21,8154229867434;75,9213337971601;20,1231581205851;19,9110386454761;20,0684395047175;20,042411307719
2026-06-30 16:15:00;2026-06-30 16:23:57;"1F";72,5;22;22,9;19,7;22;74,6;21,6830777923731;76,5774550731909;"treino_70";21,6194424896034;76,821370731426;19,9027689431498;19,7103632655677;19,8407027975625;19,8140391852577
2026-06-30 16:30:00;2026-06-30 16:38:57;"1F";74,6;21,8;22,4;19,6;21,9;75,8;21,4861400857082;78,174264377296;"treino_70";21,4234619924634;78,3964353663914;19,8359988271785;19,6504467870622;19,7337550018484;19,7055404577089
2026-06-30 16:45:00;2026-06-30 16:53:56;"1F";74,8;21,5;21,7;19,3;21,6;77;21,1907335257109;78,3263414538774;"treino_70";21,1294912467535;78,5464415221024;19,575283243663;19,3000502475481;19,3803024879573;19,3528612010481
2026-06-30 17:00:00;2026-06-30 17:08:56;"1F";75,8;21,2;20,9;19;21,4;77;20,8953269657135;79,0867268367846;"treino_70";20,8355205010435;79,2964723006574;19,262015605781;19,0012028423384;19,0606866775594;19,0332078150587
2026-06-30 17:15:00;2026-06-30 17:23:55;"1F";77,6;20,9;20,2;18,8;21,1;77,9;20,5999204057162;80,4554205260175;"treino_70";20,5415497553336;80,6465277020563;18,9724920931959;18,7922096364945;18,8137797123642;18,7854810821821
2026-06-30 17:30:00;2026-06-30 17:38:54;"1F";78,9;20,7;20,3;18,8;20,9;79,3;20,4029826990513;81,4439215237968;"treino_70";20,3455692581936;81,6215677141778;18,9632165054077;18,7737147375038;18,7682677362732;18,7393455115837
2026-06-30 17:45:00;2026-06-30 17:53:53;"1F";80,3;20,5;19,4;18,6;20,6;80,4;20,2060449923864;82,5084610598669;"treino_70";20,1495887610536;82,6716108041547;18,648958505681;18,5628884252639;18,5286234628947;18,498997824515
2026-06-30 18:00:00;2026-06-30 18:08:53;"1F";80,9;20,3;19,1;18,4;20,4;81,3;20,0091072857215;82,9646922896112;"treino_70";19,9536082639137;83,1216292712877;18,5133387867152;18,4008924419217;18,3553225049003;18,3257952443538
2026-06-30 18:15:00;2026-06-30 18:23:53;"1F";82,1;20,1;18,9;18,3;20,2;82;19,8121695790566;83,8771547490998;"treino_70";19,7576277667737;84,0216662055536;18,3795582492665;18,310696719473;18,2411629585457;18,2111583841534
2026-06-30 18:30:00;2026-06-30 18:38:52;"1F";81,7;20,1;18,9;18,3;20,1;82,6;19,8121695790566;83,5730005959369;"treino_70";19,7576277667737;83,7216538941317;18,3542363907223;18,2758566378076;18,2148495284778;18,1852335087942
2026-06-30 18:45:00;2026-06-30 18:53:51;"1F";81,9;20;18,9;18,2;20;82,6;19,7137007257241;83,7250776725184;"treino_70";19,6596375182037;83,8716600498427;18,2765572194131;18,2157249249072;18,1513189654833;18,1218559305486
2026-06-30 19:00:00;2026-06-30 19:08:51;"1F";81,8;20;18,9;18,2;20;82,7;19,7137007257241;83,6490391342276;"treino_70";19,6596375182037;83,7966569719872;18,2852458567644;18,2070328280138;18,1447538018488;18,115387644813
2026-06-30 19:15:00;2026-06-30 19:23:50;"1F";82,1;19,9;18,8;18,1;19,9;82,6;19,6152318723917;83,8771547490998;"treino_70";19,5616472696337;84,0216662055536;18,178878035144;18,1355187851929;18,0677346724704;18,0384257622281
2026-06-30 19:30:00;2026-06-30 19:38:50;"1F";82,4;19,7;18,6;18;19,8;82,8;19,4182941657268;84,1052703639719;"treino_70";19,3656667724937;84,2466754391201;18,0785038675816;17,966249159588;17,8938809466577;17,8649796638295
2026-06-30 19:45:00;2026-06-30 19:53:49;"1F";82,7;19,6;18,4;17,9;19,7;83,1;19,3198253123943;84,3333859788441;"treino_70";19,2676765239238;84,4716846726866;17,9866899615817;17,8744571533811;17,7966611718095;17,7678214110436
2026-06-30 20:00:00;2026-06-30 20:08:48;"1F";83,4;19,4;18,1;17,7;19,5;83,3;19,1228876057294;84,8656557468791;"treino_70";19,0716960267838;84,9967062176751;17,7883467966193;17,7191213162027;17,6284672006351;17,5996605284665
2026-06-30 20:15:00;2026-06-30 20:23:47;"1F";84,1;19,2;17,8;17,5;19,3;83,9;18,9259498990645;85,3979255149141;"treino_70";18,8757155296438;85,5217277626636;17,6241024492633;17,563276196214;17,459904836636;17,4311391631043
2026-06-30 20:30:00;2026-06-30 20:38:47;"1F";84,2;19,1;17,7;17,5;19,2;84,3;18,8274810457321;85,4739640532048;"treino_70";18,7777252810738;85,5967308405191;17,560360517173;17,4738543412104;17,3693735504797;17,3408667710291
2026-06-30 20:45:00;2026-06-30 20:53:46;"1F";84,9;19;17,5;17,4;19;84,7;18,7290121923996;86,0062338212399;"treino_70";18,6797350325038;86,1217523855075;17,3984239362274;17,4154369789572;17,2974111608508;17,2686003394775
2026-06-30 21:00:00;2026-06-30 21:08:46;"1F";85,4;18,8;17,2;17,2;18,9;85;18,5320744857347;86,3864265126934;"treino_70";18,4837545353639;86,496767774785;17,2858390996655;17,2416210570479;17,1152857073455;17,0867184313521
2026-06-30 21:15:00;2026-06-30 21:23:45;"1F";85,8;18,7;16,9;17,1;18,8;85,4;18,4336056324022;86,6905806658563;"treino_70";18,3857642867939;86,796780086207;17,1816210570479;17,1372646052609;17,0037192833786;16,9751361542452
2026-06-30 21:30:00;2026-06-30 21:38:44;"1F";84,8;18,8;17,1;17,2;18,6;85,6;18,5320744857347;85,9301952829491;"treino_70";18,4837545353639;86,046749307652;17,082147140431;17,1707916554433;17,0568440393492;17,0288369204032
2026-06-30 21:45:00;2026-06-30 21:53:44;"1F";84,9;18,8;17,3;17,2;18,7;85,2;18,5320744857347;86,0062338212399;"treino_70";18,4837545353639;86,1217523855075;17,1665386872772;17,2192632066869;17,1032508094518;17,0751503129965
2026-06-30 22:00:00;2026-06-30 22:08:44;"1F";85,5;18,8;17,3;17,3;18,8;85,2;18,5320744857347;86,4624650509842;"treino_70";18,4837545353639;86,5717708526405;17,2446778766008;17,2700926834292;17,1416929119076;17,1130323008595
2026-06-30 22:15:00;2026-06-30 22:23:43;"1F";86,6;18,5;17;17,1;18,7;85,6;18,2366679257373;87,2988889721821;"treino_70";18,1897837896539;87,396804709051;17,1403557468768;17,0681419898252;16,9202850748402;16,8916765480128
2026-06-30 22:30:00;2026-06-30 22:38:44;"1F";87,2;18,5;16,8;17,1;18,5;86,4;18,2366679257373;87,7551202019264;"treino_70";18,1897837896539;87,846823176184;17,0113002377655;17,0786710586836;16,918508857607;16,8893452967628
2026-06-30 22:45:00;2026-06-30 22:53:41;"1F";87,9;18,4;16,8;17;18,4;86,9;18,1381990724049;88,2873899699614;"treino_70";18,0917935410839;88,3718447211724;16,9749739716545;17,0590289530697;16,8856486693548;16,8562003883134
2026-06-30 23:00:00;2026-06-30 23:08:41;"1F";88,5;18,2;16,6;16,9;18,3;87,3;17,94126136574;88,7436211997057;"treino_70";17,895813043944;88,8218631883054;16,8900936810377;16,9120698144184;16,7287367819752;16,6994633965131
2026-06-30 23:15:00;2026-06-30 23:23:40;"1F";89,4;18,1;16,5;16,9;18,2;87,7;17,8427925124075;89,4279680443221;"treino_70";17,797822795374;89,4968908890049;16,8250814900541;16,8886041020958;16,6881199275852;16,6583872808316
2026-06-30 23:30:00;2026-06-30 23:38:40;"1F";89,4;18,1;16,6;16,9;18,1;88,4;17,8427925124075;89,4279680443221;"treino_70";17,797822795374;89,4968908890049;16,8250103652365;16,9086041020958;16,7081199275852;16,6783872808316
2026-06-30 23:45:00;2026-06-30 23:53:39;"1F";89,3;18,2;16,6;17;18;88,7;17,94126136574;89,3519295060314;"treino_70";17,895813043944;89,4218878111494;16,7713499628949;16,9790776483455;16,7794304704495;16,7494232853659
2026-07-01;2026-07-01 00:08:38;"1F";89,3;18,1;16,7;16,9;18;88,7;17,8427925124075;89,3519295060314;"treino_70";17,797822795374;89,4218878111494;16,7913499628949;16,9202431579008;16,721794572612;16,692153409037
2026-07-01 00:30:00;2026-07-01 00:38:38;"1F";90,1;17,8;16,4;16,7;17,8;89;17,5473859524102;89,9602378123571;"treino_70";17,503852049664;90,0219124339934;16,5988079840569;16,6902428181698;16,4792007521104;16,4499314669453
2026-07-01 00:45:00;2026-07-01 00:53:37;"1F";89,8;17,8;16,3;16,6;17,8;89,1;17,5473859524102;89,732122197485;"treino_70";17,503852049664;89,7969032004269;16,5871181147532;16,6453008232144;16,4403309096799;16,4113339538505
2026-07-01 01:00:00;2026-07-01 01:08:37;"1F";88,5;17,9;16,3;16,6;17,7;89;17,6458548057426;88,7436211997057;"treino_70";17,601842298234;88,8218631883054;16,500023131818;16,6159650002852;16,4361270306069;16,4079459585005
2026-07-01 01:15:00;2026-07-01 01:23:36;"1F";87,9;17,8;16,1;16,5;17,8;88,2;17,5473859524102;88,2873899699614;"treino_70";17,503852049664;88,3718447211724;16,472341283699;16,4474225600881;16,2808790891953;16,2536067096985
2026-07-01 01:30:00;2026-07-01 01:38:35;"1F";86,4;18;16;16,4;17,7;87,5;17,7443236590751;87,1468118956006;"treino_70";17,699832546804;87,24679855334;16,315668953955;16,4595681353677;16,3211836124227;16,2945548928306
2026-07-01 01:45:00;2026-07-01 01:53:40;"1F_SUSPEITO";83,8;18,4;16,5;16,7;18;85,7;18,1381990724049;85,169809900042;"treino_70";18,0917935410839;85,2967185290971;16,50122856323;16,6545008909314;16,5650289500742;16,5393653311372
2026-07-01 02:00:00;2026-07-01 02:08:34;"1F";83,3;18,4;16,8;16,7;18,3;84,3;18,1381990724049;84,7896172085884;"treino_70";18,0917935410839;84,9217031398196;16,6785248812831;16,6724958404988;16,5932596209406;16,5680581875308
2026-07-01 02:15:00;2026-07-01 02:23:34;"1F";83,5;18,3;16,9;16,6;18,3;84;18,0397302190724;84,9416942851698;"treino_70";17,9938032925139;85,0717092955306;16,6733741740699;16,631457508109;16,5490685647357;16,5240337772336
2026-07-01 02:30:00;2026-07-01 02:38:33;"1F";83,3;18,3;16,9;16,6;18,3;84;18,0397302190724;84,7896172085884;"treino_70";17,9938032925139;84,9217031398196;16,6733741740699;16,6146911290585;16,5363872505639;16,5115368343523
2026-07-01 02:45:00;2026-07-01 02:53:33;"1F";83,2;18,3;16,9;16,6;18,3;84;18,0397302190724;84,7135786702977;"treino_70";17,9938032925139;84,8467000619641;16,6733741740699;16,6063079793852;16,5300467349397;16,5052885147249
2026-07-01 03:00:00;2026-07-01 03:08:32;"1F";83,8;18,2;16,9;16,6;18,2;84;17,94126136574;85,169809900042;"treino_70";17,895813043944;85,2967185290971;16,5954452578367;16,578713810995;16,4911535906655;16,4661946211401
2026-07-01 03:15:00;2026-07-01 03:23:32;"1F";84,3;18,1;16,8;16,5;18,1;84,5;17,8427925124075;85,5500025914956;"treino_70";17,797822795374;85,6717339183746;16,5392584973108;16,5225612650449;16,425792554139;16,4007277847044
2026-07-01 03:30:00;2026-07-01 03:38:31;"1F";84,9;17,9;16,6;16,4;18;84,8;17,6458548057426;86,0062338212399;"treino_70";17,601842298234;86,1217523855075;16,4462358390231;16,3764806059166;16,2695286361794;16,2446246087461
2026-07-01 03:45:00;2026-07-01 03:53:31;"1F";85,3;17,7;16,2;16,2;17,8;85,2;17,4489170990777;86,3103879744027;"treino_70";17,405861801094;86,4217646969295;16,2432854174211;16,173426458807;16,0604295985939;16,0358736763657
2026-07-01 04:00:00;2026-07-01 04:08:30;"1F";84,7;17,8;16;16,2;17,7;85,4;17,5473859524102;85,8541567446584;"treino_70";17,503852049664;85,9717462297966;16,1417070779409;16,1618001428218;16,0598929569985;16,0355257331094
2026-07-01 04:15:00;2026-07-01 04:23:29;"1F";84,8;17,7;16,1;16,1;17,7;84,8;17,4489170990777;85,9301952829491;"treino_70";17,405861801094;86,046749307652;16,1120271962959;16,1120271962959;16,0091031360852;15,9849999989184
2026-07-01 04:30:00;2026-07-01 04:38:29;"1F";85,1;17,6;16,1;16,1;17,6;85,2;17,3504482457453;86,1583108978213;"treino_70";17,307871552524;86,2717585412185;16,067006773052;16,0587440787357;15,9507923100937;15,9267731690311
2026-07-01 04:45:00;2026-07-01 04:53:32;"1F";86,3;17,4;16,1;16;17,5;85,5;17,1535105390804;87,0707733573099;"treino_70";17,1118910553841;87,1717954754845;16,0136051234487;16,0012571401343;15,8713196346224;15,8469344163461
2026-07-01 05:00:00;2026-07-01 05:08:27;"1F";86,7;17,2;15,8;15,8;17,3;86,2;16,9565728324155;87,3749275104728;"treino_70";16,9159105582441;87,4718077869065;15,8547132268938;15,8173920040219;15,6816202497623;15,6575953030678
2026-07-01 05:15:00;2026-07-01 05:23:28;"1F";85,8;17,3;15,8;15,8;17,2;86,5;17,0550416857479;86,6905806658563;"treino_70";17,0139008068141;86,796780086207;15,8009943277472;15,821858984607;15,7029777964823;15,6793989434549
2026-07-01 05:30:00;2026-07-01 05:38:27;"1F";85,8;17,1;15,8;15,7;17,2;85,9;16,858103979083;86,6905806658563;"treino_70";16,8179203096741;86,796780086207;15,7518113690832;15,665372265359;15,5485859632106;15,5257220089805
2026-07-01 05:45:00;2026-07-01 05:53:26;"1F";85,4;17,2;15,7;15,6;17,1;86;16,9565728324155;86,3864265126934;"treino_70";16,9159105582441;86,496767774785;15,6617296562992;15,6908365794738;15,5809722165006;15,5581079339334
2026-07-01 06:00:00;2026-07-01 06:08:25;"1F";84,4;17,3;15,8;15,7;17,1;85,7;17,0550416857479;85,6260411297863;"treino_70";17,0139008068141;85,7467369962301;15,6571941962766;15,7069141607435;15,6159826675339;15,5936573308824
2026-07-01 06:15:00;2026-07-01 06:23:25;"1F";83,6;17,3;15,7;15,6;17,2;85;17,0550416857479;85,0177328234605;"treino_70";17,0139008068141;85,1467123733861;15,6580635478478;15,6212592847321;15,5462927797887;15,5246838547081
2026-07-01 06:30:00;2026-07-01 06:38:25;"1F";81,9;17,4;15,5;15,5;17,3;84,1;17,1535105390804;83,7250776725184;"treino_70";17,1118910553841;83,8716600498427;15,622291408512;15,5193496541075;15,4774364424154;15,4570031408444
2026-07-01 06:45:00;2026-07-01 06:53:23;"1F";80,1;17,6;15,4;15,5;17,4;82,8;17,3504482457453;82,3563839832854;"treino_70";17,307871552524;82,5216046484437;15,573337054268;15,5058545823644;15,4983964942627;15,4788971087391
2026-07-01 07:00:00;2026-07-01 07:08:23;"1F";79,4;17,7;15,6;15,6;17,5;81,6;17,4489170990777;81,8241142152504;"treino_70";17,405861801094;81,9965831034553;15,5921887569779;15,5651598721709;15,5710418338686;15,5518359292862
2026-07-01 07:15:00;2026-07-01 07:23:22;"1F";79,5;17,6;15,8;15,5;17,6;81;17,3504482457453;81,9001527535411;"treino_70";17,307871552524;82,0715861813107;15,6601526636081;15,5363232900908;15,5409332853133;15,5219772339262
2026-07-01 07:30:00;2026-07-01 07:38:22;"1F";79,3;17,7;16,2;15,7;17,6;81,2;17,4489170990777;81,7480756769597;"treino_70";17,405861801094;81,9215800255998;15,7566638890685;15,6768858117501;15,684784813121;15,6656697803938
2026-07-01 07:45:00;2026-07-01 07:53:21;"1F";78,2;18;17,5;16,1;17,7;80,9;17,7443236590751;80,9116517557618;"treino_70";17,699832546804;81,0965461691893;16,0692675283097;16,0764606644017;16,1045259088095;16,0853999592629
2026-07-01 08:00:00;2026-07-01 08:08:21;"1F";75,7;18,8;19,6;16,9;18;80;18,5320744857347;79,0106882984939;"treino_70";18,4837545353639;79,2214692228019;16,6464149791953;16,8991138509724;16,9737995129998;16,9543356675035
2026-07-01 08:15:00;2026-07-01 08:23:20;"1F";74,4;19,1;21,1;17,3;18,5;78,8;18,8274810457321;78,0221873007146;"treino_70";18,7777252810738;78,2464292106804;17,2313448758309;17,3169613183767;17,4174058443634;17,398195540754
2026-07-01 08:30:00;2026-07-01 08:38:20;"1F";73,9;19,2;20,9;17,3;18,8;77,8;18,9259498990645;77,641994609261;"treino_70";18,8757155296438;77,871413821403;17,3374371454294;17,3101430720108;17,4207042017319;17,4016486060852
2026-07-01 08:45:00;2026-07-01 08:53:24;"1F_SUSPEITO";72,7;19,5;21,4;17,5;19,1;77,1;19,2213564590619;76,7295321497724;"treino_70";19,1696862753538;76,971376887137;17,6079814736757;17,5343274296257;17,6692477336907;17,6503862794126
2026-07-01 09:00:00;2026-07-01 09:08:19;"1F";70,2;20,2;22,2;18;19,4;76,1;19,910638432389;74,8285686925044;"treino_70";19,8556180153437;75,0962999407496;17,9118507847414;18,0041847125828;18,191429197043;18,17282477909
2026-07-01 09:15:00;2026-07-01 09:23:18;"1F";67,4;21;23,7;18,6;19,9;74,1;20,6983892590486;72,6994896203644;"treino_70";20,6395400039036;72,9962137607957;18,4197483793407;18,6531699024878;18,9023712017432;18,8841708678687
2026-07-01 09:30:00;2026-07-01 09:38:19;"1F";64,2;21,8;26,7;19,5;20,7;71,9;21,4861400857082;70,2662563950614;"treino_70";21,4234619924634;70,5961152694198;19,4323179640382;19,553298303988;19,8780724295188;19,8609044151227
2026-07-01 09:45:00;2026-07-01 09:53:17;"1F_SUSPEITO";61,3;22,1;28,9;19,9;21,4;69,5;21,7815466457056;68,0611387846306;"treino_70";21,7174327381734;68,4210260116105;20,1834908914134;19,9413431219702;20,3375628966681;20,3227394987038
2026-07-01 10:45:00;2026-07-01 10:53:15;"1F";55,5;23,1;29;20,1;22,5;62,9;22,7662351790301;63,650903563769;"treino_70";22,6973352238733;64,0708474959917;20,407102637407;20,1223568537791;20,6749995796569;20,6642398499056
2026-07-01 11:30:00;2026-07-01 11:38:13;"1F";53,4;24,1;32,2;21,3;23,5;60,4;23,7509237123546;62,0540942596639;"treino_70";23,6772377095731;62,4957828610263;21,5378500710925;21,2632480037871;21,884624307931;21,8739603327456
2026-07-01 12:00:00;2026-07-01 12:08:13;"1F";52,2;24,4;32,9;21,5;23,9;59,3;24,0463302723519;61,1416318001753;"treino_70";23,9712084552831;61,5957459267603;21,860015243047;21,490850586914;22,150699024357;22,1408548432861
2026-07-01 12:15:00;2026-07-01 12:23:11;"1F";52;24,5;32,6;21,5;23,9;58,8;24,1447991256844;60,9895547235939;"treino_70";24,0691987038531;61,4457397710493;21,7499131652561;21,4805462920411;22,1475633500121;22,1377404806607
2026-07-01 12:30:00;2026-07-01 12:38:11;"1F";51,4;24,9;32,8;21,7;24,2;58,5;24,5386745390142;60,5333234938496;"treino_70";24,461159698133;60,9957213039163;21,9773624544046;21,7393774274319;22,4295697503787;22,4195874523807
2026-07-01 12:45:00;2026-07-01 12:53:15;"1F_SUSPEITO";51,3;25,1;33,1;21,9;24,3;58,2;24,7356122456791;60,4572849555589;"treino_70";24,657140195273;60,9207182260608;22,0794189059976;21,9297750052195;22,6256703772701;22,6153476442426
2026-07-01 13:00:00;2026-07-01 13:08:12;"1F";50,2;25,2;33,2;21,9;24,6;57,5;24,8340810990115;59,620861034361;"treino_70";24,755130443843;60,0956843696504;22,2449532487235;21,9008838088992;22,6321709588043;22,6231146154342
2026-07-01 13:15:00;2026-07-01 13:23:08;"1F";49,3;25,4;33,2;21,9;24,8;56,5;25,0310188056764;58,9365141897445;"treino_70";24,9511109409829;59,4206566689509;22,2859439715256;21,9424171669801;22,7050947600471;22,6968269494781
2026-07-01 13:30:00;2026-07-01 13:38:08;"1F";48,3;25,4;33,4;21,9;25;55,4;25,0310188056764;58,1761288068374;"treino_70";24,9511109409829;58,6706258903959;22,3548334244778;21,8717132041845;22,6665325921908;22,6596717756886
2026-07-01 15:00:00;2026-07-01 15:08:10;"1F_SUSPEITO";48,8;25,6;33,7;22,1;25,1;55,4;25,2279565123413;58,5563214982909;"treino_70";25,1470914381229;59,0456412796734;22,4865415174366;22,1268122794016;22,9087010777887;22,9006843996566
2026-07-01 17:15:00;2026-07-01 17:23:01;"1F";58,1;23,3;26,2;20;23,5;61,8;22,963172885695;65,6279055593277;"treino_70";22,8933157210132;66,0209275202346;20,4755285733834;19,9650618270588;20,4497356548554;20,4353233960108
2026-07-01 17:45:00;2026-07-01 17:52:57;"1F";62;22,2;21,2;18,5;22,6;64,9;21,880015499038;68,5934085526656;"treino_70";21,8154229867434;68,9460475565989;19,1111085817356;18,5410432573529;18,9203802252748;18,9044912312737
2026-07-01 18:00:00;2026-07-01 18:07:57;"1F";63,8;21,8;20,3;18,2;22,2;66,7;21,4861400857082;69,9621022418985;"treino_70";21,4234619924634;70,2961029579978;18,8035047785056;18,2359810050932;18,5703447333986;18,5536129742981
2026-07-01 18:30:00;2026-07-01 18:37:56;"1F";64,8;21,7;19,6;18,1;21,7;68,6;21,3876712323758;70,7224876248057;"treino_70";21,3254717438935;71,0461337365528;18,4661447137923;18,1151376276696;18,4254222643895;18,407895439509
2026-07-01 18:45:00;2026-07-01 18:52:55;"1F";65,1;21,3;19,4;17,8;21,7;68,5;20,993795819046;70,9506032396779;"treino_70";20,9335107496135;71,2711429701193;18,4169505286288;17,8064875273693;18,109113342028;18,0924414534581
2026-07-01 19:00:00;2026-07-01 19:07:54;"1F";65;21,1;19,1;17,6;21,4;68,8;20,7968581123811;70,8745647013871;"treino_70";20,7375302524735;71,1961398922638;18,1596749950212;17,5891026112115;17,8937898471438;17,8778135066146
2026-07-01 19:15:00;2026-07-01 19:22:54;"1F";64,1;21;19;17,4;21,1;68,3;20,6983892590486;70,1902178567707;"treino_70";20,6395400039036;70,5211121915643;17,8695074373508;17,4128464919322;17,7383589021247;17,723629227149
2026-07-01 19:30:00;2026-07-01 19:37:53;"1F";63,8;20,8;18,9;17,2;21;67,8;20,5014515523837;69,9621022418985;"treino_70";20,4435595067636;70,2961029579978;17,72941053197;17,2177750390339;17,5498452261646;17,5360140740679
2026-07-01 19:45:00;2026-07-01 19:52:53;"1F";64,2;20,8;18,8;17,2;20,9;68;20,5014515523837;70,2662563950614;"treino_70";20,4435595067636;70,5961152694198;17,6527431440912;17,2341562210499;17,5569336329179;17,5426810205049
2026-07-01 20:00:00;2026-07-01 20:07:58;"1F";65,1;20,5;18,6;17;20,8;68,4;20,2060449923864;70,9506032396779;"treino_70";20,1495887610536;71,2711429701193;17,5739844194673;17,0535050147522;17,3550592547225;17,3407460030302
2026-07-01 20:15:00;2026-07-01 20:22:52;"1F";67,8;19,9;17,5;16,6;20,4;69,5;19,6152318723917;73,0036437735272;"treino_70";19,5616472696337;73,2962260722177;17,1524686831771;16,6273636134401;16,8680155455954;16,8527462797054
2026-07-01 20:30:00;2026-07-01 20:37:51;"1F";68,4;19,8;17,5;16,6;20;71,1;19,5167630190592;73,4598750032715;"treino_70";19,4636570210637;73,7462445393507;16,9928042650654;16,6053494732374;16,8328504898159;16,8172861757606
2026-07-01 20:45:00;2026-07-01 20:52:51;"1F";70,6;19,4;17;16,4;19,8;72;19,1228876057294;75,1327228456673;"teste_30";19,0716960267838;75,3963122521716;16,8205578956605;16,3968353647004;16,577160548581;16,5606647439138
2026-07-01 21:00:00;2026-07-01 21:07:50;"1F";72,7;19;16,5;16,1;19,4;73,6;18,7290121923996;76,7295321497724;"teste_30";18,6797350325038;76,971376887137;16,5562889250094;16,1754475963737;16,3122020542324;16,294943178874
2026-07-01 21:15:00;2026-07-01 21:22:52;"1F";75,6;18,4;16,1;15,9;18,9;75,6;18,1381990724049;78,9346497602032;"teste_30";18,0917935410839;79,1464661449464;16,2669767254734;15,8851744830445;15,9640879059845;15,9460363271332
2026-07-01 21:30:00;2026-07-01 21:37:49;"1F";75,9;18,2;15,6;15,7;18,4;77,2;17,94126136574;79,1627653750753;"teste_30";17,895813043944;79,3714753785129;15,9198184267253;15,6575896261121;15,7314161028697;15,7137451027268
2026-07-01 22:00:00;2026-07-01 22:07:48;"1F";75,8;18,4;15,6;15,8;18,2;77,9;18,1381990724049;79,0867268367846;"teste_30";18,0917935410839;79,2964723006574;15,8250780564159;15,8020112202898;15,8767968355021;15,8585585307768
2026-07-01 22:15:00;2026-07-01 22:22:47;"1F";76;18,3;15,7;15,8;18,3;77,7;18,0397302190724;79,238803913366;"teste_30";17,9938032925139;79,4464784563684;15,9051043417542;15,7624067920025;15,8336237497521;15,8155294049261
2026-07-01 22:30:00;2026-07-01 22:37:47;"1F";76,4;18,2;15,4;15,7;18,3;77,8;17,94126136574;79,5429580665289;"teste_30";17,895813043944;79,7464907677904;15,853495150659;15,6594750488201;15,723045616459;15,704911140214
2026-07-01 22:45:00;2026-07-01 22:52:46;"1F";79,5;17,6;15,3;15,4;18,2;78,2;17,3504482457453;81,9001527535411;"teste_30";17,307871552524;82,0715861813107;15,7901904827011;15,4363232900908;15,4409332853133;15,4219772339262
2026-07-01 23:00:00;2026-07-01 23:07:46;"1F";82,8;17;15;15,1;17,5;81;16,7596351257506;84,4094245171348;"teste_30";16,7199300611041;84,5466877505421;15,4227638940214;15,1824751547303;15,1261966332511;15,10635336822
2026-07-01 23:15:00;2026-07-01 23:22:45;"1F";83,9;16,8;14,4;15;17;83,3;16,5626974190857;85,2458484383327;"teste_30";16,5239495639642;85,3717216069526;15,1032286512864;14,9963206980278;14,9201704413006;14,900055781394
2026-07-01 23:30:00;2026-07-01 23:37:44;"1F";85;16,5;14,3;14,9;16,8;84,2;16,2672908590883;86,0822723595306;"teste_30";16,2299788182542;86,196755463363;15,0006769197085;14,8313313473576;14,736513736565;14,7164945239908
2026-07-01 23:45:00;2026-07-01 23:52:44;"1F";86,2;16,3;14,1;14,7;16,5;85;16,0703531524234;86,9947348190192;"teste_30";16,0339983211142;87,096792397629;14,7913313473576;14,7315903171762;14,615373012899;14,5950205764631
2026-07-02;2026-07-02 00:07:43;"1F";87,1;16,1;13,9;14,6;16,3;85,8;15,8734154457585;87,6790816636356;"teste_30";15,8380178239743;87,7718200983285;14,6594248714678;14,6070662287313;14,4754724720038;14,4550579771484
2026-07-02 00:15:00;2026-07-02 00:22:43;"1F";87,7;16;13,7;14,5;16,1;86,5;15,7749465924261;88,13531289338;"teste_30";15,7400275754043;88,2218385654614;14,518993147999;14,5365962890691;14,3944509747763;14,3738790773185
2026-07-02 00:30:00;2026-07-02 00:37:42;"1F";86,5;16,1;13,8;14,5;16;87;15,8734154457585;87,2228504338914;"teste_30";15,8380178239743;87,3218016311955;14,5006032467571;14,538993147999;14,4190728912832;14,3991777574649
2026-07-02 00:45:00;2026-07-02 00:52:42;"1F";87,4;15,9;13,7;14,4;16;86,5;15,6764777390936;87,9071972785078;"teste_30";15,6420373268343;87,996829331895;14,4406293273755;14,4340780002893;14,2988800421849;14,2789286512279
2026-07-02 01:00:00;2026-07-02 01:07:42;"1F";87,1;15,9;13,6;14,4;15,9;86,8;15,6764777390936;87,6790816636356;"teste_30";15,6420373268343;87,7718200983285;14,3661965282207;14,3901339967901;14,2607500451665;14,2410569346647
2026-07-02 01:15:00;2026-07-02 01:22:41;"1F";88,3;15,6;13,4;14,2;15,9;86,8;15,3810711790963;88,5915441231243;"teste_30";15,3480665811243;88,6718570325944;14,3261965282207;14,2099448541439;14,0607595279469;14,0411237953012
2026-07-02 01:30:00;2026-07-02 01:37:41;"1F";88,8;15,4;13,3;14,1;15,6;87,3;15,1841334724314;88,9717368145778;"teste_30";15,1520860839844;89,0468724218719;14,1105957095403;14,0721465969484;13,9156715768105;13,8963381871207
2026-07-02 01:45:00;2026-07-02 01:52:40;"1F";88,9;15,4;13,4;14,1;15,4;88;15,1841334724314;89,0477753528686;"teste_30";15,1520860839844;89,1218754997274;14,0288951592358;14,1000569937059;13,94166038314;13,9222419834267
2026-07-02 02:00:00;2026-07-02 02:07:39;"1F";88,9;15,4;13,3;14;15,4;88,3;15,1841334724314;89,0477753528686;"teste_30";15,1520860839844;89,1218754997274;14,0326078863946;14,0800569937059;13,92166038314;13,9022419834267
2026-07-02 02:15:00;2026-07-02 02:22:40;"1F";89,6;15,2;13,1;13,9;15,3;88,3;14,9871957657665;89,5800451209036;"teste_30";14,9561055868444;89,6468970447159;13,9139393837102;13,9376862947561;13,7682507830457;13,7489705115586
2026-07-02 02:30:00;2026-07-02 02:37:38;"1F";89,9;15,1;12,9;13,8;15,2;88,6;14,888726912434;89,8081607357757;"teste_30";14,8581153382744;89,8719062782824;13,8188912315066;13,8424096365581;13,6684478912068;13,6492811845638
2026-07-02 02:45:00;2026-07-02 02:52:37;"1F";90,6;14,9;12,9;13,7;15,1;88,9;14,6917892057691;90,3404305038108;"teste_30";14,6621348411344;90,3969278232708;13,7637513453832;13,7394327074504;13,5545741004014;13,5355544284433
2026-07-02 03:00:00;2026-07-02 03:07:37;"1F";91,3;14,9;12,7;13,8;14,9;89,3;14,6917892057691;90,8727002718458;"teste_30";14,6621348411344;90,9219493682593;13,5975333203303;13,7543743255001;13,5561513922043;13,5365432394825
2026-07-02 03:15:00;2026-07-02 03:22:38;"1F";87,8;15,4;12,8;13,9;15;89,5;15,1841334724314;88,2113514316707;"teste_30";15,1520860839844;88,2968416433169;13,7120668025724;13,8930909932753;13,755813134344;13,7373293229999
2026-07-02 03:30:00;2026-07-02 03:37:35;"1F";83,1;16,2;13,3;14,2;15,4;88,1;15,971884299091;84,637540132007;"teste_30";15,9360080725442;84,7716969841086;14,0167985344876;14,2447722104944;14,1899339803249;14,1726283144068
2026-07-02 03:45:00;2026-07-02 03:52:36;"1F";85,6;15,6;13,3;14;16;84,6;15,3810711790963;86,5385035892749;"teste_30";15,3480665811243;86,646773930496;14,2088798073215;13,9758830291661;13,8786496626701;13,8613179523728
2026-07-02 04:00:00;2026-07-02 04:07:36;"1F";85,8;15,5;13,1;13,9;15,6;85,4;15,2826023257638;86,6905806658563;"teste_30";15,2500763325543;86,796780086207;13,9200487833447;13,873476635844;13,7734495129909;13,7563047699452
2026-07-02 04:15:00;2026-07-02 04:22:34;"1F";87,6;15,2;13,1;13,8;15,6;85,8;14,9871957657665;88,0592743550892;"teste_30";14,9561055868444;88,1468354876059;13,9517202120101;13,7801885219975;13,6489992737584;13,631409110873
2026-07-02 04:30:00;2026-07-02 04:37:37;"1F";91,6;14,3;12,5;13,3;15;86,9;14,1009760857744;91,1008158867179;"teste_30";14,0741933497145;91,1469586018258;13,4482853804132;13,2626775857515;13,0664729557521;13,0488408200631
2026-07-02 04:45:00;2026-07-02 04:52:36;"1F";92,9;14,1;12,2;13,1;14,5;88,7;13,9040383791095;92,0893168844972;"teste_30";13,8782128525745;92,1219986139472;13,1356191715754;13,1448146685939;12,9267078147186;12,9087469832319
2026-07-02 05:00:00;2026-07-02 05:07:33;"1F";91,6;14,2;12,3;13,1;14,3;90;14,002507232442;91,1008158867179;"teste_30";13,9762031011445;91,1469586018258;13,0986798998801;13,1434677015294;12,9485551264697;12,9312943942103
2026-07-02 05:15:00;2026-07-02 05:22:32;"1F";91,8;14,2;12,2;13,1;14,2;90,5;14,002507232442;91,2528929632994;"teste_30";13,9762031011445;91,2969647575368;13,0383652648145;13,138956472858;12,9402744564088;12,9228485993758
2026-07-02 05:30:00;2026-07-02 05:37:32;"1F";92,5;14,1;12,1;13,1;14,1;90,6;13,9040383791095;91,7851627313344;"teste_30";13,8782128525745;91,8219863025253;12,9470477367734;13,0938516915167;12,8832883223343;12,8656574808853
2026-07-02 05:45:00;2026-07-02 05:52:31;"1F";91,1;14,3;12,3;13,2;14,1;91;14,1009760857744;90,7206231952643;"teste_30";14,0741933497145;90,7719432125483;13,0179172006009;13,1838961241028;12,9971264070412;12,9799079603837
2026-07-02 06:00:00;2026-07-02 06:07:30;"1F";90,9;14,1;12,3;13;14,1;90,7;13,9040383791095;90,5685461186829;"teste_30";13,8782128525745;90,6219370568373;12,9947632936;13,0101980229801;12,8297270758877;12,813413573777
2026-07-02 06:15:00;2026-07-02 06:22:30;"1F";91;14,1;12,3;13;14,1;90,4;13,9040383791095;90,6445846569736;"teste_30";13,8782128525745;90,6969401346928;12,971620226107;13,0179172006009;12,8355692327745;12,8191735174925
2026-07-02 06:30:00;2026-07-02 06:37:29;"1F";90,1;14,4;12,3;13,2;14,1;90,3;14,1994449391069;89,9602378123571;"teste_30";14,1721835982845;90,0219124339934;12,9639082671423;13,1853875817239;13,0162203323343;12,9994602145196
2026-07-02 06:45:00;2026-07-02 06:52:30;"1F";90;14,4;12,3;13,2;14,3;90;14,1994449391069;89,8841992740664;"teste_30";14,1721835982845;89,9469093561379;13,0986798998801;13,1776300589122;13,0103477371746;12,993670398028
2026-07-02 07:00:00;2026-07-02 07:07:28;"1F";90,1;14,2;12,1;13;14,3;89,6;14,002507232442;89,9602378123571;"teste_30";13,9762031011445;90,0219124339934;13,0277267655739;12,9874544922766;12,8207504761825;12,8047261961599
2026-07-02 07:15:00;2026-07-02 07:22:27;"1F";89,9;14,3;12,3;13,1;14,2;89,5;14,1009760857744;89,8081607357757;"teste_30";14,0741933497145;89,8719062782824;12,9811233534309;13,0909399031898;12,9267654701176;12,9105383433706
2026-07-02 07:30:00;2026-07-02 07:37:27;"1F";89;14,5;12,5;13,2;14,3;89,5;14,2979137924393;89,1238138911593;"teste_30";14,2701738468545;89,1968785775829;13,0999913281271;13,2189015939182;13,069257759725;13,0530421249729
2026-07-02 07:45:00;2026-07-02 07:52:27;"1F";87,1;15,1;13,2;13,7;14,6;89;14,888726912434;87,6790816636356;"teste_30";14,8581153382744;87,7718200983285;13,4376868316114;13,6824045536327;13,5618598432806;13,5450522758316
2026-07-02 08:00:00;2026-07-02 08:07:26;"1F";79,9;16,8;16,3;15;15,4;87,1;16,5626974190857;82,204306906704;"teste_30";16,5239495639642;82,3715984927327;14,5378031921127;15,0518611695581;15,0545486833745;15,0379650429328
2026-07-02 08:15:00;2026-07-02 08:22:25;"1F";77,4;17,5;17,9;15,8;16,4;83,3;17,2519793924128;80,3033434494361;"teste_30";17,2098813039541;80,4965215463453;15,3363990301069;15,7062368098266;15,7537593461912;15,7370421403725
2026-07-02 08:30:00;2026-07-02 08:37:25;"1F";75,5;18,4;18,7;16,4;17,2;81,2;18,1381990724049;78,8586112219124;"teste_30";18,0917935410839;79,0714630670909;15,9469620225972;16,3967553839257;16,4777332750496;16,4597750846969
2026-07-02 08:45:00;2026-07-02 08:52:24;"1F";72,9;19,2;19,1;16,9;18;78,9;18,9259498990645;76,8816092263538;"teste_30";18,8757155296438;77,121383042848;16,4547820958096;16,8641992464517;16,9959706952186;16,97787792083
2026-07-02 09:00:00;2026-07-02 09:07:24;"1F";70,8;19,7;20,3;17,3;18,8;76,8;19,4182941657268;75,2847999222487;"teste_30";19,3656667724937;75,5463184078826;17,1325494483863;17,3003025987824;17,4755741567509;17,4579397423162
2026-07-02 09:30:00;2026-07-02 09:37:23;"1F";62,6;21,8;26,9;19,4;20,6;71,4;21,4861400857082;69,0496397824099;"teste_30";21,4234619924634;69,3960660237319;19,3521902105704;19,4437522252848;19,8070539256326;19,7916370092701
2026-07-02 12:00:00;2026-07-02 12:07:19;"1F_SUSPEITO";54;23,9;31,8;21,1;23,3;61,2;23,5539860056897;62,5103254894082;"teste_30";23,4812572124331;62,9458013281592;21,3902239752692;21,1026996755282;21,7047813040087;21,6938514290395
2026-07-02 12:15:00;2026-07-02 12:22:16;"1F";53,9;24,1;32,1;21,3;23,6;60,2;23,7509237123546;62,4342869511175;"teste_30";23,6772377095731;62,8707982503037;21,5710680476065;21,2950169668148;21,9020750052039;21,8907725728333
2026-07-02 12:30:00;2026-07-02 12:37:15;"1F";54,9;24,2;32,9;21,6;23,8;60,8;23,849392565687;63,1946723340247;"teste_30";23,7752279581431;63,6208290288587;21,9365626678023;21,6296924041822;22,2093618685671;22,1965374294117
2026-07-02 12:45:00;2026-07-02 12:52:15;"1F_SUSPEITO";54,7;24,7;34,2;22,2;24,1;61,1;24,3417368323493;63,0425952574433;"teste_30";24,265179200993;63,4708228731477;22,4458210191113;22,2266559034544;22,8169637725686;22,803127520741
2026-07-02 13:00:00;2026-07-02 13:07:19;"1F_SUSPEITO";54,2;24,3;33,5;21,7;24,2;60,7;23,9478614190195;62,6624025659897;"teste_30";23,8732182067131;63,0958074838702;22,3389372796878;21,7487713844942;22,3493678155692;22,3371820548958
2026-07-02 13:15:00;2026-07-02 13:22:14;"1F";54,8;24,7;33,4;22,1;24,1;60,8;24,3417368323493;63,118633795734;"teste_30";24,265179200993;63,5458259510032;22,2558589933017;22,0771096074389;22,6645366798616;22,6505713675634
2026-07-02 13:30:00;2026-07-02 13:37:17;"1F_SUSPEITO";53,8;25;34;22,3;24,4;60,9;24,6371433923466;62,3582484128268;"teste_30";24,559149946703;62,7957951724482;22,6052204752316;22,3061163312702;22,9257624691298;22,9123461391543
2026-07-02 13:45:00;2026-07-02 13:52:12;"1F";52,4;24,9;33,9;22,1;24,5;59,5;24,5386745390142;61,2937088767568;"teste_30";24,461159698133;61,7457520824713;22,5166761661885;22,0662873228698;22,7263438152588;22,7150250674758
2026-07-02 14:15:00;2026-07-02 14:22:11;"1F";54,5;25;33,9;22,4;24,8;59,8;24,6371433923466;62,8905181808618;"teste_30";24,559149946703;63,3208167174367;22,7656598443729;22,3601222315068;22,9592447414162;22,9449104228075
2026-07-02 14:30:00;2026-07-02 14:37:10;"1F";55,2;25,1;34,2;22,6;24,7;61,2;24,7356122456791;63,4227879488969;"teste_30";24,657140195273;63,8458382624252;22,8949810106358;22,5654824297816;23,1452144519903;23,1297129570818
2026-07-02 14:45:00;2026-07-02 14:52:10;"1F";54,3;25,3;35;22,8;24,8;61;24,932549952344;62,7384411042804;"teste_30";24,8531206924129;63,1708105617257;23,107872658101;22,7732355502397;23,3813021902375;23,3664756609373
2026-07-02 15:00:00;2026-07-02 15:07:09;"1F";54,5;24,7;32,2;21,8;24,9;60,1;24,3417368323493;62,8905181808618;"teste_30";24,265179200993;63,3208167174367;22,529200737003;21,8057307036967;22,4018111695958;22,3882334011983
2026-07-02 16:00:00;2026-07-02 16:07:10;"1F";54,5;25;32,7;22,1;24,7;60,5;24,6371433923466;62,8905181808618;"teste_30";24,559149946703;63,3208167174367;22,5240065591993;22,1201222315068;22,7192447414162;22,7049104228075
2026-07-02 16:15:00;2026-07-02 16:22:11;"1F_SUSPEITO";55,3;24,7;32;21,8;24,6;60,8;24,3417368323493;63,4988264871876;"teste_30";24,265179200993;63,9208413402807;22,3413524127801;21,8492902457481;22,4223675945406;22,4077587726699
2026-07-02 16:30:00;2026-07-02 16:37:06;"1F";55,7;24,8;31,8;21,9;24,5;61,4;24,4402056856817;63,8029806403504;"teste_30";24,363169449563;64,2208536517027;22,2887282312451;21,922719662721;22,4852827841867;22,4699038036588
2026-07-02 16:45:00;2026-07-02 16:52:05;"1F";56,3;24,5;31,4;21,7;24,5;61,8;24,1447991256844;64,2592118700947;"teste_30";24,0691987038531;64,6708721188356;22,2489586329141;21,6893251212991;22,2322735627947;22,2169066336128
2026-07-02 17:00:00;2026-07-02 17:07:04;"1F";57,3;24,2;29,6;21,2;24,1;62,3;23,849392565687;65,0195972530019;"teste_30";23,7752279581431;65,4209028973906;21,6452977729064;21,2155455000101;21,7283028464509;21,7124704788014
2026-07-02 17:15:00;2026-07-02 17:22:04;"1F";59,2;23,6;27,8;20,6;23,8;63,3;23,2585794456923;66,4643294805255;"teste_30";23,1872864667232;66,845961376645;21,1633187292844;20,611904631626;21,0693994555953;21,0528618743932
2026-07-02 17:30:00;2026-07-02 17:37:02;"1F";61,5;23;25;19,8;23,4;64,7;22,6677663256976;68,213215861212;"teste_30";22,5993449753033;68,5710321673214;20,4443645122833;19,8397392029356;20,2346749270945;20,217095714572
2026-07-02 17:45:00;2026-07-02 17:52:02;"1F";64;22,4;21,3;18,9;22,8;66,6;22,0769532057029;70,11417931848;"teste_30";22,0114034838834;70,4461091137088;19,4409371126351;18,8978490623835;19,2287016302872;19,2100068241992
2026-07-02 18:00:00;2026-07-02 18:07:01;"1F";65,4;22;20,1;18,5;22,5;67,9;21,6830777923731;71,17871885455;"teste_30";21,6194424896034;71,4961522036858;19,0997658612401;18,4933697868494;18,7897600889182;18,770697307454
2026-07-02 18:15:00;2026-07-02 18:22:02;"1F";66,9;21,8;19,6;18,4;22;69,5;21,4861400857082;72,3192969289108;"teste_30";21,4234619924634;72,6211983715182;18,774103317853;18,3840722657553;18,6447948142849;18,6247068672156
2026-07-02 18:30:00;2026-07-02 18:37:00;"1F";67,3;21,8;19,7;18,4;21,9;70,3;21,4861400857082;72,6234510820736;"teste_30";21,4234619924634;72,9212106829402;18,7926738543852;18,4410686036338;18,692395764669;18,6718787116014
2026-07-02 18:45:00;2026-07-02 18:51:59;"1F";67,4;21,7;19,7;18,3;21,9;70,3;21,3876712323758;72,6994896203644;"teste_30";21,3254717438935;72,9962137607957;18,7926738543852;18,3756691213356;18,6246783950929;18,6043571805571
2026-07-02 19:00:00;2026-07-02 19:07:00;"1F";70,3;20,9;18,8;17,9;21,4;71,4;20,5999204057162;74,9046072307952;"teste_30";20,5415497553336;75,1713030186051;18,3362366856394;17,8599395728275;18,0434486992277;18,0225543473199
2026-07-02 19:15:00;2026-07-02 19:21:58;"1F";71,1;20,8;18,6;17,8;21;72,9;20,5014515523837;75,5129155371209;"teste_30";20,4435595067636;75,7713276414491;18,1289032474489;17,8163476812802;17,9821562636152;17,9607567645066
2026-07-02 19:30:00;2026-07-02 19:36:57;"1F";73,3;20,2;18,2;17,5;20,7;73,9;19,910638432389;77,1857633795167;"teste_30";19,8556180153437;77,42139535427;17,9104512309438;17,4775750116474;17,596829062611;17,5751269077121
2026-07-02 19:45:00;2026-07-02 19:51:57;"1F";74,8;20;18;17,4;20,3;75,6;19,7137007257241;78,3263414538774;"teste_30";19,6596375182037;78,5464415221024;17,7160208190061;17,4170314712805;17,5046324478858;17,4820962839323
2026-07-02 20:00:00;2026-07-02 20:06:56;"1F";75,4;19,9;17,9;17,4;20;76,6;19,6152318723917;78,7825726836217;"teste_30";19,5616472696337;78,9964599892354;17,5542433084109;17,3731480596289;17,4483302350461;17,4255330948372
2026-07-02 20:15:00;2026-07-02 20:21:56;"1F";75,4;19,7;17,6;17,2;20;76,8;19,4182941657268;78,7825726836217;"teste_30";19,3656667724937;78,9964599892354;17,5116935464429;17,1605066374534;17,2367368627138;17,2145973671604
2026-07-02 20:30:00;2026-07-02 20:36:56;"1F";77,3;19,3;17,1;16,9;19,7;77,2;19,024418752397;80,2273049111454;"teste_30";18,9737057782138;80,4215184684898;17,2165658860174;16,9184601464262;16,9566711663674;16,9340245303774
2026-07-02 20:45:00;2026-07-02 20:51:55;"1F";76,8;19,3;16,9;16,8;19,6;77,4;19,024418752397;79,8471122196918;"teste_30";18,9737057782138;80,0465030792124;17,1171792574262;16,8355264313426;16,8842783502291;16,8621105868403
2026-07-02 21:00:00;2026-07-02 21:06:54;"1F";77,1;19,2;16,5;16,7;19,4;77,9;18,9259498990645;80,0752278345639;"teste_30";18,8757155296438;80,2715123127788;16,9267681656468;16,7046350074954;16,74767923133;16,7255579415663
2026-07-02 21:15:00;2026-07-02 21:21:54;"1F";77,3;19,2;16,7;16,8;19,3;78,4;18,9259498990645;80,2273049111454;"teste_30";18,8757155296438;80,4215184684898;16,9328624284624;16,761767991151;16,8006079576086;16,7782957598696
2026-07-02 21:30:00;2026-07-02 21:36:53;"1F";79,6;18,5;16;16,3;19,1;78,6;18,2366679257373;81,9761912918319;"teste_30";18,1897837896539;82,1465892591662;16,6561378426606;16,2787417305487;16,2745894939269;16,2524739093533
2026-07-02 21:45:00;2026-07-02 21:51:53;"1F";79,6;18,6;16,1;16,4;18,9;79,7;18,3351367790698;81,9761912918319;"teste_30";18,2877740382239;82,1465892591662;16,6157565429637;16,3758709002585;16,3709686037894;16,348512024781
2026-07-02 22:00:00;2026-07-02 22:06:53;"1F";79,5;18,6;16,1;16,4;18,8;80;18,3351367790698;81,9001527535411;"teste_30";18,2877740382239;82,0715861813107;16,5640454814581;16,367428489189;16,3645891886843;16,3422259813259
2026-07-02 22:15:00;2026-07-02 22:21:52;"1F";79,6;18,6;16,2;16,4;18,7;80,1;18,3351367790698;81,9761912918319;"teste_30";18,2877740382239;82,1465892591662;16,515301456116;16,3958709002585;16,3909686037894;16,368512024781
2026-07-02 22:30:00;2026-07-02 22:36:50;"1F";79,1;18,7;16,5;16,5;18,8;80;18,4336056324022;81,5959986003783;"teste_30";18,3857642867939;81,7715738698888;16,6440454814581;16,4906913695046;16,4953822012272;16,4730530184958
2026-07-02 22:45:00;2026-07-02 22:51:50;"1F";79,4;18,6;16,5;16,4;18,7;80,2;18,3351367790698;81,8241142152504;"teste_30";18,2877740382239;81,9965831034553;16,5837609330827;16,4389858052042;16,4382097376837;16,4159399147668
2026-07-02 23:00:00;2026-07-02 23:06:50;"1F";80,1;18,4;16,5;16,3;18,6;80,5;18,1381990724049;82,3563839832854;"teste_30";18,0917935410839;82,5216046484437;16,5318413737735;16,3436343035684;16,3299715899315;16,3077331115344
2026-07-02 23:15:00;2026-07-02 23:21:49;"1F";80,5;18,3;16,3;16,2;18,5;80,9;18,0397302190724;82,6605381364483;"teste_30";17,9938032925139;82,8216169598657;16,4482300562738;16,2599517921615;16,238879893415;16,2166139951654
2026-07-02 23:30:00;2026-07-02 23:36:48;"1F";81;18,3;16,1;16,3;18,3;81,2;18,0397302190724;83,0407308279019;"teste_30";17,9938032925139;83,1966323491432;16,2786415983039;16,2618736443332;16,2305744886517;16,2078465603675
2026-07-02 23:45:00;2026-07-02 23:51:48;"1F";80,7;18,3;16,3;16,3;18,3;81,6;18,0397302190724;82,8126152130297;"teste_30";17,9938032925139;82,9716231155767;16,3521764182014;16,2767209001683;16,2515576282965;16,2291068884503
2026-07-03;2026-07-03 00:06:47;"1F";81,1;18,2;16,4;16,2;18,3;81,6;17,94126136574;83,1167693661926;"teste_30";17,895813043944;83,2716354269987;16,3721764182014;16,2528506533646;16,2203322578882;16,1978570861324
2026-07-03 00:15:00;2026-07-03 00:21:47;"1F";81,9;18;16,2;16,1;18,1;82;17,7443236590751;83,7250776725184;"teste_30";17,699832546804;83,8716600498427;16,2105679023401;16,1246678551067;16,0775639475958;16,055046851709
2026-07-03 00:30:00;2026-07-03 00:36:48;"1F";82,3;17,9;16,1;16;18;82,5;17,6458548057426;84,0292318256812;"teste_30";17,601842298234;84,1716723612646;16,1546418732547;16,060358326812;16,00602255112;15,9834879047777
2026-07-03 00:45:00;2026-07-03 00:51:46;"1F";82,6;17,9;15,9;16,1;17,9;82,9;17,6458548057426;84,2573474405534;"teste_30";17,601842298234;84,3966815948311;16,0702255216443;16,0452915685987;15,9848836945432;15,9620754774988
2026-07-03 01:00:00;2026-07-03 01:06:45;"1F";83,2;17,7;15,9;15,9;17,9;83;17,4489170990777;84,7135786702977;"teste_30";17,405861801094;84,8467000619641;16,0785370225183;15,9395864258557;15,8688908393864;15,8462371488469
2026-07-03 01:15:00;2026-07-03 01:21:45;"1F";84,1;17,5;15,5;15,8;17,7;83,4;17,2519793924128;85,3979255149141;"teste_30";17,2098813039541;85,5217277626636;15,876138893886;15,7781847676543;15,6913008462421;15,6685379393167
2026-07-03 01:45:00;2026-07-03 01:51:43;"1F";86,2;17,1;14,6;15,5;17,1;85,2;16,858103979083;86,9947348190192;"teste_30";16,8179203096741;87,096792397629;15,3763099359892;15,4580887471317;15,3333490930403;15,3101290190521
2026-07-03 02:00:00;2026-07-03 02:06:43;"1F";85,4;17,2;14,9;15,5;17,3;85;16,9565728324155;86,3864265126934;"teste_30";16,9159105582441;86,496767774785;15,5761680951569;15,5308365794738;15,4209722165006;15,3981079339334
2026-07-03 02:30:00;2026-07-03 02:36:44;"1F";87,1;16,6;14,6;15,1;17,2;84,7;16,3657597124208;87,6790816636356;"teste_30";16,3279690668242;87,7718200983285;15,4134875482681;15,1393965863615;15,0022783258081;14,9800603724844
2026-07-03 02:45:00;2026-07-03 02:51:41;"1F";89,1;16,4;14,3;15,1;16,9;85,8;16,1688220057559;89,19985242945;"teste_30";16,1319885696842;89,2718816554384;15,208885494723;15,0838969856123;14,9097535542003;14,8865096327329
2026-07-03 03:00:00;2026-07-03 03:06:41;"1F";89,9;16,2;14,3;15;16,6;87,1;15,971884299091;89,8081607357757;"teste_30";15,9360080725442;89,8719062782824;15,0793965863615;14,9906792598735;14,8032599877476;14,7800513718402
2026-07-03 03:15:00;2026-07-03 03:21:40;"1F";89,9;16,2;14,7;15,1;16,3;88,2;15,971884299091;89,8081607357757;"teste_30";15,9360080725442;89,8719062782824;15,0125680395571;15,0706792598735;14,8832599877476;14,8600513718402
2026-07-03 03:30:00;2026-07-03 03:36:40;"1F";90,6;16,1;14,6;15;16,2;88,7;15,8734154457585;90,3404305038108;"teste_30";15,8380178239743;90,3969278232708;14,9541188385499;15,028008738292;14,8281264989408;14,8046777693693
2026-07-03 03:45:00;2026-07-03 03:51:39;"1F";90,3;15,9;14,3;14,8;16,1;89;15,6764777390936;90,1123148889386;"teste_30";15,6420373268343;90,1719185897043;14,8394639065289;14,7858931464025;14,5943579416703;14,5719064151688
2026-07-03 04:00:00;2026-07-03 04:06:38;"1F";92,9;15,3;13,6;14,4;15,8;89,1;15,0856646190989;92,0893168844972;"teste_30";15,0540958354144;92,1219986139472;14,4710872203681;14,3778212315508;14,1435990622087;14,1211459486548
2026-07-03 04:15:00;2026-07-03 04:21:38;"1F";94;15,3;13,4;14,4;15,6;89,8;15,0856646190989;92,9257408056951;"teste_30";15,0540958354144;92,9470324703577;14,3291255185894;14,4251496308829;14,1696355363292;14,1462441226979
2026-07-03 04:30:00;2026-07-03 04:36:37;"1F";91,5;15,6;13,8;14,5;15,6;90,5;15,3810711790963;91,0247773484272;"teste_30";15,3480665811243;91,0719555239703;14,4648103622209;14,5444372402684;14,3333754823561;14,31100086781
2026-07-03 04:45:00;2026-07-03 04:51:37;"1F";91,7;15,3;13,7;14,3;15,4;90,4;15,0856646190989;91,1768544250086;"teste_30";15,0540958354144;91,2219616796813;14,2788218570883;14,3026963017754;14,0916430637637;14,0702118226559
2026-07-03 05:00:00;2026-07-03 05:06:36;"1F";93,1;15;13,3;14,1;15,2;90,5;14,7902580591016;92,2413939610787;"teste_30";14,7601250897044;92,2720047696582;14,0486834299535;14,0953433624386;13,8613057795227;13,8398065974271
2026-07-03 05:15:00;2026-07-03 05:21:36;"1F";93,3;15,1;13,3;14,2;15,1;91;14,888726912434;92,3934710376601;"teste_30";14,8581153382744;92,4220109253692;14,0090475650466;14,1906017043134;13,9513597407747;13,9293161129632
2026-07-03 05:30:00;2026-07-03 05:36:36;"1F";93,5;15;13,3;14,1;15,2;91,3;14,7902580591016;92,5455481142415;"teste_30";14,7601250897044;92,5720170810802;14,1118587480507;14,1269037600345;13,8851722558986;13,8633346337888
2026-07-03 05:45:00;2026-07-03 05:51:34;"1F";94,1;15;13,2;14,2;15,2;91,5;14,7902580591016;93,0017793439858;"teste_30";14,7601250897044;93,0220355482132;14,1076625829845;14,1542775644542;13,9009914094072;13,8786457088128
2026-07-03 06:00:00;2026-07-03 06:06:34;"1F";94,3;15,1;13,2;14,2;15,1;91,7;14,888726912434;93,1538564205673;"teste_30";14,8581153382744;93,1720417039242;14,044244620482;14,2497147385913;13,9911770613189;13,9682844167784
2026-07-03 06:15:00;2026-07-03 06:21:33;"1F";92,6;15,1;13,3;14,1;15,1;91,7;14,888726912434;91,8612012696251;"teste_30";14,8581153382744;91,8969893803807;14,064244620482;14,1352870754995;13,9095254137394;13,8880752936552
2026-07-03 06:30:00;2026-07-03 06:36:33;"1F";92,7;15;13,2;14;14,9;91,6;14,7902580591016;91,9372398079158;"teste_30";14,7601250897044;91,9719924582363;13,8779366447417;14,0438004789246;13,8174495837315;13,796288622415
2026-07-03 06:45:00;2026-07-03 06:51:32;"1F";92,3;14,7;13,2;13,8;14,9;91,5;14,4948514991042;91,6330856547529;"teste_30";14,4661543439945;91,6719801468143;13,870081469144;13,7743092965937;13,5595968254655;13,5398928715307
2026-07-03 07:00:00;2026-07-03 07:06:32;"1F";93,6;14,7;13,1;13,9;14,7;91,6;14,4948514991042;92,6215866525323;"teste_30";14,4661543439945;92,6470201589357;13,6995170051133;13,8562139782385;13,6166672175878;13,5958727183957
2026-07-03 07:15:00;2026-07-03 07:21:31;"1F";93,4;14,9;13,2;14;14,8;91,8;14,6917892057691;92,4695095759508;"teste_30";14,6621348411344;92,4970140032247;13,8144082886919;14,0195159098908;13,7810707267491;13,7596932121582
2026-07-03 07:30:00;2026-07-03 07:36:31;"1F";91,8;15;13,5;14;14,8;91,8;14,7902580591016;91,2528929632994;"teste_30";14,7601250897044;91,2969647575368;13,8744082886919;14,032892134512;13,8238103397864;13,8034095915201
2026-07-03 07:45:00;2026-07-03 07:51:30;"1F";91;15,4;14,2;14,5;14,9;91,6;15,1841334724314;90,6445846569736;"teste_30";15,1520860839844;90,6969401346928;14,0779366447417;14,4263864443286;14,2275531266789;14,206347164952
2026-07-03 08:00:00;2026-07-03 08:06:30;"1F";89,6;15,8;15;14,8;15,3;91,2;15,5780088857612;89,5800451209036;"teste_30";15,5440470782643;89,6468970447159;14,5231036483222;14,7909920987066;14,6142903168179;14,5928096215553
2026-07-03 08:15:00;2026-07-03 08:21:29;"1F";89,5;16;15,4;15;15,6;90,3;15,7749465924261;89,5040065826129;"teste_30";15,7400275754043;89,5718939668604;14,7688959347584;15,0207450120957;14,8435700479457;14,8214423816476
2026-07-03 08:30:00;2026-07-03 08:36:28;"1F";88,9;16,3;16,1;15,3;15,9;89,8;16,0703531524234;89,0477753528686;"teste_30";16,0339983211142;89,1218754997274;15,1058770292811;15,3489732762917;15,1799397048675;15,1572356858926
2026-07-03 08:45:00;2026-07-03 08:51:28;"1F";88,1;16,5;16,8;15,5;16,1;89,2;16,2672908590883;88,4394670465428;"teste_30";16,2299788182542;88,5218508768834;15,3555211648888;15,5817826382485;15,4261208186526;15,403387699676
2026-07-03 09:00:00;2026-07-03 09:06:28;"1F";87,3;16,5;17,1;15,6;16,1;88,6;16,2672908590883;87,8311587402171;"teste_30";16,2299788182542;87,9218262540395;15,3673584055172;15,5770960385815;15,4371547516043;15,4151223539335
2026-07-03 09:15:00;2026-07-03 09:21:27;"1F";87,4;16,7;17,8;15,9;16,1;88,5;16,4642285657532;87,9071972785078;"teste_30";16,4259593153942;87,996829331895;15,4993338876944;15,8822134954114;15,7380720543972;15,7152292231783
2026-07-03 09:30:00;2026-07-03 09:36:26;"1F";86,6;16,7;18,3;15,9;16,3;88;16,4642285657532;87,2988889721821;"teste_30";16,4259593153942;87,396804709051;15,7164584656006;15,9172889155424;15,7889257282037;15,7667873288831
2026-07-03 09:45:00;2026-07-03 09:51:25;"1F";87,3;16,6;18,1;15,9;16,4;87,6;16,3657597124208;87,8311587402171;"teste_30";16,3279690668242;87,9218262540395;15,722798131824;15,8555960120765;15,7145411265359;15,6921475448637
2026-07-03 10:00:00;2026-07-03 10:06:25;"1F";88;16,5;18,4;15,9;16,3;87,9;16,2672908590883;88,3634285082521;"teste_30";16,2299788182542;88,4468477990279;15,7284046946162;15,8936946192823;15,7399986624406;15,7173531500421
2026-07-03 10:15:00;2026-07-03 10:21:24;"1F";88,7;16,5;18,4;15,9;16,3;88,2;16,2672908590883;88,8956982762871;"teste_30";16,2299788182542;88,9718693440164;15,7525680395571;15,9503242934119;15,7828623024046;15,7596034379273
2026-07-03 10:30:00;2026-07-03 10:36:24;"1F";89,1;16,5;18,9;16,1;16,3;88,8;16,2672908590883;89,19985242945;"teste_30";16,2299788182542;89,2718816554384;15,9009132863792;16,0826985712325;15,9073648823032;15,883755414288
2026-07-03 10:45:00;2026-07-03 10:51:23;"1F";89;16,6;19,3;16,2;16,3;89,2;16,3657597124208;89,1238138911593;"teste_30";16,3279690668242;89,1968785775829;16,013157517208;16,2333889894832;16,0588375294544;16,0349504132877
2026-07-03 11:00:00;2026-07-03 11:06:23;"1F";89,2;16,7;18,9;16,3;16,4;89,2;16,4642285657532;89,2758909677407;"teste_30";16,4259593153942;89,3468847332939;16,0119756754699;16,2484300790705;16,0687389684364;16,0443102654507
2026-07-03 11:15:00;2026-07-03 11:21:21;"1F";87,9;16,6;18,3;15,9;16,5;88,9;16,3657597124208;88,2873899699614;"teste_30";16,3279690668242;88,3718447211724;15,9465100948396;15,944208486619;15,7913386853788;15,7684181224938
2026-07-03 11:30:00;2026-07-03 11:36:21;"1F";87,3;16,7;18,4;16;16,4;88,1;16,4642285657532;87,8311587402171;"teste_30";16,4259593153942;87,9218262540395;15,8231477815876;15,994095973092;15,8519274894702;15,8291727239311
2026-07-03 11:45:00;2026-07-03 11:51:20;"1F";86,7;16,7;19,1;16,1;16,5;87,6;16,4642285657532;87,3749275104728;"teste_30";16,4259593153942;87,4718077869065;16,0013488508937;16,0854025667753;15,9550677568062;15,9328413146201
2026-07-03 12:00:00;2026-07-03 12:06:20;"1F";86,4;16,7;18,7;16;16,5;87,2;16,4642285657532;87,1468118956006;"teste_30";16,4259593153942;87,24679855334;15,8890129876632;15,9810632186955;15,8566427356384;15,8346804133377
2026-07-03 12:15:00;2026-07-03 12:21:20;"1F";86,5;16,8;18,5;16;16,5;87,1;16,5626974190857;87,2228504338914;"teste_30";16,5239495639642;87,3218016311955;15,8409305400853;16,027539531592;15,900069206205;15,8776596430479
2026-07-03 12:30:00;2026-07-03 12:36:19;"1F";85,3;17,2;20,2;16,6;16,6;86,9;16,9565728324155;86,3103879744027;"teste_30";16,9159105582441;86,4217646969295;16,2431994736026;16,5826427685756;16,4747704870951;16,4519954849833
2026-07-03 12:45:00;2026-07-03 12:51:18;"1F";85,3;17,1;20,3;16,5;16,9;86,3;16,858103979083;86,3103879744027;"teste_30";16,8179203096741;86,4217646969295;16,4496100783636;16,5244859916869;16,4176386279629;16,3952198103057
2026-07-03 13:00:00;2026-07-03 13:06:19;"1F";85,1;17,1;20,1;16,5;16,8;86,1;16,858103979083;86,1583108978213;"teste_30";16,8179203096741;86,2717585412185;16,3150237347348;16,4681342694202;16,3652616923976;16,34302092758
2026-07-03 13:15:00;2026-07-03 13:21:17;"1F";84,7;17,2;20,4;16,6;16,9;86,1;16,9565728324155;85,8541567446584;"teste_30";16,9159105582441;85,9717462297966;16,4533188316279;16,5734875482681;16,4775657438195;16,4553264329158
2026-07-03 13:30:00;2026-07-03 13:36:16;"1F";85,4;17;19,8;16,4;16,9;85,9;16,7596351257506;86,3864265126934;"teste_30";16,7199300611041;86,496767774785;16,3170294750264;16,3544882896308;16,2466828117052;16,2245314058557
2026-07-03 13:45:00;2026-07-03 13:51:17;"1F";85,3;17;19,5;16,3;16,9;86,1;16,7596351257506;86,3103879744027;"teste_30";16,7199300611041;86,4217646969295;16,2733188316279;16,2863292017622;16,1805067564712;16,1584441234136
2026-07-03 14:00:00;2026-07-03 14:06:15;"1F";84,7;17,2;19,7;16,4;16,8;86;16,9565728324155;85,8541567446584;"teste_30";16,9159105582441;85,9717462297966;16,2268960314243;16,4334875482681;16,3375657438195;16,3153264329158
2026-07-03 14:15:00;2026-07-03 14:21:17;"1F";83,6;16,9;19,7;16,1;16,7;85,5;16,6611662724181;85,0177328234605;"teste_30";16,6219398125341;85,1467123733861;16,1080732463961;16,1098263199825;16,0386457893276;16,0184440837605
2026-07-03 14:30:00;2026-07-03 14:36:15;"1F";84,5;16,8;20,8;16,3;16,4;86,1;16,5626974190857;85,702079668077;"teste_30";16,5239495639642;85,8217400740856;16,1418432183171;16,3250368334986;16,2370513055417;16,2164071196169
2026-07-03 14:45:00;2026-07-03 14:51:14;"1F";84,2;16,8;20,8;16,3;16,4;86,1;16,5626974190857;85,4739640532048;"teste_30";16,5239495639642;85,5967308405191;16,1418432183171;16,3006769197085;16,2186095230814;16,19823010212
2026-07-03 15:00:00;2026-07-03 15:06:13;"1F";84,2;16,8;20;16,1;16,4;86;16,5626974190857;85,4739640532048;"teste_30";16,5239495639642;85,5967308405191;15,9737843510308;16,1406769197085;16,0586095230814;16,03823010212
2026-07-03 15:15:00;2026-07-03 15:21:13;"1F";84,6;16,6;20,2;16;16,3;86;16,3657597124208;85,7781182063677;"teste_30";16,3279690668242;85,8967431519411;15,9355063984374;16,0570882680389;15,9691157498236;15,9490921008092
2026-07-03 15:30:00;2026-07-03 15:36:12;"1F";84,8;16,5;18,7;15,7;16,3;85,9;16,2672908590883;85,9301952829491;"teste_30";16,2299788182542;86,046749307652;15,6274653380083;15,6951914451726;15,6042931809428;15,5844489530366
2026-07-03 15:45:00;2026-07-03 15:51:12;"1F";83,5;16,7;18,2;15,6;16,3;85,7;16,4642285657532;84,9416942851698;"teste_30";16,4259593153942;85,0717092955306;15,5113849947438;15,6460107388029;15,5786903797552;15,5592802767369
2026-07-03 16:00:00;2026-07-03 16:06:11;"1F";84,1;16,5;17,3;15,4;16,3;85,2;16,2672908590883;85,3979255149141;"teste_30";16,2299788182542;85,5217277626636;15,2911943148;15,358717431719;15,2815321101517;15,2623002626392
2026-07-03 16:15:00;2026-07-03 16:21:11;"1F";83,8;16,3;17,3;15,2;16,2;85,3;16,0703531524234;85,169809900042;"teste_30";16,0339983211142;85,2967185290971;15,2210744084441;15,1787338755055;15,1093351655879;15,0910703959341
2026-07-03 16:30:00;2026-07-03 16:36:10;"1F";84;16,1;17;15;16;85;15,8734154457585;85,3218869766234;"teste_30";15,8380178239743;85,4467246848081;14,9808079462083;14,9789349273894;14,9075688781597;14,8898358972356
2026-07-03 16:45:00;2026-07-03 16:51:09;"1F";84,9;15,8;16,4;14,7;15,8;85,1;15,5780088857612;86,0062338212399;"teste_30";15,5440470782643;86,1217523855075;14,7125472188144;14,696650430172;14,6108396812484;14,593394127398
2026-07-03 17:00:00;2026-07-03 17:06:09;"1F";85,1;15,6;15,9;14,5;15,6;85,8;15,3810711790963;86,1583108978213;"teste_30";15,3480665811243;86,2717585412185;14,5117202120101;14,4563028549911;14,3686679590548;14,3517623452734
2026-07-03 17:15:00;2026-07-03 17:21:09;"1F";85,8;15,3;15,4;14,2;15,3;85,9;15,0856646190989;86,6905806658563;"teste_30";15,0540958354144;86,796780086207;14,1848573897798;14,176989443076;14,0790572293929;14,0626273904203
2026-07-03 17:30:00;2026-07-03 17:36:08;"1F";86,6;15,1;15;14;15,1;86,6;14,888726912434;87,2988889721821;"teste_30";14,8581153382744;87,396804709051;14,0031938457643;14,0031938457643;13,8921585655899;13,8757714283128
2026-07-03 17:45:00;2026-07-03 17:51:07;"1F";86,6;15;14,8;13,9;14,9;87;14,7902580591016;87,2988889721821;"teste_30";14,7601250897044;87,396804709051;13,8376621335933;13,8848127924356;13,7748605113549;13,758832829189
2026-07-03 18:00:00;2026-07-03 18:06:07;"1F";87,1;14,8;14,6;13,7;14,8;87,2;14,5933203524367;87,6790816636356;"teste_30";14,5641445925644;87,7718200983285;13,7347996898544;13,7270057971374;13,6097758110239;13,5940503245887
2026-07-03 18:15:00;2026-07-03 18:21:06;"1F";86,7;14,7;14,4;13,6;14,6;87,4;14,4948514991042;87,3749275104728;"teste_30";14,4661543439945;87,4718077869065;13,5533560787976;13,5774416055198;13,4688547105671;13,4538223216175
2026-07-03 18:30:00;2026-07-03 18:36:06;"1F";86,7;14,6;14,3;13,5;14,5;87,2;14,3963826457718;87,3749275104728;"teste_30";14,3681640954245;87,4718077869065;13,4393498939975;13,4790434190793;13,3715439258818;13,3568712411276
2026-07-03 18:45:00;2026-07-03 18:51:05;"1F";86,2;14,5;14,2;13,3;14,4;87,2;14,2979137924393;86,9947348190192;"teste_30";14,2701738468545;87,096792397629;13,3408666021499;13,3419657778769;13,2449239033647;13,2310236855247
2026-07-03 19:00:00;2026-07-03 19:06:04;"1F";87,2;14,1;13,9;13,1;14,1;87;13,9040383791095;87,7551202019264;"teste_30";13,8782128525745;87,846823176184;13,0300675942211;13,045416646371;12,9340616729955;12,9207793971965
2026-07-03 19:15:00;2026-07-03 19:21:04;"1F";87,1;14,1;13,8;13;13,9;87,5;13,9040383791095;87,6790816636356;"teste_30";13,8782128525745;87,7718200983285;12,8913802600657;13,0177415671383;12,9082459566461;12,8950453310638
2026-07-03 19:30:00;2026-07-03 19:36:03;"1F";86,8;14,1;13,7;13;13,9;87,6;13,9040383791095;87,4509660487635;"teste_30";13,8782128525745;87,546810864762;12,8790260152781;12,974722955638;12,8708028404342;12,8578470833117
2026-07-03 19:45:00;2026-07-03 19:51:02;"1F";87;14,1;13,7;13;13,9;87,5;13,9040383791095;87,6030431253449;"teste_30";13,8782128525745;87,696817020473;12,8713802600657;12,9900675942211;12,8824309132486;12,8693119241459
2026-07-03 20:00:00;2026-07-03 20:06:02;"1F";86,7;14;13,7;12,9;13,9;87,5;13,8055695257771;87,3749275104728;"teste_30";13,7802226040046;87,4718077869065;12,8713802600657;12,888654016262;12,7876789460677;12,7751644896711
2026-07-03 20:15:00;2026-07-03 20:21:01;"1F";87,5;13,7;13,5;12,7;13,7;87,4;13,5101629657797;87,9832358167985;"teste_30";13,4862518582946;88,0718324097505;12,6667011399885;12,6743119154252;12,5618653307683;12,5497847362377
2026-07-03 20:30:00;2026-07-03 20:36:01;"1F";87,9;13,6;13,3;12,6;13,5;87,9;13,4116941124473;88,2873899699614;"teste_30";13,3882616097246;88,3718447211724;12,5075638006675;12,5861654373662;12,4674800850234;12,4554391480359
2026-07-03 20:45:00;2026-07-03 20:51:00;"1F";88;13,6;13,3;12,6;13,4;88,2;13,4116941124473;88,3634285082521;"teste_30";13,3882616097246;88,4468477990279;12,4516651657802;12,5937654422753;12,4732386032931;12,4611171206531
2026-07-03 21:00:00;2026-07-03 21:06:00;"1F";88,6;13,3;13,1;12,4;13,3;88,3;13,1162875524499;88,8196597379964;"teste_30";13,0942908640147;88,8968662661609;12,3405666370405;12,3632349464978;12,2351565697806;12,2236445254408
2026-07-03 21:15:00;2026-07-03 21:21:00;"1F";89,5;13,1;12,9;12,2;13,1;88,8;12,919349845785;89,5040065826129;"teste_30";12,8983103668747;89,5718939668604;12,1808493303435;12,2335747952701;12,0914001752105;12,0799010491544
2026-07-03 21:30:00;2026-07-03 21:35:59;"1F";90;12,9;12,7;12,1;12,9;89,4;12,7224121391201;89,8841992740664;"teste_30";12,7023298697347;89,9469093561379;12,0283352112576;12,0733763617248;11,9245068687807;11,9133447970497
2026-07-03 21:45:00;2026-07-03 21:50:58;"1F";90,3;12,7;12,5;11,9;12,7;89,7;12,5254744324552;90,1123148889386;"teste_30";12,5063493725948;90,1719185897043;11,853047206998;11,8979172821365;11,7460551704403;11,7353920700894
2026-07-03 22:00:00;2026-07-03 22:05:57;"1F";90,8;12,7;12,4;11,9;12,6;90,1;12,5254744324552;90,4925075803922;"teste_30";12,5063493725948;90,5469339789818;11,7839879760078;11,9153494411684;11,7543958165716;11,7433383019082
2026-07-03 22:15:00;2026-07-03 22:20:57;"1F";91,4;12,6;12,3;11,9;12,6;90,4;12,4270055791228;90,9487388101365;"teste_30";12,4083591240248;90,9969524461148;11,786384993734;11,8611390338074;11,6905396143715;11,6793790581586
2026-07-03 22:30:00;2026-07-03 22:35:56;"1F";92,5;12,4;12,2;11,8;12,4;90,7;12,2300678724579;91,7851627313344;"teste_30";12,2123786268848;91,8219863025253;11,630666185133;11,7648351604922;11,5768381046483;11,5655560156395
2026-07-03 22:45:00;2026-07-03 22:50:56;"1F";94,4;12,3;11,9;11,8;12,3;91,3;12,1315990191254;93,229894958858;"teste_30";12,1143883783148;93,2470447817797;11,5361714931545;11,7673571431205;11,5460874589939;11,5336852266709
2026-07-03 23:00:00;2026-07-03 23:05:56;"1F";96;12,3;11,9;11,9;12,3;92,3;12,1315990191254;94,4465115715095;"teste_30";12,1143883783148;94,4470940274676;11,6105803889873;11,8872847699556;11,6366891765265;11,623022583683
2026-07-03 23:15:00;2026-07-03 23:20:55;"1F";96,5;12,3;11,9;11,9;12,4;92,9;12,1315990191254;94,8267042629631;"teste_30";12,1143883783148;94,8221094167451;11,7347192074582;11,9248481877718;11,6650522086791;11,6509892457514
2026-07-03 23:30:00;2026-07-03 23:35:54;"1F";95,7;12,3;11,8;11,8;12,2;93,3;12,1315990191254;94,2183959566373;"teste_30";12,1143883783148;94,2220847939011;11,5856671700131;11,8447664618168;11,5996828195587;11,5862537598104
2026-07-03 23:45:00;2026-07-03 23:50:54;"1F";94,7;12,2;11,8;11,7;12,1;93,5;12,033130165793;93,4580105737301;"teste_30";12,0163981297448;93,4720540153462;11,5210562164989;11,690112381212;11,4647685837522;11,4525080990383
2026-07-04;2026-07-04 00:05:53;"1F";94,2;12,2;11,7;11,6;12;93,6;12,033130165793;93,0778178822766;"teste_30";12,0163981297448;93,0970386260687;11,4289656751156;11,6327737781931;11,4165500862338;11,4046827259867
2026-07-04 00:15:00;2026-07-04 00:20:53;"1F";94,3;12,1;11,7;11,6;11,9;93,6;11,9346613124605;93,1538564205673;"teste_30";11,9184078811748;93,1720417039242;11,349437797767;11,560600931903;11,3439508378397;11,3323823748354
2026-07-04 00:30:00;2026-07-04 00:35:52;"1F";93,8;12,1;11,6;11,5;11,9;93,5;11,9346613124605;92,7736637291137;"teste_30";11,9184078811748;92,7970263146467;11,3220318886613;11,5033731227878;11,2958106228844;11,2846337023895
2026-07-04 00:45:00;2026-07-04 00:50:54;"1F";92,9;12,2;11,6;11,5;11,9;93,4;12,033130165793;92,0893168844972;"teste_30";12,0163981297448;92,1219986139472;11,3146276592337;11,5158842227352;11,3232932936351;11,3124452756211
2026-07-04 01:00:00;2026-07-04 01:05:51;"1F";92,1;12,2;11,6;11,5;11,9;93,1;12,033130165793;91,4810085781715;"teste_30";12,0163981297448;91,5219739911033;11,2924250341564;11,4563957150738;11,2782915891661;11,2680688848225
2026-07-04 01:15:00;2026-07-04 01:20:50;"1F";91,5;12,1;11,7;11,4;11,9;92,6;11,9346613124605;91,0247773484272;"teste_30";11,9184078811748;91,0719555239703;11,275454112922;11,3526525749225;11,1866737711709;11,1772902538334
2026-07-04 01:30:00;2026-07-04 01:35:50;"1F";91,8;12;11,6;11,3;11,8;92,2;11,8361924591281;91,2528929632994;"teste_30";11,8204176326049;91,2969647575368;11,1466010893342;11,2756294724323;11,1055468846895;11,0963020185084
2026-07-04 01:45:00;2026-07-04 01:50:56;"1F";91,8;11,9;11,6;11,2;11,8;91,9;11,7377236057956;91,2528929632994;"teste_30";11,7224273840349;91,2969647575368;11,1245064380392;11,1963871949697;11,0276045826734;11,0187315811672
2026-07-04 02:00:00;2026-07-04 02:05:49;"1F";92,1;11,8;11,5;11,1;11,7;91,8;11,6392547524632;91,4810085781715;"teste_30";11,6244371354649;91,5219739911033;11,0179026023522;11,1192345286907;10,9463775646163;10,9376450580508
2026-07-04 02:15:00;2026-07-04 02:20:48;"1F";91,7;11,8;11,4;11,1;11,7;91,8;11,6392547524632;91,1768544250086;"teste_30";11,6244371354649;91,2219616796813;10,9979026023522;11,0697850446371;10,9040924641064;10,8956684016077
2026-07-04 02:30:00;2026-07-04 02:35:48;"1F";91,9;11,8;11,4;11,1;11,6;91,6;11,6392547524632;91,3289315015901;"teste_30";11,6244371354649;91,3719678353923;10,9040064626751;11,0845064380392;10,9152330525819;10,9066548171565
2026-07-04 02:45:00;2026-07-04 02:50:47;"1F";92,2;11,6;11,3;11;11,5;91,6;11,4423170457983;91,5570471164622;"teste_30";11,4284566383249;91,5969770689588;10,8047962471629;10,9279884810331;10,7559701111895;10,7479059869293
2026-07-04 03:00:00;2026-07-04 03:05:48;"1F";92,3;11,6;11,3;10,9;11,5;91,8;11,4423170457983;91,6330856547529;"teste_30";11,4284566383249;91,6719801468143;10,8194179592352;10,9353248182537;10,7615207489787;10,7533798820022
2026-07-04 03:15:00;2026-07-04 03:20:46;"1F";92,6;11,5;11,3;10,9;11,4;91,8;11,3438481924658;91,8612012696251;"teste_30";11,3304663897549;91,8969893803807;10,7401756186476;10,8779741323995;10,7001400052698;10,6921424419618
2026-07-04 03:30:00;2026-07-04 03:35:46;"1F";92,8;11,5;11,2;10,9;11,4;92;11,3438481924658;92,0132783462065;"teste_30";11,3304663897549;92,0469955360917;10,7347722162033;10,8726305633287;10,6912263641018;10,6830755376295
2026-07-04 03:45:00;2026-07-04 03:50:46;"1F";92,8;11,6;11,2;10,9;11,4;92,2;11,4423170457983;92,0132783462065;"teste_30";11,4284566383249;92,0469955360917;10,749375822669;10,9520323090156;10,7692890320995;10,7607640701644
2026-07-04 04:00:00;2026-07-04 04:05:45;"1F";93,6;11,5;11,1;10,9;11,4;92,3;11,3438481924658;92,6215866525323;"teste_30";11,3304663897549;92,6470201589357;10,7366802576926;10,9113261688276;10,7156126236984;10,7068477071813
2026-07-04 04:15:00;2026-07-04 04:20:45;"1F";94,6;11,4;11;10,9;11,3;92,5;11,2453793391334;93,3819720354394;"teste_30";11,2324761411849;93,3970509374907;10,6519402538854;10,885169713706;10,6729111337652;10,6637543884051
2026-07-04 04:30:00;2026-07-04 04:35:44;"1F";95;11,3;10,9;10,8;11,3;92,9;11,1469104858009;93,6861261886023;"teste_30";11,134485892615;93,6970632489127;10,6611261906465;10,8148223251847;10,5967993147341;10,5877137285736
2026-07-04 04:45:00;2026-07-04 04:50:43;"1F";95,2;11,2;10,9;10,7;11,2;93,2;11,0484416324685;93,8382032651838;"teste_30";11,036495644045;93,8470694046237;10,6035693409162;10,7497246994146;10,5295409295353;10,5206811354364
2026-07-04 05:00:00;2026-07-04 05:05:42;"1F";94,8;11,3;10,8;10,8;11,1;93,4;11,1469104858009;93,5340491120209;"teste_30";11,134485892615;93,5470570932017;10,5186556737174;10,780150400444;10,5657148535898;10,5567828089012
2026-07-04 05:15:00;2026-07-04 05:20:42;"1F";94;11,3;10,9;10,7;11,1;93,5;11,1469104858009;92,9257408056951;"teste_30";11,134485892615;92,9470324703577;10,5459340963903;10,7415348757394;10,5414190497723;10,5331000897945
2026-07-04 05:30:00;2026-07-04 05:35:42;"1F";93,8;11,3;10,9;10,7;11,1;93,5;11,1469104858009;92,7736637291137;"teste_30";11,134485892615;92,7970263146467;10,5459340963903;10,72689898974;10,5303555875971;10,5221896294594
2026-07-04 05:45:00;2026-07-04 05:50:41;"1F";94,5;11,3;10,8;10,8;11,1;93,5;11,1469104858009;93,3059334971487;"teste_30";11,134485892615;93,3220478596352;10,5259340963903;10,7581560610098;10,5490960511664;10,5403941156684
2026-07-04 06:00:00;2026-07-04 06:05:40;"1F";94,6;11,2;10,8;10,7;11,1;93,5;11,0484416324685;93,3819720354394;"teste_30";11,036495644045;93,3970509374907;10,5259340963903;10,6858016799494;10,4763580558999;10,4679575783281
2026-07-04 06:15:00;2026-07-04 06:20:39;"1F";94,3;11,3;10,8;10,7;11,1;93,6;11,1469104858009;93,1538564205673;"teste_30";11,134485892615;93,1720417039242;10,5332143469725;10,7435021858819;10,5380221028883;10,5294734384485
2026-07-04 06:30:00;2026-07-04 06:35:39;"1F";93,4;11,4;10,8;10,8;11,1;93,6;11,2453793391334;92,4695095759508;"teste_30";11,2324761411849;92,4970140032247;10,5332143469725;10,7571452593202;10,5663755786158;10,5581398214197
2026-07-04 06:45:00;2026-07-04 06:50:39;"1F";93,1;11,4;10,9;10,8;11,1;93,4;11,2453793391334;92,2413939610787;"teste_30";11,2324761411849;92,2720047696582;10,5386556737174;10,755179080407;10,5697649871181;10,5617588814823
2026-07-04 07:00:00;2026-07-04 07:05:40;"1F";93;11,4;11;10,8;11,2;93,2;11,2453793391334;92,165355422788;"teste_30";11,2324761411849;92,1970016918027;10,6235693409162;10,76786055671;10,5842301880971;10,5763005803227
2026-07-04 07:15:00;2026-07-04 07:20:37;"1F";93;11,4;11,1;10,8;11,2;93;11,2453793391334;92,165355422788;"teste_30";11,2324761411849;92,1970016918027;10,628993690113;10,78786055671;10,6042301880971;10,5963005803227
2026-07-04 07:30:00;2026-07-04 07:35:37;"1F";94,6;11,3;11,1;10,8;11,2;92,9;11,1469104858009;93,3819720354394;"teste_30";11,134485892615;93,3970509374907;10,6217085701356;10,8254857027207;10,6146346007742;10,6058559892502
2026-07-04 07:45:00;2026-07-04 07:50:36;"1F";95,6;11,3;11,3;10,9;11,2;93,3;11,1469104858009;94,1423574183466;"teste_30";11,134485892615;94,1470817160456;10,6908598742308;10,9388815557305;10,7100779900856;10,7005311278011
2026-07-04 08:00:00;2026-07-04 08:05:37;"1F";95,5;11,3;11,4;10,9;11,2;93,6;11,1469104858009;94,0663188800559;"teste_30";11,134485892615;94,0720786381901;10,7327423206429;10,9515338171375;10,7245289065839;10,7150589916743
2026-07-04 08:15:00;2026-07-04 08:20:35;"1F";95,5;11,4;11,6;11,1;11,2;93,9;11,2453793391334;94,0663188800559;"teste_30";11,2324761411849;94,0720786381901;10,7946410624247;11,0713567323914;10,8429110691449;10,8330610628092
2026-07-04 08:30:00;2026-07-04 08:35:35;"1F";95,4;11,6;12,1;11,3;11,3;94,1;11,4423170457983;93,9902803417652;"teste_30";11,4284566383249;93,9970755603347;10,9888555137391;11,3236105185386;11,0940922475421;11,0835596273323
2026-07-04 08:45:00;2026-07-04 08:50:36;"1F";93,3;12;13,2;11,7;11,4;94,2;11,8361924591281;92,3934710376601;"teste_30";11,8204176326049;92,4220109253692;11,2957997559624;11,7067058073156;11,5095720778152;11,4991613546332
2026-07-04 09:00:00;2026-07-04 09:05:38;"1F_SUSPEITO";91,4;12,2;14,4;12;11,6;94;12,033130165793;90,9487388101365;"teste_30";12,0163981297448;90,9969524461148;11,6803066215685;11,9644273599626;11,7989643697656;11,7892875972442
2026-07-04 09:15:00;2026-07-04 09:20:33;"1F";91,4;12,4;14,7;12,2;11,8;93,6;12,2300678724579;90,9487388101365;"teste_30";12,2123786268848;90,9969524461148;11,8699099084979;12,1827832219165;12,0147520167803;12,0043333521518
2026-07-04 09:30:00;2026-07-04 09:35:32;"1F";90,7;12,6;15,3;12,4;12,1;92,8;12,4270055791228;90,4164690421015;"teste_30";12,4083591240248;90,4719309011263;12,1690408536362;12,4087954448302;12,2509173559866;12,2403080905837
2026-07-04 09:45:00;2026-07-04 09:50:34;"1F";91,8;12,6;15,3;12,5;12,2;92,2;12,4270055791228;91,2528929632994;"teste_30";12,4083591240248;91,2969647575368;12,2038261568981;12,4910828756366;12,3132004378701;12,3017243863557
2026-07-04 10:00:00;2026-07-04 10:05:31;"1F";91,8;12,7;15,5;12,6;12,4;92,2;12,5254744324552;91,2528929632994;"teste_30";12,5063493725948;91,2969647575368;12,4024386167308;12,6103250662425;12,4311426539084;12,4192947386193
2026-07-04 10:15:00;2026-07-04 10:20:31;"1F";90,6;12,9;15,9;12,8;12,4;92;12,7224121391201;90,3404305038108;"teste_30";12,7023298697347;90,3969278232708;12,4675154145308;12,758468811526;12,5986496587879;12,5870117891679
2026-07-04 10:30:00;2026-07-04 10:35:30;"1F";88,2;13,5;17,7;13,4;12,8;91,6;13,3132252591148;88,5155055848335;"teste_30";13,2902713611546;88,5968539547389;13,1145280659365;13,4103171704997;13,2872581802757;13,2753389427868
2026-07-04 10:45:00;2026-07-04 10:50:30;"1F";87,1;13,8;18,7;13,8;13,2;90,2;13,6086318191122;87,6790816636356;"teste_30";13,5842421068646;87,7718200983285;13,5253506373827;13,7623424096395;13,6561615398791;13,6440429997695
2026-07-04 11:00:00;2026-07-04 11:05:29;"1F";86,6;13,9;18,8;13,8;13,4;89;13,7071006724446;87,2988889721821;"teste_30";13,6822323554346;87,396804709051;13,6122631379168;13,8226203161949;13,7245810646882;13,7125073987081
2026-07-04 11:15:00;2026-07-04 11:20:29;"1F";86,7;13,8;18,8;13,7;13,6;88,2;13,6086318191122;87,3749275104728;"teste_30";13,5842421068646;87,4718077869065;13,7089691619121;13,7518574394298;13,6530571817157;13,6412621360011
2026-07-04 11:30:00;2026-07-04 11:35:28;"1F";86,4;14,1;17,8;13,7;13,6;88,2;13,9040383791095;87,1468118956006;"teste_30";13,8782128525745;87,24679855334;13,5089691619121;13,7640468249813;13,6675547164023;13,6549252609614
2026-07-04 11:45:00;2026-07-04 11:50:28;"1F";85,8;14,3;18,3;14;13,8;88;14,1009760857744;86,6905806658563;"teste_30";14,0741933497145;86,796780086207;13,7510022869058;13,9745526600187;13,8870950329435;13,8742397236115
2026-07-04 12:00:00;2026-07-04 12:05:27;"1F";84,6;14,6;18,6;14,2;14,1;87,4;14,3963826457718;85,7781182063677;"teste_30";14,3681640954245;85,8967431519411;14,0007701354107;14,1763914586328;14,1082786446393;14,0953429621435
2026-07-04 12:15:00;2026-07-04 12:20:26;"1F";85,1;14,6;18,6;14,2;14,3;86,7;14,3963826457718;86,1583108978213;"teste_30";14,3681640954245;86,2717585412185;14,1038487788064;14,2150802068312;14,1376038572556;14,1242550302212
2026-07-04 12:30:00;2026-07-04 12:35:26;"1F";85,1;14,4;19,2;14,2;14,1;86,6;14,1994449391069;86,1583108978213;"teste_30";14,1721835982845;86,2717585412185;14,0593827071192;14,1788355090578;14,1033908779555;14,0907534102045
2026-07-04 12:45:00;2026-07-04 12:50:25;"1F";85;14,5;20,7;14,5;14,2;86,8;14,2979137924393;86,0822723595306;"teste_30";14,2701738468545;86,196755463363;14,4531382677937;14,5492356843921;14,4746440372995;14,4617332842854
2026-07-04 13:00:00;2026-07-04 13:05:25;"1F";87,1;14;17,5;13,7;13,9;87,2;13,8055695257771;87,6790816636356;"teste_30";13,7802226040046;87,7718200983285;13,6084499419247;13,6792751948641;13,570884497388;13,5580445668116
2026-07-04 13:15:00;2026-07-04 13:20:24;"1F";88,2;13,8;16,4;13,4;13,8;88;13,6086318191122;88,5155055848335;"teste_30";13,5842421068646;88,5968539547389;13,3710022869058;13,3862731049723;13,2597572046032;13,2467478121497
2026-07-04 13:30:00;2026-07-04 13:35:23;"1F";88,2;13,8;16,2;13,4;13,6;88,7;13,6086318191122;88,5155055848335;"teste_30";13,5842421068646;88,5968539547389;13,2270002220499;13,3462731049723;13,2197572046032;13,2067478121497
2026-07-04 13:45:00;2026-07-04 13:50:23;"1F";88,3;14;16,8;13,6;13,6;89;13,8055695257771;88,5915441231243;"teste_30";13,7802226040046;88,6718570325944;13,369833882132;13,631247689838;13,5005671985703;13,4867494739055
2026-07-04 14:00:00;2026-07-04 14:05:22;"1F";87,4;14,3;17,2;13,9;13,8;89,1;14,1009760857744;87,9071972785078;"teste_30";14,0741933497145;87,996829331895;13,6150514737631;13,8778045526476;13,7604936549017;13,746325171217
2026-07-04 14:15:00;2026-07-04 14:20:22;"1F";86,6;14,4;17,4;13,9;14,1;88,4;14,1994449391069;87,2988889721821;"teste_30";14,1721835982845;87,396804709051;13,8376049378959;13,9345261908018;13,8310719167763;13,8172009684248
2026-07-04 14:30:00;2026-07-04 14:35:21;"1F";86,3;14,6;17,4;14,1;14,2;87,8;14,3963826457718;87,0707733573099;"teste_30";14,3681640954245;87,1717954754845;13,8700752469149;14,0680294202253;13,9680445246907;13,9537030697616
2026-07-04 14:45:00;2026-07-04 14:50:20;"1F";85,9;14,8;17,7;14,3;14,4;87,7;14,5933203524367;86,766619204147;"teste_30";14,5641445925644;86,8717831640625;14,0795123478205;14,2535529116849;14,1589727868363;14,1442469723037
2026-07-04 15:00:00;2026-07-04 15:05:20;"1F";85,6;14,7;18;14,2;14,6;87,1;14,4948514991042;86,5385035892749;"teste_30";14,4661543439945;86,646773930496;14,2500732267274;14,212001473198;14,1241143856125;14,1099952044915
2026-07-04 15:15:00;2026-07-04 15:20:19;"1F";86,3;14,6;17,2;14;14,3;87,2;14,3963826457718;87,0707733573099;"teste_30";14,3681640954245;87,1717954754845;13,862383296956;14,0280294202253;13,9280445246907;13,9137030697616
2026-07-04 15:30:00;2026-07-04 15:35:18;"1F";85,3;14,9;20,5;14,8;14,3;87,6;14,6917892057691;86,3103879744027;"teste_30";14,6621348411344;86,4217646969295;14,5532301004642;14,8450335329046;14,760734536073;14,7461518142494
2026-07-04 15:45:00;2026-07-04 15:50:19;"1F";83,3;15,5;22,8;15,6;14,8;87,1;15,2826023257638;84,7896172085884;"teste_30";15,2500763325543;84,9217031398196;15,3670057971374;15,616153642044;15,5639556776048;15,5489338070967
2026-07-04 16:00:00;2026-07-04 16:05:18;"1F";83,6;15,4;21,1;15,2;15;85,7;15,1841334724314;85,0177328234605;"teste_30";15,1520860839844;85,1467123733861;15,0744432327713;15,2219507153271;15,1649677154133;15,1500431060381
2026-07-04 16:15:00;2026-07-04 16:20:17;"1F";85,1;14,8;17,9;14,2;14,9;85,5;14,5933203524367;86,1583108978213;"teste_30";14,5641445925644;86,2717585412185;14,3406234239081;14,2313248481087;14,1518167831614;14,1377565974958
2026-07-04 16:30:00;2026-07-04 16:35:16;"1F";85,5;14,7;16,5;13,9;14,6;86,3;14,4948514991042;86,4624650509842;"teste_30";14,4661543439945;86,5717708526405;13,8880294202253;13,9042398380154;13,8182324168422;13,8041961911158
2026-07-04 16:45:00;2026-07-04 16:50:16;"1F";85,9;14,5;15,7;13,6;14,5;86,6;14,2979137924393;86,766619204147;"teste_30";14,2701738468545;86,8717831640625;13,6729073248042;13,6187700606631;13,5273457427946;13,5136930430881
2026-07-04 17:00:00;2026-07-04 17:05:16;"1F";86,9;14,3;15;13,4;14,2;87;14,1009760857744;87,5270045870542;"teste_30";14,0741933497145;87,6218139426175;13,3285169586327;13,3992594089303;13,2912888720377;13,2775311044708
2026-07-04 17:15:00;2026-07-04 17:20:15;"1F";87,6;14;14,5;13,1;14;87,6;13,8055695257771;88,0592743550892;"teste_30";13,7802226040046;88,1468354876059;13,1175770565549;13,1175770565549;12,9999068540962;12,986659762295
2026-07-04 17:30:00;2026-07-04 17:35:14;"1F";88,7;13,7;13,9;12,8;13,7;88,1;13,5101629657797;88,8956982762871;"teste_30";13,4862518582946;88,9718693440164;12,8000018968236;12,8457357126766;12,7111310845512;12,6980807338704
2026-07-04 17:45:00;2026-07-04 17:50:14;"1F";89,4;13,4;13,4;12,6;13,4;88,9;13,2147564057824;89,4279680443221;"teste_30";13,1922811125847;89,4968908890049;12,5246838605032;12,5625932901945;12,4186386797512;12,4061203634006
2026-07-04 18:00:00;2026-07-04 18:05:13;"1F";89,6;13,2;13;12,3;13,2;89,3;13,0178186991175;89,5800451209036;"teste_30";12,9963006154447;89,6468970447159;12,3173386367322;12,3399970765985;12,1947825426464;12,1828370508031
2026-07-04 18:15:00;2026-07-04 18:20:13;"1F";89,9;13;12,8;12,2;13;89,6;12,8208809924526;89,8081607357757;"teste_30";12,8003201183047;89,8719062782824;12,1422278761913;12,1647998893639;12,0165298765666;12,0050795850357
2026-07-04 18:30:00;2026-07-04 18:35:12;"1F";89,8;13;12,7;12,1;12,9;89,9;12,8208809924526;89,732122197485;"teste_30";12,8003201183047;89,7969032004269;12,0658659532534;12,1372744849252;11,9908309038664;11,9794600585605
2026-07-04 18:45:00;2026-07-04 18:50:11;"1F";90,1;12,7;12,4;11,9;12,7;89,7;12,5254744324552;89,9602378123571;"teste_30";12,5063493725948;90,0219124339934;11,833047206998;11,8629547286113;11,7147249957995;11,7042195160131
2026-07-04 19:00:00;2026-07-04 19:05:11;"1F";90,6;12,5;12,3;11,7;12,5;90,1;12,3285367257903;90,3404305038108;"teste_30";12,3103688754548;90,3969278232708;11,6850212104822;11,7222754355291;11,567464184297;11,5573026813986
2026-07-04 19:15:00;2026-07-04 19:20:10;"1F";90,8;12,5;12,1;11,7;12,4;90,5;12,3285367257903;90,4925075803922;"teste_30";12,3103688754548;90,5469339789818;11,5957894700603;11,6971877252444;11,538754217465;11,5284358177609
2026-07-04 19:30:00;2026-07-04 19:35:10;"1F";90,8;12,4;12,1;11,6;12,3;90,6;12,2300678724579;90,4925075803922;"teste_30";12,2123786268848;90,5469339789818;11,5241786710444;11,6181068482533;11,4609333992017;11,4509845571781
2026-07-04 19:45:00;2026-07-04 19:50:09;"1F";90;12,4;12,1;11,6;12,2;90,6;12,2300678724579;89,8841992740664;"teste_30";12,2123786268848;89,9469093561379;11,4451302695504;11,5586244931187;11,4158926237261;11,4065689812381
2026-07-04 20:00:00;2026-07-04 20:05:09;"1F";89,9;12,3;11,9;11,4;12,1;90,4;12,1315990191254;89,8081607357757;"teste_30";12,1143883783148;89,8719062782824;11,3113059485779;11,4322620646923;11,2925559907296;11,283677850779
2026-07-04 20:15:00;2026-07-04 20:20:08;"1F";89,9;12,2;11,9;11,3;12,1;90,2;12,033130165793;89,8081607357757;"teste_30";12,0163981297448;89,8719062782824;11,2965364068608;11,3533280375942;11,2148453846577;11,2063346954944
2026-07-04 20:30:00;2026-07-04 20:35:07;"1F";89,9;12,2;11,9;11,3;12,1;90,2;12,033130165793;89,8081607357757;"teste_30";12,0163981297448;89,8719062782824;11,2965364068608;11,3533280375942;11,2148453846577;11,2063346954944
2026-07-04 20:45:00;2026-07-04 20:50:07;"1F";89,9;12,1;11,9;11,3;12;90,1;11,9346613124605;89,8081607357757;"teste_30";11,9184078811748;89,8719062782824;11,2101871876931;11,2743939973448;11,1371347657367;11,1289915275029
2026-07-04 21:00:00;2026-07-04 21:05:07;"1F";90,1;11,9;11,7;11,1;11,9;90,1;11,7377236057956;89,9602378123571;"teste_30";11,7224273840349;90,0219124339934;11,0912203438353;11,0912203438353;10,9528435872623;10,9452814801576
2026-07-04 21:15:00;2026-07-04 21:20:06;"1F";90,4;11,9;11,6;11,1;11,7;90,3;11,7377236057956;90,1883534272293;"teste_30";11,7224273840349;90,2469216675598;10,9279221900143;11,0932742397947;10,9495459149657;10,9417529739744
2026-07-04 21:30:00;2026-07-04 21:35:05;"1F";90,5;11,8;11,4;11;11,6;90,4;11,6392547524632;90,26439196552;"teste_30";11,6244371354649;90,3219247454153;10,8162265784662;10,9815966240645;10,8373310252369;10,8298299517044
2026-07-04 21:45:00;2026-07-04 21:50:05;"1F";91,1;11,6;11,3;10,8;11,6;90,6;11,4423170457983;90,7206231952643;"teste_30";11,4284566383249;90,7719432125483;10,8108395886882;10,8474017679365;10,6949792742741;10,6877576525878
2026-07-04 22:00:00;2026-07-04 22:05:04;"1F";91,4;11,5;11,2;10,8;11,4;90,9;11,3438481924658;90,9487388101365;"teste_30";11,3304663897549;90,9969524461148;10,6545773643412;10,7701814446637;10,6137072118826;10,6066270659168
2026-07-04 22:15:00;2026-07-04 22:20:03;"1F";91,7;11,4;11,1;10,7;11,3;91,1;11,2453793391334;91,1768544250086;"teste_30";11,2324761411849;91,2219616796813;10,5700129378785;10,6928799447387;10,5323714495455;10,5254339316085
2026-07-04 22:30:00;2026-07-04 22:35:03;"1F";91,4;11,4;11;10,6;11,2;91,4;11,2453793391334;90,9487388101365;"teste_30";11,2324761411849;90,9969524461148;10,4926472890023;10,6510034056736;10,4958132817569;10,4891040829805
2026-07-04 22:45:00;2026-07-04 22:50:02;"1F";91,2;11,4;11;10,6;11,2;91,4;11,2453793391334;90,7966617335551;"teste_30";11,2324761411849;90,8469462904038;10,4926472890023;10,6364277677125;10,4847796139342;10,4782224986219
2026-07-04 23:00:00;2026-07-04 23:05:02;"1F";91,4;11,3;10,9;10,6;11,1;91,3;11,1469104858009;90,9487388101365;"teste_30";11,134485892615;90,9969524461148;10,3862288916937;10,551825353799;10,3979193389148;10,3915810874641
2026-07-04 23:15:00;2026-07-04 23:20:04;"1F";91,5;11,3;10,9;10,6;11,1;91,4;11,1469104858009;91,0247773484272;"teste_30";11,134485892615;91,0719555239703;10,3934692112456;10,5590996835329;10,4034255802512;10,3970114783821
2026-07-04 23:30:00;2026-07-04 23:35:00;"1F";92,1;11,2;10,9;10,5;11,1;91,4;11,0484416324685;91,4810085781715;"teste_30";11,036495644045;91,5219739911033;10,3934692112456;10,5234923739976;10,3585061557658;10,3520089497588
2026-07-04 23:45:00;2026-07-04 23:50:01;"1F";92,5;11,2;10,8;10,5;11;91,7;11,0484416324685;91,7851627313344;"teste_30";11,036495644045;91,8219863025253;10,3159746404798;10,5325860970881;10,3605182149579;10,3537176196129
2026-07-05;2026-07-05 00:05:00;"1F";92,2;11,2;10,8;10,5;11;91,9;11,0484416324685;91,5570471164622;"teste_30";11,036495644045;91,5969770689588;10,3304394427941;10,5107631139514;10,3440075969673;10,337434583832
2026-07-05 00:15:00;2026-07-05 00:19:59;"1F";91,6;11,2;10,8;10,5;11;91,9;11,0484416324685;91,1008158867179;"teste_30";11,036495644045;91,1469586018258;10,3304394427941;10,467165523843;10,311014660417;10,3048960891424
2026-07-05 00:30:00;2026-07-05 00:34:59;"1F";91,3;11,2;10,9;10,5;11;91,7;11,0484416324685;90,8727002718458;"teste_30";11,036495644045;90,9219493682593;10,3359746404798;10,4653908459475;10,3145323112766;10,3086406010493
2026-07-05 00:45:00;2026-07-05 00:49:58;"1F";91,1;11,2;10,9;10,4;11;91,6;11,0484416324685;90,7206231952643;"teste_30";11,036495644045;90,7719432125483;10,3287449772697;10,4508833018378;10,3035492973162;10,2978086949787
2026-07-05 01:00:00;2026-07-05 01:04:57;"1F";91,2;11,2;10,9;10,5;11;91,4;11,0484416324685;90,7966617335551;"teste_30";11,036495644045;90,8469462904038;10,314291120491;10,45813618401;10,3090402828019;10,3032241397827
2026-07-05 01:15:00;2026-07-05 01:19:57;"1F";91,2;11,2;10,9;10,5;11;91,3;11,0484416324685;90,7966617335551;"teste_30";11,036495644045;90,8469462904038;10,307066924404;10,45813618401;10,3090402828019;10,3032241397827
2026-07-05 01:30:00;2026-07-05 01:34:56;"1F";91,4;11,1;10,8;10,4;11;91,3;10,949972779136;90,9487388101365;"teste_30";10,938505395475;90,9969524461148;10,287066924404;10,3734692112456;10,222131414934;10,2165350585459
2026-07-05 01:45:00;2026-07-05 01:49:55;"1F";91,6;11;10,8;10,3;10,9;91,3;10,8515039258036;91,1008158867179;"teste_30";10,840515146905;91,1469586018258;10,2079049440399;10,3087449772697;10,155178232571;10,1498024762173
2026-07-05 02:00:00;2026-07-05 02:04:55;"1F";91,7;11;10,7;10,3;10,8;91,5;10,8515039258036;91,1768544250086;"teste_30";10,840515146905;91,2219616796813;10,1231287088718;10,2959746404798;10,1406502328751;10,1351992616483
2026-07-05 02:15:00;2026-07-05 02:19:55;"1F";91,6;11;10,7;10,3;10,8;91,5;10,8515039258036;91,1008158867179;"teste_30";10,840515146905;91,1469586018258;10,1231287088718;10,2887449772697;10,135178232571;10,1298024762173
2026-07-05 02:30:00;2026-07-05 02:34:55;"1F";91,6;11;10,7;10,3;10,8;91,6;10,8515039258036;91,1008158867179;"teste_30";10,840515146905;91,1469586018258;10,1303243788564;10,2887449772697;10,135178232571;10,1298024762173
2026-07-05 02:45:00;2026-07-05 02:49:53;"1F";91,7;11;10,6;10,3;10,8;91,6;10,8515039258036;91,1768544250086;"teste_30";10,840515146905;91,2219616796813;10,1103243788564;10,2759746404798;10,1206502328751;10,1151992616483
2026-07-05 03:00:00;2026-07-05 03:04:53;"1F";91,9;11;10,6;10,3;10,8;91,7;10,8515039258036;91,3289315015901;"teste_30";10,840515146905;91,3719678353923;10,1175219109676;10,2904394427941;10,1315974379273;10,1259959547892
2026-07-05 03:15:00;2026-07-05 03:19:54;"1F";91,7;11,1;10,7;10,4;10,8;91,8;10,949972779136;91,1768544250086;"teste_30";10,938505395475;91,2219616796813;10,1447213063784;10,3752009858338;10,2185805561184;10,2127579480105
2026-07-05 03:30:00;2026-07-05 03:34:52;"1F";92;11,2;10,8;10,5;11;91,8;11,0484416324685;91,4049700398808;"teste_30";11,036495644045;91,4469709132478;10,323206128573;10,4962234257633;10,3330057626947;10,3265843370543
2026-07-05 03:45:00;2026-07-05 03:49:51;"1F";92,3;11,3;10,8;10,6;11,1;91,9;11,1469104858009;91,6330856547529;"teste_30";11,134485892615;91,6719801468143;10,4096978617739;10,5973579586022;10,4275127711045;10,4204909188768
2026-07-05 04:00:00;2026-07-05 04:04:53;"1F";92;11,3;10,9;10,6;11,1;91,9;11,1469104858009;91,4049700398808;"teste_30";11,134485892615;91,4469709132478;10,4296978617739;10,5954978273325;10,4309723032217;10,424178555074
2026-07-05 04:15:00;2026-07-05 04:19:50;"1F";92,2;11,2;11;10,6;11,1;91,9;11,0484416324685;91,5570471164622;"teste_30";11,036495644045;91,5969770689588;10,4496978617739;10,5507631139514;10,3840075969673;10,377434583832
2026-07-05 04:30:00;2026-07-05 04:34:50;"1F";93,7;11;10,8;10,5;11;92;10,8515039258036;92,697625190823;"teste_30";10,840515146905;92,7220232367912;10,3376745843822;10,4609527521127;10,270315213187;10,2633541627682
2026-07-05 04:45:00;2026-07-05 04:49:49;"1F";95,1;10,8;10,5;10,3;10,8;92,5;10,6545662191387;93,762164726893;"teste_30";10,644534649765;93,7720663267682;10,1551693440147;10,3433540273488;10,1306663423628;10,1234000702164
2026-07-05 05:00:00;2026-07-05 05:04:48;"1F";96,2;10,8;10,4;10,4;10,8;93,2;10,6545662191387;94,5985886480909;"teste_30";10,644534649765;94,5971001831786;10,1857091324543;10,4033562300431;10,1710758465982;10,1629747050966
2026-07-05 05:15:00;2026-07-05 05:19:48;"1F";96,7;10,7;10,3;10,3;10,7;93,6;10,5560973658062;94,9787813395445;"teste_30";10,546544401195;94,9721155724561;10,1151023299825;10,339791272017;10,1000573557064;10,0919582286131
2026-07-05 05:30:00;2026-07-05 05:34:47;"1F";97;10,7;10,3;10,4;10,7;94;10,5560973658062;95,2068969544167;"teste_30";10,546544401195;95,1971248060226;10,1439910594617;10,3616334963901;10,1165380191674;10,1082107898543
2026-07-05 05:45:00;2026-07-05 05:49:46;"1F";97,2;10,8;10,4;10,5;10,7;94,4;10,6545662191387;95,3589740309981;"teste_30";10,644534649765;95,3471309617336;10,1929103032473;10,4762860949388;10,2261102065958;10,217247045043
2026-07-05 06:00:00;2026-07-05 06:04:46;"1F";97,4;11;10,5;10,7;10,9;94,6;10,8515039258036;95,5110511075795;"teste_30";10,840515146905;95,4971371174446;10,3867495405851;10,671118076579;10,4143353423073;10,404551153312
2026-07-05 06:15:00;2026-07-05 06:19:45;"1F";97,6;11,1;10,6;10,8;11;94,8;10,949972779136;95,6631281841609;"teste_30";10,938505395475;95,6471432731556;10,5010053162012;10,7859362515822;10,5240313798226;10,5137089263059
2026-07-05 06:30:00;2026-07-05 06:34:45;"1F";97,7;11,2;10,8;10,9;11,1;95;11,0484416324685;95,7391667224517;"teste_30";11,036495644045;95,7221463510111;10,635330438239;10,9134488627879;10,6482166687192;10,6374323442897
2026-07-05 06:45:00;2026-07-05 06:49:44;"1F";97,9;11,2;10,8;10,9;11,2;95;11,0484416324685;95,8912437990331;"teste_30";11,036495644045;95,8721525067221;10,715076387555;10,9281966964277;10,6593397020843;10,648400662559
2026-07-05 07:00:00;2026-07-05 07:04:43;"1F";98;11,2;10,8;10,9;11,2;95,1;11,0484416324685;95,9672823373238;"teste_30";11,036495644045;95,9471555845775;10,7223996293603;10,9355733999843;10,6649028350396;10,6538863958645
2026-07-05 07:15:00;2026-07-05 07:19:43;"1F";98,1;11,3;10,9;11,1;11,2;95,3;11,1469104858009;96,0433208756145;"teste_30";11,134485892615;96,022158662433;10,7570515988527;11,0431681509844;10,7691496654698;10,7576702013338
2026-07-05 07:30:00;2026-07-05 07:34:42;"1F";98,2;11,5;11,3;11,3;11,4;95,5;11,3438481924658;96,1193594139053;"teste_30";11,3304663897549;96,0971617402885;11,0113567323914;11,2910255976604;11,0121144161583;10,9997856797266
2026-07-05 07:45:00;2026-07-05 07:49:42;"1F";98,2;11,5;11,5;11,3;11,4;95,5;11,3438481924658;96,1193594139053;"teste_30";11,3304663897549;96,0971617402885;11,0513567323914;11,3310255976604;11,0521144161583;11,0397856797266
2026-07-05 08:00:00;2026-07-05 08:04:41;"1F";98,2;11,4;11,6;11,3;11,4;95,5;11,2453793391334;96,1193594139053;"teste_30";11,2324761411849;96,0971617402885;11,0713567323914;11,270794537605;10,9934204003452;10,981477468369
2026-07-05 08:15:00;2026-07-05 08:19:40;"1F";98,3;11,4;11,9;11,3;11,3;95,6;11,2453793391334;96,195397952196;"teste_30";11,2324761411849;96,172164818144;11,0588815557305;11,338206573964;11,0590095858948;11,0469887556931
2026-07-05 08:30:00;2026-07-05 08:34:40;"1F";98,2;11,4;12,4;11,4;11,3;95,7;11,2453793391334;96,1193594139053;"teste_30";11,2324761411849;96,0971617402885;11,1662311104177;11,430794537605;11,1534204003452;11,141477468369
2026-07-05 08:45:00;2026-07-05 08:49:40;"1F";98,3;11,6;13;11,7;11,2;95,8;11,4423170457983;96,195397952196;"teste_30";11,4284566383249;96,172164818144;11,2137135761565;11,7186984359335;11,4364204235202;11,4236275702674
2026-07-05 09:00:00;2026-07-05 09:04:39;"1F";98,2;11,6;13,4;11,8;11,4;95,9;11,4423170457983;96,1193594139053;"teste_30";11,4284566383249;96,0971617402885;11,4608198584892;11,7912566471126;11,5108084210351;11,4980938802431
2026-07-05 09:15:00;2026-07-05 09:19:38;"1F";98,2;11,7;13,4;11,9;11,4;95,9;11,5407858991307;96,1193594139053;"teste_30";11,5264468868949;96,0971617402885;11,4608198584892;11,8714876859906;11,5895024150055;11,5764020699482
2026-07-05 09:30:00;2026-07-05 09:34:38;"1F";98,1;11,8;15;12,3;11,5;96,1;11,6392547524632;96,0433208756145;"teste_30";11,6244371354649;96,022158662433;11,8754769315605;12,264248932633;11,9825625975103;11,9691551487318
2026-07-05 09:45:00;2026-07-05 09:49:37;"1F";97,8;12,5;17,1;13,2;11,7;96,2;12,3285367257903;95,8152052607424;"teste_30";12,3103688754548;95,7971494288665;12,4627259101967;13,2230493139853;12,9362047397529;12,9203384299146
2026-07-05 10:00:00;2026-07-05 10:04:37;"1F";93,9;12,9;17,9;13,4;12,1;96,2;12,7224121391201;92,8497022674044;"teste_30";12,7023298697347;92,8720293925022;12,9424454769759;13,407413980977;13,1869859319288;13,1727180235644
2026-07-05 10:15:00;2026-07-05 10:19:36;"1F";90,4;13,8;18,9;14;12,4;96,4;13,6086318191122;90,1883534272293;"teste_30";13,5842421068646;90,2469216675598;13,3972924732865;14,0545734042785;13,8872117660953;13,8724149626434
2026-07-05 10:30:00;2026-07-05 10:34:35;"1F";89,4;13,8;17,5;13,7;12,8;96,1;13,6086318191122;89,4279680443221;"teste_30";13,5842421068646;89,4968908890049;13,4143670682993;13,6979995211934;13,5492338573323;13,5352504804809
2026-07-05 10:45:00;2026-07-05 10:49:35;"1F";89,2;13,7;18,9;13,9;12,7;95,4;13,5101629657797;89,2758909677407;"teste_30";13,4862518582946;89,3468847332939;13,5614926037399;13,8838811166752;13,7400230836719;13,7265679854389
2026-07-05 11:00:00;2026-07-05 11:04:34;"1F";86,3;14,4;21,3;14,7;13,1;94,7;14,1994449391069;87,0707733573099;"teste_30";14,1721835982845;87,1717954754845;14,3074066854386;14,69136989884;14,5935244938025;14,5799004549856
2026-07-05 11:15:00;2026-07-05 11:19:33;"1F";85,4;14,5;21,8;14,8;13,4;93;14,2979137924393;86,3864265126934;"teste_30";14,2701738468545;86,496767774785;14,5165265621873;14,800130165637;14,7180609837947;14,704820587503
2026-07-05 11:30:00;2026-07-05 11:34:33;"1F";81,7;15,4;27,1;16,3;13,8;91,3;15,1841334724314;83,5730005959369;"teste_30";15,1520860839844;83,7216538941317;15,7635972027797;16,2725722523502;16,2517662250332;16,2384479529095
2026-07-05 11:45:00;2026-07-05 11:49:33;"1F";79,7;16,2;27,8;16,9;14,6;87,8;15,971884299091;82,0522298301226;"teste_30";15,9360080725442;82,2215923370217;16,2644140368063;16,8727601809582;16,8839199355554;16,8695606154969
2026-07-05 12:00:00;2026-07-05 12:04:32;"1F";76,8;17;28,8;17,4;15,6;83,7;16,7596351257506;79,8471122196918;"teste_30";16,7199300611041;80,0465030792124;16,9255719209873;17,4538289475839;17,5164221994175;17,5019129959531
2026-07-05 12:15:00;2026-07-05 12:19:32;"1F";75,5;17;30,5;17,7;16,2;81,7;16,7596351257506;78,8586112219124;"teste_30";16,7199300611041;79,0714630670909;17,5727080211582;17,6879834749603;17,7763772106333;17,7630267991113
2026-07-05 12:30:00;2026-07-05 12:34:31;"1F";73,4;18;30,8;18,3;16,4;80,8;17,7443236590751;77,2618019178074;"teste_30";17,699832546804;77,4963984321255;17,7154167282297;18,3361503519896;18,4622118863532;18,4475099044142
2026-07-05 12:45:00;2026-07-05 12:49:31;"1F";69,1;19;34,8;19,5;17,3;78,5;18,7290121923996;73,9921447713065;"teste_30";18,6797350325038;74,2712660843391;19,0230023896322;19,5266537138005;19,7399219794128;19,7261304260443
2026-07-05 13:00:00;2026-07-05 13:04:30;"1F";67,4;19,7;33,4;19,6;17,9;76,9;19,4182941657268;72,6994896203644;"teste_30";19,3656667724937;72,9962137607957;19,0715061145725;19,6228115581095;19,8723699488722;19,8581084310136
2026-07-05 13:15:00;2026-07-05 13:19:30;"1F";68,1;19,5;29,7;18,8;18,1;76;19,2213564590619;73,2317593883994;"teste_30";19,1696862753538;73,5212353057842;18,4095282092615;18,7946044290395;19,0289281458757;19,0145795717777
2026-07-05 13:30:00;2026-07-05 13:34:29;"1F";68,9;19,2;28;18,3;18,5;75;18,9259498990645;73,8400676947251;"teste_30";18,8757155296438;74,1212599286282;18,2908937993581;18,2994016491685;18,5166931564895;18,5024790982328
2026-07-05 13:45:00;2026-07-05 13:49:28;"1F";69,1;19,2;27;18,1;18,8;74,2;18,9259498990645;73,9921447713065;"teste_30";18,8757155296438;74,2712660843391;18,2515843946242;18,1166860573311;18,329672143136;18,3152629962971
2026-07-05 14:00:00;2026-07-05 14:04:28;"1F";69,3;19,3;26,8;18,2;18,8;74,5;19,024418752397;74,144221847888;"teste_30";18,9737057782138;74,4212722400501;18,2371021734061;18,1690247138337;18,377554634766;18,3626410621318
2026-07-05 14:15:00;2026-07-05 14:19:27;"1F";69,6;19,3;25,8;18;18,8;74,5;19,024418752397;74,3723374627601;"teste_30";18,9737057782138;74,6462814736166;18,0371021734061;17,9949987569334;18,1970624329207;18,1818556617914
2026-07-05 14:30:00;2026-07-05 14:34:27;"1F";69,7;19,1;26,2;17,9;19;74,2;18,8274810457321;74,4483760010509;"teste_30";18,7777252810738;74,7212845514721;18,2437469041954;17,9333630922338;18,1336331662993;18,1189503333944
2026-07-05 14:45:00;2026-07-05 14:49:26;"1F";68,4;20;26,2;18,5;18,8;74,7;19,7137007257241;73,4598750032715;"teste_30";19,6596375182037;73,7462445393507;18,1341105929923;18,4950766234818;18,7223879149718;18,7062107504769
2026-07-05 15:00:00;2026-07-05 15:04:25;"1F";68,8;19,8;27,1;18,6;19,4;73,6;19,5167630190592;73,7640291564344;"teste_30";19,4636570210637;74,0462568507727;18,6762889250094;18,5604632163558;18,7791804921433;18,7632173239364
2026-07-05 15:15:00;2026-07-05 15:19:24;"1F";75,7;16,7;22,1;15,8;18;75,8;16,4642285657532;79,0106882984939;"teste_30";16,4259593153942;79,2214692228019;16,7964113719717;15,7951268294487;15,8811721244806;15,8686325185812
2026-07-05 15:30:00;2026-07-05 15:34:24;"1F";78;16;18,2;14,7;16;80;15,7749465924261;80,7595746791804;"teste_30";15,7400275754043;80,9465400134783;14,82233450715;14,6632572818088;14,708722630035;14,6965096831646
2026-07-05 15:45:00;2026-07-05 15:49:23;"1F";79,1;15,8;17,8;14,5;15,4;81,4;15,5780088857612;81,5959986003783;"teste_30";15,5440470782643;81,7715738698888;14,3890074704557;14,5166608652685;14,5423558650382;14,5298749037283
2026-07-05 16:00:00;2026-07-05 16:04:23;"1F";76,9;16,2;21,7;15,4;15,6;81,3;15,971884299091;79,9231507579825;"teste_30";15,9360080725442;80,1215061570679;15,3160418744304;15,4290488188247;15,4945168516083;15,4825847885887
2026-07-05 16:15:00;2026-07-05 16:19:22;"1F";76,9;16,2;22,5;15,6;15,8;80,5;15,971884299091;79,9231507579825;"teste_30";15,9360080725442;80,1215061570679;15,5675334163049;15,5890488188247;15,6545168516083;15,6425847885887
2026-07-05 16:30:00;2026-07-05 16:34:22;"1F";78,5;16,2;20,8;15,4;15,8;81;15,971884299091;81,139767370634;"teste_30";15,9360080725442;81,3215554027558;15,2671525331161;15,3768583737621;15,4112932883533;15,3979739787314
2026-07-05 16:45:00;2026-07-05 16:49:21;"1F";79,7;16,1;18,2;14,9;15,8;81,8;15,8734154457585;82,0522298301226;"teste_30";15,8380178239743;82,2215923370217;14,8105691507531;14,8756119512278;14,8875269240887;14,8735088821707
2026-07-05 17:00:00;2026-07-05 17:04:20;"1F";80,6;16;17;14,7;15,9;82,2;15,7749465924261;82,736576674739;"teste_30";15,7400275754043;82,8966200377212;14,6798977269894;14,6300870358219;14,6253881823371;14,6109365123677
2026-07-05 17:15:00;2026-07-05 17:19:20;"1F";81,9;15,8;15,8;14,4;15,8;83;15,5780088857612;83,7250776725184;"teste_30";15,5440470782643;83,8716600498427;14,4257586574915;14,338498576302;14,310427412;14,2955509254445
2026-07-05 17:30:00;2026-07-05 17:34:19;"1F";83,7;15,7;15;14,2;15,6;84,1;15,4795400324287;85,0937713617513;"teste_30";15,4460568296943;85,2217154512416;14,1971956549623;14,2434481057526;14,1817052328949;14,1656398195136
2026-07-05 17:45:00;2026-07-05 17:49:19;"1F";84,4;15,5;14,5;14;15,6;84,7;15,2826023257638;85,6260411297863;"teste_30";15,2500763325543;85,7467369962301;14,1446516112238;14,042920789107;13,9696970342338;13,9537415784383
2026-07-05 18:00:00;2026-07-05 18:04:18;"1F";84,8;15,3;13,9;13,8;15,3;85,2;15,0856646190989;85,9301952829491;"teste_30";15,0540958354144;86,046749307652;13,829798581116;13,7983537547784;13,719481394572;13,7038960978983
2026-07-05 18:15:00;2026-07-05 18:19:17;"1F";84,9;15,1;13,7;13,6;15,1;85,4;14,888726912434;86,0062338212399;"teste_30";14,8581153382744;86,1217523855075;13,6491768914391;13,6100390464966;13,5312754442996;13,5163160633402
2026-07-05 18:30:00;2026-07-05 18:34:16;"1F";86,3;14,6;13,3;13,2;14,7;85,8;14,3963826457718;87,0707733573099;"teste_30";14,3681640954245;87,1717954754845;13,2875275383892;13,2480294202253;13,1480445246907;13,1337030697616
2026-07-05 18:45:00;2026-07-05 18:49:16;"1F";87,4;14,3;13,1;13,1;14,3;86,8;14,1009760857744;87,9071972785078;"teste_30";14,0741933497145;87,996829331895;13,0115535663637;13,0578045526476;12,9404936549017;12,926325171217
2026-07-05 19:00:00;2026-07-05 19:04:15;"1F";89;14;13;12,9;14,1;87,8;13,8055695257771;89,1238138911593;"teste_30";13,7802226040046;89,1968785775829;12,9114905165636;12,9249752153442;12,7812617908623;12,7668727078832
2026-07-05 19:15:00;2026-07-05 19:19:15;"1F";89,5;13,9;12,9;12,9;13,9;88,7;13,7071006724446;89,5040065826129;"teste_30";13,6822323554346;89,5718939668604;12,8032066548599;12,8645193538849;12,7126894403359;12,6982582920415
2026-07-05 19:30:00;2026-07-05 19:34:14;"1F";89,5;14;12,9;13;13,9;89,1;13,8055695257771;89,5040065826129;"teste_30";13,7802226040046;89,5718939668604;12,8338533806965;12,9433873663462;12,7903505425535;12,7755528920928
2026-07-05 19:45:00;2026-07-05 19:49:14;"1F";89,9;13,9;12,9;12,9;13,9;89,3;13,7071006724446;89,8081607357757;"teste_30";13,6822323554346;89,8719062782824;12,84918395092;12,8952047407009;12,7359239703286;12,7211666366345
2026-07-05 20:00:00;2026-07-05 20:04:13;"1F";90,9;13,8;12,9;12,9;13,8;89,7;13,6086318191122;90,5685461186829;"teste_30";13,5842421068646;90,6219370568373;12,8009586468024;12,8929072867494;12,7162285934925;12,7010244554285
2026-07-05 20:15:00;2026-07-05 20:19:13;"1F";91,5;13,7;12,8;12,8;13,6;90,2;13,5101629657797;91,0247773484272;"teste_30";13,4862518582946;91,0719555239703;12,6612827023956;12,8397559589785;12,6531677833433;12,6378454600725
2026-07-05 20:30:00;2026-07-05 20:34:13;"1F";91,9;13,6;12,8;12,8;13,6;90,7;13,4116941124473;91,3289315015901;"teste_30";13,3882616097246;91,3719678353923;12,699440987258;12,7911542678498;12,5984103036855;12,5831344057702
2026-07-05 20:45:00;2026-07-05 20:49:12;"1F";93,6;13,3;12,6;12,6;13,3;91,1;13,1162875524499;92,6215866525323;"teste_30";13,0942908640147;92,6470201589357;12,4526029709382;12,6428270111054;12,4224572850158;12,4069257139914
2026-07-05 21:00:00;2026-07-05 21:04:11;"1F";94,5;13,2;12,6;12,6;13,2;91,9;13,0178186991175;93,3059334971487;"teste_30";12,9963006154447;93,3220478596352;12,4341217576384;12,6318553304722;12,3961241829989;12,3802418887504
2026-07-05 21:15:00;2026-07-05 21:19:10;"1F";95,2;13,2;12,6;12,7;13,2;92,5;13,0178186991175;93,8382032651838;"teste_30";12,9963006154447;93,8470694046237;12,4796668955389;12,6852582741153;12,436479915587;12,4200313017843
2026-07-05 21:30:00;2026-07-05 21:34:10;"1F";94,8;13,4;12,7;12,8;13,3;92,8;13,2147564057824;93,5340491120209;"teste_30";13,1922811125847;93,5470570932017;12,6018601319906;12,8341630859613;12,5900140959211;12,5731320792043
2026-07-05 21:45:00;2026-07-05 21:49:09;"1F";94,8;13,4;12,8;12,8;13,3;93;13,2147564057824;93,5340491120209;"teste_30";13,1922811125847;93,5470570932017;12,637093374529;12,8541630859613;12,6100140959211;12,5931320792043
2026-07-05 22:00:00;2026-07-05 22:04:08;"1F";94,7;13,4;12,5;12,8;13,3;93,1;13,2147564057824;93,4580105737301;"teste_30";13,1922811125847;93,4720540153462;12,5847121100461;12,7865045845905;12,5442263074452;12,5274256098456
2026-07-05 22:15:00;2026-07-05 22:19:08;"1F";94,2;13,5;12,4;12,8;13,3;93,1;13,3132252591148;93,0778178822766;"teste_30";13,2902713611546;93,0970386260687;12,5647121100461;12,8078549853877;12,5735288632955;12,5567572102256
2026-07-05 22:30:00;2026-07-05 22:34:07;"1F";94,1;13,3;12,3;12,6;13,3;93;13,1162875524499;93,0017793439858;"teste_30";13,0942908640147;93,0220355482132;12,537093374529;12,6209774679314;12,3912997252924;12,3753635570467
2026-07-05 22:45:00;2026-07-05 22:49:06;"1F";95,1;12,9;11,9;12,3;12,9;93;12,7224121391201;93,762164726893;"teste_30";12,7023298697347;93,7720663267682;12,1393605070321;12,2983413827901;12,0557068736421;12,040476893437
2026-07-05 23:00:00;2026-07-05 23:04:06;"1F";95,4;12,8;11,8;12,2;12,8;93,3;12,6239432857877;93,9902803417652;"teste_30";12,6043396211647;93,9970755603347;12,0625509730925;12,221299998924;11,9745366888656;11,9594455766879
2026-07-05 23:15:00;2026-07-05 23:19:05;"1F";95,3;12,9;11,8;12,3;12,8;93,5;12,7224121391201;93,9142418034745;"teste_30";12,7023298697347;93,9220724824792;12,0776409912616;12,2935171903745;12,0471727278009;12,0317820990235
2026-07-05 23:30:00;2026-07-05 23:34:13;"1F";95,2;12,9;11,8;12,3;12,8;93,6;12,7224121391201;93,8382032651838;"teste_30";12,7023298697347;93,8470694046237;12,0851882688009;12,2859285241939;12,0414393574622;12,0261290638776
2026-07-05 23:45:00;2026-07-05 23:49:04;"1F";95,3;12,9;11,9;12,3;12,8;93,7;12,7224121391201;93,9142418034745;"teste_30";12,7023298697347;93,9220724824792;12,1127370610565;12,3135171903745;12,0671727278009;12,0517820990235
2026-07-06;2026-07-06 00:04:04;"1F";96,2;12,9;11,8;12,4;12,8;93,8;12,7224121391201;94,5985886480909;"teste_30";12,7023298697347;94,5971001831786;12,1002873698293;12,3618840835219;12,0988130808489;12,0826984480965
2026-07-06 00:15:00;2026-07-06 00:19:03;"1F";96,3;12,8;11,8;12,3;12,8;93,9;12,6239432857877;94,6746271863816;"teste_30";12,6043396211647;94,6721032610341;12,1078391969132;12,2895430824969;12,0260801806719;12,0102668000479
2026-07-06 00:30:00;2026-07-06 00:34:02;"1F";97;12,8;11,6;12,3;12,8;94,1;12,6239432857877;95,2068969544167;"teste_30";12,6043396211647;95,1971248060226;12,082947413154;12,3027083861639;12,0262202260486;12,0098438216402
2026-07-06 00:45:00;2026-07-06 00:49:02;"1F";97,4;12,9;11,9;12,5;12,9;94,4;12,7224121391201;95,5110511075795;"teste_30";12,7023298697347;95,4971371174446;12,245273940308;12,4732344014677;12,1877796380897;12,1706968715188
2026-07-06 01:00:00;2026-07-06 01:04:02;"1F";97,6;13;12,1;12,6;12,9;94,5;12,8208809924526;95,6631281841609;"teste_30";12,8003201183047;95,6471432731556;12,292850457172;12,6086225247209;12,3179118631159;12,3002828731271
2026-07-06 01:15:00;2026-07-06 01:19:01;"1F";97,8;13;12,3;12,7;13;94,7;12,8208809924526;95,8152052607424;"teste_30";12,8003201183047;95,7971494288665;12,4277073634152;12,6639055576525;12,3694454428788;12,3516542750251
2026-07-06 01:30:00;2026-07-06 01:34:00;"1F";97,9;13,1;12,4;12,8;13;94,9;12,919349845785;95,8912437990331;"teste_30";12,8983103668747;95,8721525067221;12,4629019590907;12,7717355613012;12,4738731338061;12,4556156637962
2026-07-06 01:45:00;2026-07-06 01:49:00;"1F";98,1;13,2;12,6;12,9;13,1;95,1;13,0178186991175;96,0433208756145;"teste_30";12,9963006154447;96,022158662433;12,5978637279144;12,907273730022;12,6041173732795;12,5853115799315
2026-07-06 02:00:00;2026-07-06 02:04:00;"1F";98,2;13,4;12,8;13,1;13,3;95,2;13,2147564057824;96,1193594139053;"teste_30";13,1922811125847;96,0971617402885;12,8050348354033;13,1154137565977;12,8072986723859;12,7876396689621
2026-07-06 02:15:00;2026-07-06 02:19:00;"1F";98,4;13,4;12,9;13,2;13,4;95,3;13,2147564057824;96,2714364904867;"teste_30";13,1922811125847;96,2471678959995;12,9124770438451;13,1508343796282;12,8389342497343;12,8191111437208
2026-07-06 02:30:00;2026-07-06 02:33:58;"1F";98,4;13,2;12,9;13;13,3;95,3;13,0178186991175;96,2714364904867;"teste_30";12,9963006154447;96,2471678959995;12,8326850950688;12,990313169453;12,681500997748;12,6624503251233
2026-07-06 02:45:00;2026-07-06 02:48:57;"1F";98,4;13,2;12,8;13;13,1;95,4;13,0178186991175;96,2714364904867;"teste_30";12,9963006154447;96,2471678959995;12,6607221182967;12,970313169453;12,661500997748;12,6424503251233
2026-07-06 03:00:00;2026-07-06 03:03:57;"1F";98,4;13;12,7;12,8;13;95,5;12,8208809924526;96,2714364904867;"teste_30";12,8003201183047;96,2471678959995;12,5685218396695;12,7897919189943;12,4840677041723;12,4657894652879
2026-07-06 03:15:00;2026-07-06 03:18:56;"1F";98,4;12,9;12,6;12,7;12,9;95,6;12,7224121391201;96,2714364904867;"teste_30";12,7023298697347;96,2471678959995;12,4762923548025;12,6895312785907;12,385351041718;12,3674590198365
2026-07-06 03:30:00;2026-07-06 03:33:56;"1F";98,2;12,6;12,3;12,3;12,6;95,4;12,4270055791228;96,1193594139053;"teste_30";12,4083591240248;96,0971617402885;12,161685197475;12,3735665647747;12,0777478748516;12,0611752956121
2026-07-06 03:45:00;2026-07-06 03:49:03;"1F";98,1;12,5;12,1;12,2;12,4;95,6;12,3285367257903;96,0433208756145;"teste_30";12,3103688754548;96,022158662433;11,977101787387;12,2457615848258;11,9533402466627;11,9372336233477
2026-07-06 04:00:00;2026-07-06 04:03:54;"1F";98,1;12,5;12,1;12,2;12,4;95,8;12,3285367257903;96,0433208756145;"teste_30";12,3103688754548;96,022158662433;11,99213970533;12,2457615848258;11,9533402466627;11,9372336233477
2026-07-06 04:15:00;2026-07-06 04:18:54;"1F";98,1;12,4;12,1;12,2;12,3;95,8;12,2300678724579;96,0433208756145;"teste_30";12,2123786268848;96,022158662433;11,912270922747;12,1655455229208;11,8746577575799;11,8589367303485
2026-07-06 04:30:00;2026-07-06 04:33:54;"1F";98,2;12,4;12;12,1;12,3;95,8;12,2300678724579;96,1193594139053;"teste_30";12,2123786268848;96,0971617402885;11,892270922747;12,1531046644665;11,8603600699189;11,8445590976284
2026-07-06 04:45:00;2026-07-06 04:48:53;"1F";98,2;12,3;11,9;12;12,2;95,9;12,1315990191254;96,1193594139053;"teste_30";12,1143883783148;96,0971617402885;11,7998929399712;12,0528736988067;11,7616661514617;11,7462509827832
2026-07-06 05:00:00;2026-07-06 05:03:53;"1F";98,3;12,3;11,9;12,1;12,2;96;12,1315990191254;96,195397952196;"teste_30";12,1143883783148;96,172164818144;11,807385411303;12,0604196221473;11,7673580139444;11,7518630829657
2026-07-06 05:15:00;2026-07-06 05:18:53;"1F";98,3;12,4;11,9;12,1;12,3;96,1;12,2300678724579;96,195397952196;"teste_30";12,2123786268848;96,172164818144;11,8947941591859;12,1406654642803;11,8460633410633;11,8301823993507
2026-07-06 05:30:00;2026-07-06 05:33:52;"1F";98,3;12,4;11,9;12,1;12,3;96;12,2300678724579;96,195397952196;"teste_30";12,2123786268848;96,172164818144;11,8872847699556;12,1406654642803;11,8460633410633;11,8301823993507
2026-07-06 05:45:00;2026-07-06 05:48:51;"1F";98,3;12,3;11,9;12,1;12,2;96;12,1315990191254;96,195397952196;"teste_30";12,1143883783148;96,172164818144;11,807385411303;12,0604196221473;11,7673580139444;11,7518630829657
2026-07-06 06:00:00;2026-07-06 06:03:51;"1F";98,2;12,3;11,9;12,1;12,2;96,1;12,1315990191254;96,1193594139053;"teste_30";12,1143883783148;96,0971617402885;11,8148795445166;12,0528736988067;11,7616661514617;11,7462509827832
2026-07-06 06:15:00;2026-07-06 06:18:50;"1F";98;12,4;11,9;12,1;12,2;96,1;12,2300678724579;95,9672823373238;"teste_30";12,2123786268848;95,9471555845775;11,8148795445166;12,1179880382638;11,828956403413;11,8133152969051
2026-07-06 06:30:00;2026-07-06 06:33:50;"1F";97,6;12,3;11,9;12;12,1;96,1;12,1315990191254;95,6631281841609;"teste_30";12,1143883783148;95,6471432731556;11,7349649188277;12,0076332901054;11,7275353001763;11,7125981880206
2026-07-06 06:45:00;2026-07-06 06:48:49;"1F";97,1;12,3;11,9;12;12,1;96,1;12,1315990191254;95,2829354927074;"teste_30";12,1143883783148;95,2721278838781;11,7349649188277;11,969978804567;11,6991194695465;11,6845800634376
2026-07-06 07:00:00;2026-07-06 07:03:48;"1F";96,6;12,3;11,8;11,9;12;96,1;12,1315990191254;94,9027428012538;"teste_30";12,1143883783148;94,8971124946006;11,6350502820885;11,9123658200948;11,65072768661;11,6365853771652
2026-07-06 07:15:00;2026-07-06 07:18:47;"1F";96,3;12,3;11,8;11,9;12;96,1;12,1315990191254;94,6746271863816;"teste_30";12,1143883783148;94,6721032610341;11,6350502820885;11,8898178762329;11,6337041262816;11,6197997838012
2026-07-06 07:30:00;2026-07-06 07:33:54;"1F";96,3;12,3;11,9;11,9;12;96,1;12,1315990191254;94,6746271863816;"teste_30";12,1143883783148;94,6721032610341;11,6550502820885;11,9098178762329;11,6537041262816;11,6397997838012
2026-07-06 07:45:00;2026-07-06 07:48:46;"1F";96,3;12,4;12,1;12;12;96,2;12,2300678724579;94,6746271863816;"teste_30";12,2123786268848;94,6721032610341;11,7025156018872;12,0297629392227;11,7721793593157;11,7578932090045
2026-07-06 08:00:00;2026-07-06 08:03:46;"1F";96,1;12,5;12,6;12,2;12,1;96,1;12,3285367257903;94,5225501098002;"teste_30";12,3103688754548;94,5220971053231;11,8749649188277;12,1946233555871;11,9392638574149;11,9247552780236
2026-07-06 08:15:00;2026-07-06 08:18:45;"1F";95,3;12,7;13,8;12,5;12,2;96,1;12,5254744324552;93,9142418034745;"teste_30";12,5063493725948;93,9220724824792;12,1948795445166;12,5339331718477;12,2904555344489;12,2758242200335
2026-07-06 08:30:00;2026-07-06 08:33:45;"1F";94,6;12,9;14,6;12,8;12,3;96,2;12,7224121391201;93,3819720354394;"teste_30";12,7023298697347;93,3970509374907;12,4423051941247;12,8004284865404;12,5670577251262;12,5522289858344
2026-07-06 08:45:00;2026-07-06 08:48:44;"1F";93,5;13,2;15,1;13,1;12,5;96,1;13,0178186991175;92,5455481142415;"teste_30";12,9963006154447;92,5720170810802;12,6946233555871;13,0556891768772;12,8385452521214;12,8234702424404
2026-07-06 09:00:00;2026-07-06 09:03:45;"1F";90,8;14,1;16,4;13,8;12,8;96,1;13,9040383791095;90,4925075803922;"teste_30";13,8782128525745;90,5469339789818;13,1943670682993;13,8224800548228;13,6438856357017;13,6276543309718
2026-07-06 09:15:00;2026-07-06 09:18:44;"1F";85,5;15,3;20,2;15,1;13,3;96;15,0856646190989;86,4624650509842;"teste_30";15,0540958354144;86,5717708526405;14,3462777553899;15,1133904300551;15,0211791790468;15,005002783725
2026-07-06 09:30:00;2026-07-06 09:33:43;"1F";80,1;16,4;24,3;16,4;14,1;94,8;16,1688220057559;82,3563839832854;"teste_30";16,1319885696842;82,5216046484437;15,7121662172092;16,3591831918859;16,3610322010612;16,3456414768997
2026-07-06 12:00:00;2026-07-06 12:03:38;"1F";69,9;19,8;32,1;19,7;19,2;75,3;19,5167630190592;74,6004530776323;"teste_30";19,4636570210637;74,8712907071831;19,6703241777508;19,6569032584116;19,8515435415437;19,8344865309736
2026-07-06 12:15:00;2026-07-06 12:18:37;"1F";69,3;20;30,1;19,4;19,4;74,8;19,7137007257241;74,144221847888;"teste_30";19,6596375182037;74,4212722400501;19,3798229353884;19,3544399896492;19,5618910111637;19,544811172826
2026-07-06 12:30:00;2026-07-06 12:33:36;"1F";69;20;28,2;18,9;19,5;73,9;19,7137007257241;73,9161062330158;"teste_30";19,6596375182037;74,1962630064837;18,9982050100741;18,9479996295838;19,1620618319311;19,1452825432939
2026-07-06 12:45:00;2026-07-06 12:48:36;"1F";66,5;20,5;29,1;19,3;20;72,5;20,2060449923864;72,0151427757479;"teste_30";20,1495887610536;72,3211860600963;19,435673848647;19,2792986199637;19,5489894786888;19,533229347086
2026-07-06 14:00:00;2026-07-06 14:03:32;"1F";67,7;20,3;26,3;18,7;20,1;72,5;20,0091072857215;72,9276052352365;"teste_30";19,9536082639137;73,2212229943622;18,9514084837664;18,6773876715687;18,9200594209564;18,9036744395584
2026-07-06 14:15:00;2026-07-06 14:18:32;"1F";65,9;20,6;27,3;19;20,1;71,1;20,3045138457188;71,5589115460036;"teste_30";20,2475790096236;71,8711675929633;19,0282472562521;18,9397432002167;19,2231351028426;19,2076962001459
2026-07-06 14:30:00;2026-07-06 14:33:31;"1F";65,7;20,8;28;19,2;20,3;71,2;20,5014515523837;71,4068344694222;"teste_30";20,4435595067636;71,7211614372523;19,3279810324234;19,2102479110837;19,4983876723474;19,4825621948991
2026-07-06 14:45:00;2026-07-06 14:48:30;"1F";65,4;21;29,1;19,5;20,5;71,3;20,6983892590486;71,17871885455;"teste_30";20,6395400039036;71,4961522036858;19,7077973644631;19,551454280808;19,8467206254901;19,8306169581295
2026-07-06 15:00:00;2026-07-06 15:03:32;"1F_SUSPEITO";65,6;20,8;28,2;19,2;20,6;70,8;20,5014515523837;71,3307959311314;"teste_30";20,4435595067636;71,6461583593968;19,5587199911658;19,2411911490689;19,5316301385134;19,51590915579
2026-07-06 15:15:00;2026-07-06 15:18:31;"1F";61,9;21,1;28,7;19,2;20,7;68,5;20,7968581123811;68,5173700143749;"teste_30";20,7375302524735;68,8710444787434;19,5280986190322;19,2245110045937;19,6021939871817;19,589528555642
2026-07-06 15:30:00;2026-07-06 15:33:29;"1F";62,6;20,9;26,3;18,7;20,5;68,1;20,5999204057162;69,0496397824099;"teste_30";20,5415497553336;69,3960660237319;18,8625818284343;18,6619263047865;19,0223459734329;19,0094990402805
2026-07-06 15:45:00;2026-07-06 15:48:28;"1F";64,1;20,8;25,4;18,5;20,6;69;20,5014515523837;70,1902178567707;"teste_30";20,4435595067636;70,5211121915643;18,8379651387788;18,5450645917302;18,8701629104961;18,8560155809312
2026-07-06 16:00:00;2026-07-06 16:03:27;"1F";64,7;20,3;23,2;17,8;20,4;69,3;20,0091072857215;70,646449086515;"teste_30";19,9536082639137;70,9711306586973;18,2746768562408;17,7894254550836;18,099806025076;18,0864946902137
2026-07-06 17:15:00;2026-07-06 17:18:24;"1F";67,8;19,7;19,9;17;19,8;71,1;19,4182941657268;73,0036437735272;"teste_30";19,3656667724937;73,2962260722177;17,3219182270929;16,9579002703269;17,1986614764317;17,1840009511741
2026-07-06 17:30:00;2026-07-06 17:33:26;"1F";71;19,4;18,9;16,8;19,5;73,4;19,1228876057294;75,4368769988302;"teste_30";19,0716960267838;75,6963245635936;17,0949398359921;16,8114861622126;16,9832077126843;16,9663213592976
2026-07-06 17:45:00;2026-07-06 17:48:23;"1F";68,5;19,4;18,5;16,5;19,3;72,9;19,1228876057294;73,5359135415623;"teste_30";19,0716960267838;73,8212476172062;16,8200162846032;16,5145881778662;16,7402978715766;16,7258608535326
2026-07-06 18:00:00;2026-07-06 18:03:23;"1F";70,6;19;18;16,3;19,1;73,3;18,7290121923996;75,1327228456673;"teste_30";18,6797350325038;75,3963122521716;16,6026886165428;16,2954851130121;16,47676030668;16,4615195916392
2026-07-06 18:15:00;2026-07-06 18:18:24;"1F";72,7;18,7;17,4;16,1;18,9;74,7;18,4336056324022;76,7295321497724;"teste_30";18,3857642867939;76,971376887137;16,4502921779559;16,1281194790724;16,2659744597134;16,2496771346313
2026-07-06 18:30:00;2026-07-06 18:33:21;"1F";74,1;18,5;17,2;16,1;18,6;75,8;18,2366679257373;77,7940716858424;"teste_30";18,1897837896539;78,021419977114;16,274811043766;16,0548936136129;16,1643667314115;16,1473929815438
2026-07-06 18:45:00;2026-07-06 18:48:20;"1F";75,6;18,3;17;15,9;18,5;76,7;18,0397302190724;78,9346497602032;"teste_30";17,9938032925139;79,1464661449464;16,2343299259798;15,9888139842172;16,0682627197287;16,0505405661138
2026-07-06 19:00:00;2026-07-06 19:03:20;"1F";77,3;18,1;16,8;15,9;18,3;77,8;17,8427925124075;80,2273049111454;"teste_30";17,797822795374;80,4215184684898;16,133495150659;15,9381532443395;15,9839117331533;15,9652783692235
2026-07-06 19:15:00;2026-07-06 19:18:22;"1F";77,9;17,9;16,6;15,8;18,1;78,6;17,6458548057426;80,6835361408897;"teste_30";17,601842298234;80,8715369356228;16,0067292311119;15,7946551775353;15,8294868883716;15,8109726815605
2026-07-06 19:30:00;2026-07-06 19:33:19;"1F";78,8;18;16,6;15,9;18;80;17,7443236590751;81,3678829855061;"teste_30";17,699832546804;81,5465646363223;16,0464149791953;15,946450994594;15,9623114164338;15,9426346412432
2026-07-06 19:45:00;2026-07-06 19:48:18;"1F";80,1;17,8;16,5;15,9;17,9;80,6;17,5473859524102;82,3563839832854;"teste_30";17,503852049664;82,5216046484437;15,9990762156113;15,880299601806;15,8712903495267;15,8511061897042
2026-07-06 20:00:00;2026-07-06 20:03:18;"1F";81,6;17,5;16,3;15,7;17,7;81,4;17,2519793924128;83,4969620576462;"teste_30";17,2098813039541;83,6466508162762;15,8706374174969;15,7321887569779;15,6954252092293;15,674915081557
2026-07-06 20:15:00;2026-07-06 20:18:17;"1F";82,4;17,4;16,2;15,7;17,6;82,1;17,1535105390804;84,1052703639719;"teste_30";17,1118910553841;84,2466754391201;15,830968668975;15,7004519326269;15,6485388883596;15,6276562326027
2026-07-06 20:30:00;2026-07-06 20:33:17;"1F";83,4;17,4;16,2;15,8;17,5;82,8;17,1535105390804;84,8656557468791;"teste_30";17,1118910553841;84,9967062176751;15,8110524942639;15,7826710067647;15,7107581892527;15,6889771068454
2026-07-06 20:45:00;2026-07-06 20:48:16;"1F";84,3;17,4;16,3;15,9;17,5;83,8;17,1535105390804;85,5500025914956;"teste_30";17,1118910553841;85,6717339183746;15,9134586136813;15,8766881955561;15,7867733931717;15,7641839789109
2026-07-06 21:00:00;2026-07-06 21:03:16;"1F";85,1;17,5;16,3;16;17,5;84,6;17,2519793924128;86,1583108978213;"teste_30";17,2098813039541;86,2717585412185;15,979400050159;16,0206221428686;15,913686211171;15,890022745068
2026-07-06 21:15:00;2026-07-06 21:18:15;"1F";94,1;15,8;15,7;15,2;16,9;86,6;15,5780088857612;93,0017793439858;"teste_30";15,5440470782643;93,0220355482132;15,5540505675483;15,2911235817043;15,026727579758;15,0013656389899
2026-07-06 21:45:00;2026-07-06 21:48:18;"1F_SUSPEITO";96,5;15,1;14,8;14,8;15,4;92,5;14,888726912434;94,8267042629631;"teste_30";14,8581153382744;94,8221094167451;14,665450305978;14,744156846388;14,4430040518737;14,4182385758726
2026-07-06 22:15:00;2026-07-06 22:18:15;"1F";95,5;15;14,4;14,5;14,9;93,2;14,7902580591016;94,0663188800559;"teste_30";14,7601250897044;94,0720786381901;14,2437672234096;14,5049742920054;14,2246614272026;14,2011281995661
2026-07-06 22:30:00;2026-07-06 22:33:14;"1F_SUSPEITO";95,8;14,9;14,3;14,4;14,9;93,3;14,6917892057691;94,2944344949281;"teste_30";14,6621348411344;94,2970878717566;14,2316410073749;14,4288557564247;14,1441909035709;14,1207835641004
2026-07-06 23:15:00;2026-07-06 23:18:10;"1F";96,5;14,9;14,1;14,4;14,8;93,7;14,6917892057691;94,8267042629631;"teste_30";14,6621348411344;94,8221094167451;14,1436041189182;14,4442064969772;14,1460077662173;14,122006753001
2026-07-06 23:30:00;2026-07-06 23:33:15;"1F_SUSPEITO";96,5;15;14,2;14,5;14,9;93,8;14,7902580591016;94,8267042629631;"teste_30";14,7601250897044;94,8221094167451;14,2510267573105;14,5441816767316;14,2445059141977;14,2201226695438
2026-07-06 23:45:00;2026-07-06 23:48:14;"1F_SUSPEITO";97,1;15,1;14,3;14,7;15;94;14,888726912434;95,2829354927074;"teste_30";14,8581153382744;95,2721278838781;14,3663791435047;14,6918285078837;14,3790126776439;14,3537351842379
2026-07-07;2026-07-07 00:03:13;"1F_SUSPEITO";97,3;15,1;14,4;14,7;15,1;94,1;14,888726912434;95,4350125692888;"teste_30";14,8581153382744;95,4221340395891;14,4738833540283;14,7277284486642;14,4110209551897;14,3855726668574
2026-07-07 02:00:00;2026-07-07 02:03:05;"1F";97,5;15,1;14,5;14,8;15;94,9;14,888726912434;95,5870896458702;"teste_30";14,8581153382744;95,5721401953001;14,4775054938861;14,7636331141089;14,4430319480711;14,4174128029565
2026-07-07 02:45:00;2026-07-07 02:48:03;"1F";97,7;15,1;14,5;14,8;15;95,1;14,888726912434;95,7391667224517;"teste_30";14,8581153382744;95,7221463510111;14,4933238360985;14,7795425227344;14,4550456647333;14,4292556006081
2026-07-07 03:00:00;2026-07-07 03:03:02;"1F";97,7;15;14,5;14,7;15;95,1;14,7902580591016;95,7391667224517;"teste_30";14,7601250897044;95,7221463510111;14,4933238360985;14,6993864671539;14,376409221299;14,3510039180358
2026-07-07 03:30:00;2026-07-07 03:33:01;"1F";97,1;14,8;14,4;14,5;14,8;95,1;14,5933203524367;95,2829354927074;"teste_30";14,5641445925644;95,2721278838781;14,3138019012049;14,4716307075486;14,1633102253431;14,1391832378827
2026-07-07 04:00:00;2026-07-07 04:02:59;"1F";96,3;14,4;13,9;14;14,2;95;14,1994449391069;94,6746271863816;"teste_30";14,1721835982845;94,6721032610341;13,7274495771923;13,9886619496149;13,7016817272723;13,6797594411068
2026-07-07 04:15:00;2026-07-07 04:17:59;"1F";96,4;14,3;13,7;13,9;14,2;95,1;14,1009760857744;94,7506657246724;"teste_30";14,0741933497145;94,7471063388896;13,6952358425077;13,8765355019498;13,5891123097789;13,5674882671219
2026-07-07 04:30:00;2026-07-07 04:32:58;"1F";95,8;14,3;13,6;13,8;14,1;95;14,1009760857744;94,2944344949281;"teste_30";14,0741933497145;94,2970878717566;13,5877039646212;13,8096445091802;13,5336899546515;13,5125670229901
2026-07-07 04:45:00;2026-07-07 04:47:58;"1F";95,6;14,3;13,6;13,8;14;95;14,1009760857744;94,1423574183466;"teste_30";14,0741933497145;94,1470817160456;13,5079583412711;13,7940244979428;13,5218884790703;13,5009324448264
2026-07-07 05:00:00;2026-07-07 05:02:57;"1F";95,2;14,2;13,5;13,7;14;94,8;14,002507232442;93,8382032651838;"teste_30";13,9762031011445;93,8470694046237;13,4724515169298;13,6630233974528;13,3999477242387;13,3797047164017
2026-07-07 05:15:00;2026-07-07 05:17:56;"1F";95,5;14,1;13,3;13,6;13,9;94,7;13,9040383791095;94,0663188800559;"teste_30";13,8782128525745;94,0720786381901;13,3450008619647;13,5665712157548;13,299225169954;13,2791127353535
2026-07-07 05:30:00;2026-07-07 05:32:56;"1F";96,1;14,1;13,2;13,6;13,9;94,6;13,9040383791095;94,5225501098002;"teste_30";13,8782128525745;94,5220971053231;13,3172662532275;13,5932553730623;13,3144941685759;13,2938835174664
2026-07-07 05:45:00;2026-07-07 05:47:56;"1F";95,9;14;13,1;13,5;13,9;94,5;13,8055695257771;94,3704730332188;"teste_30";13,7802226040046;94,3720909496121;13,2895329774466;13,4778048038161;13,2043062314408;13,1842426747823
2026-07-07 06:00:00;2026-07-07 06:02:55;"1F";96;14;13,1;13,5;13,9;94,5;13,8055695257771;94,4465115715095;"teste_30";13,7802226040046;94,4470940274676;13,2895329774466;13,485572205561;13,2101739039712;13,1900274986936
2026-07-07 06:15:00;2026-07-07 06:17:55;"1F";93,9;14,1;13,3;13,4;13,8;94,4;13,9040383791095;92,8497022674044;"teste_30";13,8782128525745;92,8720293925022;13,2421483733691;13,4423105026124;13,2053083391988;13,1865213528077
2026-07-07 06:30:00;2026-07-07 06:32:54;"1F";93,4;14,2;13,3;13,5;13,9;93,9;14,002507232442;92,4695095759508;"teste_30";13,9762031011445;92,4970140032247;13,2831611949141;13,4830429030257;13,2541328211053;13,2353836469468
2026-07-07 06:45:00;2026-07-07 06:47:54;"1F";93,8;14,2;13,3;13,5;14;93,4;14,002507232442;92,7736637291137;"teste_30";13,9762031011445;92,7970263146467;13,3240505146914;13,5141141762236;13,2776265335665;13,2585458718894
2026-07-07 07:00:00;2026-07-07 07:02:53;"1F";94,1;14,1;13,3;13,5;14;93;13,9040383791095;93,0017793439858;"teste_30";13,8782128525745;93,0220355482132;13,2931254452456;13,4578249696435;13,2170373879588;13,1980849653848
2026-07-07 07:15:00;2026-07-07 07:17:52;"1F";94,1;14;13,1;13,3;13,9;92,8;13,8055695257771;93,0017793439858;"teste_30";13,7802226040046;93,0220355482132;13,1582691346815;13,3382190709295;13,098820219329;13,0802448281704
2026-07-07 07:30:00;2026-07-07 07:32:51;"1F";94,1;14;13,2;13,4;13,9;92,7;13,8055695257771;93,0017793439858;"teste_30";13,7802226040046;93,0220355482132;13,1705594797583;13,3582190709295;13,118820219329;13,1002448281704
2026-07-07 07:45:00;2026-07-07 07:47:50;"1F";94,1;13,5;13,1;12,9;13,5;92,5;13,3132252591148;93,0017793439858;"teste_30";13,2902713611546;93,0220355482132;12,8177285996746;12,9401894105271;12,7077342084763;12,691043976
2026-07-07 08:00:00;2026-07-07 08:02:55;"1F_SUSPEITO";93,8;13,3;12,9;12,7;13,2;92,5;13,1162875524499;92,7736637291137;"teste_30";13,0942908640147;92,7970263146467;12,5396668955389;12,718082913253;12,4939917623326;12,4782984122692
2026-07-07 08:15:00;2026-07-07 08:17:51;"1F";93,3;12,8;12,6;12,2;12,8;92,3;12,6239432857877;92,3934710376601;"teste_30";12,6043396211647;92,4220109253692;12,1471911433024;12,2225509730925;12,0145506025227;12,0011378289271
2026-07-07 08:30:00;2026-07-07 08:32:49;"1F";94,2;12,6;12,2;12;12,5;92,5;12,4270055791228;93,0778178822766;"teste_30";12,4083591240248;93,0970386260687;11,8441891694533;12,0512605093551;11,8294668400815;11,8160904646515
2026-07-07 08:45:00;2026-07-07 08:47:48;"1F";94,9;12,5;12,2;12;12,4;92,8;12,3285367257903;93,6100876503116;"teste_30";12,3103688754548;93,6220601710572;11,787245834615;12,0242503884647;11,7909978373366;11,7774435701686
2026-07-07 09:30:00;2026-07-07 09:32:47;"1F";91,3;13,1;15,8;12,9;12,6;93;12,919349845785;90,8727002718458;"teste_30";12,8983103668747;90,9219493682593;12,6810607327728;12,9494655497356;12,7742847283678;12,7613494177155
