"slot_15min";"recebido";"data";"hora";"hora_decimal";"dia_semana_num";"dia_semana";"dia_util";"janela_horaria";"hipotese_trafego_ufpr";"n_leituras_no_slot";"leitura_extra_no_slot"
2026-06-18 16:00:00;TRUE;2026-06-18;16;16;4;"quinta-feira";TRUE;"meio_tarde_uteis";TRUE;1;0
2026-06-18 16:15:00;TRUE;2026-06-18;16;16,25;4;"quinta-feira";TRUE;"meio_tarde_uteis";TRUE;1;0
2026-06-18 16:30:00;TRUE;2026-06-18;16;16,5;4;"quinta-feira";TRUE;"meio_tarde_uteis";TRUE;1;0
2026-06-18 16:45:00;FALSE;2026-06-18;16;16,75;4;"quinta-feira";TRUE;"meio_tarde_uteis";TRUE;0;0
2026-06-18 17:00:00;FALSE;2026-06-18;17;17;4;"quinta-feira";TRUE;"fim_tarde";FALSE;0;0
2026-06-18 17:15:00;TRUE;2026-06-18;17;17,25;4;"quinta-feira";TRUE;"fim_tarde";FALSE;1;0
2026-06-18 17:30:00;TRUE;2026-06-18;17;17,5;4;"quinta-feira";TRUE;"fim_tarde";FALSE;1;0
2026-06-18 17:45:00;TRUE;2026-06-18;17;17,75;4;"quinta-feira";TRUE;"fim_tarde";FALSE;1;0
2026-06-18 18:00:00;TRUE;2026-06-18;18;18;4;"quinta-feira";TRUE;"fim_tarde";FALSE;1;0
2026-06-18 18:15:00;TRUE;2026-06-18;18;18,25;4;"quinta-feira";TRUE;"fim_tarde";FALSE;1;0
2026-06-18 18:30:00;TRUE;2026-06-18;18;18,5;4;"quinta-feira";TRUE;"fim_tarde";FALSE;1;0
2026-06-18 18:45:00;TRUE;2026-06-18;18;18,75;4;"quinta-feira";TRUE;"fim_tarde";FALSE;1;0
2026-06-18 19:00:00;TRUE;2026-06-18;19;19;4;"quinta-feira";TRUE;"noite";FALSE;1;0
2026-06-18 19:15:00;TRUE;2026-06-18;19;19,25;4;"quinta-feira";TRUE;"noite";FALSE;1;0
2026-06-18 19:30:00;TRUE;2026-06-18;19;19,5;4;"quinta-feira";TRUE;"noite";FALSE;1;0
2026-06-18 19:45:00;TRUE;2026-06-18;19;19,75;4;"quinta-feira";TRUE;"noite";FALSE;1;0
2026-06-18 20:00:00;TRUE;2026-06-18;20;20;4;"quinta-feira";TRUE;"noite";FALSE;1;0
2026-06-18 20:15:00;TRUE;2026-06-18;20;20,25;4;"quinta-feira";TRUE;"noite";FALSE;1;0
2026-06-18 20:30:00;TRUE;2026-06-18;20;20,5;4;"quinta-feira";TRUE;"noite";FALSE;1;0
2026-06-18 20:45:00;TRUE;2026-06-18;20;20,75;4;"quinta-feira";TRUE;"noite";FALSE;1;0
2026-06-18 21:00:00;TRUE;2026-06-18;21;21;4;"quinta-feira";TRUE;"noite";FALSE;1;0
2026-06-18 21:15:00;TRUE;2026-06-18;21;21,25;4;"quinta-feira";TRUE;"noite";FALSE;1;0
2026-06-18 21:30:00;TRUE;2026-06-18;21;21,5;4;"quinta-feira";TRUE;"noite";FALSE;1;0
2026-06-18 21:45:00;TRUE;2026-06-18;21;21,75;4;"quinta-feira";TRUE;"noite";FALSE;1;0
2026-06-18 22:00:00;TRUE;2026-06-18;22;22;4;"quinta-feira";TRUE;"noite";FALSE;1;0
2026-06-18 22:15:00;TRUE;2026-06-18;22;22,25;4;"quinta-feira";TRUE;"noite";FALSE;1;0
2026-06-18 22:30:00;TRUE;2026-06-18;22;22,5;4;"quinta-feira";TRUE;"noite";FALSE;1;0
2026-06-18 22:45:00;TRUE;2026-06-18;22;22,75;4;"quinta-feira";TRUE;"noite";FALSE;1;0
2026-06-18 23:00:00;TRUE;2026-06-18;23;23;4;"quinta-feira";TRUE;"noite";FALSE;1;0
2026-06-18 23:15:00;TRUE;2026-06-18;23;23,25;4;"quinta-feira";TRUE;"noite";FALSE;1;0
2026-06-18 23:30:00;TRUE;2026-06-18;23;23,5;4;"quinta-feira";TRUE;"noite";FALSE;1;0
2026-06-18 23:45:00;TRUE;2026-06-18;23;23,75;4;"quinta-feira";TRUE;"noite";FALSE;1;0
2026-06-19;TRUE;2026-06-19;0;0;5;"sexta-feira";TRUE;"madrugada";FALSE;1;0
2026-06-19 00:15:00;TRUE;2026-06-19;0;0,25;5;"sexta-feira";TRUE;"madrugada";FALSE;1;0
2026-06-19 00:30:00;TRUE;2026-06-19;0;0,5;5;"sexta-feira";TRUE;"madrugada";FALSE;1;0
2026-06-19 00:45:00;TRUE;2026-06-19;0;0,75;5;"sexta-feira";TRUE;"madrugada";FALSE;1;0
2026-06-19 01:00:00;TRUE;2026-06-19;1;1;5;"sexta-feira";TRUE;"madrugada";FALSE;1;0
2026-06-19 01:15:00;TRUE;2026-06-19;1;1,25;5;"sexta-feira";TRUE;"madrugada";FALSE;1;0
2026-06-19 01:30:00;TRUE;2026-06-19;1;1,5;5;"sexta-feira";TRUE;"madrugada";FALSE;1;0
2026-06-19 01:45:00;TRUE;2026-06-19;1;1,75;5;"sexta-feira";TRUE;"madrugada";FALSE;1;0
2026-06-19 02:00:00;TRUE;2026-06-19;2;2;5;"sexta-feira";TRUE;"madrugada";FALSE;1;0
2026-06-19 02:15:00;TRUE;2026-06-19;2;2,25;5;"sexta-feira";TRUE;"madrugada";FALSE;1;0
2026-06-19 02:30:00;TRUE;2026-06-19;2;2,5;5;"sexta-feira";TRUE;"madrugada";FALSE;1;0
2026-06-19 02:45:00;TRUE;2026-06-19;2;2,75;5;"sexta-feira";TRUE;"madrugada";FALSE;1;0
2026-06-19 03:00:00;TRUE;2026-06-19;3;3;5;"sexta-feira";TRUE;"madrugada";FALSE;1;0
2026-06-19 03:15:00;TRUE;2026-06-19;3;3,25;5;"sexta-feira";TRUE;"madrugada";FALSE;1;0
2026-06-19 03:30:00;TRUE;2026-06-19;3;3,5;5;"sexta-feira";TRUE;"madrugada";FALSE;1;0
2026-06-19 03:45:00;TRUE;2026-06-19;3;3,75;5;"sexta-feira";TRUE;"madrugada";FALSE;1;0
2026-06-19 04:00:00;TRUE;2026-06-19;4;4;5;"sexta-feira";TRUE;"madrugada";FALSE;1;0
2026-06-19 04:15:00;TRUE;2026-06-19;4;4,25;5;"sexta-feira";TRUE;"madrugada";FALSE;1;0
2026-06-19 04:30:00;TRUE;2026-06-19;4;4,5;5;"sexta-feira";TRUE;"madrugada";FALSE;1;0
2026-06-19 04:45:00;TRUE;2026-06-19;4;4,75;5;"sexta-feira";TRUE;"madrugada";FALSE;1;0
2026-06-19 05:00:00;TRUE;2026-06-19;5;5;5;"sexta-feira";TRUE;"madrugada";FALSE;1;0
2026-06-19 05:15:00;TRUE;2026-06-19;5;5,25;5;"sexta-feira";TRUE;"madrugada";FALSE;1;0
2026-06-19 05:30:00;TRUE;2026-06-19;5;5,5;5;"sexta-feira";TRUE;"madrugada";FALSE;1;0
2026-06-19 05:45:00;TRUE;2026-06-19;5;5,75;5;"sexta-feira";TRUE;"madrugada";FALSE;1;0
2026-06-19 06:00:00;TRUE;2026-06-19;6;6;5;"sexta-feira";TRUE;"manha_uteis";TRUE;1;0
2026-06-19 06:15:00;TRUE;2026-06-19;6;6,25;5;"sexta-feira";TRUE;"manha_uteis";TRUE;1;0
2026-06-19 06:30:00;TRUE;2026-06-19;6;6,5;5;"sexta-feira";TRUE;"manha_uteis";TRUE;1;0
2026-06-19 06:45:00;TRUE;2026-06-19;6;6,75;5;"sexta-feira";TRUE;"manha_uteis";TRUE;1;0
2026-06-19 07:00:00;TRUE;2026-06-19;7;7;5;"sexta-feira";TRUE;"manha_uteis";TRUE;1;0
2026-06-19 07:15:00;TRUE;2026-06-19;7;7,25;5;"sexta-feira";TRUE;"manha_uteis";TRUE;1;0
2026-06-19 07:30:00;TRUE;2026-06-19;7;7,5;5;"sexta-feira";TRUE;"manha_uteis";TRUE;1;0
2026-06-19 07:45:00;TRUE;2026-06-19;7;7,75;5;"sexta-feira";TRUE;"manha_uteis";TRUE;1;0
2026-06-19 08:00:00;TRUE;2026-06-19;8;8;5;"sexta-feira";TRUE;"manha_uteis";TRUE;1;0
2026-06-19 08:15:00;TRUE;2026-06-19;8;8,25;5;"sexta-feira";TRUE;"manha_uteis";TRUE;1;0
2026-06-19 08:30:00;TRUE;2026-06-19;8;8,5;5;"sexta-feira";TRUE;"manha_uteis";TRUE;1;0
2026-06-19 08:45:00;TRUE;2026-06-19;8;8,75;5;"sexta-feira";TRUE;"manha_uteis";TRUE;1;0
2026-06-19 09:00:00;TRUE;2026-06-19;9;9;5;"sexta-feira";TRUE;"manha_uteis";TRUE;1;0
2026-06-19 09:15:00;TRUE;2026-06-19;9;9,25;5;"sexta-feira";TRUE;"manha_uteis";TRUE;1;0
2026-06-19 09:30:00;TRUE;2026-06-19;9;9,5;5;"sexta-feira";TRUE;"manha_uteis";TRUE;1;0
2026-06-19 09:45:00;TRUE;2026-06-19;9;9,75;5;"sexta-feira";TRUE;"manha_uteis";TRUE;1;0
2026-06-19 10:00:00;TRUE;2026-06-19;10;10;5;"sexta-feira";TRUE;"manha_uteis";TRUE;1;0
2026-06-19 10:15:00;TRUE;2026-06-19;10;10,25;5;"sexta-feira";TRUE;"manha_uteis";TRUE;1;0
2026-06-19 10:30:00;TRUE;2026-06-19;10;10,5;5;"sexta-feira";TRUE;"manha_uteis";TRUE;1;0
2026-06-19 10:45:00;TRUE;2026-06-19;10;10,75;5;"sexta-feira";TRUE;"manha_uteis";TRUE;1;0
2026-06-19 11:00:00;FALSE;2026-06-19;11;11;5;"sexta-feira";TRUE;"manha_uteis";TRUE;0;0
2026-06-19 11:15:00;TRUE;2026-06-19;11;11,25;5;"sexta-feira";TRUE;"manha_uteis";TRUE;1;0
2026-06-19 11:30:00;TRUE;2026-06-19;11;11,5;5;"sexta-feira";TRUE;"manha_uteis";TRUE;1;0
2026-06-19 11:45:00;FALSE;2026-06-19;11;11,75;5;"sexta-feira";TRUE;"manha_uteis";TRUE;0;0
2026-06-19 12:00:00;TRUE;2026-06-19;12;12;5;"sexta-feira";TRUE;"comeco_tarde_uteis";TRUE;1;0
2026-06-19 12:15:00;TRUE;2026-06-19;12;12,25;5;"sexta-feira";TRUE;"comeco_tarde_uteis";TRUE;1;0
2026-06-19 12:30:00;TRUE;2026-06-19;12;12,5;5;"sexta-feira";TRUE;"comeco_tarde_uteis";TRUE;1;0
2026-06-19 12:45:00;FALSE;2026-06-19;12;12,75;5;"sexta-feira";TRUE;"comeco_tarde_uteis";TRUE;0;0
2026-06-19 13:00:00;TRUE;2026-06-19;13;13;5;"sexta-feira";TRUE;"comeco_tarde_uteis";TRUE;1;0
2026-06-19 13:15:00;TRUE;2026-06-19;13;13,25;5;"sexta-feira";TRUE;"comeco_tarde_uteis";TRUE;1;0
2026-06-19 13:30:00;TRUE;2026-06-19;13;13,5;5;"sexta-feira";TRUE;"comeco_tarde_uteis";TRUE;1;0
2026-06-19 13:45:00;TRUE;2026-06-19;13;13,75;5;"sexta-feira";TRUE;"comeco_tarde_uteis";TRUE;1;0
2026-06-19 14:00:00;TRUE;2026-06-19;14;14;5;"sexta-feira";TRUE;"meio_tarde_uteis";TRUE;1;0
2026-06-19 14:15:00;TRUE;2026-06-19;14;14,25;5;"sexta-feira";TRUE;"meio_tarde_uteis";TRUE;1;0
2026-06-19 14:30:00;TRUE;2026-06-19;14;14,5;5;"sexta-feira";TRUE;"meio_tarde_uteis";TRUE;1;0
2026-06-19 14:45:00;FALSE;2026-06-19;14;14,75;5;"sexta-feira";TRUE;"meio_tarde_uteis";TRUE;0;0
2026-06-19 15:00:00;TRUE;2026-06-19;15;15;5;"sexta-feira";TRUE;"meio_tarde_uteis";TRUE;1;0
2026-06-19 15:15:00;TRUE;2026-06-19;15;15,25;5;"sexta-feira";TRUE;"meio_tarde_uteis";TRUE;1;0
2026-06-19 15:30:00;FALSE;2026-06-19;15;15,5;5;"sexta-feira";TRUE;"meio_tarde_uteis";TRUE;0;0
2026-06-19 15:45:00;TRUE;2026-06-19;15;15,75;5;"sexta-feira";TRUE;"meio_tarde_uteis";TRUE;1;0
2026-06-19 16:00:00;TRUE;2026-06-19;16;16;5;"sexta-feira";TRUE;"meio_tarde_uteis";TRUE;1;0
2026-06-19 16:15:00;TRUE;2026-06-19;16;16,25;5;"sexta-feira";TRUE;"meio_tarde_uteis";TRUE;1;0
2026-06-19 16:30:00;TRUE;2026-06-19;16;16,5;5;"sexta-feira";TRUE;"meio_tarde_uteis";TRUE;1;0
2026-06-19 16:45:00;TRUE;2026-06-19;16;16,75;5;"sexta-feira";TRUE;"meio_tarde_uteis";TRUE;1;0
2026-06-19 17:00:00;TRUE;2026-06-19;17;17;5;"sexta-feira";TRUE;"fim_tarde";FALSE;1;0
2026-06-19 17:15:00;TRUE;2026-06-19;17;17,25;5;"sexta-feira";TRUE;"fim_tarde";FALSE;1;0
2026-06-19 17:30:00;TRUE;2026-06-19;17;17,5;5;"sexta-feira";TRUE;"fim_tarde";FALSE;1;0
2026-06-19 17:45:00;TRUE;2026-06-19;17;17,75;5;"sexta-feira";TRUE;"fim_tarde";FALSE;1;0
2026-06-19 18:00:00;TRUE;2026-06-19;18;18;5;"sexta-feira";TRUE;"fim_tarde";FALSE;1;0
2026-06-19 18:15:00;TRUE;2026-06-19;18;18,25;5;"sexta-feira";TRUE;"fim_tarde";FALSE;1;0
2026-06-19 18:30:00;TRUE;2026-06-19;18;18,5;5;"sexta-feira";TRUE;"fim_tarde";FALSE;1;0
2026-06-19 18:45:00;TRUE;2026-06-19;18;18,75;5;"sexta-feira";TRUE;"fim_tarde";FALSE;1;0
2026-06-19 19:00:00;TRUE;2026-06-19;19;19;5;"sexta-feira";TRUE;"noite";FALSE;1;0
2026-06-19 19:15:00;TRUE;2026-06-19;19;19,25;5;"sexta-feira";TRUE;"noite";FALSE;1;0
2026-06-19 19:30:00;TRUE;2026-06-19;19;19,5;5;"sexta-feira";TRUE;"noite";FALSE;1;0
2026-06-19 19:45:00;TRUE;2026-06-19;19;19,75;5;"sexta-feira";TRUE;"noite";FALSE;1;0
2026-06-19 20:00:00;FALSE;2026-06-19;20;20;5;"sexta-feira";TRUE;"noite";FALSE;0;0
2026-06-19 20:15:00;TRUE;2026-06-19;20;20,25;5;"sexta-feira";TRUE;"noite";FALSE;1;0
2026-06-19 20:30:00;TRUE;2026-06-19;20;20,5;5;"sexta-feira";TRUE;"noite";FALSE;1;0
2026-06-19 20:45:00;TRUE;2026-06-19;20;20,75;5;"sexta-feira";TRUE;"noite";FALSE;1;0
2026-06-19 21:00:00;TRUE;2026-06-19;21;21;5;"sexta-feira";TRUE;"noite";FALSE;1;0
2026-06-19 21:15:00;TRUE;2026-06-19;21;21,25;5;"sexta-feira";TRUE;"noite";FALSE;1;0
2026-06-19 21:30:00;TRUE;2026-06-19;21;21,5;5;"sexta-feira";TRUE;"noite";FALSE;1;0
2026-06-19 21:45:00;TRUE;2026-06-19;21;21,75;5;"sexta-feira";TRUE;"noite";FALSE;1;0
2026-06-19 22:00:00;TRUE;2026-06-19;22;22;5;"sexta-feira";TRUE;"noite";FALSE;1;0
2026-06-19 22:15:00;TRUE;2026-06-19;22;22,25;5;"sexta-feira";TRUE;"noite";FALSE;1;0
2026-06-19 22:30:00;TRUE;2026-06-19;22;22,5;5;"sexta-feira";TRUE;"noite";FALSE;1;0
2026-06-19 22:45:00;TRUE;2026-06-19;22;22,75;5;"sexta-feira";TRUE;"noite";FALSE;1;0
2026-06-19 23:00:00;TRUE;2026-06-19;23;23;5;"sexta-feira";TRUE;"noite";FALSE;1;0
2026-06-19 23:15:00;TRUE;2026-06-19;23;23,25;5;"sexta-feira";TRUE;"noite";FALSE;1;0
2026-06-19 23:30:00;TRUE;2026-06-19;23;23,5;5;"sexta-feira";TRUE;"noite";FALSE;1;0
2026-06-19 23:45:00;TRUE;2026-06-19;23;23,75;5;"sexta-feira";TRUE;"noite";FALSE;1;0
2026-06-20;TRUE;2026-06-20;0;0;6;"sábado";FALSE;"madrugada";FALSE;1;0
2026-06-20 00:15:00;TRUE;2026-06-20;0;0,25;6;"sábado";FALSE;"madrugada";FALSE;1;0
2026-06-20 00:30:00;TRUE;2026-06-20;0;0,5;6;"sábado";FALSE;"madrugada";FALSE;1;0
2026-06-20 00:45:00;TRUE;2026-06-20;0;0,75;6;"sábado";FALSE;"madrugada";FALSE;1;0
2026-06-20 01:00:00;FALSE;2026-06-20;1;1;6;"sábado";FALSE;"madrugada";FALSE;0;0
2026-06-20 01:15:00;TRUE;2026-06-20;1;1,25;6;"sábado";FALSE;"madrugada";FALSE;1;0
2026-06-20 01:30:00;TRUE;2026-06-20;1;1,5;6;"sábado";FALSE;"madrugada";FALSE;1;0
2026-06-20 01:45:00;TRUE;2026-06-20;1;1,75;6;"sábado";FALSE;"madrugada";FALSE;1;0
2026-06-20 02:00:00;TRUE;2026-06-20;2;2;6;"sábado";FALSE;"madrugada";FALSE;1;0
2026-06-20 02:15:00;TRUE;2026-06-20;2;2,25;6;"sábado";FALSE;"madrugada";FALSE;1;0
2026-06-20 02:30:00;TRUE;2026-06-20;2;2,5;6;"sábado";FALSE;"madrugada";FALSE;1;0
2026-06-20 02:45:00;TRUE;2026-06-20;2;2,75;6;"sábado";FALSE;"madrugada";FALSE;1;0
2026-06-20 03:00:00;TRUE;2026-06-20;3;3;6;"sábado";FALSE;"madrugada";FALSE;1;0
2026-06-20 03:15:00;TRUE;2026-06-20;3;3,25;6;"sábado";FALSE;"madrugada";FALSE;1;0
2026-06-20 03:30:00;TRUE;2026-06-20;3;3,5;6;"sábado";FALSE;"madrugada";FALSE;1;0
2026-06-20 03:45:00;TRUE;2026-06-20;3;3,75;6;"sábado";FALSE;"madrugada";FALSE;1;0
2026-06-20 04:00:00;TRUE;2026-06-20;4;4;6;"sábado";FALSE;"madrugada";FALSE;1;0
2026-06-20 04:15:00;TRUE;2026-06-20;4;4,25;6;"sábado";FALSE;"madrugada";FALSE;1;0
2026-06-20 04:30:00;TRUE;2026-06-20;4;4,5;6;"sábado";FALSE;"madrugada";FALSE;1;0
2026-06-20 04:45:00;TRUE;2026-06-20;4;4,75;6;"sábado";FALSE;"madrugada";FALSE;1;0
2026-06-20 05:00:00;TRUE;2026-06-20;5;5;6;"sábado";FALSE;"madrugada";FALSE;1;0
2026-06-20 05:15:00;TRUE;2026-06-20;5;5,25;6;"sábado";FALSE;"madrugada";FALSE;1;0
2026-06-20 05:30:00;TRUE;2026-06-20;5;5,5;6;"sábado";FALSE;"madrugada";FALSE;1;0
2026-06-20 05:45:00;TRUE;2026-06-20;5;5,75;6;"sábado";FALSE;"madrugada";FALSE;1;0
2026-06-20 06:00:00;TRUE;2026-06-20;6;6;6;"sábado";FALSE;"manha_uteis";FALSE;1;0
2026-06-20 06:15:00;TRUE;2026-06-20;6;6,25;6;"sábado";FALSE;"manha_uteis";FALSE;1;0
2026-06-20 06:30:00;TRUE;2026-06-20;6;6,5;6;"sábado";FALSE;"manha_uteis";FALSE;1;0
2026-06-20 06:45:00;TRUE;2026-06-20;6;6,75;6;"sábado";FALSE;"manha_uteis";FALSE;1;0
2026-06-20 07:00:00;TRUE;2026-06-20;7;7;6;"sábado";FALSE;"manha_uteis";FALSE;1;0
2026-06-20 07:15:00;TRUE;2026-06-20;7;7,25;6;"sábado";FALSE;"manha_uteis";FALSE;1;0
2026-06-20 07:30:00;TRUE;2026-06-20;7;7,5;6;"sábado";FALSE;"manha_uteis";FALSE;1;0
2026-06-20 07:45:00;TRUE;2026-06-20;7;7,75;6;"sábado";FALSE;"manha_uteis";FALSE;1;0
2026-06-20 08:00:00;TRUE;2026-06-20;8;8;6;"sábado";FALSE;"manha_uteis";FALSE;1;0
2026-06-20 08:15:00;TRUE;2026-06-20;8;8,25;6;"sábado";FALSE;"manha_uteis";FALSE;1;0
2026-06-20 08:30:00;TRUE;2026-06-20;8;8,5;6;"sábado";FALSE;"manha_uteis";FALSE;1;0
2026-06-20 08:45:00;TRUE;2026-06-20;8;8,75;6;"sábado";FALSE;"manha_uteis";FALSE;1;0
2026-06-20 09:00:00;TRUE;2026-06-20;9;9;6;"sábado";FALSE;"manha_uteis";FALSE;1;0
2026-06-20 09:15:00;TRUE;2026-06-20;9;9,25;6;"sábado";FALSE;"manha_uteis";FALSE;1;0
2026-06-20 09:30:00;TRUE;2026-06-20;9;9,5;6;"sábado";FALSE;"manha_uteis";FALSE;1;0
2026-06-20 09:45:00;TRUE;2026-06-20;9;9,75;6;"sábado";FALSE;"manha_uteis";FALSE;1;0
2026-06-20 10:00:00;TRUE;2026-06-20;10;10;6;"sábado";FALSE;"manha_uteis";FALSE;1;0
2026-06-20 10:15:00;TRUE;2026-06-20;10;10,25;6;"sábado";FALSE;"manha_uteis";FALSE;1;0
2026-06-20 10:30:00;TRUE;2026-06-20;10;10,5;6;"sábado";FALSE;"manha_uteis";FALSE;1;0
2026-06-20 10:45:00;TRUE;2026-06-20;10;10,75;6;"sábado";FALSE;"manha_uteis";FALSE;1;0
2026-06-20 11:00:00;TRUE;2026-06-20;11;11;6;"sábado";FALSE;"manha_uteis";FALSE;1;0
2026-06-20 11:15:00;TRUE;2026-06-20;11;11,25;6;"sábado";FALSE;"manha_uteis";FALSE;1;0
2026-06-20 11:30:00;TRUE;2026-06-20;11;11,5;6;"sábado";FALSE;"manha_uteis";FALSE;1;0
2026-06-20 11:45:00;TRUE;2026-06-20;11;11,75;6;"sábado";FALSE;"manha_uteis";FALSE;1;0
2026-06-20 12:00:00;TRUE;2026-06-20;12;12;6;"sábado";FALSE;"comeco_tarde_uteis";FALSE;1;0
2026-06-20 12:15:00;TRUE;2026-06-20;12;12,25;6;"sábado";FALSE;"comeco_tarde_uteis";FALSE;1;0
2026-06-20 12:30:00;TRUE;2026-06-20;12;12,5;6;"sábado";FALSE;"comeco_tarde_uteis";FALSE;1;0
2026-06-20 12:45:00;TRUE;2026-06-20;12;12,75;6;"sábado";FALSE;"comeco_tarde_uteis";FALSE;1;0
2026-06-20 13:00:00;TRUE;2026-06-20;13;13;6;"sábado";FALSE;"comeco_tarde_uteis";FALSE;1;0
2026-06-20 13:15:00;TRUE;2026-06-20;13;13,25;6;"sábado";FALSE;"comeco_tarde_uteis";FALSE;1;0
2026-06-20 13:30:00;TRUE;2026-06-20;13;13,5;6;"sábado";FALSE;"comeco_tarde_uteis";FALSE;1;0
2026-06-20 13:45:00;TRUE;2026-06-20;13;13,75;6;"sábado";FALSE;"comeco_tarde_uteis";FALSE;1;0
2026-06-20 14:00:00;TRUE;2026-06-20;14;14;6;"sábado";FALSE;"meio_tarde_uteis";FALSE;1;0
2026-06-20 14:15:00;FALSE;2026-06-20;14;14,25;6;"sábado";FALSE;"meio_tarde_uteis";FALSE;0;0
2026-06-20 14:30:00;TRUE;2026-06-20;14;14,5;6;"sábado";FALSE;"meio_tarde_uteis";FALSE;1;0
2026-06-20 14:45:00;TRUE;2026-06-20;14;14,75;6;"sábado";FALSE;"meio_tarde_uteis";FALSE;1;0
2026-06-20 15:00:00;TRUE;2026-06-20;15;15;6;"sábado";FALSE;"meio_tarde_uteis";FALSE;1;0
2026-06-20 15:15:00;TRUE;2026-06-20;15;15,25;6;"sábado";FALSE;"meio_tarde_uteis";FALSE;1;0
2026-06-20 15:30:00;TRUE;2026-06-20;15;15,5;6;"sábado";FALSE;"meio_tarde_uteis";FALSE;1;0
2026-06-20 15:45:00;TRUE;2026-06-20;15;15,75;6;"sábado";FALSE;"meio_tarde_uteis";FALSE;1;0
2026-06-20 16:00:00;TRUE;2026-06-20;16;16;6;"sábado";FALSE;"meio_tarde_uteis";FALSE;1;0
2026-06-20 16:15:00;TRUE;2026-06-20;16;16,25;6;"sábado";FALSE;"meio_tarde_uteis";FALSE;1;0
2026-06-20 16:30:00;TRUE;2026-06-20;16;16,5;6;"sábado";FALSE;"meio_tarde_uteis";FALSE;1;0
2026-06-20 16:45:00;TRUE;2026-06-20;16;16,75;6;"sábado";FALSE;"meio_tarde_uteis";FALSE;1;0
2026-06-20 17:00:00;TRUE;2026-06-20;17;17;6;"sábado";FALSE;"fim_tarde";FALSE;1;0
2026-06-20 17:15:00;TRUE;2026-06-20;17;17,25;6;"sábado";FALSE;"fim_tarde";FALSE;1;0
2026-06-20 17:30:00;TRUE;2026-06-20;17;17,5;6;"sábado";FALSE;"fim_tarde";FALSE;1;0
2026-06-20 17:45:00;TRUE;2026-06-20;17;17,75;6;"sábado";FALSE;"fim_tarde";FALSE;1;0
2026-06-20 18:00:00;TRUE;2026-06-20;18;18;6;"sábado";FALSE;"fim_tarde";FALSE;1;0
2026-06-20 18:15:00;TRUE;2026-06-20;18;18,25;6;"sábado";FALSE;"fim_tarde";FALSE;1;0
2026-06-20 18:30:00;TRUE;2026-06-20;18;18,5;6;"sábado";FALSE;"fim_tarde";FALSE;1;0
2026-06-20 18:45:00;TRUE;2026-06-20;18;18,75;6;"sábado";FALSE;"fim_tarde";FALSE;1;0
2026-06-20 19:00:00;TRUE;2026-06-20;19;19;6;"sábado";FALSE;"noite";FALSE;1;0
2026-06-20 19:15:00;TRUE;2026-06-20;19;19,25;6;"sábado";FALSE;"noite";FALSE;1;0
2026-06-20 19:30:00;TRUE;2026-06-20;19;19,5;6;"sábado";FALSE;"noite";FALSE;1;0
2026-06-20 19:45:00;TRUE;2026-06-20;19;19,75;6;"sábado";FALSE;"noite";FALSE;1;0
2026-06-20 20:00:00;TRUE;2026-06-20;20;20;6;"sábado";FALSE;"noite";FALSE;1;0
2026-06-20 20:15:00;TRUE;2026-06-20;20;20,25;6;"sábado";FALSE;"noite";FALSE;1;0
2026-06-20 20:30:00;TRUE;2026-06-20;20;20,5;6;"sábado";FALSE;"noite";FALSE;1;0
2026-06-20 20:45:00;TRUE;2026-06-20;20;20,75;6;"sábado";FALSE;"noite";FALSE;1;0
2026-06-20 21:00:00;TRUE;2026-06-20;21;21;6;"sábado";FALSE;"noite";FALSE;1;0
2026-06-20 21:15:00;TRUE;2026-06-20;21;21,25;6;"sábado";FALSE;"noite";FALSE;1;0
2026-06-20 21:30:00;TRUE;2026-06-20;21;21,5;6;"sábado";FALSE;"noite";FALSE;1;0
2026-06-20 21:45:00;TRUE;2026-06-20;21;21,75;6;"sábado";FALSE;"noite";FALSE;1;0
2026-06-20 22:00:00;TRUE;2026-06-20;22;22;6;"sábado";FALSE;"noite";FALSE;1;0
2026-06-20 22:15:00;TRUE;2026-06-20;22;22,25;6;"sábado";FALSE;"noite";FALSE;1;0
2026-06-20 22:30:00;TRUE;2026-06-20;22;22,5;6;"sábado";FALSE;"noite";FALSE;1;0
2026-06-20 22:45:00;TRUE;2026-06-20;22;22,75;6;"sábado";FALSE;"noite";FALSE;1;0
2026-06-20 23:00:00;TRUE;2026-06-20;23;23;6;"sábado";FALSE;"noite";FALSE;1;0
2026-06-20 23:15:00;TRUE;2026-06-20;23;23,25;6;"sábado";FALSE;"noite";FALSE;1;0
2026-06-20 23:30:00;TRUE;2026-06-20;23;23,5;6;"sábado";FALSE;"noite";FALSE;1;0
2026-06-20 23:45:00;TRUE;2026-06-20;23;23,75;6;"sábado";FALSE;"noite";FALSE;1;0
2026-06-21;TRUE;2026-06-21;0;0;0;"domingo";FALSE;"madrugada";FALSE;1;0
2026-06-21 00:15:00;FALSE;2026-06-21;0;0,25;0;"domingo";FALSE;"madrugada";FALSE;0;0
2026-06-21 00:30:00;TRUE;2026-06-21;0;0,5;0;"domingo";FALSE;"madrugada";FALSE;1;0
2026-06-21 00:45:00;TRUE;2026-06-21;0;0,75;0;"domingo";FALSE;"madrugada";FALSE;1;0
2026-06-21 01:00:00;TRUE;2026-06-21;1;1;0;"domingo";FALSE;"madrugada";FALSE;1;0
2026-06-21 01:15:00;TRUE;2026-06-21;1;1,25;0;"domingo";FALSE;"madrugada";FALSE;1;0
2026-06-21 01:30:00;TRUE;2026-06-21;1;1,5;0;"domingo";FALSE;"madrugada";FALSE;1;0
2026-06-21 01:45:00;TRUE;2026-06-21;1;1,75;0;"domingo";FALSE;"madrugada";FALSE;1;0
2026-06-21 02:00:00;TRUE;2026-06-21;2;2;0;"domingo";FALSE;"madrugada";FALSE;1;0
2026-06-21 02:15:00;TRUE;2026-06-21;2;2,25;0;"domingo";FALSE;"madrugada";FALSE;1;0
2026-06-21 02:30:00;TRUE;2026-06-21;2;2,5;0;"domingo";FALSE;"madrugada";FALSE;1;0
2026-06-21 02:45:00;TRUE;2026-06-21;2;2,75;0;"domingo";FALSE;"madrugada";FALSE;1;0
2026-06-21 03:00:00;TRUE;2026-06-21;3;3;0;"domingo";FALSE;"madrugada";FALSE;1;0
2026-06-21 03:15:00;TRUE;2026-06-21;3;3,25;0;"domingo";FALSE;"madrugada";FALSE;1;0
2026-06-21 03:30:00;TRUE;2026-06-21;3;3,5;0;"domingo";FALSE;"madrugada";FALSE;1;0
2026-06-21 03:45:00;TRUE;2026-06-21;3;3,75;0;"domingo";FALSE;"madrugada";FALSE;1;0
2026-06-21 04:00:00;TRUE;2026-06-21;4;4;0;"domingo";FALSE;"madrugada";FALSE;1;0
2026-06-21 04:15:00;TRUE;2026-06-21;4;4,25;0;"domingo";FALSE;"madrugada";FALSE;1;0
2026-06-21 04:30:00;TRUE;2026-06-21;4;4,5;0;"domingo";FALSE;"madrugada";FALSE;1;0
2026-06-21 04:45:00;TRUE;2026-06-21;4;4,75;0;"domingo";FALSE;"madrugada";FALSE;1;0
2026-06-21 05:00:00;TRUE;2026-06-21;5;5;0;"domingo";FALSE;"madrugada";FALSE;1;0
2026-06-21 05:15:00;TRUE;2026-06-21;5;5,25;0;"domingo";FALSE;"madrugada";FALSE;1;0
2026-06-21 05:30:00;TRUE;2026-06-21;5;5,5;0;"domingo";FALSE;"madrugada";FALSE;1;0
2026-06-21 05:45:00;TRUE;2026-06-21;5;5,75;0;"domingo";FALSE;"madrugada";FALSE;1;0
2026-06-21 06:00:00;TRUE;2026-06-21;6;6;0;"domingo";FALSE;"manha_uteis";FALSE;1;0
2026-06-21 06:15:00;TRUE;2026-06-21;6;6,25;0;"domingo";FALSE;"manha_uteis";FALSE;1;0
2026-06-21 06:30:00;TRUE;2026-06-21;6;6,5;0;"domingo";FALSE;"manha_uteis";FALSE;1;0
2026-06-21 06:45:00;TRUE;2026-06-21;6;6,75;0;"domingo";FALSE;"manha_uteis";FALSE;1;0
2026-06-21 07:00:00;TRUE;2026-06-21;7;7;0;"domingo";FALSE;"manha_uteis";FALSE;1;0
2026-06-21 07:15:00;TRUE;2026-06-21;7;7,25;0;"domingo";FALSE;"manha_uteis";FALSE;1;0
2026-06-21 07:30:00;TRUE;2026-06-21;7;7,5;0;"domingo";FALSE;"manha_uteis";FALSE;1;0
2026-06-21 07:45:00;TRUE;2026-06-21;7;7,75;0;"domingo";FALSE;"manha_uteis";FALSE;1;0
2026-06-21 08:00:00;TRUE;2026-06-21;8;8;0;"domingo";FALSE;"manha_uteis";FALSE;1;0
2026-06-21 08:15:00;TRUE;2026-06-21;8;8,25;0;"domingo";FALSE;"manha_uteis";FALSE;1;0
2026-06-21 08:30:00;TRUE;2026-06-21;8;8,5;0;"domingo";FALSE;"manha_uteis";FALSE;1;0
2026-06-21 08:45:00;TRUE;2026-06-21;8;8,75;0;"domingo";FALSE;"manha_uteis";FALSE;1;0
2026-06-21 09:00:00;TRUE;2026-06-21;9;9;0;"domingo";FALSE;"manha_uteis";FALSE;1;0
2026-06-21 09:15:00;TRUE;2026-06-21;9;9,25;0;"domingo";FALSE;"manha_uteis";FALSE;1;0
2026-06-21 09:30:00;FALSE;2026-06-21;9;9,5;0;"domingo";FALSE;"manha_uteis";FALSE;0;0
2026-06-21 09:45:00;TRUE;2026-06-21;9;9,75;0;"domingo";FALSE;"manha_uteis";FALSE;1;0
2026-06-21 10:00:00;TRUE;2026-06-21;10;10;0;"domingo";FALSE;"manha_uteis";FALSE;1;0
2026-06-21 10:15:00;TRUE;2026-06-21;10;10,25;0;"domingo";FALSE;"manha_uteis";FALSE;1;0
2026-06-21 10:30:00;TRUE;2026-06-21;10;10,5;0;"domingo";FALSE;"manha_uteis";FALSE;1;0
2026-06-21 10:45:00;TRUE;2026-06-21;10;10,75;0;"domingo";FALSE;"manha_uteis";FALSE;1;0
2026-06-21 11:00:00;TRUE;2026-06-21;11;11;0;"domingo";FALSE;"manha_uteis";FALSE;1;0
2026-06-21 11:15:00;TRUE;2026-06-21;11;11,25;0;"domingo";FALSE;"manha_uteis";FALSE;1;0
2026-06-21 11:30:00;TRUE;2026-06-21;11;11,5;0;"domingo";FALSE;"manha_uteis";FALSE;1;0
2026-06-21 11:45:00;TRUE;2026-06-21;11;11,75;0;"domingo";FALSE;"manha_uteis";FALSE;1;0
2026-06-21 12:00:00;TRUE;2026-06-21;12;12;0;"domingo";FALSE;"comeco_tarde_uteis";FALSE;1;0
2026-06-21 12:15:00;TRUE;2026-06-21;12;12,25;0;"domingo";FALSE;"comeco_tarde_uteis";FALSE;1;0
2026-06-21 12:30:00;TRUE;2026-06-21;12;12,5;0;"domingo";FALSE;"comeco_tarde_uteis";FALSE;1;0
2026-06-21 12:45:00;TRUE;2026-06-21;12;12,75;0;"domingo";FALSE;"comeco_tarde_uteis";FALSE;1;0
2026-06-21 13:00:00;TRUE;2026-06-21;13;13;0;"domingo";FALSE;"comeco_tarde_uteis";FALSE;1;0
2026-06-21 13:15:00;TRUE;2026-06-21;13;13,25;0;"domingo";FALSE;"comeco_tarde_uteis";FALSE;1;0
2026-06-21 13:30:00;TRUE;2026-06-21;13;13,5;0;"domingo";FALSE;"comeco_tarde_uteis";FALSE;1;0
2026-06-21 13:45:00;TRUE;2026-06-21;13;13,75;0;"domingo";FALSE;"comeco_tarde_uteis";FALSE;1;0
2026-06-21 14:00:00;TRUE;2026-06-21;14;14;0;"domingo";FALSE;"meio_tarde_uteis";FALSE;1;0
2026-06-21 14:15:00;FALSE;2026-06-21;14;14,25;0;"domingo";FALSE;"meio_tarde_uteis";FALSE;0;0
2026-06-21 14:30:00;TRUE;2026-06-21;14;14,5;0;"domingo";FALSE;"meio_tarde_uteis";FALSE;1;0
2026-06-21 14:45:00;TRUE;2026-06-21;14;14,75;0;"domingo";FALSE;"meio_tarde_uteis";FALSE;1;0
2026-06-21 15:00:00;TRUE;2026-06-21;15;15;0;"domingo";FALSE;"meio_tarde_uteis";FALSE;1;0
2026-06-21 15:15:00;TRUE;2026-06-21;15;15,25;0;"domingo";FALSE;"meio_tarde_uteis";FALSE;1;0
2026-06-21 15:30:00;TRUE;2026-06-21;15;15,5;0;"domingo";FALSE;"meio_tarde_uteis";FALSE;1;0
2026-06-21 15:45:00;TRUE;2026-06-21;15;15,75;0;"domingo";FALSE;"meio_tarde_uteis";FALSE;1;0
2026-06-21 16:00:00;TRUE;2026-06-21;16;16;0;"domingo";FALSE;"meio_tarde_uteis";FALSE;1;0
2026-06-21 16:15:00;TRUE;2026-06-21;16;16,25;0;"domingo";FALSE;"meio_tarde_uteis";FALSE;1;0
2026-06-21 16:30:00;TRUE;2026-06-21;16;16,5;0;"domingo";FALSE;"meio_tarde_uteis";FALSE;1;0
2026-06-21 16:45:00;TRUE;2026-06-21;16;16,75;0;"domingo";FALSE;"meio_tarde_uteis";FALSE;1;0
2026-06-21 17:00:00;TRUE;2026-06-21;17;17;0;"domingo";FALSE;"fim_tarde";FALSE;1;0
2026-06-21 17:15:00;TRUE;2026-06-21;17;17,25;0;"domingo";FALSE;"fim_tarde";FALSE;1;0
2026-06-21 17:30:00;TRUE;2026-06-21;17;17,5;0;"domingo";FALSE;"fim_tarde";FALSE;1;0
2026-06-21 17:45:00;TRUE;2026-06-21;17;17,75;0;"domingo";FALSE;"fim_tarde";FALSE;1;0
2026-06-21 18:00:00;TRUE;2026-06-21;18;18;0;"domingo";FALSE;"fim_tarde";FALSE;1;0
2026-06-21 18:15:00;FALSE;2026-06-21;18;18,25;0;"domingo";FALSE;"fim_tarde";FALSE;0;0
2026-06-21 18:30:00;TRUE;2026-06-21;18;18,5;0;"domingo";FALSE;"fim_tarde";FALSE;1;0
2026-06-21 18:45:00;TRUE;2026-06-21;18;18,75;0;"domingo";FALSE;"fim_tarde";FALSE;1;0
2026-06-21 19:00:00;TRUE;2026-06-21;19;19;0;"domingo";FALSE;"noite";FALSE;1;0
2026-06-21 19:15:00;TRUE;2026-06-21;19;19,25;0;"domingo";FALSE;"noite";FALSE;1;0
2026-06-21 19:30:00;TRUE;2026-06-21;19;19,5;0;"domingo";FALSE;"noite";FALSE;1;0
2026-06-21 19:45:00;TRUE;2026-06-21;19;19,75;0;"domingo";FALSE;"noite";FALSE;1;0
2026-06-21 20:00:00;TRUE;2026-06-21;20;20;0;"domingo";FALSE;"noite";FALSE;1;0
2026-06-21 20:15:00;TRUE;2026-06-21;20;20,25;0;"domingo";FALSE;"noite";FALSE;1;0
2026-06-21 20:30:00;TRUE;2026-06-21;20;20,5;0;"domingo";FALSE;"noite";FALSE;1;0
2026-06-21 20:45:00;TRUE;2026-06-21;20;20,75;0;"domingo";FALSE;"noite";FALSE;1;0
2026-06-21 21:00:00;TRUE;2026-06-21;21;21;0;"domingo";FALSE;"noite";FALSE;1;0
2026-06-21 21:15:00;TRUE;2026-06-21;21;21,25;0;"domingo";FALSE;"noite";FALSE;1;0
2026-06-21 21:30:00;TRUE;2026-06-21;21;21,5;0;"domingo";FALSE;"noite";FALSE;1;0
2026-06-21 21:45:00;TRUE;2026-06-21;21;21,75;0;"domingo";FALSE;"noite";FALSE;1;0
2026-06-21 22:00:00;TRUE;2026-06-21;22;22;0;"domingo";FALSE;"noite";FALSE;1;0
2026-06-21 22:15:00;TRUE;2026-06-21;22;22,25;0;"domingo";FALSE;"noite";FALSE;1;0
2026-06-21 22:30:00;TRUE;2026-06-21;22;22,5;0;"domingo";FALSE;"noite";FALSE;1;0
2026-06-21 22:45:00;TRUE;2026-06-21;22;22,75;0;"domingo";FALSE;"noite";FALSE;1;0
2026-06-21 23:00:00;TRUE;2026-06-21;23;23;0;"domingo";FALSE;"noite";FALSE;1;0
2026-06-21 23:15:00;TRUE;2026-06-21;23;23,25;0;"domingo";FALSE;"noite";FALSE;1;0
2026-06-21 23:30:00;TRUE;2026-06-21;23;23,5;0;"domingo";FALSE;"noite";FALSE;1;0
2026-06-21 23:45:00;TRUE;2026-06-21;23;23,75;0;"domingo";FALSE;"noite";FALSE;1;0
2026-06-22;TRUE;2026-06-22;0;0;1;"segunda-feira";TRUE;"madrugada";FALSE;1;0
2026-06-22 00:15:00;TRUE;2026-06-22;0;0,25;1;"segunda-feira";TRUE;"madrugada";FALSE;1;0
2026-06-22 00:30:00;TRUE;2026-06-22;0;0,5;1;"segunda-feira";TRUE;"madrugada";FALSE;1;0
2026-06-22 00:45:00;TRUE;2026-06-22;0;0,75;1;"segunda-feira";TRUE;"madrugada";FALSE;1;0
2026-06-22 01:00:00;TRUE;2026-06-22;1;1;1;"segunda-feira";TRUE;"madrugada";FALSE;1;0
2026-06-22 01:15:00;TRUE;2026-06-22;1;1,25;1;"segunda-feira";TRUE;"madrugada";FALSE;1;0
2026-06-22 01:30:00;TRUE;2026-06-22;1;1,5;1;"segunda-feira";TRUE;"madrugada";FALSE;1;0
2026-06-22 01:45:00;TRUE;2026-06-22;1;1,75;1;"segunda-feira";TRUE;"madrugada";FALSE;1;0
2026-06-22 02:00:00;TRUE;2026-06-22;2;2;1;"segunda-feira";TRUE;"madrugada";FALSE;1;0
2026-06-22 02:15:00;TRUE;2026-06-22;2;2,25;1;"segunda-feira";TRUE;"madrugada";FALSE;1;0
2026-06-22 02:30:00;TRUE;2026-06-22;2;2,5;1;"segunda-feira";TRUE;"madrugada";FALSE;1;0
2026-06-22 02:45:00;TRUE;2026-06-22;2;2,75;1;"segunda-feira";TRUE;"madrugada";FALSE;1;0
2026-06-22 03:00:00;TRUE;2026-06-22;3;3;1;"segunda-feira";TRUE;"madrugada";FALSE;1;0
2026-06-22 03:15:00;TRUE;2026-06-22;3;3,25;1;"segunda-feira";TRUE;"madrugada";FALSE;1;0
2026-06-22 03:30:00;TRUE;2026-06-22;3;3,5;1;"segunda-feira";TRUE;"madrugada";FALSE;1;0
2026-06-22 03:45:00;TRUE;2026-06-22;3;3,75;1;"segunda-feira";TRUE;"madrugada";FALSE;1;0
2026-06-22 04:00:00;TRUE;2026-06-22;4;4;1;"segunda-feira";TRUE;"madrugada";FALSE;1;0
2026-06-22 04:15:00;TRUE;2026-06-22;4;4,25;1;"segunda-feira";TRUE;"madrugada";FALSE;1;0
2026-06-22 04:30:00;TRUE;2026-06-22;4;4,5;1;"segunda-feira";TRUE;"madrugada";FALSE;1;0
2026-06-22 04:45:00;TRUE;2026-06-22;4;4,75;1;"segunda-feira";TRUE;"madrugada";FALSE;1;0
2026-06-22 05:00:00;TRUE;2026-06-22;5;5;1;"segunda-feira";TRUE;"madrugada";FALSE;1;0
2026-06-22 05:15:00;TRUE;2026-06-22;5;5,25;1;"segunda-feira";TRUE;"madrugada";FALSE;1;0
2026-06-22 05:30:00;TRUE;2026-06-22;5;5,5;1;"segunda-feira";TRUE;"madrugada";FALSE;1;0
2026-06-22 05:45:00;TRUE;2026-06-22;5;5,75;1;"segunda-feira";TRUE;"madrugada";FALSE;1;0
2026-06-22 06:00:00;TRUE;2026-06-22;6;6;1;"segunda-feira";TRUE;"manha_uteis";TRUE;1;0
2026-06-22 06:15:00;TRUE;2026-06-22;6;6,25;1;"segunda-feira";TRUE;"manha_uteis";TRUE;1;0
2026-06-22 06:30:00;TRUE;2026-06-22;6;6,5;1;"segunda-feira";TRUE;"manha_uteis";TRUE;1;0
2026-06-22 06:45:00;TRUE;2026-06-22;6;6,75;1;"segunda-feira";TRUE;"manha_uteis";TRUE;1;0
2026-06-22 07:00:00;TRUE;2026-06-22;7;7;1;"segunda-feira";TRUE;"manha_uteis";TRUE;1;0
2026-06-22 07:15:00;TRUE;2026-06-22;7;7,25;1;"segunda-feira";TRUE;"manha_uteis";TRUE;1;0
2026-06-22 07:30:00;TRUE;2026-06-22;7;7,5;1;"segunda-feira";TRUE;"manha_uteis";TRUE;1;0
2026-06-22 07:45:00;TRUE;2026-06-22;7;7,75;1;"segunda-feira";TRUE;"manha_uteis";TRUE;1;0
2026-06-22 08:00:00;TRUE;2026-06-22;8;8;1;"segunda-feira";TRUE;"manha_uteis";TRUE;1;0
2026-06-22 08:15:00;TRUE;2026-06-22;8;8,25;1;"segunda-feira";TRUE;"manha_uteis";TRUE;1;0
2026-06-22 08:30:00;TRUE;2026-06-22;8;8,5;1;"segunda-feira";TRUE;"manha_uteis";TRUE;1;0
2026-06-22 08:45:00;TRUE;2026-06-22;8;8,75;1;"segunda-feira";TRUE;"manha_uteis";TRUE;1;0
2026-06-22 09:00:00;TRUE;2026-06-22;9;9;1;"segunda-feira";TRUE;"manha_uteis";TRUE;1;0
2026-06-22 09:15:00;TRUE;2026-06-22;9;9,25;1;"segunda-feira";TRUE;"manha_uteis";TRUE;1;0
2026-06-22 09:30:00;TRUE;2026-06-22;9;9,5;1;"segunda-feira";TRUE;"manha_uteis";TRUE;1;0
2026-06-22 09:45:00;TRUE;2026-06-22;9;9,75;1;"segunda-feira";TRUE;"manha_uteis";TRUE;1;0
2026-06-22 10:00:00;FALSE;2026-06-22;10;10;1;"segunda-feira";TRUE;"manha_uteis";TRUE;0;0
2026-06-22 10:15:00;TRUE;2026-06-22;10;10,25;1;"segunda-feira";TRUE;"manha_uteis";TRUE;1;0
2026-06-22 10:30:00;FALSE;2026-06-22;10;10,5;1;"segunda-feira";TRUE;"manha_uteis";TRUE;0;0
2026-06-22 10:45:00;TRUE;2026-06-22;10;10,75;1;"segunda-feira";TRUE;"manha_uteis";TRUE;1;0
2026-06-22 11:00:00;FALSE;2026-06-22;11;11;1;"segunda-feira";TRUE;"manha_uteis";TRUE;0;0
2026-06-22 11:15:00;FALSE;2026-06-22;11;11,25;1;"segunda-feira";TRUE;"manha_uteis";TRUE;0;0
2026-06-22 11:30:00;TRUE;2026-06-22;11;11,5;1;"segunda-feira";TRUE;"manha_uteis";TRUE;1;0
2026-06-22 11:45:00;TRUE;2026-06-22;11;11,75;1;"segunda-feira";TRUE;"manha_uteis";TRUE;1;0
2026-06-22 12:00:00;TRUE;2026-06-22;12;12;1;"segunda-feira";TRUE;"comeco_tarde_uteis";TRUE;1;0
2026-06-22 12:15:00;TRUE;2026-06-22;12;12,25;1;"segunda-feira";TRUE;"comeco_tarde_uteis";TRUE;1;0
2026-06-22 12:30:00;TRUE;2026-06-22;12;12,5;1;"segunda-feira";TRUE;"comeco_tarde_uteis";TRUE;1;0
2026-06-22 12:45:00;TRUE;2026-06-22;12;12,75;1;"segunda-feira";TRUE;"comeco_tarde_uteis";TRUE;1;0
2026-06-22 13:00:00;FALSE;2026-06-22;13;13;1;"segunda-feira";TRUE;"comeco_tarde_uteis";TRUE;0;0
2026-06-22 13:15:00;FALSE;2026-06-22;13;13,25;1;"segunda-feira";TRUE;"comeco_tarde_uteis";TRUE;0;0
2026-06-22 13:30:00;FALSE;2026-06-22;13;13,5;1;"segunda-feira";TRUE;"comeco_tarde_uteis";TRUE;0;0
2026-06-22 13:45:00;TRUE;2026-06-22;13;13,75;1;"segunda-feira";TRUE;"comeco_tarde_uteis";TRUE;1;0
2026-06-22 14:00:00;TRUE;2026-06-22;14;14;1;"segunda-feira";TRUE;"meio_tarde_uteis";TRUE;1;0
2026-06-22 14:15:00;FALSE;2026-06-22;14;14,25;1;"segunda-feira";TRUE;"meio_tarde_uteis";TRUE;0;0
2026-06-22 14:30:00;FALSE;2026-06-22;14;14,5;1;"segunda-feira";TRUE;"meio_tarde_uteis";TRUE;0;0
2026-06-22 14:45:00;FALSE;2026-06-22;14;14,75;1;"segunda-feira";TRUE;"meio_tarde_uteis";TRUE;0;0
2026-06-22 15:00:00;TRUE;2026-06-22;15;15;1;"segunda-feira";TRUE;"meio_tarde_uteis";TRUE;1;0
2026-06-22 15:15:00;FALSE;2026-06-22;15;15,25;1;"segunda-feira";TRUE;"meio_tarde_uteis";TRUE;0;0
2026-06-22 15:30:00;FALSE;2026-06-22;15;15,5;1;"segunda-feira";TRUE;"meio_tarde_uteis";TRUE;0;0
2026-06-22 15:45:00;FALSE;2026-06-22;15;15,75;1;"segunda-feira";TRUE;"meio_tarde_uteis";TRUE;0;0
2026-06-22 16:00:00;TRUE;2026-06-22;16;16;1;"segunda-feira";TRUE;"meio_tarde_uteis";TRUE;1;0
2026-06-22 16:15:00;FALSE;2026-06-22;16;16,25;1;"segunda-feira";TRUE;"meio_tarde_uteis";TRUE;0;0
2026-06-22 16:30:00;FALSE;2026-06-22;16;16,5;1;"segunda-feira";TRUE;"meio_tarde_uteis";TRUE;0;0
2026-06-22 16:45:00;FALSE;2026-06-22;16;16,75;1;"segunda-feira";TRUE;"meio_tarde_uteis";TRUE;0;0
2026-06-22 17:00:00;FALSE;2026-06-22;17;17;1;"segunda-feira";TRUE;"fim_tarde";FALSE;0;0
2026-06-22 17:15:00;TRUE;2026-06-22;17;17,25;1;"segunda-feira";TRUE;"fim_tarde";FALSE;1;0
2026-06-22 17:30:00;TRUE;2026-06-22;17;17,5;1;"segunda-feira";TRUE;"fim_tarde";FALSE;1;0
2026-06-22 17:45:00;TRUE;2026-06-22;17;17,75;1;"segunda-feira";TRUE;"fim_tarde";FALSE;1;0
2026-06-22 18:00:00;TRUE;2026-06-22;18;18;1;"segunda-feira";TRUE;"fim_tarde";FALSE;1;0
2026-06-22 18:15:00;TRUE;2026-06-22;18;18,25;1;"segunda-feira";TRUE;"fim_tarde";FALSE;1;0
2026-06-22 18:30:00;TRUE;2026-06-22;18;18,5;1;"segunda-feira";TRUE;"fim_tarde";FALSE;1;0
2026-06-22 18:45:00;TRUE;2026-06-22;18;18,75;1;"segunda-feira";TRUE;"fim_tarde";FALSE;1;0
2026-06-22 19:00:00;TRUE;2026-06-22;19;19;1;"segunda-feira";TRUE;"noite";FALSE;1;0
2026-06-22 19:15:00;TRUE;2026-06-22;19;19,25;1;"segunda-feira";TRUE;"noite";FALSE;1;0
2026-06-22 19:30:00;TRUE;2026-06-22;19;19,5;1;"segunda-feira";TRUE;"noite";FALSE;1;0
2026-06-22 19:45:00;TRUE;2026-06-22;19;19,75;1;"segunda-feira";TRUE;"noite";FALSE;1;0
2026-06-22 20:00:00;TRUE;2026-06-22;20;20;1;"segunda-feira";TRUE;"noite";FALSE;1;0
2026-06-22 20:15:00;TRUE;2026-06-22;20;20,25;1;"segunda-feira";TRUE;"noite";FALSE;1;0
2026-06-22 20:30:00;TRUE;2026-06-22;20;20,5;1;"segunda-feira";TRUE;"noite";FALSE;1;0
2026-06-22 20:45:00;TRUE;2026-06-22;20;20,75;1;"segunda-feira";TRUE;"noite";FALSE;1;0
2026-06-22 21:00:00;TRUE;2026-06-22;21;21;1;"segunda-feira";TRUE;"noite";FALSE;1;0
2026-06-22 21:15:00;TRUE;2026-06-22;21;21,25;1;"segunda-feira";TRUE;"noite";FALSE;1;0
2026-06-22 21:30:00;TRUE;2026-06-22;21;21,5;1;"segunda-feira";TRUE;"noite";FALSE;1;0
2026-06-22 21:45:00;TRUE;2026-06-22;21;21,75;1;"segunda-feira";TRUE;"noite";FALSE;1;0
2026-06-22 22:00:00;TRUE;2026-06-22;22;22;1;"segunda-feira";TRUE;"noite";FALSE;1;0
2026-06-22 22:15:00;FALSE;2026-06-22;22;22,25;1;"segunda-feira";TRUE;"noite";FALSE;0;0
2026-06-22 22:30:00;TRUE;2026-06-22;22;22,5;1;"segunda-feira";TRUE;"noite";FALSE;1;0
2026-06-22 22:45:00;TRUE;2026-06-22;22;22,75;1;"segunda-feira";TRUE;"noite";FALSE;1;0
2026-06-22 23:00:00;TRUE;2026-06-22;23;23;1;"segunda-feira";TRUE;"noite";FALSE;1;0
2026-06-22 23:15:00;TRUE;2026-06-22;23;23,25;1;"segunda-feira";TRUE;"noite";FALSE;1;0
2026-06-22 23:30:00;TRUE;2026-06-22;23;23,5;1;"segunda-feira";TRUE;"noite";FALSE;1;0
2026-06-22 23:45:00;TRUE;2026-06-22;23;23,75;1;"segunda-feira";TRUE;"noite";FALSE;1;0
2026-06-23;TRUE;2026-06-23;0;0;2;"terça-feira";TRUE;"madrugada";FALSE;1;0
2026-06-23 00:15:00;TRUE;2026-06-23;0;0,25;2;"terça-feira";TRUE;"madrugada";FALSE;1;0
2026-06-23 00:30:00;TRUE;2026-06-23;0;0,5;2;"terça-feira";TRUE;"madrugada";FALSE;1;0
2026-06-23 00:45:00;TRUE;2026-06-23;0;0,75;2;"terça-feira";TRUE;"madrugada";FALSE;1;0
2026-06-23 01:00:00;TRUE;2026-06-23;1;1;2;"terça-feira";TRUE;"madrugada";FALSE;1;0
2026-06-23 01:15:00;TRUE;2026-06-23;1;1,25;2;"terça-feira";TRUE;"madrugada";FALSE;1;0
2026-06-23 01:30:00;TRUE;2026-06-23;1;1,5;2;"terça-feira";TRUE;"madrugada";FALSE;1;0
2026-06-23 01:45:00;TRUE;2026-06-23;1;1,75;2;"terça-feira";TRUE;"madrugada";FALSE;1;0
2026-06-23 02:00:00;TRUE;2026-06-23;2;2;2;"terça-feira";TRUE;"madrugada";FALSE;1;0
2026-06-23 02:15:00;TRUE;2026-06-23;2;2,25;2;"terça-feira";TRUE;"madrugada";FALSE;1;0
2026-06-23 02:30:00;TRUE;2026-06-23;2;2,5;2;"terça-feira";TRUE;"madrugada";FALSE;1;0
2026-06-23 02:45:00;TRUE;2026-06-23;2;2,75;2;"terça-feira";TRUE;"madrugada";FALSE;1;0
2026-06-23 03:00:00;TRUE;2026-06-23;3;3;2;"terça-feira";TRUE;"madrugada";FALSE;1;0
2026-06-23 03:15:00;TRUE;2026-06-23;3;3,25;2;"terça-feira";TRUE;"madrugada";FALSE;1;0
2026-06-23 03:30:00;TRUE;2026-06-23;3;3,5;2;"terça-feira";TRUE;"madrugada";FALSE;1;0
2026-06-23 03:45:00;TRUE;2026-06-23;3;3,75;2;"terça-feira";TRUE;"madrugada";FALSE;1;0
2026-06-23 04:00:00;TRUE;2026-06-23;4;4;2;"terça-feira";TRUE;"madrugada";FALSE;1;0
2026-06-23 04:15:00;TRUE;2026-06-23;4;4,25;2;"terça-feira";TRUE;"madrugada";FALSE;1;0
2026-06-23 04:30:00;TRUE;2026-06-23;4;4,5;2;"terça-feira";TRUE;"madrugada";FALSE;1;0
2026-06-23 04:45:00;TRUE;2026-06-23;4;4,75;2;"terça-feira";TRUE;"madrugada";FALSE;1;0
2026-06-23 05:00:00;TRUE;2026-06-23;5;5;2;"terça-feira";TRUE;"madrugada";FALSE;1;0
2026-06-23 05:15:00;TRUE;2026-06-23;5;5,25;2;"terça-feira";TRUE;"madrugada";FALSE;1;0
2026-06-23 05:30:00;TRUE;2026-06-23;5;5,5;2;"terça-feira";TRUE;"madrugada";FALSE;1;0
2026-06-23 05:45:00;TRUE;2026-06-23;5;5,75;2;"terça-feira";TRUE;"madrugada";FALSE;1;0
2026-06-23 06:00:00;TRUE;2026-06-23;6;6;2;"terça-feira";TRUE;"manha_uteis";TRUE;1;0
2026-06-23 06:15:00;TRUE;2026-06-23;6;6,25;2;"terça-feira";TRUE;"manha_uteis";TRUE;1;0
2026-06-23 06:30:00;TRUE;2026-06-23;6;6,5;2;"terça-feira";TRUE;"manha_uteis";TRUE;1;0
2026-06-23 06:45:00;TRUE;2026-06-23;6;6,75;2;"terça-feira";TRUE;"manha_uteis";TRUE;1;0
2026-06-23 07:00:00;TRUE;2026-06-23;7;7;2;"terça-feira";TRUE;"manha_uteis";TRUE;1;0
2026-06-23 07:15:00;TRUE;2026-06-23;7;7,25;2;"terça-feira";TRUE;"manha_uteis";TRUE;1;0
2026-06-23 07:30:00;TRUE;2026-06-23;7;7,5;2;"terça-feira";TRUE;"manha_uteis";TRUE;1;0
2026-06-23 07:45:00;TRUE;2026-06-23;7;7,75;2;"terça-feira";TRUE;"manha_uteis";TRUE;1;0
2026-06-23 08:00:00;TRUE;2026-06-23;8;8;2;"terça-feira";TRUE;"manha_uteis";TRUE;1;0
2026-06-23 08:15:00;TRUE;2026-06-23;8;8,25;2;"terça-feira";TRUE;"manha_uteis";TRUE;1;0
2026-06-23 08:30:00;FALSE;2026-06-23;8;8,5;2;"terça-feira";TRUE;"manha_uteis";TRUE;0;0
2026-06-23 08:45:00;FALSE;2026-06-23;8;8,75;2;"terça-feira";TRUE;"manha_uteis";TRUE;0;0
2026-06-23 09:00:00;TRUE;2026-06-23;9;9;2;"terça-feira";TRUE;"manha_uteis";TRUE;1;0
2026-06-23 09:15:00;FALSE;2026-06-23;9;9,25;2;"terça-feira";TRUE;"manha_uteis";TRUE;0;0
2026-06-23 09:30:00;FALSE;2026-06-23;9;9,5;2;"terça-feira";TRUE;"manha_uteis";TRUE;0;0
2026-06-23 09:45:00;FALSE;2026-06-23;9;9,75;2;"terça-feira";TRUE;"manha_uteis";TRUE;0;0
2026-06-23 10:00:00;TRUE;2026-06-23;10;10;2;"terça-feira";TRUE;"manha_uteis";TRUE;1;0
2026-06-23 10:15:00;FALSE;2026-06-23;10;10,25;2;"terça-feira";TRUE;"manha_uteis";TRUE;0;0
2026-06-23 10:30:00;TRUE;2026-06-23;10;10,5;2;"terça-feira";TRUE;"manha_uteis";TRUE;1;0
2026-06-23 10:45:00;TRUE;2026-06-23;10;10,75;2;"terça-feira";TRUE;"manha_uteis";TRUE;1;0
2026-06-23 11:00:00;TRUE;2026-06-23;11;11;2;"terça-feira";TRUE;"manha_uteis";TRUE;1;0
2026-06-23 11:15:00;TRUE;2026-06-23;11;11,25;2;"terça-feira";TRUE;"manha_uteis";TRUE;1;0
2026-06-23 11:30:00;TRUE;2026-06-23;11;11,5;2;"terça-feira";TRUE;"manha_uteis";TRUE;1;0
2026-06-23 11:45:00;TRUE;2026-06-23;11;11,75;2;"terça-feira";TRUE;"manha_uteis";TRUE;1;0
2026-06-23 12:00:00;TRUE;2026-06-23;12;12;2;"terça-feira";TRUE;"comeco_tarde_uteis";TRUE;1;0
2026-06-23 12:15:00;FALSE;2026-06-23;12;12,25;2;"terça-feira";TRUE;"comeco_tarde_uteis";TRUE;0;0
2026-06-23 12:30:00;FALSE;2026-06-23;12;12,5;2;"terça-feira";TRUE;"comeco_tarde_uteis";TRUE;0;0
2026-06-23 12:45:00;TRUE;2026-06-23;12;12,75;2;"terça-feira";TRUE;"comeco_tarde_uteis";TRUE;1;0
2026-06-23 13:00:00;TRUE;2026-06-23;13;13;2;"terça-feira";TRUE;"comeco_tarde_uteis";TRUE;1;0
2026-06-23 13:15:00;TRUE;2026-06-23;13;13,25;2;"terça-feira";TRUE;"comeco_tarde_uteis";TRUE;1;0
2026-06-23 13:30:00;TRUE;2026-06-23;13;13,5;2;"terça-feira";TRUE;"comeco_tarde_uteis";TRUE;1;0
2026-06-23 13:45:00;TRUE;2026-06-23;13;13,75;2;"terça-feira";TRUE;"comeco_tarde_uteis";TRUE;1;0
2026-06-23 14:00:00;TRUE;2026-06-23;14;14;2;"terça-feira";TRUE;"meio_tarde_uteis";TRUE;1;0
2026-06-23 14:15:00;TRUE;2026-06-23;14;14,25;2;"terça-feira";TRUE;"meio_tarde_uteis";TRUE;1;0
2026-06-23 14:30:00;TRUE;2026-06-23;14;14,5;2;"terça-feira";TRUE;"meio_tarde_uteis";TRUE;1;0
2026-06-23 14:45:00;TRUE;2026-06-23;14;14,75;2;"terça-feira";TRUE;"meio_tarde_uteis";TRUE;1;0
2026-06-23 15:00:00;TRUE;2026-06-23;15;15;2;"terça-feira";TRUE;"meio_tarde_uteis";TRUE;1;0
2026-06-23 15:15:00;TRUE;2026-06-23;15;15,25;2;"terça-feira";TRUE;"meio_tarde_uteis";TRUE;1;0
2026-06-23 15:30:00;TRUE;2026-06-23;15;15,5;2;"terça-feira";TRUE;"meio_tarde_uteis";TRUE;1;0
2026-06-23 15:45:00;TRUE;2026-06-23;15;15,75;2;"terça-feira";TRUE;"meio_tarde_uteis";TRUE;1;0
2026-06-23 16:00:00;TRUE;2026-06-23;16;16;2;"terça-feira";TRUE;"meio_tarde_uteis";TRUE;1;0
2026-06-23 16:15:00;TRUE;2026-06-23;16;16,25;2;"terça-feira";TRUE;"meio_tarde_uteis";TRUE;1;0
2026-06-23 16:30:00;TRUE;2026-06-23;16;16,5;2;"terça-feira";TRUE;"meio_tarde_uteis";TRUE;1;0
2026-06-23 16:45:00;TRUE;2026-06-23;16;16,75;2;"terça-feira";TRUE;"meio_tarde_uteis";TRUE;1;0
2026-06-23 17:00:00;TRUE;2026-06-23;17;17;2;"terça-feira";TRUE;"fim_tarde";FALSE;1;0
2026-06-23 17:15:00;TRUE;2026-06-23;17;17,25;2;"terça-feira";TRUE;"fim_tarde";FALSE;1;0
2026-06-23 17:30:00;TRUE;2026-06-23;17;17,5;2;"terça-feira";TRUE;"fim_tarde";FALSE;1;0
2026-06-23 17:45:00;TRUE;2026-06-23;17;17,75;2;"terça-feira";TRUE;"fim_tarde";FALSE;1;0
2026-06-23 18:00:00;TRUE;2026-06-23;18;18;2;"terça-feira";TRUE;"fim_tarde";FALSE;1;0
2026-06-23 18:15:00;TRUE;2026-06-23;18;18,25;2;"terça-feira";TRUE;"fim_tarde";FALSE;1;0
2026-06-23 18:30:00;TRUE;2026-06-23;18;18,5;2;"terça-feira";TRUE;"fim_tarde";FALSE;1;0
2026-06-23 18:45:00;TRUE;2026-06-23;18;18,75;2;"terça-feira";TRUE;"fim_tarde";FALSE;1;0
2026-06-23 19:00:00;TRUE;2026-06-23;19;19;2;"terça-feira";TRUE;"noite";FALSE;1;0
2026-06-23 19:15:00;TRUE;2026-06-23;19;19,25;2;"terça-feira";TRUE;"noite";FALSE;1;0
2026-06-23 19:30:00;TRUE;2026-06-23;19;19,5;2;"terça-feira";TRUE;"noite";FALSE;1;0
2026-06-23 19:45:00;TRUE;2026-06-23;19;19,75;2;"terça-feira";TRUE;"noite";FALSE;1;0
2026-06-23 20:00:00;TRUE;2026-06-23;20;20;2;"terça-feira";TRUE;"noite";FALSE;1;0
2026-06-23 20:15:00;TRUE;2026-06-23;20;20,25;2;"terça-feira";TRUE;"noite";FALSE;1;0
2026-06-23 20:30:00;TRUE;2026-06-23;20;20,5;2;"terça-feira";TRUE;"noite";FALSE;1;0
2026-06-23 20:45:00;TRUE;2026-06-23;20;20,75;2;"terça-feira";TRUE;"noite";FALSE;1;0
2026-06-23 21:00:00;TRUE;2026-06-23;21;21;2;"terça-feira";TRUE;"noite";FALSE;1;0
2026-06-23 21:15:00;TRUE;2026-06-23;21;21,25;2;"terça-feira";TRUE;"noite";FALSE;1;0
2026-06-23 21:30:00;TRUE;2026-06-23;21;21,5;2;"terça-feira";TRUE;"noite";FALSE;1;0
2026-06-23 21:45:00;TRUE;2026-06-23;21;21,75;2;"terça-feira";TRUE;"noite";FALSE;1;0
2026-06-23 22:00:00;TRUE;2026-06-23;22;22;2;"terça-feira";TRUE;"noite";FALSE;1;0
2026-06-23 22:15:00;TRUE;2026-06-23;22;22,25;2;"terça-feira";TRUE;"noite";FALSE;1;0
2026-06-23 22:30:00;TRUE;2026-06-23;22;22,5;2;"terça-feira";TRUE;"noite";FALSE;1;0
2026-06-23 22:45:00;TRUE;2026-06-23;22;22,75;2;"terça-feira";TRUE;"noite";FALSE;1;0
2026-06-23 23:00:00;TRUE;2026-06-23;23;23;2;"terça-feira";TRUE;"noite";FALSE;1;0
2026-06-23 23:15:00;TRUE;2026-06-23;23;23,25;2;"terça-feira";TRUE;"noite";FALSE;1;0
2026-06-23 23:30:00;TRUE;2026-06-23;23;23,5;2;"terça-feira";TRUE;"noite";FALSE;1;0
2026-06-23 23:45:00;TRUE;2026-06-23;23;23,75;2;"terça-feira";TRUE;"noite";FALSE;1;0
2026-06-24;TRUE;2026-06-24;0;0;3;"quarta-feira";TRUE;"madrugada";FALSE;1;0
2026-06-24 00:15:00;TRUE;2026-06-24;0;0,25;3;"quarta-feira";TRUE;"madrugada";FALSE;1;0
2026-06-24 00:30:00;TRUE;2026-06-24;0;0,5;3;"quarta-feira";TRUE;"madrugada";FALSE;1;0
2026-06-24 00:45:00;TRUE;2026-06-24;0;0,75;3;"quarta-feira";TRUE;"madrugada";FALSE;1;0
2026-06-24 01:00:00;TRUE;2026-06-24;1;1;3;"quarta-feira";TRUE;"madrugada";FALSE;1;0
2026-06-24 01:15:00;TRUE;2026-06-24;1;1,25;3;"quarta-feira";TRUE;"madrugada";FALSE;1;0
2026-06-24 01:30:00;TRUE;2026-06-24;1;1,5;3;"quarta-feira";TRUE;"madrugada";FALSE;1;0
2026-06-24 01:45:00;TRUE;2026-06-24;1;1,75;3;"quarta-feira";TRUE;"madrugada";FALSE;1;0
2026-06-24 02:00:00;TRUE;2026-06-24;2;2;3;"quarta-feira";TRUE;"madrugada";FALSE;1;0
2026-06-24 02:15:00;TRUE;2026-06-24;2;2,25;3;"quarta-feira";TRUE;"madrugada";FALSE;1;0
2026-06-24 02:30:00;TRUE;2026-06-24;2;2,5;3;"quarta-feira";TRUE;"madrugada";FALSE;1;0
2026-06-24 02:45:00;TRUE;2026-06-24;2;2,75;3;"quarta-feira";TRUE;"madrugada";FALSE;1;0
2026-06-24 03:00:00;TRUE;2026-06-24;3;3;3;"quarta-feira";TRUE;"madrugada";FALSE;1;0
2026-06-24 03:15:00;TRUE;2026-06-24;3;3,25;3;"quarta-feira";TRUE;"madrugada";FALSE;1;0
2026-06-24 03:30:00;TRUE;2026-06-24;3;3,5;3;"quarta-feira";TRUE;"madrugada";FALSE;1;0
2026-06-24 03:45:00;TRUE;2026-06-24;3;3,75;3;"quarta-feira";TRUE;"madrugada";FALSE;1;0
2026-06-24 04:00:00;TRUE;2026-06-24;4;4;3;"quarta-feira";TRUE;"madrugada";FALSE;1;0
2026-06-24 04:15:00;TRUE;2026-06-24;4;4,25;3;"quarta-feira";TRUE;"madrugada";FALSE;1;0
2026-06-24 04:30:00;TRUE;2026-06-24;4;4,5;3;"quarta-feira";TRUE;"madrugada";FALSE;1;0
2026-06-24 04:45:00;TRUE;2026-06-24;4;4,75;3;"quarta-feira";TRUE;"madrugada";FALSE;1;0
2026-06-24 05:00:00;TRUE;2026-06-24;5;5;3;"quarta-feira";TRUE;"madrugada";FALSE;1;0
2026-06-24 05:15:00;TRUE;2026-06-24;5;5,25;3;"quarta-feira";TRUE;"madrugada";FALSE;1;0
2026-06-24 05:30:00;TRUE;2026-06-24;5;5,5;3;"quarta-feira";TRUE;"madrugada";FALSE;1;0
2026-06-24 05:45:00;TRUE;2026-06-24;5;5,75;3;"quarta-feira";TRUE;"madrugada";FALSE;1;0
2026-06-24 06:00:00;TRUE;2026-06-24;6;6;3;"quarta-feira";TRUE;"manha_uteis";TRUE;1;0
2026-06-24 06:15:00;TRUE;2026-06-24;6;6,25;3;"quarta-feira";TRUE;"manha_uteis";TRUE;1;0
2026-06-24 06:30:00;TRUE;2026-06-24;6;6,5;3;"quarta-feira";TRUE;"manha_uteis";TRUE;1;0
2026-06-24 06:45:00;TRUE;2026-06-24;6;6,75;3;"quarta-feira";TRUE;"manha_uteis";TRUE;1;0
2026-06-24 07:00:00;TRUE;2026-06-24;7;7;3;"quarta-feira";TRUE;"manha_uteis";TRUE;1;0
2026-06-24 07:15:00;TRUE;2026-06-24;7;7,25;3;"quarta-feira";TRUE;"manha_uteis";TRUE;1;0
2026-06-24 07:30:00;TRUE;2026-06-24;7;7,5;3;"quarta-feira";TRUE;"manha_uteis";TRUE;1;0
2026-06-24 07:45:00;TRUE;2026-06-24;7;7,75;3;"quarta-feira";TRUE;"manha_uteis";TRUE;1;0
2026-06-24 08:00:00;TRUE;2026-06-24;8;8;3;"quarta-feira";TRUE;"manha_uteis";TRUE;1;0
2026-06-24 08:15:00;TRUE;2026-06-24;8;8,25;3;"quarta-feira";TRUE;"manha_uteis";TRUE;1;0
2026-06-24 08:30:00;TRUE;2026-06-24;8;8,5;3;"quarta-feira";TRUE;"manha_uteis";TRUE;1;0
2026-06-24 08:45:00;TRUE;2026-06-24;8;8,75;3;"quarta-feira";TRUE;"manha_uteis";TRUE;1;0
2026-06-24 09:00:00;FALSE;2026-06-24;9;9;3;"quarta-feira";TRUE;"manha_uteis";TRUE;0;0
2026-06-24 09:15:00;FALSE;2026-06-24;9;9,25;3;"quarta-feira";TRUE;"manha_uteis";TRUE;0;0
2026-06-24 09:30:00;FALSE;2026-06-24;9;9,5;3;"quarta-feira";TRUE;"manha_uteis";TRUE;0;0
2026-06-24 09:45:00;FALSE;2026-06-24;9;9,75;3;"quarta-feira";TRUE;"manha_uteis";TRUE;0;0
2026-06-24 10:00:00;FALSE;2026-06-24;10;10;3;"quarta-feira";TRUE;"manha_uteis";TRUE;0;0
2026-06-24 10:15:00;FALSE;2026-06-24;10;10,25;3;"quarta-feira";TRUE;"manha_uteis";TRUE;0;0
2026-06-24 10:30:00;TRUE;2026-06-24;10;10,5;3;"quarta-feira";TRUE;"manha_uteis";TRUE;1;0
2026-06-24 10:45:00;FALSE;2026-06-24;10;10,75;3;"quarta-feira";TRUE;"manha_uteis";TRUE;0;0
2026-06-24 11:00:00;FALSE;2026-06-24;11;11;3;"quarta-feira";TRUE;"manha_uteis";TRUE;0;0
2026-06-24 11:15:00;FALSE;2026-06-24;11;11,25;3;"quarta-feira";TRUE;"manha_uteis";TRUE;0;0
2026-06-24 11:30:00;FALSE;2026-06-24;11;11,5;3;"quarta-feira";TRUE;"manha_uteis";TRUE;0;0
2026-06-24 11:45:00;FALSE;2026-06-24;11;11,75;3;"quarta-feira";TRUE;"manha_uteis";TRUE;0;0
2026-06-24 12:00:00;TRUE;2026-06-24;12;12;3;"quarta-feira";TRUE;"comeco_tarde_uteis";TRUE;1;0
2026-06-24 12:15:00;TRUE;2026-06-24;12;12,25;3;"quarta-feira";TRUE;"comeco_tarde_uteis";TRUE;1;0
2026-06-24 12:30:00;TRUE;2026-06-24;12;12,5;3;"quarta-feira";TRUE;"comeco_tarde_uteis";TRUE;1;0
2026-06-24 12:45:00;TRUE;2026-06-24;12;12,75;3;"quarta-feira";TRUE;"comeco_tarde_uteis";TRUE;1;0
2026-06-24 13:00:00;FALSE;2026-06-24;13;13;3;"quarta-feira";TRUE;"comeco_tarde_uteis";TRUE;0;0
2026-06-24 13:15:00;FALSE;2026-06-24;13;13,25;3;"quarta-feira";TRUE;"comeco_tarde_uteis";TRUE;0;0
2026-06-24 13:30:00;TRUE;2026-06-24;13;13,5;3;"quarta-feira";TRUE;"comeco_tarde_uteis";TRUE;1;0
2026-06-24 13:45:00;FALSE;2026-06-24;13;13,75;3;"quarta-feira";TRUE;"comeco_tarde_uteis";TRUE;0;0
2026-06-24 14:00:00;TRUE;2026-06-24;14;14;3;"quarta-feira";TRUE;"meio_tarde_uteis";TRUE;1;0
2026-06-24 14:15:00;TRUE;2026-06-24;14;14,25;3;"quarta-feira";TRUE;"meio_tarde_uteis";TRUE;1;0
2026-06-24 14:30:00;FALSE;2026-06-24;14;14,5;3;"quarta-feira";TRUE;"meio_tarde_uteis";TRUE;0;0
2026-06-24 14:45:00;FALSE;2026-06-24;14;14,75;3;"quarta-feira";TRUE;"meio_tarde_uteis";TRUE;0;0
2026-06-24 15:00:00;FALSE;2026-06-24;15;15;3;"quarta-feira";TRUE;"meio_tarde_uteis";TRUE;0;0
2026-06-24 15:15:00;FALSE;2026-06-24;15;15,25;3;"quarta-feira";TRUE;"meio_tarde_uteis";TRUE;0;0
2026-06-24 15:30:00;FALSE;2026-06-24;15;15,5;3;"quarta-feira";TRUE;"meio_tarde_uteis";TRUE;0;0
2026-06-24 15:45:00;FALSE;2026-06-24;15;15,75;3;"quarta-feira";TRUE;"meio_tarde_uteis";TRUE;0;0
2026-06-24 16:00:00;FALSE;2026-06-24;16;16;3;"quarta-feira";TRUE;"meio_tarde_uteis";TRUE;0;0
2026-06-24 16:15:00;FALSE;2026-06-24;16;16,25;3;"quarta-feira";TRUE;"meio_tarde_uteis";TRUE;0;0
2026-06-24 16:30:00;FALSE;2026-06-24;16;16,5;3;"quarta-feira";TRUE;"meio_tarde_uteis";TRUE;0;0
2026-06-24 16:45:00;FALSE;2026-06-24;16;16,75;3;"quarta-feira";TRUE;"meio_tarde_uteis";TRUE;0;0
2026-06-24 17:00:00;FALSE;2026-06-24;17;17;3;"quarta-feira";TRUE;"fim_tarde";FALSE;0;0
2026-06-24 17:15:00;FALSE;2026-06-24;17;17,25;3;"quarta-feira";TRUE;"fim_tarde";FALSE;0;0
2026-06-24 17:30:00;FALSE;2026-06-24;17;17,5;3;"quarta-feira";TRUE;"fim_tarde";FALSE;0;0
2026-06-24 17:45:00;TRUE;2026-06-24;17;17,75;3;"quarta-feira";TRUE;"fim_tarde";FALSE;1;0
2026-06-24 18:00:00;TRUE;2026-06-24;18;18;3;"quarta-feira";TRUE;"fim_tarde";FALSE;1;0
2026-06-24 18:15:00;TRUE;2026-06-24;18;18,25;3;"quarta-feira";TRUE;"fim_tarde";FALSE;1;0
2026-06-24 18:30:00;TRUE;2026-06-24;18;18,5;3;"quarta-feira";TRUE;"fim_tarde";FALSE;1;0
2026-06-24 18:45:00;TRUE;2026-06-24;18;18,75;3;"quarta-feira";TRUE;"fim_tarde";FALSE;1;0
2026-06-24 19:00:00;TRUE;2026-06-24;19;19;3;"quarta-feira";TRUE;"noite";FALSE;1;0
2026-06-24 19:15:00;TRUE;2026-06-24;19;19,25;3;"quarta-feira";TRUE;"noite";FALSE;1;0
2026-06-24 19:30:00;TRUE;2026-06-24;19;19,5;3;"quarta-feira";TRUE;"noite";FALSE;1;0
2026-06-24 19:45:00;TRUE;2026-06-24;19;19,75;3;"quarta-feira";TRUE;"noite";FALSE;1;0
2026-06-24 20:00:00;TRUE;2026-06-24;20;20;3;"quarta-feira";TRUE;"noite";FALSE;1;0
2026-06-24 20:15:00;TRUE;2026-06-24;20;20,25;3;"quarta-feira";TRUE;"noite";FALSE;1;0
2026-06-24 20:30:00;TRUE;2026-06-24;20;20,5;3;"quarta-feira";TRUE;"noite";FALSE;1;0
2026-06-24 20:45:00;TRUE;2026-06-24;20;20,75;3;"quarta-feira";TRUE;"noite";FALSE;1;0
2026-06-24 21:00:00;TRUE;2026-06-24;21;21;3;"quarta-feira";TRUE;"noite";FALSE;1;0
2026-06-24 21:15:00;TRUE;2026-06-24;21;21,25;3;"quarta-feira";TRUE;"noite";FALSE;1;0
2026-06-24 21:30:00;TRUE;2026-06-24;21;21,5;3;"quarta-feira";TRUE;"noite";FALSE;1;0
2026-06-24 21:45:00;TRUE;2026-06-24;21;21,75;3;"quarta-feira";TRUE;"noite";FALSE;1;0
2026-06-24 22:00:00;TRUE;2026-06-24;22;22;3;"quarta-feira";TRUE;"noite";FALSE;1;0
2026-06-24 22:15:00;TRUE;2026-06-24;22;22,25;3;"quarta-feira";TRUE;"noite";FALSE;1;0
2026-06-24 22:30:00;TRUE;2026-06-24;22;22,5;3;"quarta-feira";TRUE;"noite";FALSE;1;0
2026-06-24 22:45:00;TRUE;2026-06-24;22;22,75;3;"quarta-feira";TRUE;"noite";FALSE;1;0
2026-06-24 23:00:00;TRUE;2026-06-24;23;23;3;"quarta-feira";TRUE;"noite";FALSE;1;0
2026-06-24 23:15:00;TRUE;2026-06-24;23;23,25;3;"quarta-feira";TRUE;"noite";FALSE;1;0
2026-06-24 23:30:00;TRUE;2026-06-24;23;23,5;3;"quarta-feira";TRUE;"noite";FALSE;1;0
2026-06-24 23:45:00;TRUE;2026-06-24;23;23,75;3;"quarta-feira";TRUE;"noite";FALSE;1;0
2026-06-25;TRUE;2026-06-25;0;0;4;"quinta-feira";TRUE;"madrugada";FALSE;1;0
2026-06-25 00:15:00;TRUE;2026-06-25;0;0,25;4;"quinta-feira";TRUE;"madrugada";FALSE;1;0
2026-06-25 00:30:00;TRUE;2026-06-25;0;0,5;4;"quinta-feira";TRUE;"madrugada";FALSE;1;0
2026-06-25 00:45:00;TRUE;2026-06-25;0;0,75;4;"quinta-feira";TRUE;"madrugada";FALSE;1;0
2026-06-25 01:00:00;TRUE;2026-06-25;1;1;4;"quinta-feira";TRUE;"madrugada";FALSE;1;0
2026-06-25 01:15:00;TRUE;2026-06-25;1;1,25;4;"quinta-feira";TRUE;"madrugada";FALSE;1;0
2026-06-25 01:30:00;TRUE;2026-06-25;1;1,5;4;"quinta-feira";TRUE;"madrugada";FALSE;1;0
2026-06-25 01:45:00;TRUE;2026-06-25;1;1,75;4;"quinta-feira";TRUE;"madrugada";FALSE;1;0
2026-06-25 02:00:00;TRUE;2026-06-25;2;2;4;"quinta-feira";TRUE;"madrugada";FALSE;1;0
2026-06-25 02:15:00;TRUE;2026-06-25;2;2,25;4;"quinta-feira";TRUE;"madrugada";FALSE;1;0
2026-06-25 02:30:00;TRUE;2026-06-25;2;2,5;4;"quinta-feira";TRUE;"madrugada";FALSE;1;0
2026-06-25 02:45:00;TRUE;2026-06-25;2;2,75;4;"quinta-feira";TRUE;"madrugada";FALSE;1;0
2026-06-25 03:00:00;TRUE;2026-06-25;3;3;4;"quinta-feira";TRUE;"madrugada";FALSE;1;0
2026-06-25 03:15:00;TRUE;2026-06-25;3;3,25;4;"quinta-feira";TRUE;"madrugada";FALSE;1;0
2026-06-25 03:30:00;TRUE;2026-06-25;3;3,5;4;"quinta-feira";TRUE;"madrugada";FALSE;1;0
2026-06-25 03:45:00;TRUE;2026-06-25;3;3,75;4;"quinta-feira";TRUE;"madrugada";FALSE;1;0
2026-06-25 04:00:00;TRUE;2026-06-25;4;4;4;"quinta-feira";TRUE;"madrugada";FALSE;1;0
2026-06-25 04:15:00;TRUE;2026-06-25;4;4,25;4;"quinta-feira";TRUE;"madrugada";FALSE;1;0
2026-06-25 04:30:00;TRUE;2026-06-25;4;4,5;4;"quinta-feira";TRUE;"madrugada";FALSE;1;0
2026-06-25 04:45:00;TRUE;2026-06-25;4;4,75;4;"quinta-feira";TRUE;"madrugada";FALSE;1;0
2026-06-25 05:00:00;TRUE;2026-06-25;5;5;4;"quinta-feira";TRUE;"madrugada";FALSE;1;0
2026-06-25 05:15:00;TRUE;2026-06-25;5;5,25;4;"quinta-feira";TRUE;"madrugada";FALSE;1;0
2026-06-25 05:30:00;TRUE;2026-06-25;5;5,5;4;"quinta-feira";TRUE;"madrugada";FALSE;1;0
2026-06-25 05:45:00;TRUE;2026-06-25;5;5,75;4;"quinta-feira";TRUE;"madrugada";FALSE;1;0
2026-06-25 06:00:00;TRUE;2026-06-25;6;6;4;"quinta-feira";TRUE;"manha_uteis";TRUE;1;0
2026-06-25 06:15:00;TRUE;2026-06-25;6;6,25;4;"quinta-feira";TRUE;"manha_uteis";TRUE;1;0
2026-06-25 06:30:00;TRUE;2026-06-25;6;6,5;4;"quinta-feira";TRUE;"manha_uteis";TRUE;1;0
2026-06-25 06:45:00;TRUE;2026-06-25;6;6,75;4;"quinta-feira";TRUE;"manha_uteis";TRUE;1;0
2026-06-25 07:00:00;TRUE;2026-06-25;7;7;4;"quinta-feira";TRUE;"manha_uteis";TRUE;1;0
2026-06-25 07:15:00;TRUE;2026-06-25;7;7,25;4;"quinta-feira";TRUE;"manha_uteis";TRUE;1;0
2026-06-25 07:30:00;TRUE;2026-06-25;7;7,5;4;"quinta-feira";TRUE;"manha_uteis";TRUE;1;0
2026-06-25 07:45:00;TRUE;2026-06-25;7;7,75;4;"quinta-feira";TRUE;"manha_uteis";TRUE;1;0
2026-06-25 08:00:00;TRUE;2026-06-25;8;8;4;"quinta-feira";TRUE;"manha_uteis";TRUE;1;0
2026-06-25 08:15:00;TRUE;2026-06-25;8;8,25;4;"quinta-feira";TRUE;"manha_uteis";TRUE;1;0
2026-06-25 08:30:00;TRUE;2026-06-25;8;8,5;4;"quinta-feira";TRUE;"manha_uteis";TRUE;1;0
2026-06-25 08:45:00;TRUE;2026-06-25;8;8,75;4;"quinta-feira";TRUE;"manha_uteis";TRUE;1;0
2026-06-25 09:00:00;TRUE;2026-06-25;9;9;4;"quinta-feira";TRUE;"manha_uteis";TRUE;1;0
2026-06-25 09:15:00;TRUE;2026-06-25;9;9,25;4;"quinta-feira";TRUE;"manha_uteis";TRUE;1;0
2026-06-25 09:30:00;TRUE;2026-06-25;9;9,5;4;"quinta-feira";TRUE;"manha_uteis";TRUE;1;0
2026-06-25 09:45:00;TRUE;2026-06-25;9;9,75;4;"quinta-feira";TRUE;"manha_uteis";TRUE;1;0
2026-06-25 10:00:00;TRUE;2026-06-25;10;10;4;"quinta-feira";TRUE;"manha_uteis";TRUE;1;0
2026-06-25 10:15:00;TRUE;2026-06-25;10;10,25;4;"quinta-feira";TRUE;"manha_uteis";TRUE;1;0
2026-06-25 10:30:00;TRUE;2026-06-25;10;10,5;4;"quinta-feira";TRUE;"manha_uteis";TRUE;1;0
2026-06-25 10:45:00;TRUE;2026-06-25;10;10,75;4;"quinta-feira";TRUE;"manha_uteis";TRUE;1;0
2026-06-25 11:00:00;TRUE;2026-06-25;11;11;4;"quinta-feira";TRUE;"manha_uteis";TRUE;1;0
2026-06-25 11:15:00;TRUE;2026-06-25;11;11,25;4;"quinta-feira";TRUE;"manha_uteis";TRUE;1;0
2026-06-25 11:30:00;TRUE;2026-06-25;11;11,5;4;"quinta-feira";TRUE;"manha_uteis";TRUE;1;0
2026-06-25 11:45:00;TRUE;2026-06-25;11;11,75;4;"quinta-feira";TRUE;"manha_uteis";TRUE;1;0
2026-06-25 12:00:00;TRUE;2026-06-25;12;12;4;"quinta-feira";TRUE;"comeco_tarde_uteis";TRUE;1;0
2026-06-25 12:15:00;TRUE;2026-06-25;12;12,25;4;"quinta-feira";TRUE;"comeco_tarde_uteis";TRUE;1;0
2026-06-25 12:30:00;TRUE;2026-06-25;12;12,5;4;"quinta-feira";TRUE;"comeco_tarde_uteis";TRUE;1;0
2026-06-25 12:45:00;TRUE;2026-06-25;12;12,75;4;"quinta-feira";TRUE;"comeco_tarde_uteis";TRUE;1;0
2026-06-25 13:00:00;TRUE;2026-06-25;13;13;4;"quinta-feira";TRUE;"comeco_tarde_uteis";TRUE;1;0
2026-06-25 13:15:00;FALSE;2026-06-25;13;13,25;4;"quinta-feira";TRUE;"comeco_tarde_uteis";TRUE;0;0
2026-06-25 13:30:00;FALSE;2026-06-25;13;13,5;4;"quinta-feira";TRUE;"comeco_tarde_uteis";TRUE;0;0
2026-06-25 13:45:00;TRUE;2026-06-25;13;13,75;4;"quinta-feira";TRUE;"comeco_tarde_uteis";TRUE;1;0
2026-06-25 14:00:00;TRUE;2026-06-25;14;14;4;"quinta-feira";TRUE;"meio_tarde_uteis";TRUE;1;0
2026-06-25 14:15:00;TRUE;2026-06-25;14;14,25;4;"quinta-feira";TRUE;"meio_tarde_uteis";TRUE;1;0
2026-06-25 14:30:00;TRUE;2026-06-25;14;14,5;4;"quinta-feira";TRUE;"meio_tarde_uteis";TRUE;1;0
2026-06-25 14:45:00;FALSE;2026-06-25;14;14,75;4;"quinta-feira";TRUE;"meio_tarde_uteis";TRUE;0;0
2026-06-25 15:00:00;TRUE;2026-06-25;15;15;4;"quinta-feira";TRUE;"meio_tarde_uteis";TRUE;1;0
2026-06-25 15:15:00;FALSE;2026-06-25;15;15,25;4;"quinta-feira";TRUE;"meio_tarde_uteis";TRUE;0;0
2026-06-25 15:30:00;FALSE;2026-06-25;15;15,5;4;"quinta-feira";TRUE;"meio_tarde_uteis";TRUE;0;0
2026-06-25 15:45:00;TRUE;2026-06-25;15;15,75;4;"quinta-feira";TRUE;"meio_tarde_uteis";TRUE;1;0
2026-06-25 16:00:00;TRUE;2026-06-25;16;16;4;"quinta-feira";TRUE;"meio_tarde_uteis";TRUE;1;0
2026-06-25 16:15:00;FALSE;2026-06-25;16;16,25;4;"quinta-feira";TRUE;"meio_tarde_uteis";TRUE;0;0
2026-06-25 16:30:00;FALSE;2026-06-25;16;16,5;4;"quinta-feira";TRUE;"meio_tarde_uteis";TRUE;0;0
2026-06-25 16:45:00;TRUE;2026-06-25;16;16,75;4;"quinta-feira";TRUE;"meio_tarde_uteis";TRUE;1;0
2026-06-25 17:00:00;TRUE;2026-06-25;17;17;4;"quinta-feira";TRUE;"fim_tarde";FALSE;1;0
2026-06-25 17:15:00;TRUE;2026-06-25;17;17,25;4;"quinta-feira";TRUE;"fim_tarde";FALSE;1;0
2026-06-25 17:30:00;TRUE;2026-06-25;17;17,5;4;"quinta-feira";TRUE;"fim_tarde";FALSE;1;0
2026-06-25 17:45:00;TRUE;2026-06-25;17;17,75;4;"quinta-feira";TRUE;"fim_tarde";FALSE;1;0
2026-06-25 18:00:00;TRUE;2026-06-25;18;18;4;"quinta-feira";TRUE;"fim_tarde";FALSE;1;0
2026-06-25 18:15:00;TRUE;2026-06-25;18;18,25;4;"quinta-feira";TRUE;"fim_tarde";FALSE;1;0
2026-06-25 18:30:00;TRUE;2026-06-25;18;18,5;4;"quinta-feira";TRUE;"fim_tarde";FALSE;1;0
2026-06-25 18:45:00;TRUE;2026-06-25;18;18,75;4;"quinta-feira";TRUE;"fim_tarde";FALSE;1;0
2026-06-25 19:00:00;TRUE;2026-06-25;19;19;4;"quinta-feira";TRUE;"noite";FALSE;1;0
2026-06-25 19:15:00;TRUE;2026-06-25;19;19,25;4;"quinta-feira";TRUE;"noite";FALSE;1;0
2026-06-25 19:30:00;TRUE;2026-06-25;19;19,5;4;"quinta-feira";TRUE;"noite";FALSE;1;0
2026-06-25 19:45:00;TRUE;2026-06-25;19;19,75;4;"quinta-feira";TRUE;"noite";FALSE;1;0
2026-06-25 20:00:00;TRUE;2026-06-25;20;20;4;"quinta-feira";TRUE;"noite";FALSE;1;0
2026-06-25 20:15:00;TRUE;2026-06-25;20;20,25;4;"quinta-feira";TRUE;"noite";FALSE;1;0
2026-06-25 20:30:00;TRUE;2026-06-25;20;20,5;4;"quinta-feira";TRUE;"noite";FALSE;1;0
2026-06-25 20:45:00;TRUE;2026-06-25;20;20,75;4;"quinta-feira";TRUE;"noite";FALSE;1;0
2026-06-25 21:00:00;TRUE;2026-06-25;21;21;4;"quinta-feira";TRUE;"noite";FALSE;1;0
2026-06-25 21:15:00;TRUE;2026-06-25;21;21,25;4;"quinta-feira";TRUE;"noite";FALSE;1;0
2026-06-25 21:30:00;TRUE;2026-06-25;21;21,5;4;"quinta-feira";TRUE;"noite";FALSE;1;0
2026-06-25 21:45:00;TRUE;2026-06-25;21;21,75;4;"quinta-feira";TRUE;"noite";FALSE;1;0
2026-06-25 22:00:00;TRUE;2026-06-25;22;22;4;"quinta-feira";TRUE;"noite";FALSE;1;0
2026-06-25 22:15:00;TRUE;2026-06-25;22;22,25;4;"quinta-feira";TRUE;"noite";FALSE;1;0
2026-06-25 22:30:00;TRUE;2026-06-25;22;22,5;4;"quinta-feira";TRUE;"noite";FALSE;1;0
2026-06-25 22:45:00;TRUE;2026-06-25;22;22,75;4;"quinta-feira";TRUE;"noite";FALSE;1;0
2026-06-25 23:00:00;TRUE;2026-06-25;23;23;4;"quinta-feira";TRUE;"noite";FALSE;1;0
2026-06-25 23:15:00;TRUE;2026-06-25;23;23,25;4;"quinta-feira";TRUE;"noite";FALSE;1;0
2026-06-25 23:30:00;TRUE;2026-06-25;23;23,5;4;"quinta-feira";TRUE;"noite";FALSE;1;0
2026-06-25 23:45:00;TRUE;2026-06-25;23;23,75;4;"quinta-feira";TRUE;"noite";FALSE;1;0
2026-06-26;TRUE;2026-06-26;0;0;5;"sexta-feira";TRUE;"madrugada";FALSE;1;0
2026-06-26 00:15:00;TRUE;2026-06-26;0;0,25;5;"sexta-feira";TRUE;"madrugada";FALSE;1;0
2026-06-26 00:30:00;TRUE;2026-06-26;0;0,5;5;"sexta-feira";TRUE;"madrugada";FALSE;1;0
2026-06-26 00:45:00;TRUE;2026-06-26;0;0,75;5;"sexta-feira";TRUE;"madrugada";FALSE;1;0
2026-06-26 01:00:00;TRUE;2026-06-26;1;1;5;"sexta-feira";TRUE;"madrugada";FALSE;1;0
2026-06-26 01:15:00;TRUE;2026-06-26;1;1,25;5;"sexta-feira";TRUE;"madrugada";FALSE;1;0
2026-06-26 01:30:00;TRUE;2026-06-26;1;1,5;5;"sexta-feira";TRUE;"madrugada";FALSE;1;0
2026-06-26 01:45:00;TRUE;2026-06-26;1;1,75;5;"sexta-feira";TRUE;"madrugada";FALSE;1;0
2026-06-26 02:00:00;TRUE;2026-06-26;2;2;5;"sexta-feira";TRUE;"madrugada";FALSE;1;0
2026-06-26 02:15:00;TRUE;2026-06-26;2;2,25;5;"sexta-feira";TRUE;"madrugada";FALSE;1;0
2026-06-26 02:30:00;TRUE;2026-06-26;2;2,5;5;"sexta-feira";TRUE;"madrugada";FALSE;1;0
2026-06-26 02:45:00;TRUE;2026-06-26;2;2,75;5;"sexta-feira";TRUE;"madrugada";FALSE;1;0
2026-06-26 03:00:00;TRUE;2026-06-26;3;3;5;"sexta-feira";TRUE;"madrugada";FALSE;1;0
2026-06-26 03:15:00;TRUE;2026-06-26;3;3,25;5;"sexta-feira";TRUE;"madrugada";FALSE;1;0
2026-06-26 03:30:00;TRUE;2026-06-26;3;3,5;5;"sexta-feira";TRUE;"madrugada";FALSE;1;0
2026-06-26 03:45:00;TRUE;2026-06-26;3;3,75;5;"sexta-feira";TRUE;"madrugada";FALSE;1;0
2026-06-26 04:00:00;TRUE;2026-06-26;4;4;5;"sexta-feira";TRUE;"madrugada";FALSE;1;0
2026-06-26 04:15:00;TRUE;2026-06-26;4;4,25;5;"sexta-feira";TRUE;"madrugada";FALSE;1;0
2026-06-26 04:30:00;TRUE;2026-06-26;4;4,5;5;"sexta-feira";TRUE;"madrugada";FALSE;1;0
2026-06-26 04:45:00;TRUE;2026-06-26;4;4,75;5;"sexta-feira";TRUE;"madrugada";FALSE;1;0
2026-06-26 05:00:00;TRUE;2026-06-26;5;5;5;"sexta-feira";TRUE;"madrugada";FALSE;1;0
2026-06-26 05:15:00;TRUE;2026-06-26;5;5,25;5;"sexta-feira";TRUE;"madrugada";FALSE;1;0
2026-06-26 05:30:00;TRUE;2026-06-26;5;5,5;5;"sexta-feira";TRUE;"madrugada";FALSE;1;0
2026-06-26 05:45:00;TRUE;2026-06-26;5;5,75;5;"sexta-feira";TRUE;"madrugada";FALSE;1;0
2026-06-26 06:00:00;TRUE;2026-06-26;6;6;5;"sexta-feira";TRUE;"manha_uteis";TRUE;1;0
2026-06-26 06:15:00;TRUE;2026-06-26;6;6,25;5;"sexta-feira";TRUE;"manha_uteis";TRUE;1;0
2026-06-26 06:30:00;TRUE;2026-06-26;6;6,5;5;"sexta-feira";TRUE;"manha_uteis";TRUE;1;0
2026-06-26 06:45:00;TRUE;2026-06-26;6;6,75;5;"sexta-feira";TRUE;"manha_uteis";TRUE;1;0
2026-06-26 07:00:00;TRUE;2026-06-26;7;7;5;"sexta-feira";TRUE;"manha_uteis";TRUE;1;0
2026-06-26 07:15:00;TRUE;2026-06-26;7;7,25;5;"sexta-feira";TRUE;"manha_uteis";TRUE;1;0
2026-06-26 07:30:00;TRUE;2026-06-26;7;7,5;5;"sexta-feira";TRUE;"manha_uteis";TRUE;1;0
2026-06-26 07:45:00;TRUE;2026-06-26;7;7,75;5;"sexta-feira";TRUE;"manha_uteis";TRUE;1;0
2026-06-26 08:00:00;TRUE;2026-06-26;8;8;5;"sexta-feira";TRUE;"manha_uteis";TRUE;1;0
2026-06-26 08:15:00;TRUE;2026-06-26;8;8,25;5;"sexta-feira";TRUE;"manha_uteis";TRUE;1;0
2026-06-26 08:30:00;TRUE;2026-06-26;8;8,5;5;"sexta-feira";TRUE;"manha_uteis";TRUE;1;0
2026-06-26 08:45:00;TRUE;2026-06-26;8;8,75;5;"sexta-feira";TRUE;"manha_uteis";TRUE;1;0
2026-06-26 09:00:00;TRUE;2026-06-26;9;9;5;"sexta-feira";TRUE;"manha_uteis";TRUE;1;0
2026-06-26 09:15:00;TRUE;2026-06-26;9;9,25;5;"sexta-feira";TRUE;"manha_uteis";TRUE;1;0
2026-06-26 09:30:00;TRUE;2026-06-26;9;9,5;5;"sexta-feira";TRUE;"manha_uteis";TRUE;1;0
2026-06-26 09:45:00;TRUE;2026-06-26;9;9,75;5;"sexta-feira";TRUE;"manha_uteis";TRUE;1;0
2026-06-26 10:00:00;FALSE;2026-06-26;10;10;5;"sexta-feira";TRUE;"manha_uteis";TRUE;0;0
2026-06-26 10:15:00;TRUE;2026-06-26;10;10,25;5;"sexta-feira";TRUE;"manha_uteis";TRUE;1;0
2026-06-26 10:30:00;TRUE;2026-06-26;10;10,5;5;"sexta-feira";TRUE;"manha_uteis";TRUE;1;0
2026-06-26 10:45:00;TRUE;2026-06-26;10;10,75;5;"sexta-feira";TRUE;"manha_uteis";TRUE;1;0
2026-06-26 11:00:00;TRUE;2026-06-26;11;11;5;"sexta-feira";TRUE;"manha_uteis";TRUE;1;0
2026-06-26 11:15:00;TRUE;2026-06-26;11;11,25;5;"sexta-feira";TRUE;"manha_uteis";TRUE;1;0
2026-06-26 11:30:00;TRUE;2026-06-26;11;11,5;5;"sexta-feira";TRUE;"manha_uteis";TRUE;1;0
2026-06-26 11:45:00;TRUE;2026-06-26;11;11,75;5;"sexta-feira";TRUE;"manha_uteis";TRUE;1;0
2026-06-26 12:00:00;TRUE;2026-06-26;12;12;5;"sexta-feira";TRUE;"comeco_tarde_uteis";TRUE;1;0
2026-06-26 12:15:00;TRUE;2026-06-26;12;12,25;5;"sexta-feira";TRUE;"comeco_tarde_uteis";TRUE;1;0
2026-06-26 12:30:00;TRUE;2026-06-26;12;12,5;5;"sexta-feira";TRUE;"comeco_tarde_uteis";TRUE;1;0
2026-06-26 12:45:00;TRUE;2026-06-26;12;12,75;5;"sexta-feira";TRUE;"comeco_tarde_uteis";TRUE;1;0
2026-06-26 13:00:00;FALSE;2026-06-26;13;13;5;"sexta-feira";TRUE;"comeco_tarde_uteis";TRUE;0;0
2026-06-26 13:15:00;FALSE;2026-06-26;13;13,25;5;"sexta-feira";TRUE;"comeco_tarde_uteis";TRUE;0;0
2026-06-26 13:30:00;TRUE;2026-06-26;13;13,5;5;"sexta-feira";TRUE;"comeco_tarde_uteis";TRUE;1;0
2026-06-26 13:45:00;TRUE;2026-06-26;13;13,75;5;"sexta-feira";TRUE;"comeco_tarde_uteis";TRUE;1;0
2026-06-26 14:00:00;TRUE;2026-06-26;14;14;5;"sexta-feira";TRUE;"meio_tarde_uteis";TRUE;1;0
2026-06-26 14:15:00;TRUE;2026-06-26;14;14,25;5;"sexta-feira";TRUE;"meio_tarde_uteis";TRUE;1;0
2026-06-26 14:30:00;FALSE;2026-06-26;14;14,5;5;"sexta-feira";TRUE;"meio_tarde_uteis";TRUE;0;0
2026-06-26 14:45:00;FALSE;2026-06-26;14;14,75;5;"sexta-feira";TRUE;"meio_tarde_uteis";TRUE;0;0
2026-06-26 15:00:00;TRUE;2026-06-26;15;15;5;"sexta-feira";TRUE;"meio_tarde_uteis";TRUE;1;0
2026-06-26 15:15:00;FALSE;2026-06-26;15;15,25;5;"sexta-feira";TRUE;"meio_tarde_uteis";TRUE;0;0
2026-06-26 15:30:00;TRUE;2026-06-26;15;15,5;5;"sexta-feira";TRUE;"meio_tarde_uteis";TRUE;1;0
2026-06-26 15:45:00;FALSE;2026-06-26;15;15,75;5;"sexta-feira";TRUE;"meio_tarde_uteis";TRUE;0;0
2026-06-26 16:00:00;FALSE;2026-06-26;16;16;5;"sexta-feira";TRUE;"meio_tarde_uteis";TRUE;0;0
2026-06-26 16:15:00;TRUE;2026-06-26;16;16,25;5;"sexta-feira";TRUE;"meio_tarde_uteis";TRUE;1;0
2026-06-26 16:30:00;TRUE;2026-06-26;16;16,5;5;"sexta-feira";TRUE;"meio_tarde_uteis";TRUE;1;0
2026-06-26 16:45:00;FALSE;2026-06-26;16;16,75;5;"sexta-feira";TRUE;"meio_tarde_uteis";TRUE;0;0
2026-06-26 17:00:00;TRUE;2026-06-26;17;17;5;"sexta-feira";TRUE;"fim_tarde";FALSE;1;0
2026-06-26 17:15:00;TRUE;2026-06-26;17;17,25;5;"sexta-feira";TRUE;"fim_tarde";FALSE;1;0
2026-06-26 17:30:00;TRUE;2026-06-26;17;17,5;5;"sexta-feira";TRUE;"fim_tarde";FALSE;1;0
2026-06-26 17:45:00;TRUE;2026-06-26;17;17,75;5;"sexta-feira";TRUE;"fim_tarde";FALSE;1;0
2026-06-26 18:00:00;TRUE;2026-06-26;18;18;5;"sexta-feira";TRUE;"fim_tarde";FALSE;1;0
2026-06-26 18:15:00;TRUE;2026-06-26;18;18,25;5;"sexta-feira";TRUE;"fim_tarde";FALSE;1;0
2026-06-26 18:30:00;TRUE;2026-06-26;18;18,5;5;"sexta-feira";TRUE;"fim_tarde";FALSE;1;0
2026-06-26 18:45:00;TRUE;2026-06-26;18;18,75;5;"sexta-feira";TRUE;"fim_tarde";FALSE;1;0
2026-06-26 19:00:00;TRUE;2026-06-26;19;19;5;"sexta-feira";TRUE;"noite";FALSE;1;0
2026-06-26 19:15:00;TRUE;2026-06-26;19;19,25;5;"sexta-feira";TRUE;"noite";FALSE;1;0
2026-06-26 19:30:00;TRUE;2026-06-26;19;19,5;5;"sexta-feira";TRUE;"noite";FALSE;1;0
2026-06-26 19:45:00;TRUE;2026-06-26;19;19,75;5;"sexta-feira";TRUE;"noite";FALSE;1;0
2026-06-26 20:00:00;TRUE;2026-06-26;20;20;5;"sexta-feira";TRUE;"noite";FALSE;1;0
2026-06-26 20:15:00;TRUE;2026-06-26;20;20,25;5;"sexta-feira";TRUE;"noite";FALSE;1;0
2026-06-26 20:30:00;TRUE;2026-06-26;20;20,5;5;"sexta-feira";TRUE;"noite";FALSE;1;0
2026-06-26 20:45:00;TRUE;2026-06-26;20;20,75;5;"sexta-feira";TRUE;"noite";FALSE;1;0
2026-06-26 21:00:00;TRUE;2026-06-26;21;21;5;"sexta-feira";TRUE;"noite";FALSE;1;0
2026-06-26 21:15:00;TRUE;2026-06-26;21;21,25;5;"sexta-feira";TRUE;"noite";FALSE;1;0
2026-06-26 21:30:00;TRUE;2026-06-26;21;21,5;5;"sexta-feira";TRUE;"noite";FALSE;1;0
2026-06-26 21:45:00;TRUE;2026-06-26;21;21,75;5;"sexta-feira";TRUE;"noite";FALSE;1;0
2026-06-26 22:00:00;TRUE;2026-06-26;22;22;5;"sexta-feira";TRUE;"noite";FALSE;1;0
2026-06-26 22:15:00;TRUE;2026-06-26;22;22,25;5;"sexta-feira";TRUE;"noite";FALSE;1;0
2026-06-26 22:30:00;TRUE;2026-06-26;22;22,5;5;"sexta-feira";TRUE;"noite";FALSE;1;0
2026-06-26 22:45:00;TRUE;2026-06-26;22;22,75;5;"sexta-feira";TRUE;"noite";FALSE;1;0
2026-06-26 23:00:00;TRUE;2026-06-26;23;23;5;"sexta-feira";TRUE;"noite";FALSE;1;0
2026-06-26 23:15:00;TRUE;2026-06-26;23;23,25;5;"sexta-feira";TRUE;"noite";FALSE;1;0
2026-06-26 23:30:00;TRUE;2026-06-26;23;23,5;5;"sexta-feira";TRUE;"noite";FALSE;1;0
2026-06-26 23:45:00;TRUE;2026-06-26;23;23,75;5;"sexta-feira";TRUE;"noite";FALSE;1;0
2026-06-27;TRUE;2026-06-27;0;0;6;"sábado";FALSE;"madrugada";FALSE;1;0
2026-06-27 00:15:00;TRUE;2026-06-27;0;0,25;6;"sábado";FALSE;"madrugada";FALSE;1;0
2026-06-27 00:30:00;TRUE;2026-06-27;0;0,5;6;"sábado";FALSE;"madrugada";FALSE;1;0
2026-06-27 00:45:00;TRUE;2026-06-27;0;0,75;6;"sábado";FALSE;"madrugada";FALSE;1;0
2026-06-27 01:00:00;TRUE;2026-06-27;1;1;6;"sábado";FALSE;"madrugada";FALSE;1;0
2026-06-27 01:15:00;TRUE;2026-06-27;1;1,25;6;"sábado";FALSE;"madrugada";FALSE;1;0
2026-06-27 01:30:00;TRUE;2026-06-27;1;1,5;6;"sábado";FALSE;"madrugada";FALSE;1;0
2026-06-27 01:45:00;TRUE;2026-06-27;1;1,75;6;"sábado";FALSE;"madrugada";FALSE;1;0
2026-06-27 02:00:00;TRUE;2026-06-27;2;2;6;"sábado";FALSE;"madrugada";FALSE;1;0
2026-06-27 02:15:00;TRUE;2026-06-27;2;2,25;6;"sábado";FALSE;"madrugada";FALSE;1;0
2026-06-27 02:30:00;TRUE;2026-06-27;2;2,5;6;"sábado";FALSE;"madrugada";FALSE;1;0
2026-06-27 02:45:00;TRUE;2026-06-27;2;2,75;6;"sábado";FALSE;"madrugada";FALSE;1;0
2026-06-27 03:00:00;TRUE;2026-06-27;3;3;6;"sábado";FALSE;"madrugada";FALSE;1;0
2026-06-27 03:15:00;TRUE;2026-06-27;3;3,25;6;"sábado";FALSE;"madrugada";FALSE;1;0
2026-06-27 03:30:00;TRUE;2026-06-27;3;3,5;6;"sábado";FALSE;"madrugada";FALSE;1;0
2026-06-27 03:45:00;TRUE;2026-06-27;3;3,75;6;"sábado";FALSE;"madrugada";FALSE;1;0
2026-06-27 04:00:00;TRUE;2026-06-27;4;4;6;"sábado";FALSE;"madrugada";FALSE;1;0
2026-06-27 04:15:00;TRUE;2026-06-27;4;4,25;6;"sábado";FALSE;"madrugada";FALSE;1;0
2026-06-27 04:30:00;TRUE;2026-06-27;4;4,5;6;"sábado";FALSE;"madrugada";FALSE;1;0
2026-06-27 04:45:00;TRUE;2026-06-27;4;4,75;6;"sábado";FALSE;"madrugada";FALSE;1;0
2026-06-27 05:00:00;TRUE;2026-06-27;5;5;6;"sábado";FALSE;"madrugada";FALSE;1;0
2026-06-27 05:15:00;TRUE;2026-06-27;5;5,25;6;"sábado";FALSE;"madrugada";FALSE;1;0
2026-06-27 05:30:00;TRUE;2026-06-27;5;5,5;6;"sábado";FALSE;"madrugada";FALSE;1;0
2026-06-27 05:45:00;TRUE;2026-06-27;5;5,75;6;"sábado";FALSE;"madrugada";FALSE;1;0
2026-06-27 06:00:00;TRUE;2026-06-27;6;6;6;"sábado";FALSE;"manha_uteis";FALSE;1;0
2026-06-27 06:15:00;TRUE;2026-06-27;6;6,25;6;"sábado";FALSE;"manha_uteis";FALSE;1;0
2026-06-27 06:30:00;TRUE;2026-06-27;6;6,5;6;"sábado";FALSE;"manha_uteis";FALSE;1;0
2026-06-27 06:45:00;TRUE;2026-06-27;6;6,75;6;"sábado";FALSE;"manha_uteis";FALSE;1;0
2026-06-27 07:00:00;TRUE;2026-06-27;7;7;6;"sábado";FALSE;"manha_uteis";FALSE;1;0
2026-06-27 07:15:00;TRUE;2026-06-27;7;7,25;6;"sábado";FALSE;"manha_uteis";FALSE;1;0
2026-06-27 07:30:00;TRUE;2026-06-27;7;7,5;6;"sábado";FALSE;"manha_uteis";FALSE;1;0
2026-06-27 07:45:00;TRUE;2026-06-27;7;7,75;6;"sábado";FALSE;"manha_uteis";FALSE;1;0
2026-06-27 08:00:00;TRUE;2026-06-27;8;8;6;"sábado";FALSE;"manha_uteis";FALSE;1;0
2026-06-27 08:15:00;TRUE;2026-06-27;8;8,25;6;"sábado";FALSE;"manha_uteis";FALSE;1;0
2026-06-27 08:30:00;TRUE;2026-06-27;8;8,5;6;"sábado";FALSE;"manha_uteis";FALSE;1;0
2026-06-27 08:45:00;TRUE;2026-06-27;8;8,75;6;"sábado";FALSE;"manha_uteis";FALSE;1;0
2026-06-27 09:00:00;TRUE;2026-06-27;9;9;6;"sábado";FALSE;"manha_uteis";FALSE;1;0
2026-06-27 09:15:00;TRUE;2026-06-27;9;9,25;6;"sábado";FALSE;"manha_uteis";FALSE;1;0
2026-06-27 09:30:00;TRUE;2026-06-27;9;9,5;6;"sábado";FALSE;"manha_uteis";FALSE;1;0
2026-06-27 09:45:00;TRUE;2026-06-27;9;9,75;6;"sábado";FALSE;"manha_uteis";FALSE;1;0
2026-06-27 10:00:00;TRUE;2026-06-27;10;10;6;"sábado";FALSE;"manha_uteis";FALSE;1;0
2026-06-27 10:15:00;TRUE;2026-06-27;10;10,25;6;"sábado";FALSE;"manha_uteis";FALSE;1;0
2026-06-27 10:30:00;TRUE;2026-06-27;10;10,5;6;"sábado";FALSE;"manha_uteis";FALSE;1;0
2026-06-27 10:45:00;TRUE;2026-06-27;10;10,75;6;"sábado";FALSE;"manha_uteis";FALSE;1;0
2026-06-27 11:00:00;TRUE;2026-06-27;11;11;6;"sábado";FALSE;"manha_uteis";FALSE;1;0
2026-06-27 11:15:00;TRUE;2026-06-27;11;11,25;6;"sábado";FALSE;"manha_uteis";FALSE;1;0
2026-06-27 11:30:00;TRUE;2026-06-27;11;11,5;6;"sábado";FALSE;"manha_uteis";FALSE;1;0
2026-06-27 11:45:00;TRUE;2026-06-27;11;11,75;6;"sábado";FALSE;"manha_uteis";FALSE;1;0
2026-06-27 12:00:00;TRUE;2026-06-27;12;12;6;"sábado";FALSE;"comeco_tarde_uteis";FALSE;1;0
2026-06-27 12:15:00;TRUE;2026-06-27;12;12,25;6;"sábado";FALSE;"comeco_tarde_uteis";FALSE;1;0
2026-06-27 12:30:00;TRUE;2026-06-27;12;12,5;6;"sábado";FALSE;"comeco_tarde_uteis";FALSE;1;0
2026-06-27 12:45:00;TRUE;2026-06-27;12;12,75;6;"sábado";FALSE;"comeco_tarde_uteis";FALSE;1;0
2026-06-27 13:00:00;TRUE;2026-06-27;13;13;6;"sábado";FALSE;"comeco_tarde_uteis";FALSE;1;0
2026-06-27 13:15:00;TRUE;2026-06-27;13;13,25;6;"sábado";FALSE;"comeco_tarde_uteis";FALSE;1;0
2026-06-27 13:30:00;TRUE;2026-06-27;13;13,5;6;"sábado";FALSE;"comeco_tarde_uteis";FALSE;1;0
2026-06-27 13:45:00;TRUE;2026-06-27;13;13,75;6;"sábado";FALSE;"comeco_tarde_uteis";FALSE;1;0
2026-06-27 14:00:00;TRUE;2026-06-27;14;14;6;"sábado";FALSE;"meio_tarde_uteis";FALSE;1;0
2026-06-27 14:15:00;TRUE;2026-06-27;14;14,25;6;"sábado";FALSE;"meio_tarde_uteis";FALSE;1;0
2026-06-27 14:30:00;FALSE;2026-06-27;14;14,5;6;"sábado";FALSE;"meio_tarde_uteis";FALSE;0;0
2026-06-27 14:45:00;TRUE;2026-06-27;14;14,75;6;"sábado";FALSE;"meio_tarde_uteis";FALSE;1;0
2026-06-27 15:00:00;TRUE;2026-06-27;15;15;6;"sábado";FALSE;"meio_tarde_uteis";FALSE;1;0
2026-06-27 15:15:00;TRUE;2026-06-27;15;15,25;6;"sábado";FALSE;"meio_tarde_uteis";FALSE;1;0
2026-06-27 15:30:00;TRUE;2026-06-27;15;15,5;6;"sábado";FALSE;"meio_tarde_uteis";FALSE;1;0
2026-06-27 15:45:00;TRUE;2026-06-27;15;15,75;6;"sábado";FALSE;"meio_tarde_uteis";FALSE;1;0
2026-06-27 16:00:00;TRUE;2026-06-27;16;16;6;"sábado";FALSE;"meio_tarde_uteis";FALSE;1;0
2026-06-27 16:15:00;TRUE;2026-06-27;16;16,25;6;"sábado";FALSE;"meio_tarde_uteis";FALSE;1;0
2026-06-27 16:30:00;TRUE;2026-06-27;16;16,5;6;"sábado";FALSE;"meio_tarde_uteis";FALSE;1;0
2026-06-27 16:45:00;TRUE;2026-06-27;16;16,75;6;"sábado";FALSE;"meio_tarde_uteis";FALSE;1;0
2026-06-27 17:00:00;TRUE;2026-06-27;17;17;6;"sábado";FALSE;"fim_tarde";FALSE;1;0
2026-06-27 17:15:00;TRUE;2026-06-27;17;17,25;6;"sábado";FALSE;"fim_tarde";FALSE;1;0
2026-06-27 17:30:00;TRUE;2026-06-27;17;17,5;6;"sábado";FALSE;"fim_tarde";FALSE;1;0
2026-06-27 17:45:00;TRUE;2026-06-27;17;17,75;6;"sábado";FALSE;"fim_tarde";FALSE;1;0
2026-06-27 18:00:00;TRUE;2026-06-27;18;18;6;"sábado";FALSE;"fim_tarde";FALSE;1;0
2026-06-27 18:15:00;TRUE;2026-06-27;18;18,25;6;"sábado";FALSE;"fim_tarde";FALSE;1;0
2026-06-27 18:30:00;TRUE;2026-06-27;18;18,5;6;"sábado";FALSE;"fim_tarde";FALSE;1;0
2026-06-27 18:45:00;TRUE;2026-06-27;18;18,75;6;"sábado";FALSE;"fim_tarde";FALSE;1;0
2026-06-27 19:00:00;TRUE;2026-06-27;19;19;6;"sábado";FALSE;"noite";FALSE;1;0
2026-06-27 19:15:00;TRUE;2026-06-27;19;19,25;6;"sábado";FALSE;"noite";FALSE;1;0
2026-06-27 19:30:00;TRUE;2026-06-27;19;19,5;6;"sábado";FALSE;"noite";FALSE;1;0
2026-06-27 19:45:00;TRUE;2026-06-27;19;19,75;6;"sábado";FALSE;"noite";FALSE;1;0
2026-06-27 20:00:00;TRUE;2026-06-27;20;20;6;"sábado";FALSE;"noite";FALSE;1;0
2026-06-27 20:15:00;TRUE;2026-06-27;20;20,25;6;"sábado";FALSE;"noite";FALSE;1;0
2026-06-27 20:30:00;TRUE;2026-06-27;20;20,5;6;"sábado";FALSE;"noite";FALSE;1;0
2026-06-27 20:45:00;TRUE;2026-06-27;20;20,75;6;"sábado";FALSE;"noite";FALSE;1;0
2026-06-27 21:00:00;TRUE;2026-06-27;21;21;6;"sábado";FALSE;"noite";FALSE;1;0
2026-06-27 21:15:00;TRUE;2026-06-27;21;21,25;6;"sábado";FALSE;"noite";FALSE;1;0
2026-06-27 21:30:00;TRUE;2026-06-27;21;21,5;6;"sábado";FALSE;"noite";FALSE;1;0
2026-06-27 21:45:00;TRUE;2026-06-27;21;21,75;6;"sábado";FALSE;"noite";FALSE;1;0
2026-06-27 22:00:00;TRUE;2026-06-27;22;22;6;"sábado";FALSE;"noite";FALSE;1;0
2026-06-27 22:15:00;TRUE;2026-06-27;22;22,25;6;"sábado";FALSE;"noite";FALSE;1;0
2026-06-27 22:30:00;TRUE;2026-06-27;22;22,5;6;"sábado";FALSE;"noite";FALSE;1;0
2026-06-27 22:45:00;TRUE;2026-06-27;22;22,75;6;"sábado";FALSE;"noite";FALSE;1;0
2026-06-27 23:00:00;TRUE;2026-06-27;23;23;6;"sábado";FALSE;"noite";FALSE;1;0
2026-06-27 23:15:00;FALSE;2026-06-27;23;23,25;6;"sábado";FALSE;"noite";FALSE;0;0
2026-06-27 23:30:00;FALSE;2026-06-27;23;23,5;6;"sábado";FALSE;"noite";FALSE;0;0
2026-06-27 23:45:00;TRUE;2026-06-27;23;23,75;6;"sábado";FALSE;"noite";FALSE;1;0
2026-06-28;TRUE;2026-06-28;0;0;0;"domingo";FALSE;"madrugada";FALSE;1;0
2026-06-28 00:15:00;TRUE;2026-06-28;0;0,25;0;"domingo";FALSE;"madrugada";FALSE;1;0
2026-06-28 00:30:00;TRUE;2026-06-28;0;0,5;0;"domingo";FALSE;"madrugada";FALSE;1;0
2026-06-28 00:45:00;TRUE;2026-06-28;0;0,75;0;"domingo";FALSE;"madrugada";FALSE;1;0
2026-06-28 01:00:00;TRUE;2026-06-28;1;1;0;"domingo";FALSE;"madrugada";FALSE;1;0
2026-06-28 01:15:00;TRUE;2026-06-28;1;1,25;0;"domingo";FALSE;"madrugada";FALSE;1;0
2026-06-28 01:30:00;TRUE;2026-06-28;1;1,5;0;"domingo";FALSE;"madrugada";FALSE;1;0
2026-06-28 01:45:00;TRUE;2026-06-28;1;1,75;0;"domingo";FALSE;"madrugada";FALSE;1;0
2026-06-28 02:00:00;TRUE;2026-06-28;2;2;0;"domingo";FALSE;"madrugada";FALSE;1;0
2026-06-28 02:15:00;TRUE;2026-06-28;2;2,25;0;"domingo";FALSE;"madrugada";FALSE;1;0
2026-06-28 02:30:00;TRUE;2026-06-28;2;2,5;0;"domingo";FALSE;"madrugada";FALSE;1;0
2026-06-28 02:45:00;FALSE;2026-06-28;2;2,75;0;"domingo";FALSE;"madrugada";FALSE;0;0
2026-06-28 03:00:00;TRUE;2026-06-28;3;3;0;"domingo";FALSE;"madrugada";FALSE;1;0
2026-06-28 03:15:00;TRUE;2026-06-28;3;3,25;0;"domingo";FALSE;"madrugada";FALSE;1;0
2026-06-28 03:30:00;TRUE;2026-06-28;3;3,5;0;"domingo";FALSE;"madrugada";FALSE;1;0
2026-06-28 03:45:00;TRUE;2026-06-28;3;3,75;0;"domingo";FALSE;"madrugada";FALSE;1;0
2026-06-28 04:00:00;TRUE;2026-06-28;4;4;0;"domingo";FALSE;"madrugada";FALSE;1;0
2026-06-28 04:15:00;TRUE;2026-06-28;4;4,25;0;"domingo";FALSE;"madrugada";FALSE;1;0
2026-06-28 04:30:00;TRUE;2026-06-28;4;4,5;0;"domingo";FALSE;"madrugada";FALSE;1;0
2026-06-28 04:45:00;TRUE;2026-06-28;4;4,75;0;"domingo";FALSE;"madrugada";FALSE;1;0
2026-06-28 05:00:00;TRUE;2026-06-28;5;5;0;"domingo";FALSE;"madrugada";FALSE;1;0
2026-06-28 05:15:00;TRUE;2026-06-28;5;5,25;0;"domingo";FALSE;"madrugada";FALSE;1;0
2026-06-28 05:30:00;TRUE;2026-06-28;5;5,5;0;"domingo";FALSE;"madrugada";FALSE;1;0
2026-06-28 05:45:00;TRUE;2026-06-28;5;5,75;0;"domingo";FALSE;"madrugada";FALSE;1;0
2026-06-28 06:00:00;TRUE;2026-06-28;6;6;0;"domingo";FALSE;"manha_uteis";FALSE;1;0
2026-06-28 06:15:00;TRUE;2026-06-28;6;6,25;0;"domingo";FALSE;"manha_uteis";FALSE;1;0
2026-06-28 06:30:00;TRUE;2026-06-28;6;6,5;0;"domingo";FALSE;"manha_uteis";FALSE;1;0
2026-06-28 06:45:00;TRUE;2026-06-28;6;6,75;0;"domingo";FALSE;"manha_uteis";FALSE;1;0
2026-06-28 07:00:00;TRUE;2026-06-28;7;7;0;"domingo";FALSE;"manha_uteis";FALSE;1;0
2026-06-28 07:15:00;TRUE;2026-06-28;7;7,25;0;"domingo";FALSE;"manha_uteis";FALSE;1;0
2026-06-28 07:30:00;TRUE;2026-06-28;7;7,5;0;"domingo";FALSE;"manha_uteis";FALSE;1;0
2026-06-28 07:45:00;TRUE;2026-06-28;7;7,75;0;"domingo";FALSE;"manha_uteis";FALSE;1;0
2026-06-28 08:00:00;TRUE;2026-06-28;8;8;0;"domingo";FALSE;"manha_uteis";FALSE;1;0
2026-06-28 08:15:00;TRUE;2026-06-28;8;8,25;0;"domingo";FALSE;"manha_uteis";FALSE;1;0
2026-06-28 08:30:00;TRUE;2026-06-28;8;8,5;0;"domingo";FALSE;"manha_uteis";FALSE;1;0
2026-06-28 08:45:00;TRUE;2026-06-28;8;8,75;0;"domingo";FALSE;"manha_uteis";FALSE;1;0
2026-06-28 09:00:00;TRUE;2026-06-28;9;9;0;"domingo";FALSE;"manha_uteis";FALSE;1;0
2026-06-28 09:15:00;TRUE;2026-06-28;9;9,25;0;"domingo";FALSE;"manha_uteis";FALSE;1;0
2026-06-28 09:30:00;TRUE;2026-06-28;9;9,5;0;"domingo";FALSE;"manha_uteis";FALSE;1;0
2026-06-28 09:45:00;TRUE;2026-06-28;9;9,75;0;"domingo";FALSE;"manha_uteis";FALSE;1;0
2026-06-28 10:00:00;TRUE;2026-06-28;10;10;0;"domingo";FALSE;"manha_uteis";FALSE;1;0
2026-06-28 10:15:00;TRUE;2026-06-28;10;10,25;0;"domingo";FALSE;"manha_uteis";FALSE;1;0
2026-06-28 10:30:00;TRUE;2026-06-28;10;10,5;0;"domingo";FALSE;"manha_uteis";FALSE;1;0
2026-06-28 10:45:00;TRUE;2026-06-28;10;10,75;0;"domingo";FALSE;"manha_uteis";FALSE;1;0
2026-06-28 11:00:00;TRUE;2026-06-28;11;11;0;"domingo";FALSE;"manha_uteis";FALSE;1;0
2026-06-28 11:15:00;TRUE;2026-06-28;11;11,25;0;"domingo";FALSE;"manha_uteis";FALSE;1;0
2026-06-28 11:30:00;FALSE;2026-06-28;11;11,5;0;"domingo";FALSE;"manha_uteis";FALSE;0;0
2026-06-28 11:45:00;TRUE;2026-06-28;11;11,75;0;"domingo";FALSE;"manha_uteis";FALSE;1;0
2026-06-28 12:00:00;TRUE;2026-06-28;12;12;0;"domingo";FALSE;"comeco_tarde_uteis";FALSE;1;0
2026-06-28 12:15:00;FALSE;2026-06-28;12;12,25;0;"domingo";FALSE;"comeco_tarde_uteis";FALSE;0;0
2026-06-28 12:30:00;FALSE;2026-06-28;12;12,5;0;"domingo";FALSE;"comeco_tarde_uteis";FALSE;0;0
2026-06-28 12:45:00;TRUE;2026-06-28;12;12,75;0;"domingo";FALSE;"comeco_tarde_uteis";FALSE;1;0
2026-06-28 13:00:00;TRUE;2026-06-28;13;13;0;"domingo";FALSE;"comeco_tarde_uteis";FALSE;1;0
2026-06-28 13:15:00;FALSE;2026-06-28;13;13,25;0;"domingo";FALSE;"comeco_tarde_uteis";FALSE;0;0
2026-06-28 13:30:00;TRUE;2026-06-28;13;13,5;0;"domingo";FALSE;"comeco_tarde_uteis";FALSE;1;0
2026-06-28 13:45:00;FALSE;2026-06-28;13;13,75;0;"domingo";FALSE;"comeco_tarde_uteis";FALSE;0;0
2026-06-28 14:00:00;FALSE;2026-06-28;14;14;0;"domingo";FALSE;"meio_tarde_uteis";FALSE;0;0
2026-06-28 14:15:00;FALSE;2026-06-28;14;14,25;0;"domingo";FALSE;"meio_tarde_uteis";FALSE;0;0
2026-06-28 14:30:00;FALSE;2026-06-28;14;14,5;0;"domingo";FALSE;"meio_tarde_uteis";FALSE;0;0
2026-06-28 14:45:00;TRUE;2026-06-28;14;14,75;0;"domingo";FALSE;"meio_tarde_uteis";FALSE;1;0
2026-06-28 15:00:00;FALSE;2026-06-28;15;15;0;"domingo";FALSE;"meio_tarde_uteis";FALSE;0;0
2026-06-28 15:15:00;FALSE;2026-06-28;15;15,25;0;"domingo";FALSE;"meio_tarde_uteis";FALSE;0;0
2026-06-28 15:30:00;FALSE;2026-06-28;15;15,5;0;"domingo";FALSE;"meio_tarde_uteis";FALSE;0;0
2026-06-28 15:45:00;TRUE;2026-06-28;15;15,75;0;"domingo";FALSE;"meio_tarde_uteis";FALSE;1;0
2026-06-28 16:00:00;FALSE;2026-06-28;16;16;0;"domingo";FALSE;"meio_tarde_uteis";FALSE;0;0
2026-06-28 16:15:00;TRUE;2026-06-28;16;16,25;0;"domingo";FALSE;"meio_tarde_uteis";FALSE;1;0
2026-06-28 16:30:00;TRUE;2026-06-28;16;16,5;0;"domingo";FALSE;"meio_tarde_uteis";FALSE;1;0
2026-06-28 16:45:00;TRUE;2026-06-28;16;16,75;0;"domingo";FALSE;"meio_tarde_uteis";FALSE;1;0
2026-06-28 17:00:00;TRUE;2026-06-28;17;17;0;"domingo";FALSE;"fim_tarde";FALSE;1;0
2026-06-28 17:15:00;TRUE;2026-06-28;17;17,25;0;"domingo";FALSE;"fim_tarde";FALSE;1;0
2026-06-28 17:30:00;TRUE;2026-06-28;17;17,5;0;"domingo";FALSE;"fim_tarde";FALSE;1;0
2026-06-28 17:45:00;TRUE;2026-06-28;17;17,75;0;"domingo";FALSE;"fim_tarde";FALSE;1;0
2026-06-28 18:00:00;TRUE;2026-06-28;18;18;0;"domingo";FALSE;"fim_tarde";FALSE;1;0
2026-06-28 18:15:00;TRUE;2026-06-28;18;18,25;0;"domingo";FALSE;"fim_tarde";FALSE;1;0
2026-06-28 18:30:00;TRUE;2026-06-28;18;18,5;0;"domingo";FALSE;"fim_tarde";FALSE;1;0
2026-06-28 18:45:00;TRUE;2026-06-28;18;18,75;0;"domingo";FALSE;"fim_tarde";FALSE;1;0
2026-06-28 19:00:00;TRUE;2026-06-28;19;19;0;"domingo";FALSE;"noite";FALSE;1;0
2026-06-28 19:15:00;TRUE;2026-06-28;19;19,25;0;"domingo";FALSE;"noite";FALSE;1;0
2026-06-28 19:30:00;TRUE;2026-06-28;19;19,5;0;"domingo";FALSE;"noite";FALSE;1;0
2026-06-28 19:45:00;TRUE;2026-06-28;19;19,75;0;"domingo";FALSE;"noite";FALSE;1;0
2026-06-28 20:00:00;TRUE;2026-06-28;20;20;0;"domingo";FALSE;"noite";FALSE;1;0
2026-06-28 20:15:00;TRUE;2026-06-28;20;20,25;0;"domingo";FALSE;"noite";FALSE;1;0
2026-06-28 20:30:00;FALSE;2026-06-28;20;20,5;0;"domingo";FALSE;"noite";FALSE;0;0
2026-06-28 20:45:00;FALSE;2026-06-28;20;20,75;0;"domingo";FALSE;"noite";FALSE;0;0
2026-06-28 21:00:00;TRUE;2026-06-28;21;21;0;"domingo";FALSE;"noite";FALSE;1;0
2026-06-28 21:15:00;FALSE;2026-06-28;21;21,25;0;"domingo";FALSE;"noite";FALSE;0;0
2026-06-28 21:30:00;FALSE;2026-06-28;21;21,5;0;"domingo";FALSE;"noite";FALSE;0;0
2026-06-28 21:45:00;TRUE;2026-06-28;21;21,75;0;"domingo";FALSE;"noite";FALSE;1;0
2026-06-28 22:00:00;TRUE;2026-06-28;22;22;0;"domingo";FALSE;"noite";FALSE;1;0
2026-06-28 22:15:00;FALSE;2026-06-28;22;22,25;0;"domingo";FALSE;"noite";FALSE;0;0
2026-06-28 22:30:00;TRUE;2026-06-28;22;22,5;0;"domingo";FALSE;"noite";FALSE;1;0
2026-06-28 22:45:00;FALSE;2026-06-28;22;22,75;0;"domingo";FALSE;"noite";FALSE;0;0
2026-06-28 23:00:00;FALSE;2026-06-28;23;23;0;"domingo";FALSE;"noite";FALSE;0;0
2026-06-28 23:15:00;FALSE;2026-06-28;23;23,25;0;"domingo";FALSE;"noite";FALSE;0;0
2026-06-28 23:30:00;FALSE;2026-06-28;23;23,5;0;"domingo";FALSE;"noite";FALSE;0;0
2026-06-28 23:45:00;FALSE;2026-06-28;23;23,75;0;"domingo";FALSE;"noite";FALSE;0;0
2026-06-29;FALSE;2026-06-29;0;0;1;"segunda-feira";TRUE;"madrugada";FALSE;0;0
2026-06-29 00:15:00;FALSE;2026-06-29;0;0,25;1;"segunda-feira";TRUE;"madrugada";FALSE;0;0
2026-06-29 00:30:00;FALSE;2026-06-29;0;0,5;1;"segunda-feira";TRUE;"madrugada";FALSE;0;0
2026-06-29 00:45:00;TRUE;2026-06-29;0;0,75;1;"segunda-feira";TRUE;"madrugada";FALSE;1;0
2026-06-29 01:00:00;FALSE;2026-06-29;1;1;1;"segunda-feira";TRUE;"madrugada";FALSE;0;0
2026-06-29 01:15:00;TRUE;2026-06-29;1;1,25;1;"segunda-feira";TRUE;"madrugada";FALSE;1;0
2026-06-29 01:30:00;TRUE;2026-06-29;1;1,5;1;"segunda-feira";TRUE;"madrugada";FALSE;1;0
2026-06-29 01:45:00;TRUE;2026-06-29;1;1,75;1;"segunda-feira";TRUE;"madrugada";FALSE;1;0
2026-06-29 02:00:00;FALSE;2026-06-29;2;2;1;"segunda-feira";TRUE;"madrugada";FALSE;0;0
2026-06-29 02:15:00;TRUE;2026-06-29;2;2,25;1;"segunda-feira";TRUE;"madrugada";FALSE;1;0
2026-06-29 02:30:00;TRUE;2026-06-29;2;2,5;1;"segunda-feira";TRUE;"madrugada";FALSE;1;0
2026-06-29 02:45:00;TRUE;2026-06-29;2;2,75;1;"segunda-feira";TRUE;"madrugada";FALSE;1;0
2026-06-29 03:00:00;TRUE;2026-06-29;3;3;1;"segunda-feira";TRUE;"madrugada";FALSE;1;0
2026-06-29 03:15:00;TRUE;2026-06-29;3;3,25;1;"segunda-feira";TRUE;"madrugada";FALSE;1;0
2026-06-29 03:30:00;TRUE;2026-06-29;3;3,5;1;"segunda-feira";TRUE;"madrugada";FALSE;1;0
2026-06-29 03:45:00;TRUE;2026-06-29;3;3,75;1;"segunda-feira";TRUE;"madrugada";FALSE;1;0
2026-06-29 04:00:00;TRUE;2026-06-29;4;4;1;"segunda-feira";TRUE;"madrugada";FALSE;1;0
2026-06-29 04:15:00;TRUE;2026-06-29;4;4,25;1;"segunda-feira";TRUE;"madrugada";FALSE;1;0
2026-06-29 04:30:00;TRUE;2026-06-29;4;4,5;1;"segunda-feira";TRUE;"madrugada";FALSE;1;0
2026-06-29 04:45:00;TRUE;2026-06-29;4;4,75;1;"segunda-feira";TRUE;"madrugada";FALSE;1;0
2026-06-29 05:00:00;TRUE;2026-06-29;5;5;1;"segunda-feira";TRUE;"madrugada";FALSE;1;0
2026-06-29 05:15:00;TRUE;2026-06-29;5;5,25;1;"segunda-feira";TRUE;"madrugada";FALSE;1;0
2026-06-29 05:30:00;TRUE;2026-06-29;5;5,5;1;"segunda-feira";TRUE;"madrugada";FALSE;1;0
2026-06-29 05:45:00;TRUE;2026-06-29;5;5,75;1;"segunda-feira";TRUE;"madrugada";FALSE;1;0
2026-06-29 06:00:00;TRUE;2026-06-29;6;6;1;"segunda-feira";TRUE;"manha_uteis";TRUE;1;0
2026-06-29 06:15:00;TRUE;2026-06-29;6;6,25;1;"segunda-feira";TRUE;"manha_uteis";TRUE;1;0
2026-06-29 06:30:00;TRUE;2026-06-29;6;6,5;1;"segunda-feira";TRUE;"manha_uteis";TRUE;1;0
2026-06-29 06:45:00;TRUE;2026-06-29;6;6,75;1;"segunda-feira";TRUE;"manha_uteis";TRUE;1;0
2026-06-29 07:00:00;TRUE;2026-06-29;7;7;1;"segunda-feira";TRUE;"manha_uteis";TRUE;1;0
2026-06-29 07:15:00;TRUE;2026-06-29;7;7,25;1;"segunda-feira";TRUE;"manha_uteis";TRUE;1;0
2026-06-29 07:30:00;TRUE;2026-06-29;7;7,5;1;"segunda-feira";TRUE;"manha_uteis";TRUE;1;0
2026-06-29 07:45:00;TRUE;2026-06-29;7;7,75;1;"segunda-feira";TRUE;"manha_uteis";TRUE;1;0
2026-06-29 08:00:00;TRUE;2026-06-29;8;8;1;"segunda-feira";TRUE;"manha_uteis";TRUE;1;0
2026-06-29 08:15:00;TRUE;2026-06-29;8;8,25;1;"segunda-feira";TRUE;"manha_uteis";TRUE;1;0
2026-06-29 08:30:00;TRUE;2026-06-29;8;8,5;1;"segunda-feira";TRUE;"manha_uteis";TRUE;1;0
2026-06-29 08:45:00;TRUE;2026-06-29;8;8,75;1;"segunda-feira";TRUE;"manha_uteis";TRUE;1;0
2026-06-29 09:00:00;TRUE;2026-06-29;9;9;1;"segunda-feira";TRUE;"manha_uteis";TRUE;1;0
2026-06-29 09:15:00;TRUE;2026-06-29;9;9,25;1;"segunda-feira";TRUE;"manha_uteis";TRUE;1;0
2026-06-29 09:30:00;TRUE;2026-06-29;9;9,5;1;"segunda-feira";TRUE;"manha_uteis";TRUE;1;0
2026-06-29 09:45:00;TRUE;2026-06-29;9;9,75;1;"segunda-feira";TRUE;"manha_uteis";TRUE;1;0
2026-06-29 10:00:00;TRUE;2026-06-29;10;10;1;"segunda-feira";TRUE;"manha_uteis";TRUE;1;0
2026-06-29 10:15:00;TRUE;2026-06-29;10;10,25;1;"segunda-feira";TRUE;"manha_uteis";TRUE;1;0
2026-06-29 10:30:00;TRUE;2026-06-29;10;10,5;1;"segunda-feira";TRUE;"manha_uteis";TRUE;1;0
2026-06-29 10:45:00;TRUE;2026-06-29;10;10,75;1;"segunda-feira";TRUE;"manha_uteis";TRUE;1;0
2026-06-29 11:00:00;TRUE;2026-06-29;11;11;1;"segunda-feira";TRUE;"manha_uteis";TRUE;1;0
2026-06-29 11:15:00;TRUE;2026-06-29;11;11,25;1;"segunda-feira";TRUE;"manha_uteis";TRUE;1;0
2026-06-29 11:30:00;TRUE;2026-06-29;11;11,5;1;"segunda-feira";TRUE;"manha_uteis";TRUE;1;0
2026-06-29 11:45:00;TRUE;2026-06-29;11;11,75;1;"segunda-feira";TRUE;"manha_uteis";TRUE;1;0
2026-06-29 12:00:00;TRUE;2026-06-29;12;12;1;"segunda-feira";TRUE;"comeco_tarde_uteis";TRUE;1;0
2026-06-29 12:15:00;TRUE;2026-06-29;12;12,25;1;"segunda-feira";TRUE;"comeco_tarde_uteis";TRUE;1;0
2026-06-29 12:30:00;TRUE;2026-06-29;12;12,5;1;"segunda-feira";TRUE;"comeco_tarde_uteis";TRUE;1;0
2026-06-29 12:45:00;TRUE;2026-06-29;12;12,75;1;"segunda-feira";TRUE;"comeco_tarde_uteis";TRUE;1;0
2026-06-29 13:00:00;TRUE;2026-06-29;13;13;1;"segunda-feira";TRUE;"comeco_tarde_uteis";TRUE;1;0
2026-06-29 13:15:00;TRUE;2026-06-29;13;13,25;1;"segunda-feira";TRUE;"comeco_tarde_uteis";TRUE;1;0
2026-06-29 13:30:00;TRUE;2026-06-29;13;13,5;1;"segunda-feira";TRUE;"comeco_tarde_uteis";TRUE;1;0
2026-06-29 13:45:00;TRUE;2026-06-29;13;13,75;1;"segunda-feira";TRUE;"comeco_tarde_uteis";TRUE;1;0
2026-06-29 14:00:00;TRUE;2026-06-29;14;14;1;"segunda-feira";TRUE;"meio_tarde_uteis";TRUE;1;0
2026-06-29 14:15:00;TRUE;2026-06-29;14;14,25;1;"segunda-feira";TRUE;"meio_tarde_uteis";TRUE;1;0
2026-06-29 14:30:00;TRUE;2026-06-29;14;14,5;1;"segunda-feira";TRUE;"meio_tarde_uteis";TRUE;1;0
2026-06-29 14:45:00;TRUE;2026-06-29;14;14,75;1;"segunda-feira";TRUE;"meio_tarde_uteis";TRUE;1;0
2026-06-29 15:00:00;TRUE;2026-06-29;15;15;1;"segunda-feira";TRUE;"meio_tarde_uteis";TRUE;1;0
2026-06-29 15:15:00;TRUE;2026-06-29;15;15,25;1;"segunda-feira";TRUE;"meio_tarde_uteis";TRUE;1;0
2026-06-29 15:30:00;TRUE;2026-06-29;15;15,5;1;"segunda-feira";TRUE;"meio_tarde_uteis";TRUE;1;0
2026-06-29 15:45:00;TRUE;2026-06-29;15;15,75;1;"segunda-feira";TRUE;"meio_tarde_uteis";TRUE;1;0
2026-06-29 16:00:00;TRUE;2026-06-29;16;16;1;"segunda-feira";TRUE;"meio_tarde_uteis";TRUE;1;0
2026-06-29 16:15:00;TRUE;2026-06-29;16;16,25;1;"segunda-feira";TRUE;"meio_tarde_uteis";TRUE;1;0
2026-06-29 16:30:00;TRUE;2026-06-29;16;16,5;1;"segunda-feira";TRUE;"meio_tarde_uteis";TRUE;1;0
2026-06-29 16:45:00;TRUE;2026-06-29;16;16,75;1;"segunda-feira";TRUE;"meio_tarde_uteis";TRUE;1;0
2026-06-29 17:00:00;TRUE;2026-06-29;17;17;1;"segunda-feira";TRUE;"fim_tarde";FALSE;1;0
2026-06-29 17:15:00;TRUE;2026-06-29;17;17,25;1;"segunda-feira";TRUE;"fim_tarde";FALSE;1;0
2026-06-29 17:30:00;TRUE;2026-06-29;17;17,5;1;"segunda-feira";TRUE;"fim_tarde";FALSE;1;0
2026-06-29 17:45:00;TRUE;2026-06-29;17;17,75;1;"segunda-feira";TRUE;"fim_tarde";FALSE;1;0
2026-06-29 18:00:00;TRUE;2026-06-29;18;18;1;"segunda-feira";TRUE;"fim_tarde";FALSE;1;0
2026-06-29 18:15:00;TRUE;2026-06-29;18;18,25;1;"segunda-feira";TRUE;"fim_tarde";FALSE;1;0
2026-06-29 18:30:00;TRUE;2026-06-29;18;18,5;1;"segunda-feira";TRUE;"fim_tarde";FALSE;1;0
2026-06-29 18:45:00;TRUE;2026-06-29;18;18,75;1;"segunda-feira";TRUE;"fim_tarde";FALSE;1;0
2026-06-29 19:00:00;TRUE;2026-06-29;19;19;1;"segunda-feira";TRUE;"noite";FALSE;1;0
2026-06-29 19:15:00;TRUE;2026-06-29;19;19,25;1;"segunda-feira";TRUE;"noite";FALSE;1;0
2026-06-29 19:30:00;TRUE;2026-06-29;19;19,5;1;"segunda-feira";TRUE;"noite";FALSE;1;0
2026-06-29 19:45:00;TRUE;2026-06-29;19;19,75;1;"segunda-feira";TRUE;"noite";FALSE;1;0
2026-06-29 20:00:00;TRUE;2026-06-29;20;20;1;"segunda-feira";TRUE;"noite";FALSE;1;0
2026-06-29 20:15:00;TRUE;2026-06-29;20;20,25;1;"segunda-feira";TRUE;"noite";FALSE;1;0
2026-06-29 20:30:00;TRUE;2026-06-29;20;20,5;1;"segunda-feira";TRUE;"noite";FALSE;1;0
2026-06-29 20:45:00;TRUE;2026-06-29;20;20,75;1;"segunda-feira";TRUE;"noite";FALSE;1;0
2026-06-29 21:00:00;TRUE;2026-06-29;21;21;1;"segunda-feira";TRUE;"noite";FALSE;1;0
2026-06-29 21:15:00;TRUE;2026-06-29;21;21,25;1;"segunda-feira";TRUE;"noite";FALSE;1;0
2026-06-29 21:30:00;TRUE;2026-06-29;21;21,5;1;"segunda-feira";TRUE;"noite";FALSE;1;0
2026-06-29 21:45:00;TRUE;2026-06-29;21;21,75;1;"segunda-feira";TRUE;"noite";FALSE;1;0
2026-06-29 22:00:00;TRUE;2026-06-29;22;22;1;"segunda-feira";TRUE;"noite";FALSE;1;0
2026-06-29 22:15:00;TRUE;2026-06-29;22;22,25;1;"segunda-feira";TRUE;"noite";FALSE;1;0
2026-06-29 22:30:00;TRUE;2026-06-29;22;22,5;1;"segunda-feira";TRUE;"noite";FALSE;1;0
2026-06-29 22:45:00;TRUE;2026-06-29;22;22,75;1;"segunda-feira";TRUE;"noite";FALSE;1;0
2026-06-29 23:00:00;TRUE;2026-06-29;23;23;1;"segunda-feira";TRUE;"noite";FALSE;1;0
2026-06-29 23:15:00;TRUE;2026-06-29;23;23,25;1;"segunda-feira";TRUE;"noite";FALSE;1;0
2026-06-29 23:30:00;TRUE;2026-06-29;23;23,5;1;"segunda-feira";TRUE;"noite";FALSE;1;0
2026-06-29 23:45:00;TRUE;2026-06-29;23;23,75;1;"segunda-feira";TRUE;"noite";FALSE;1;0
2026-06-30;TRUE;2026-06-30;0;0;2;"terça-feira";TRUE;"madrugada";FALSE;1;0
2026-06-30 00:15:00;TRUE;2026-06-30;0;0,25;2;"terça-feira";TRUE;"madrugada";FALSE;1;0
2026-06-30 00:30:00;TRUE;2026-06-30;0;0,5;2;"terça-feira";TRUE;"madrugada";FALSE;1;0
2026-06-30 00:45:00;TRUE;2026-06-30;0;0,75;2;"terça-feira";TRUE;"madrugada";FALSE;1;0
2026-06-30 01:00:00;TRUE;2026-06-30;1;1;2;"terça-feira";TRUE;"madrugada";FALSE;1;0
2026-06-30 01:15:00;TRUE;2026-06-30;1;1,25;2;"terça-feira";TRUE;"madrugada";FALSE;1;0
2026-06-30 01:30:00;TRUE;2026-06-30;1;1,5;2;"terça-feira";TRUE;"madrugada";FALSE;1;0
2026-06-30 01:45:00;TRUE;2026-06-30;1;1,75;2;"terça-feira";TRUE;"madrugada";FALSE;1;0
2026-06-30 02:00:00;TRUE;2026-06-30;2;2;2;"terça-feira";TRUE;"madrugada";FALSE;1;0
2026-06-30 02:15:00;TRUE;2026-06-30;2;2,25;2;"terça-feira";TRUE;"madrugada";FALSE;1;0
2026-06-30 02:30:00;TRUE;2026-06-30;2;2,5;2;"terça-feira";TRUE;"madrugada";FALSE;1;0
2026-06-30 02:45:00;TRUE;2026-06-30;2;2,75;2;"terça-feira";TRUE;"madrugada";FALSE;1;0
2026-06-30 03:00:00;TRUE;2026-06-30;3;3;2;"terça-feira";TRUE;"madrugada";FALSE;1;0
2026-06-30 03:15:00;TRUE;2026-06-30;3;3,25;2;"terça-feira";TRUE;"madrugada";FALSE;1;0
2026-06-30 03:30:00;TRUE;2026-06-30;3;3,5;2;"terça-feira";TRUE;"madrugada";FALSE;1;0
2026-06-30 03:45:00;TRUE;2026-06-30;3;3,75;2;"terça-feira";TRUE;"madrugada";FALSE;1;0
2026-06-30 04:00:00;TRUE;2026-06-30;4;4;2;"terça-feira";TRUE;"madrugada";FALSE;1;0
2026-06-30 04:15:00;TRUE;2026-06-30;4;4,25;2;"terça-feira";TRUE;"madrugada";FALSE;1;0
2026-06-30 04:30:00;TRUE;2026-06-30;4;4,5;2;"terça-feira";TRUE;"madrugada";FALSE;1;0
2026-06-30 04:45:00;TRUE;2026-06-30;4;4,75;2;"terça-feira";TRUE;"madrugada";FALSE;1;0
2026-06-30 05:00:00;TRUE;2026-06-30;5;5;2;"terça-feira";TRUE;"madrugada";FALSE;1;0
2026-06-30 05:15:00;TRUE;2026-06-30;5;5,25;2;"terça-feira";TRUE;"madrugada";FALSE;1;0
2026-06-30 05:30:00;TRUE;2026-06-30;5;5,5;2;"terça-feira";TRUE;"madrugada";FALSE;1;0
2026-06-30 05:45:00;TRUE;2026-06-30;5;5,75;2;"terça-feira";TRUE;"madrugada";FALSE;1;0
2026-06-30 06:00:00;TRUE;2026-06-30;6;6;2;"terça-feira";TRUE;"manha_uteis";TRUE;1;0
2026-06-30 06:15:00;TRUE;2026-06-30;6;6,25;2;"terça-feira";TRUE;"manha_uteis";TRUE;1;0
2026-06-30 06:30:00;TRUE;2026-06-30;6;6,5;2;"terça-feira";TRUE;"manha_uteis";TRUE;1;0
2026-06-30 06:45:00;TRUE;2026-06-30;6;6,75;2;"terça-feira";TRUE;"manha_uteis";TRUE;1;0
2026-06-30 07:00:00;TRUE;2026-06-30;7;7;2;"terça-feira";TRUE;"manha_uteis";TRUE;1;0
2026-06-30 07:15:00;TRUE;2026-06-30;7;7,25;2;"terça-feira";TRUE;"manha_uteis";TRUE;1;0
2026-06-30 07:30:00;TRUE;2026-06-30;7;7,5;2;"terça-feira";TRUE;"manha_uteis";TRUE;1;0
2026-06-30 07:45:00;TRUE;2026-06-30;7;7,75;2;"terça-feira";TRUE;"manha_uteis";TRUE;1;0
2026-06-30 08:00:00;TRUE;2026-06-30;8;8;2;"terça-feira";TRUE;"manha_uteis";TRUE;1;0
2026-06-30 08:15:00;TRUE;2026-06-30;8;8,25;2;"terça-feira";TRUE;"manha_uteis";TRUE;1;0
2026-06-30 08:30:00;TRUE;2026-06-30;8;8,5;2;"terça-feira";TRUE;"manha_uteis";TRUE;1;0
2026-06-30 08:45:00;FALSE;2026-06-30;8;8,75;2;"terça-feira";TRUE;"manha_uteis";TRUE;0;0
2026-06-30 09:00:00;FALSE;2026-06-30;9;9;2;"terça-feira";TRUE;"manha_uteis";TRUE;0;0
2026-06-30 09:15:00;TRUE;2026-06-30;9;9,25;2;"terça-feira";TRUE;"manha_uteis";TRUE;1;0
2026-06-30 09:30:00;TRUE;2026-06-30;9;9,5;2;"terça-feira";TRUE;"manha_uteis";TRUE;1;0
2026-06-30 09:45:00;TRUE;2026-06-30;9;9,75;2;"terça-feira";TRUE;"manha_uteis";TRUE;1;0
2026-06-30 10:00:00;TRUE;2026-06-30;10;10;2;"terça-feira";TRUE;"manha_uteis";TRUE;1;0
2026-06-30 10:15:00;TRUE;2026-06-30;10;10,25;2;"terça-feira";TRUE;"manha_uteis";TRUE;1;0
2026-06-30 10:30:00;TRUE;2026-06-30;10;10,5;2;"terça-feira";TRUE;"manha_uteis";TRUE;1;0
2026-06-30 10:45:00;FALSE;2026-06-30;10;10,75;2;"terça-feira";TRUE;"manha_uteis";TRUE;0;0
2026-06-30 11:00:00;TRUE;2026-06-30;11;11;2;"terça-feira";TRUE;"manha_uteis";TRUE;1;0
2026-06-30 11:15:00;TRUE;2026-06-30;11;11,25;2;"terça-feira";TRUE;"manha_uteis";TRUE;1;0
2026-06-30 11:30:00;FALSE;2026-06-30;11;11,5;2;"terça-feira";TRUE;"manha_uteis";TRUE;0;0
2026-06-30 11:45:00;TRUE;2026-06-30;11;11,75;2;"terça-feira";TRUE;"manha_uteis";TRUE;1;0
2026-06-30 12:00:00;FALSE;2026-06-30;12;12;2;"terça-feira";TRUE;"comeco_tarde_uteis";TRUE;0;0
2026-06-30 12:15:00;TRUE;2026-06-30;12;12,25;2;"terça-feira";TRUE;"comeco_tarde_uteis";TRUE;1;0
2026-06-30 12:30:00;TRUE;2026-06-30;12;12,5;2;"terça-feira";TRUE;"comeco_tarde_uteis";TRUE;1;0
2026-06-30 12:45:00;FALSE;2026-06-30;12;12,75;2;"terça-feira";TRUE;"comeco_tarde_uteis";TRUE;0;0
2026-06-30 13:00:00;FALSE;2026-06-30;13;13;2;"terça-feira";TRUE;"comeco_tarde_uteis";TRUE;0;0
2026-06-30 13:15:00;FALSE;2026-06-30;13;13,25;2;"terça-feira";TRUE;"comeco_tarde_uteis";TRUE;0;0
2026-06-30 13:30:00;TRUE;2026-06-30;13;13,5;2;"terça-feira";TRUE;"comeco_tarde_uteis";TRUE;1;0
2026-06-30 13:45:00;TRUE;2026-06-30;13;13,75;2;"terça-feira";TRUE;"comeco_tarde_uteis";TRUE;1;0
2026-06-30 14:00:00;TRUE;2026-06-30;14;14;2;"terça-feira";TRUE;"meio_tarde_uteis";TRUE;1;0
2026-06-30 14:15:00;TRUE;2026-06-30;14;14,25;2;"terça-feira";TRUE;"meio_tarde_uteis";TRUE;1;0
2026-06-30 14:30:00;FALSE;2026-06-30;14;14,5;2;"terça-feira";TRUE;"meio_tarde_uteis";TRUE;0;0
2026-06-30 14:45:00;FALSE;2026-06-30;14;14,75;2;"terça-feira";TRUE;"meio_tarde_uteis";TRUE;0;0
2026-06-30 15:00:00;TRUE;2026-06-30;15;15;2;"terça-feira";TRUE;"meio_tarde_uteis";TRUE;1;0
2026-06-30 15:15:00;FALSE;2026-06-30;15;15,25;2;"terça-feira";TRUE;"meio_tarde_uteis";TRUE;0;0
2026-06-30 15:30:00;TRUE;2026-06-30;15;15,5;2;"terça-feira";TRUE;"meio_tarde_uteis";TRUE;1;0
2026-06-30 15:45:00;TRUE;2026-06-30;15;15,75;2;"terça-feira";TRUE;"meio_tarde_uteis";TRUE;1;0
2026-06-30 16:00:00;TRUE;2026-06-30;16;16;2;"terça-feira";TRUE;"meio_tarde_uteis";TRUE;2;1
2026-06-30 16:15:00;TRUE;2026-06-30;16;16,25;2;"terça-feira";TRUE;"meio_tarde_uteis";TRUE;1;0
2026-06-30 16:30:00;TRUE;2026-06-30;16;16,5;2;"terça-feira";TRUE;"meio_tarde_uteis";TRUE;1;0
2026-06-30 16:45:00;TRUE;2026-06-30;16;16,75;2;"terça-feira";TRUE;"meio_tarde_uteis";TRUE;1;0
2026-06-30 17:00:00;TRUE;2026-06-30;17;17;2;"terça-feira";TRUE;"fim_tarde";FALSE;1;0
2026-06-30 17:15:00;TRUE;2026-06-30;17;17,25;2;"terça-feira";TRUE;"fim_tarde";FALSE;1;0
2026-06-30 17:30:00;TRUE;2026-06-30;17;17,5;2;"terça-feira";TRUE;"fim_tarde";FALSE;1;0
2026-06-30 17:45:00;TRUE;2026-06-30;17;17,75;2;"terça-feira";TRUE;"fim_tarde";FALSE;1;0
2026-06-30 18:00:00;TRUE;2026-06-30;18;18;2;"terça-feira";TRUE;"fim_tarde";FALSE;1;0
2026-06-30 18:15:00;TRUE;2026-06-30;18;18,25;2;"terça-feira";TRUE;"fim_tarde";FALSE;1;0
2026-06-30 18:30:00;TRUE;2026-06-30;18;18,5;2;"terça-feira";TRUE;"fim_tarde";FALSE;1;0
2026-06-30 18:45:00;TRUE;2026-06-30;18;18,75;2;"terça-feira";TRUE;"fim_tarde";FALSE;1;0
2026-06-30 19:00:00;TRUE;2026-06-30;19;19;2;"terça-feira";TRUE;"noite";FALSE;1;0
2026-06-30 19:15:00;TRUE;2026-06-30;19;19,25;2;"terça-feira";TRUE;"noite";FALSE;1;0
2026-06-30 19:30:00;TRUE;2026-06-30;19;19,5;2;"terça-feira";TRUE;"noite";FALSE;1;0
2026-06-30 19:45:00;TRUE;2026-06-30;19;19,75;2;"terça-feira";TRUE;"noite";FALSE;1;0
2026-06-30 20:00:00;TRUE;2026-06-30;20;20;2;"terça-feira";TRUE;"noite";FALSE;1;0
2026-06-30 20:15:00;TRUE;2026-06-30;20;20,25;2;"terça-feira";TRUE;"noite";FALSE;1;0
2026-06-30 20:30:00;TRUE;2026-06-30;20;20,5;2;"terça-feira";TRUE;"noite";FALSE;1;0
2026-06-30 20:45:00;TRUE;2026-06-30;20;20,75;2;"terça-feira";TRUE;"noite";FALSE;1;0
2026-06-30 21:00:00;TRUE;2026-06-30;21;21;2;"terça-feira";TRUE;"noite";FALSE;1;0
2026-06-30 21:15:00;TRUE;2026-06-30;21;21,25;2;"terça-feira";TRUE;"noite";FALSE;1;0
2026-06-30 21:30:00;TRUE;2026-06-30;21;21,5;2;"terça-feira";TRUE;"noite";FALSE;1;0
2026-06-30 21:45:00;TRUE;2026-06-30;21;21,75;2;"terça-feira";TRUE;"noite";FALSE;1;0
2026-06-30 22:00:00;TRUE;2026-06-30;22;22;2;"terça-feira";TRUE;"noite";FALSE;1;0
2026-06-30 22:15:00;TRUE;2026-06-30;22;22,25;2;"terça-feira";TRUE;"noite";FALSE;1;0
2026-06-30 22:30:00;TRUE;2026-06-30;22;22,5;2;"terça-feira";TRUE;"noite";FALSE;1;0
2026-06-30 22:45:00;TRUE;2026-06-30;22;22,75;2;"terça-feira";TRUE;"noite";FALSE;1;0
2026-06-30 23:00:00;TRUE;2026-06-30;23;23;2;"terça-feira";TRUE;"noite";FALSE;1;0
2026-06-30 23:15:00;TRUE;2026-06-30;23;23,25;2;"terça-feira";TRUE;"noite";FALSE;1;0
2026-06-30 23:30:00;TRUE;2026-06-30;23;23,5;2;"terça-feira";TRUE;"noite";FALSE;1;0
2026-06-30 23:45:00;TRUE;2026-06-30;23;23,75;2;"terça-feira";TRUE;"noite";FALSE;1;0
2026-07-01;TRUE;2026-07-01;0;0;3;"quarta-feira";TRUE;"madrugada";FALSE;1;0
2026-07-01 00:15:00;FALSE;2026-07-01;0;0,25;3;"quarta-feira";TRUE;"madrugada";FALSE;0;0
2026-07-01 00:30:00;TRUE;2026-07-01;0;0,5;3;"quarta-feira";TRUE;"madrugada";FALSE;1;0
2026-07-01 00:45:00;TRUE;2026-07-01;0;0,75;3;"quarta-feira";TRUE;"madrugada";FALSE;1;0
2026-07-01 01:00:00;TRUE;2026-07-01;1;1;3;"quarta-feira";TRUE;"madrugada";FALSE;1;0
2026-07-01 01:15:00;TRUE;2026-07-01;1;1,25;3;"quarta-feira";TRUE;"madrugada";FALSE;1;0
2026-07-01 01:30:00;TRUE;2026-07-01;1;1,5;3;"quarta-feira";TRUE;"madrugada";FALSE;1;0
2026-07-01 01:45:00;TRUE;2026-07-01;1;1,75;3;"quarta-feira";TRUE;"madrugada";FALSE;1;0
2026-07-01 02:00:00;TRUE;2026-07-01;2;2;3;"quarta-feira";TRUE;"madrugada";FALSE;1;0
2026-07-01 02:15:00;TRUE;2026-07-01;2;2,25;3;"quarta-feira";TRUE;"madrugada";FALSE;1;0
2026-07-01 02:30:00;TRUE;2026-07-01;2;2,5;3;"quarta-feira";TRUE;"madrugada";FALSE;1;0
2026-07-01 02:45:00;TRUE;2026-07-01;2;2,75;3;"quarta-feira";TRUE;"madrugada";FALSE;1;0
2026-07-01 03:00:00;TRUE;2026-07-01;3;3;3;"quarta-feira";TRUE;"madrugada";FALSE;1;0
2026-07-01 03:15:00;TRUE;2026-07-01;3;3,25;3;"quarta-feira";TRUE;"madrugada";FALSE;1;0
2026-07-01 03:30:00;TRUE;2026-07-01;3;3,5;3;"quarta-feira";TRUE;"madrugada";FALSE;1;0
2026-07-01 03:45:00;TRUE;2026-07-01;3;3,75;3;"quarta-feira";TRUE;"madrugada";FALSE;1;0
2026-07-01 04:00:00;TRUE;2026-07-01;4;4;3;"quarta-feira";TRUE;"madrugada";FALSE;1;0
2026-07-01 04:15:00;TRUE;2026-07-01;4;4,25;3;"quarta-feira";TRUE;"madrugada";FALSE;1;0
2026-07-01 04:30:00;TRUE;2026-07-01;4;4,5;3;"quarta-feira";TRUE;"madrugada";FALSE;1;0
2026-07-01 04:45:00;TRUE;2026-07-01;4;4,75;3;"quarta-feira";TRUE;"madrugada";FALSE;1;0
2026-07-01 05:00:00;TRUE;2026-07-01;5;5;3;"quarta-feira";TRUE;"madrugada";FALSE;1;0
2026-07-01 05:15:00;TRUE;2026-07-01;5;5,25;3;"quarta-feira";TRUE;"madrugada";FALSE;1;0
2026-07-01 05:30:00;TRUE;2026-07-01;5;5,5;3;"quarta-feira";TRUE;"madrugada";FALSE;1;0
2026-07-01 05:45:00;TRUE;2026-07-01;5;5,75;3;"quarta-feira";TRUE;"madrugada";FALSE;1;0
2026-07-01 06:00:00;TRUE;2026-07-01;6;6;3;"quarta-feira";TRUE;"manha_uteis";TRUE;1;0
2026-07-01 06:15:00;TRUE;2026-07-01;6;6,25;3;"quarta-feira";TRUE;"manha_uteis";TRUE;1;0
2026-07-01 06:30:00;TRUE;2026-07-01;6;6,5;3;"quarta-feira";TRUE;"manha_uteis";TRUE;1;0
2026-07-01 06:45:00;TRUE;2026-07-01;6;6,75;3;"quarta-feira";TRUE;"manha_uteis";TRUE;1;0
2026-07-01 07:00:00;TRUE;2026-07-01;7;7;3;"quarta-feira";TRUE;"manha_uteis";TRUE;1;0
2026-07-01 07:15:00;TRUE;2026-07-01;7;7,25;3;"quarta-feira";TRUE;"manha_uteis";TRUE;1;0
2026-07-01 07:30:00;TRUE;2026-07-01;7;7,5;3;"quarta-feira";TRUE;"manha_uteis";TRUE;1;0
2026-07-01 07:45:00;TRUE;2026-07-01;7;7,75;3;"quarta-feira";TRUE;"manha_uteis";TRUE;1;0
2026-07-01 08:00:00;TRUE;2026-07-01;8;8;3;"quarta-feira";TRUE;"manha_uteis";TRUE;1;0
2026-07-01 08:15:00;TRUE;2026-07-01;8;8,25;3;"quarta-feira";TRUE;"manha_uteis";TRUE;1;0
2026-07-01 08:30:00;TRUE;2026-07-01;8;8,5;3;"quarta-feira";TRUE;"manha_uteis";TRUE;1;0
2026-07-01 08:45:00;TRUE;2026-07-01;8;8,75;3;"quarta-feira";TRUE;"manha_uteis";TRUE;1;0
2026-07-01 09:00:00;TRUE;2026-07-01;9;9;3;"quarta-feira";TRUE;"manha_uteis";TRUE;1;0
2026-07-01 09:15:00;TRUE;2026-07-01;9;9,25;3;"quarta-feira";TRUE;"manha_uteis";TRUE;1;0
2026-07-01 09:30:00;TRUE;2026-07-01;9;9,5;3;"quarta-feira";TRUE;"manha_uteis";TRUE;1;0
2026-07-01 09:45:00;TRUE;2026-07-01;9;9,75;3;"quarta-feira";TRUE;"manha_uteis";TRUE;1;0
2026-07-01 10:00:00;FALSE;2026-07-01;10;10;3;"quarta-feira";TRUE;"manha_uteis";TRUE;0;0
2026-07-01 10:15:00;FALSE;2026-07-01;10;10,25;3;"quarta-feira";TRUE;"manha_uteis";TRUE;0;0
2026-07-01 10:30:00;FALSE;2026-07-01;10;10,5;3;"quarta-feira";TRUE;"manha_uteis";TRUE;0;0
2026-07-01 10:45:00;TRUE;2026-07-01;10;10,75;3;"quarta-feira";TRUE;"manha_uteis";TRUE;1;0
2026-07-01 11:00:00;FALSE;2026-07-01;11;11;3;"quarta-feira";TRUE;"manha_uteis";TRUE;0;0
2026-07-01 11:15:00;FALSE;2026-07-01;11;11,25;3;"quarta-feira";TRUE;"manha_uteis";TRUE;0;0
2026-07-01 11:30:00;TRUE;2026-07-01;11;11,5;3;"quarta-feira";TRUE;"manha_uteis";TRUE;1;0
2026-07-01 11:45:00;FALSE;2026-07-01;11;11,75;3;"quarta-feira";TRUE;"manha_uteis";TRUE;0;0
2026-07-01 12:00:00;TRUE;2026-07-01;12;12;3;"quarta-feira";TRUE;"comeco_tarde_uteis";TRUE;1;0
2026-07-01 12:15:00;TRUE;2026-07-01;12;12,25;3;"quarta-feira";TRUE;"comeco_tarde_uteis";TRUE;1;0
2026-07-01 12:30:00;TRUE;2026-07-01;12;12,5;3;"quarta-feira";TRUE;"comeco_tarde_uteis";TRUE;1;0
2026-07-01 12:45:00;TRUE;2026-07-01;12;12,75;3;"quarta-feira";TRUE;"comeco_tarde_uteis";TRUE;2;1
2026-07-01 13:00:00;TRUE;2026-07-01;13;13;3;"quarta-feira";TRUE;"comeco_tarde_uteis";TRUE;1;0
2026-07-01 13:15:00;TRUE;2026-07-01;13;13,25;3;"quarta-feira";TRUE;"comeco_tarde_uteis";TRUE;1;0
2026-07-01 13:30:00;TRUE;2026-07-01;13;13,5;3;"quarta-feira";TRUE;"comeco_tarde_uteis";TRUE;1;0
2026-07-01 13:45:00;FALSE;2026-07-01;13;13,75;3;"quarta-feira";TRUE;"comeco_tarde_uteis";TRUE;0;0
2026-07-01 14:00:00;FALSE;2026-07-01;14;14;3;"quarta-feira";TRUE;"meio_tarde_uteis";TRUE;0;0
2026-07-01 14:15:00;FALSE;2026-07-01;14;14,25;3;"quarta-feira";TRUE;"meio_tarde_uteis";TRUE;0;0
2026-07-01 14:30:00;FALSE;2026-07-01;14;14,5;3;"quarta-feira";TRUE;"meio_tarde_uteis";TRUE;0;0
2026-07-01 14:45:00;FALSE;2026-07-01;14;14,75;3;"quarta-feira";TRUE;"meio_tarde_uteis";TRUE;0;0
2026-07-01 15:00:00;TRUE;2026-07-01;15;15;3;"quarta-feira";TRUE;"meio_tarde_uteis";TRUE;1;0
2026-07-01 15:15:00;FALSE;2026-07-01;15;15,25;3;"quarta-feira";TRUE;"meio_tarde_uteis";TRUE;0;0
2026-07-01 15:30:00;FALSE;2026-07-01;15;15,5;3;"quarta-feira";TRUE;"meio_tarde_uteis";TRUE;0;0
2026-07-01 15:45:00;FALSE;2026-07-01;15;15,75;3;"quarta-feira";TRUE;"meio_tarde_uteis";TRUE;0;0
2026-07-01 16:00:00;FALSE;2026-07-01;16;16;3;"quarta-feira";TRUE;"meio_tarde_uteis";TRUE;0;0
2026-07-01 16:15:00;FALSE;2026-07-01;16;16,25;3;"quarta-feira";TRUE;"meio_tarde_uteis";TRUE;0;0
2026-07-01 16:30:00;FALSE;2026-07-01;16;16,5;3;"quarta-feira";TRUE;"meio_tarde_uteis";TRUE;0;0
2026-07-01 16:45:00;FALSE;2026-07-01;16;16,75;3;"quarta-feira";TRUE;"meio_tarde_uteis";TRUE;0;0
2026-07-01 17:00:00;FALSE;2026-07-01;17;17;3;"quarta-feira";TRUE;"fim_tarde";FALSE;0;0
2026-07-01 17:15:00;TRUE;2026-07-01;17;17,25;3;"quarta-feira";TRUE;"fim_tarde";FALSE;1;0
2026-07-01 17:30:00;FALSE;2026-07-01;17;17,5;3;"quarta-feira";TRUE;"fim_tarde";FALSE;0;0
2026-07-01 17:45:00;TRUE;2026-07-01;17;17,75;3;"quarta-feira";TRUE;"fim_tarde";FALSE;1;0
2026-07-01 18:00:00;TRUE;2026-07-01;18;18;3;"quarta-feira";TRUE;"fim_tarde";FALSE;1;0
2026-07-01 18:15:00;FALSE;2026-07-01;18;18,25;3;"quarta-feira";TRUE;"fim_tarde";FALSE;0;0
2026-07-01 18:30:00;TRUE;2026-07-01;18;18,5;3;"quarta-feira";TRUE;"fim_tarde";FALSE;1;0
2026-07-01 18:45:00;TRUE;2026-07-01;18;18,75;3;"quarta-feira";TRUE;"fim_tarde";FALSE;1;0
2026-07-01 19:00:00;TRUE;2026-07-01;19;19;3;"quarta-feira";TRUE;"noite";FALSE;1;0
2026-07-01 19:15:00;TRUE;2026-07-01;19;19,25;3;"quarta-feira";TRUE;"noite";FALSE;1;0
2026-07-01 19:30:00;TRUE;2026-07-01;19;19,5;3;"quarta-feira";TRUE;"noite";FALSE;1;0
2026-07-01 19:45:00;TRUE;2026-07-01;19;19,75;3;"quarta-feira";TRUE;"noite";FALSE;1;0
2026-07-01 20:00:00;TRUE;2026-07-01;20;20;3;"quarta-feira";TRUE;"noite";FALSE;1;0
2026-07-01 20:15:00;TRUE;2026-07-01;20;20,25;3;"quarta-feira";TRUE;"noite";FALSE;1;0
2026-07-01 20:30:00;TRUE;2026-07-01;20;20,5;3;"quarta-feira";TRUE;"noite";FALSE;1;0
2026-07-01 20:45:00;TRUE;2026-07-01;20;20,75;3;"quarta-feira";TRUE;"noite";FALSE;1;0
2026-07-01 21:00:00;TRUE;2026-07-01;21;21;3;"quarta-feira";TRUE;"noite";FALSE;1;0
2026-07-01 21:15:00;TRUE;2026-07-01;21;21,25;3;"quarta-feira";TRUE;"noite";FALSE;1;0
2026-07-01 21:30:00;TRUE;2026-07-01;21;21,5;3;"quarta-feira";TRUE;"noite";FALSE;1;0
2026-07-01 21:45:00;FALSE;2026-07-01;21;21,75;3;"quarta-feira";TRUE;"noite";FALSE;0;0
2026-07-01 22:00:00;TRUE;2026-07-01;22;22;3;"quarta-feira";TRUE;"noite";FALSE;1;0
2026-07-01 22:15:00;TRUE;2026-07-01;22;22,25;3;"quarta-feira";TRUE;"noite";FALSE;1;0
2026-07-01 22:30:00;TRUE;2026-07-01;22;22,5;3;"quarta-feira";TRUE;"noite";FALSE;1;0
2026-07-01 22:45:00;TRUE;2026-07-01;22;22,75;3;"quarta-feira";TRUE;"noite";FALSE;1;0
2026-07-01 23:00:00;TRUE;2026-07-01;23;23;3;"quarta-feira";TRUE;"noite";FALSE;1;0
2026-07-01 23:15:00;TRUE;2026-07-01;23;23,25;3;"quarta-feira";TRUE;"noite";FALSE;1;0
2026-07-01 23:30:00;TRUE;2026-07-01;23;23,5;3;"quarta-feira";TRUE;"noite";FALSE;1;0
2026-07-01 23:45:00;TRUE;2026-07-01;23;23,75;3;"quarta-feira";TRUE;"noite";FALSE;1;0
2026-07-02;TRUE;2026-07-02;0;0;4;"quinta-feira";TRUE;"madrugada";FALSE;1;0
2026-07-02 00:15:00;TRUE;2026-07-02;0;0,25;4;"quinta-feira";TRUE;"madrugada";FALSE;1;0
2026-07-02 00:30:00;TRUE;2026-07-02;0;0,5;4;"quinta-feira";TRUE;"madrugada";FALSE;1;0
2026-07-02 00:45:00;TRUE;2026-07-02;0;0,75;4;"quinta-feira";TRUE;"madrugada";FALSE;1;0
2026-07-02 01:00:00;TRUE;2026-07-02;1;1;4;"quinta-feira";TRUE;"madrugada";FALSE;1;0
2026-07-02 01:15:00;TRUE;2026-07-02;1;1,25;4;"quinta-feira";TRUE;"madrugada";FALSE;1;0
2026-07-02 01:30:00;TRUE;2026-07-02;1;1,5;4;"quinta-feira";TRUE;"madrugada";FALSE;1;0
2026-07-02 01:45:00;TRUE;2026-07-02;1;1,75;4;"quinta-feira";TRUE;"madrugada";FALSE;1;0
2026-07-02 02:00:00;TRUE;2026-07-02;2;2;4;"quinta-feira";TRUE;"madrugada";FALSE;1;0
2026-07-02 02:15:00;TRUE;2026-07-02;2;2,25;4;"quinta-feira";TRUE;"madrugada";FALSE;1;0
2026-07-02 02:30:00;TRUE;2026-07-02;2;2,5;4;"quinta-feira";TRUE;"madrugada";FALSE;1;0
2026-07-02 02:45:00;TRUE;2026-07-02;2;2,75;4;"quinta-feira";TRUE;"madrugada";FALSE;1;0
2026-07-02 03:00:00;TRUE;2026-07-02;3;3;4;"quinta-feira";TRUE;"madrugada";FALSE;1;0
2026-07-02 03:15:00;TRUE;2026-07-02;3;3,25;4;"quinta-feira";TRUE;"madrugada";FALSE;1;0
2026-07-02 03:30:00;TRUE;2026-07-02;3;3,5;4;"quinta-feira";TRUE;"madrugada";FALSE;1;0
2026-07-02 03:45:00;TRUE;2026-07-02;3;3,75;4;"quinta-feira";TRUE;"madrugada";FALSE;1;0
2026-07-02 04:00:00;TRUE;2026-07-02;4;4;4;"quinta-feira";TRUE;"madrugada";FALSE;1;0
2026-07-02 04:15:00;TRUE;2026-07-02;4;4,25;4;"quinta-feira";TRUE;"madrugada";FALSE;1;0
2026-07-02 04:30:00;TRUE;2026-07-02;4;4,5;4;"quinta-feira";TRUE;"madrugada";FALSE;1;0
2026-07-02 04:45:00;TRUE;2026-07-02;4;4,75;4;"quinta-feira";TRUE;"madrugada";FALSE;1;0
2026-07-02 05:00:00;TRUE;2026-07-02;5;5;4;"quinta-feira";TRUE;"madrugada";FALSE;1;0
2026-07-02 05:15:00;TRUE;2026-07-02;5;5,25;4;"quinta-feira";TRUE;"madrugada";FALSE;1;0
2026-07-02 05:30:00;TRUE;2026-07-02;5;5,5;4;"quinta-feira";TRUE;"madrugada";FALSE;1;0
2026-07-02 05:45:00;TRUE;2026-07-02;5;5,75;4;"quinta-feira";TRUE;"madrugada";FALSE;1;0
2026-07-02 06:00:00;TRUE;2026-07-02;6;6;4;"quinta-feira";TRUE;"manha_uteis";TRUE;1;0
2026-07-02 06:15:00;TRUE;2026-07-02;6;6,25;4;"quinta-feira";TRUE;"manha_uteis";TRUE;1;0
2026-07-02 06:30:00;TRUE;2026-07-02;6;6,5;4;"quinta-feira";TRUE;"manha_uteis";TRUE;1;0
2026-07-02 06:45:00;TRUE;2026-07-02;6;6,75;4;"quinta-feira";TRUE;"manha_uteis";TRUE;1;0
2026-07-02 07:00:00;TRUE;2026-07-02;7;7;4;"quinta-feira";TRUE;"manha_uteis";TRUE;1;0
2026-07-02 07:15:00;TRUE;2026-07-02;7;7,25;4;"quinta-feira";TRUE;"manha_uteis";TRUE;1;0
2026-07-02 07:30:00;TRUE;2026-07-02;7;7,5;4;"quinta-feira";TRUE;"manha_uteis";TRUE;1;0
2026-07-02 07:45:00;TRUE;2026-07-02;7;7,75;4;"quinta-feira";TRUE;"manha_uteis";TRUE;1;0
2026-07-02 08:00:00;TRUE;2026-07-02;8;8;4;"quinta-feira";TRUE;"manha_uteis";TRUE;1;0
2026-07-02 08:15:00;TRUE;2026-07-02;8;8,25;4;"quinta-feira";TRUE;"manha_uteis";TRUE;1;0
2026-07-02 08:30:00;TRUE;2026-07-02;8;8,5;4;"quinta-feira";TRUE;"manha_uteis";TRUE;1;0
2026-07-02 08:45:00;TRUE;2026-07-02;8;8,75;4;"quinta-feira";TRUE;"manha_uteis";TRUE;1;0
2026-07-02 09:00:00;TRUE;2026-07-02;9;9;4;"quinta-feira";TRUE;"manha_uteis";TRUE;1;0
2026-07-02 09:15:00;FALSE;2026-07-02;9;9,25;4;"quinta-feira";TRUE;"manha_uteis";TRUE;0;0
2026-07-02 09:30:00;TRUE;2026-07-02;9;9,5;4;"quinta-feira";TRUE;"manha_uteis";TRUE;1;0
2026-07-02 09:45:00;FALSE;2026-07-02;9;9,75;4;"quinta-feira";TRUE;"manha_uteis";TRUE;0;0
2026-07-02 10:00:00;FALSE;2026-07-02;10;10;4;"quinta-feira";TRUE;"manha_uteis";TRUE;0;0
2026-07-02 10:15:00;FALSE;2026-07-02;10;10,25;4;"quinta-feira";TRUE;"manha_uteis";TRUE;0;0
2026-07-02 10:30:00;FALSE;2026-07-02;10;10,5;4;"quinta-feira";TRUE;"manha_uteis";TRUE;0;0
2026-07-02 10:45:00;FALSE;2026-07-02;10;10,75;4;"quinta-feira";TRUE;"manha_uteis";TRUE;0;0
2026-07-02 11:00:00;FALSE;2026-07-02;11;11;4;"quinta-feira";TRUE;"manha_uteis";TRUE;0;0
2026-07-02 11:15:00;FALSE;2026-07-02;11;11,25;4;"quinta-feira";TRUE;"manha_uteis";TRUE;0;0
2026-07-02 11:30:00;FALSE;2026-07-02;11;11,5;4;"quinta-feira";TRUE;"manha_uteis";TRUE;0;0
2026-07-02 11:45:00;FALSE;2026-07-02;11;11,75;4;"quinta-feira";TRUE;"manha_uteis";TRUE;0;0
2026-07-02 12:00:00;TRUE;2026-07-02;12;12;4;"quinta-feira";TRUE;"comeco_tarde_uteis";TRUE;1;0
2026-07-02 12:15:00;TRUE;2026-07-02;12;12,25;4;"quinta-feira";TRUE;"comeco_tarde_uteis";TRUE;1;0
2026-07-02 12:30:00;TRUE;2026-07-02;12;12,5;4;"quinta-feira";TRUE;"comeco_tarde_uteis";TRUE;1;0
2026-07-02 12:45:00;TRUE;2026-07-02;12;12,75;4;"quinta-feira";TRUE;"comeco_tarde_uteis";TRUE;1;0
2026-07-02 13:00:00;TRUE;2026-07-02;13;13;4;"quinta-feira";TRUE;"comeco_tarde_uteis";TRUE;1;0
2026-07-02 13:15:00;TRUE;2026-07-02;13;13,25;4;"quinta-feira";TRUE;"comeco_tarde_uteis";TRUE;1;0
2026-07-02 13:30:00;TRUE;2026-07-02;13;13,5;4;"quinta-feira";TRUE;"comeco_tarde_uteis";TRUE;1;0
2026-07-02 13:45:00;TRUE;2026-07-02;13;13,75;4;"quinta-feira";TRUE;"comeco_tarde_uteis";TRUE;1;0
2026-07-02 14:00:00;FALSE;2026-07-02;14;14;4;"quinta-feira";TRUE;"meio_tarde_uteis";TRUE;0;0
2026-07-02 14:15:00;TRUE;2026-07-02;14;14,25;4;"quinta-feira";TRUE;"meio_tarde_uteis";TRUE;1;0
2026-07-02 14:30:00;TRUE;2026-07-02;14;14,5;4;"quinta-feira";TRUE;"meio_tarde_uteis";TRUE;1;0
2026-07-02 14:45:00;TRUE;2026-07-02;14;14,75;4;"quinta-feira";TRUE;"meio_tarde_uteis";TRUE;1;0
2026-07-02 15:00:00;TRUE;2026-07-02;15;15;4;"quinta-feira";TRUE;"meio_tarde_uteis";TRUE;1;0
2026-07-02 15:15:00;FALSE;2026-07-02;15;15,25;4;"quinta-feira";TRUE;"meio_tarde_uteis";TRUE;0;0
2026-07-02 15:30:00;FALSE;2026-07-02;15;15,5;4;"quinta-feira";TRUE;"meio_tarde_uteis";TRUE;0;0
2026-07-02 15:45:00;FALSE;2026-07-02;15;15,75;4;"quinta-feira";TRUE;"meio_tarde_uteis";TRUE;0;0
2026-07-02 16:00:00;TRUE;2026-07-02;16;16;4;"quinta-feira";TRUE;"meio_tarde_uteis";TRUE;1;0
2026-07-02 16:15:00;TRUE;2026-07-02;16;16,25;4;"quinta-feira";TRUE;"meio_tarde_uteis";TRUE;1;0
2026-07-02 16:30:00;TRUE;2026-07-02;16;16,5;4;"quinta-feira";TRUE;"meio_tarde_uteis";TRUE;1;0
2026-07-02 16:45:00;TRUE;2026-07-02;16;16,75;4;"quinta-feira";TRUE;"meio_tarde_uteis";TRUE;1;0
2026-07-02 17:00:00;TRUE;2026-07-02;17;17;4;"quinta-feira";TRUE;"fim_tarde";FALSE;1;0
2026-07-02 17:15:00;TRUE;2026-07-02;17;17,25;4;"quinta-feira";TRUE;"fim_tarde";FALSE;1;0
2026-07-02 17:30:00;TRUE;2026-07-02;17;17,5;4;"quinta-feira";TRUE;"fim_tarde";FALSE;1;0
2026-07-02 17:45:00;TRUE;2026-07-02;17;17,75;4;"quinta-feira";TRUE;"fim_tarde";FALSE;1;0
2026-07-02 18:00:00;TRUE;2026-07-02;18;18;4;"quinta-feira";TRUE;"fim_tarde";FALSE;1;0
2026-07-02 18:15:00;TRUE;2026-07-02;18;18,25;4;"quinta-feira";TRUE;"fim_tarde";FALSE;1;0
2026-07-02 18:30:00;TRUE;2026-07-02;18;18,5;4;"quinta-feira";TRUE;"fim_tarde";FALSE;1;0
2026-07-02 18:45:00;TRUE;2026-07-02;18;18,75;4;"quinta-feira";TRUE;"fim_tarde";FALSE;1;0
2026-07-02 19:00:00;TRUE;2026-07-02;19;19;4;"quinta-feira";TRUE;"noite";FALSE;1;0
2026-07-02 19:15:00;TRUE;2026-07-02;19;19,25;4;"quinta-feira";TRUE;"noite";FALSE;1;0
2026-07-02 19:30:00;TRUE;2026-07-02;19;19,5;4;"quinta-feira";TRUE;"noite";FALSE;1;0
2026-07-02 19:45:00;TRUE;2026-07-02;19;19,75;4;"quinta-feira";TRUE;"noite";FALSE;1;0
2026-07-02 20:00:00;TRUE;2026-07-02;20;20;4;"quinta-feira";TRUE;"noite";FALSE;1;0
2026-07-02 20:15:00;TRUE;2026-07-02;20;20,25;4;"quinta-feira";TRUE;"noite";FALSE;1;0
2026-07-02 20:30:00;TRUE;2026-07-02;20;20,5;4;"quinta-feira";TRUE;"noite";FALSE;1;0
2026-07-02 20:45:00;TRUE;2026-07-02;20;20,75;4;"quinta-feira";TRUE;"noite";FALSE;1;0
2026-07-02 21:00:00;TRUE;2026-07-02;21;21;4;"quinta-feira";TRUE;"noite";FALSE;1;0
2026-07-02 21:15:00;TRUE;2026-07-02;21;21,25;4;"quinta-feira";TRUE;"noite";FALSE;1;0
2026-07-02 21:30:00;TRUE;2026-07-02;21;21,5;4;"quinta-feira";TRUE;"noite";FALSE;1;0
2026-07-02 21:45:00;TRUE;2026-07-02;21;21,75;4;"quinta-feira";TRUE;"noite";FALSE;1;0
2026-07-02 22:00:00;TRUE;2026-07-02;22;22;4;"quinta-feira";TRUE;"noite";FALSE;1;0
2026-07-02 22:15:00;TRUE;2026-07-02;22;22,25;4;"quinta-feira";TRUE;"noite";FALSE;1;0
2026-07-02 22:30:00;TRUE;2026-07-02;22;22,5;4;"quinta-feira";TRUE;"noite";FALSE;1;0
2026-07-02 22:45:00;TRUE;2026-07-02;22;22,75;4;"quinta-feira";TRUE;"noite";FALSE;1;0
2026-07-02 23:00:00;TRUE;2026-07-02;23;23;4;"quinta-feira";TRUE;"noite";FALSE;1;0
2026-07-02 23:15:00;TRUE;2026-07-02;23;23,25;4;"quinta-feira";TRUE;"noite";FALSE;1;0
2026-07-02 23:30:00;TRUE;2026-07-02;23;23,5;4;"quinta-feira";TRUE;"noite";FALSE;1;0
2026-07-02 23:45:00;TRUE;2026-07-02;23;23,75;4;"quinta-feira";TRUE;"noite";FALSE;1;0
2026-07-03;TRUE;2026-07-03;0;0;5;"sexta-feira";TRUE;"madrugada";FALSE;1;0
2026-07-03 00:15:00;TRUE;2026-07-03;0;0,25;5;"sexta-feira";TRUE;"madrugada";FALSE;1;0
2026-07-03 00:30:00;TRUE;2026-07-03;0;0,5;5;"sexta-feira";TRUE;"madrugada";FALSE;1;0
2026-07-03 00:45:00;TRUE;2026-07-03;0;0,75;5;"sexta-feira";TRUE;"madrugada";FALSE;1;0
2026-07-03 01:00:00;TRUE;2026-07-03;1;1;5;"sexta-feira";TRUE;"madrugada";FALSE;1;0
2026-07-03 01:15:00;TRUE;2026-07-03;1;1,25;5;"sexta-feira";TRUE;"madrugada";FALSE;1;0
2026-07-03 01:30:00;FALSE;2026-07-03;1;1,5;5;"sexta-feira";TRUE;"madrugada";FALSE;0;0
2026-07-03 01:45:00;TRUE;2026-07-03;1;1,75;5;"sexta-feira";TRUE;"madrugada";FALSE;1;0
2026-07-03 02:00:00;TRUE;2026-07-03;2;2;5;"sexta-feira";TRUE;"madrugada";FALSE;1;0
2026-07-03 02:15:00;FALSE;2026-07-03;2;2,25;5;"sexta-feira";TRUE;"madrugada";FALSE;0;0
2026-07-03 02:30:00;TRUE;2026-07-03;2;2,5;5;"sexta-feira";TRUE;"madrugada";FALSE;1;0
2026-07-03 02:45:00;TRUE;2026-07-03;2;2,75;5;"sexta-feira";TRUE;"madrugada";FALSE;1;0
2026-07-03 03:00:00;TRUE;2026-07-03;3;3;5;"sexta-feira";TRUE;"madrugada";FALSE;1;0
2026-07-03 03:15:00;TRUE;2026-07-03;3;3,25;5;"sexta-feira";TRUE;"madrugada";FALSE;1;0
2026-07-03 03:30:00;TRUE;2026-07-03;3;3,5;5;"sexta-feira";TRUE;"madrugada";FALSE;1;0
2026-07-03 03:45:00;TRUE;2026-07-03;3;3,75;5;"sexta-feira";TRUE;"madrugada";FALSE;1;0
2026-07-03 04:00:00;TRUE;2026-07-03;4;4;5;"sexta-feira";TRUE;"madrugada";FALSE;1;0
2026-07-03 04:15:00;TRUE;2026-07-03;4;4,25;5;"sexta-feira";TRUE;"madrugada";FALSE;1;0
2026-07-03 04:30:00;TRUE;2026-07-03;4;4,5;5;"sexta-feira";TRUE;"madrugada";FALSE;1;0
2026-07-03 04:45:00;TRUE;2026-07-03;4;4,75;5;"sexta-feira";TRUE;"madrugada";FALSE;1;0
2026-07-03 05:00:00;TRUE;2026-07-03;5;5;5;"sexta-feira";TRUE;"madrugada";FALSE;2;1
2026-07-03 05:15:00;TRUE;2026-07-03;5;5,25;5;"sexta-feira";TRUE;"madrugada";FALSE;1;0
2026-07-03 05:30:00;TRUE;2026-07-03;5;5,5;5;"sexta-feira";TRUE;"madrugada";FALSE;1;0
2026-07-03 05:45:00;TRUE;2026-07-03;5;5,75;5;"sexta-feira";TRUE;"madrugada";FALSE;1;0
2026-07-03 06:00:00;TRUE;2026-07-03;6;6;5;"sexta-feira";TRUE;"manha_uteis";TRUE;1;0
2026-07-03 06:15:00;TRUE;2026-07-03;6;6,25;5;"sexta-feira";TRUE;"manha_uteis";TRUE;1;0
2026-07-03 06:30:00;TRUE;2026-07-03;6;6,5;5;"sexta-feira";TRUE;"manha_uteis";TRUE;1;0
2026-07-03 06:45:00;TRUE;2026-07-03;6;6,75;5;"sexta-feira";TRUE;"manha_uteis";TRUE;1;0
2026-07-03 07:00:00;TRUE;2026-07-03;7;7;5;"sexta-feira";TRUE;"manha_uteis";TRUE;1;0
2026-07-03 07:15:00;TRUE;2026-07-03;7;7,25;5;"sexta-feira";TRUE;"manha_uteis";TRUE;1;0
2026-07-03 07:30:00;TRUE;2026-07-03;7;7,5;5;"sexta-feira";TRUE;"manha_uteis";TRUE;1;0
2026-07-03 07:45:00;TRUE;2026-07-03;7;7,75;5;"sexta-feira";TRUE;"manha_uteis";TRUE;1;0
2026-07-03 08:00:00;TRUE;2026-07-03;8;8;5;"sexta-feira";TRUE;"manha_uteis";TRUE;1;0
2026-07-03 08:15:00;TRUE;2026-07-03;8;8,25;5;"sexta-feira";TRUE;"manha_uteis";TRUE;1;0
2026-07-03 08:30:00;TRUE;2026-07-03;8;8,5;5;"sexta-feira";TRUE;"manha_uteis";TRUE;1;0
2026-07-03 08:45:00;TRUE;2026-07-03;8;8,75;5;"sexta-feira";TRUE;"manha_uteis";TRUE;1;0
2026-07-03 09:00:00;TRUE;2026-07-03;9;9;5;"sexta-feira";TRUE;"manha_uteis";TRUE;1;0
2026-07-03 09:15:00;TRUE;2026-07-03;9;9,25;5;"sexta-feira";TRUE;"manha_uteis";TRUE;1;0
2026-07-03 09:30:00;TRUE;2026-07-03;9;9,5;5;"sexta-feira";TRUE;"manha_uteis";TRUE;1;0
2026-07-03 09:45:00;TRUE;2026-07-03;9;9,75;5;"sexta-feira";TRUE;"manha_uteis";TRUE;1;0
2026-07-03 10:00:00;TRUE;2026-07-03;10;10;5;"sexta-feira";TRUE;"manha_uteis";TRUE;1;0
2026-07-03 10:15:00;TRUE;2026-07-03;10;10,25;5;"sexta-feira";TRUE;"manha_uteis";TRUE;1;0
2026-07-03 10:30:00;TRUE;2026-07-03;10;10,5;5;"sexta-feira";TRUE;"manha_uteis";TRUE;1;0
2026-07-03 10:45:00;TRUE;2026-07-03;10;10,75;5;"sexta-feira";TRUE;"manha_uteis";TRUE;1;0
2026-07-03 11:00:00;TRUE;2026-07-03;11;11;5;"sexta-feira";TRUE;"manha_uteis";TRUE;1;0
2026-07-03 11:15:00;TRUE;2026-07-03;11;11,25;5;"sexta-feira";TRUE;"manha_uteis";TRUE;1;0
2026-07-03 11:30:00;TRUE;2026-07-03;11;11,5;5;"sexta-feira";TRUE;"manha_uteis";TRUE;1;0
2026-07-03 11:45:00;TRUE;2026-07-03;11;11,75;5;"sexta-feira";TRUE;"manha_uteis";TRUE;1;0
2026-07-03 12:00:00;TRUE;2026-07-03;12;12;5;"sexta-feira";TRUE;"comeco_tarde_uteis";TRUE;1;0
2026-07-03 12:15:00;TRUE;2026-07-03;12;12,25;5;"sexta-feira";TRUE;"comeco_tarde_uteis";TRUE;1;0
2026-07-03 12:30:00;TRUE;2026-07-03;12;12,5;5;"sexta-feira";TRUE;"comeco_tarde_uteis";TRUE;1;0
2026-07-03 12:45:00;TRUE;2026-07-03;12;12,75;5;"sexta-feira";TRUE;"comeco_tarde_uteis";TRUE;1;0
2026-07-03 13:00:00;TRUE;2026-07-03;13;13;5;"sexta-feira";TRUE;"comeco_tarde_uteis";TRUE;1;0
2026-07-03 13:15:00;TRUE;2026-07-03;13;13,25;5;"sexta-feira";TRUE;"comeco_tarde_uteis";TRUE;1;0
2026-07-03 13:30:00;TRUE;2026-07-03;13;13,5;5;"sexta-feira";TRUE;"comeco_tarde_uteis";TRUE;1;0
2026-07-03 13:45:00;TRUE;2026-07-03;13;13,75;5;"sexta-feira";TRUE;"comeco_tarde_uteis";TRUE;1;0
2026-07-03 14:00:00;TRUE;2026-07-03;14;14;5;"sexta-feira";TRUE;"meio_tarde_uteis";TRUE;1;0
2026-07-03 14:15:00;TRUE;2026-07-03;14;14,25;5;"sexta-feira";TRUE;"meio_tarde_uteis";TRUE;1;0
2026-07-03 14:30:00;TRUE;2026-07-03;14;14,5;5;"sexta-feira";TRUE;"meio_tarde_uteis";TRUE;1;0
2026-07-03 14:45:00;TRUE;2026-07-03;14;14,75;5;"sexta-feira";TRUE;"meio_tarde_uteis";TRUE;1;0
2026-07-03 15:00:00;TRUE;2026-07-03;15;15;5;"sexta-feira";TRUE;"meio_tarde_uteis";TRUE;1;0
2026-07-03 15:15:00;TRUE;2026-07-03;15;15,25;5;"sexta-feira";TRUE;"meio_tarde_uteis";TRUE;1;0
2026-07-03 15:30:00;TRUE;2026-07-03;15;15,5;5;"sexta-feira";TRUE;"meio_tarde_uteis";TRUE;1;0
2026-07-03 15:45:00;TRUE;2026-07-03;15;15,75;5;"sexta-feira";TRUE;"meio_tarde_uteis";TRUE;1;0
2026-07-03 16:00:00;TRUE;2026-07-03;16;16;5;"sexta-feira";TRUE;"meio_tarde_uteis";TRUE;1;0
2026-07-03 16:15:00;TRUE;2026-07-03;16;16,25;5;"sexta-feira";TRUE;"meio_tarde_uteis";TRUE;1;0
2026-07-03 16:30:00;TRUE;2026-07-03;16;16,5;5;"sexta-feira";TRUE;"meio_tarde_uteis";TRUE;1;0
2026-07-03 16:45:00;TRUE;2026-07-03;16;16,75;5;"sexta-feira";TRUE;"meio_tarde_uteis";TRUE;1;0
2026-07-03 17:00:00;TRUE;2026-07-03;17;17;5;"sexta-feira";TRUE;"fim_tarde";FALSE;1;0
2026-07-03 17:15:00;TRUE;2026-07-03;17;17,25;5;"sexta-feira";TRUE;"fim_tarde";FALSE;1;0
2026-07-03 17:30:00;TRUE;2026-07-03;17;17,5;5;"sexta-feira";TRUE;"fim_tarde";FALSE;1;0
2026-07-03 17:45:00;TRUE;2026-07-03;17;17,75;5;"sexta-feira";TRUE;"fim_tarde";FALSE;1;0
2026-07-03 18:00:00;TRUE;2026-07-03;18;18;5;"sexta-feira";TRUE;"fim_tarde";FALSE;1;0
2026-07-03 18:15:00;TRUE;2026-07-03;18;18,25;5;"sexta-feira";TRUE;"fim_tarde";FALSE;1;0
2026-07-03 18:30:00;TRUE;2026-07-03;18;18,5;5;"sexta-feira";TRUE;"fim_tarde";FALSE;1;0
2026-07-03 18:45:00;TRUE;2026-07-03;18;18,75;5;"sexta-feira";TRUE;"fim_tarde";FALSE;1;0
2026-07-03 19:00:00;TRUE;2026-07-03;19;19;5;"sexta-feira";TRUE;"noite";FALSE;1;0
2026-07-03 19:15:00;TRUE;2026-07-03;19;19,25;5;"sexta-feira";TRUE;"noite";FALSE;1;0
2026-07-03 19:30:00;TRUE;2026-07-03;19;19,5;5;"sexta-feira";TRUE;"noite";FALSE;1;0
2026-07-03 19:45:00;TRUE;2026-07-03;19;19,75;5;"sexta-feira";TRUE;"noite";FALSE;1;0
2026-07-03 20:00:00;TRUE;2026-07-03;20;20;5;"sexta-feira";TRUE;"noite";FALSE;1;0
2026-07-03 20:15:00;TRUE;2026-07-03;20;20,25;5;"sexta-feira";TRUE;"noite";FALSE;1;0
2026-07-03 20:30:00;TRUE;2026-07-03;20;20,5;5;"sexta-feira";TRUE;"noite";FALSE;1;0
2026-07-03 20:45:00;TRUE;2026-07-03;20;20,75;5;"sexta-feira";TRUE;"noite";FALSE;1;0
2026-07-03 21:00:00;TRUE;2026-07-03;21;21;5;"sexta-feira";TRUE;"noite";FALSE;1;0
2026-07-03 21:15:00;TRUE;2026-07-03;21;21,25;5;"sexta-feira";TRUE;"noite";FALSE;1;0
2026-07-03 21:30:00;TRUE;2026-07-03;21;21,5;5;"sexta-feira";TRUE;"noite";FALSE;1;0
2026-07-03 21:45:00;TRUE;2026-07-03;21;21,75;5;"sexta-feira";TRUE;"noite";FALSE;1;0
2026-07-03 22:00:00;TRUE;2026-07-03;22;22;5;"sexta-feira";TRUE;"noite";FALSE;1;0
2026-07-03 22:15:00;TRUE;2026-07-03;22;22,25;5;"sexta-feira";TRUE;"noite";FALSE;1;0
2026-07-03 22:30:00;TRUE;2026-07-03;22;22,5;5;"sexta-feira";TRUE;"noite";FALSE;1;0
2026-07-03 22:45:00;TRUE;2026-07-03;22;22,75;5;"sexta-feira";TRUE;"noite";FALSE;1;0
2026-07-03 23:00:00;TRUE;2026-07-03;23;23;5;"sexta-feira";TRUE;"noite";FALSE;1;0
2026-07-03 23:15:00;TRUE;2026-07-03;23;23,25;5;"sexta-feira";TRUE;"noite";FALSE;1;0
2026-07-03 23:30:00;TRUE;2026-07-03;23;23,5;5;"sexta-feira";TRUE;"noite";FALSE;1;0
2026-07-03 23:45:00;TRUE;2026-07-03;23;23,75;5;"sexta-feira";TRUE;"noite";FALSE;1;0
2026-07-04;TRUE;2026-07-04;0;0;6;"sábado";FALSE;"madrugada";FALSE;1;0
2026-07-04 00:15:00;TRUE;2026-07-04;0;0,25;6;"sábado";FALSE;"madrugada";FALSE;1;0
2026-07-04 00:30:00;TRUE;2026-07-04;0;0,5;6;"sábado";FALSE;"madrugada";FALSE;1;0
2026-07-04 00:45:00;TRUE;2026-07-04;0;0,75;6;"sábado";FALSE;"madrugada";FALSE;1;0
2026-07-04 01:00:00;TRUE;2026-07-04;1;1;6;"sábado";FALSE;"madrugada";FALSE;1;0
2026-07-04 01:15:00;TRUE;2026-07-04;1;1,25;6;"sábado";FALSE;"madrugada";FALSE;1;0
2026-07-04 01:30:00;TRUE;2026-07-04;1;1,5;6;"sábado";FALSE;"madrugada";FALSE;1;0
2026-07-04 01:45:00;TRUE;2026-07-04;1;1,75;6;"sábado";FALSE;"madrugada";FALSE;1;0
2026-07-04 02:00:00;TRUE;2026-07-04;2;2;6;"sábado";FALSE;"madrugada";FALSE;1;0
2026-07-04 02:15:00;TRUE;2026-07-04;2;2,25;6;"sábado";FALSE;"madrugada";FALSE;1;0
2026-07-04 02:30:00;TRUE;2026-07-04;2;2,5;6;"sábado";FALSE;"madrugada";FALSE;1;0
2026-07-04 02:45:00;TRUE;2026-07-04;2;2,75;6;"sábado";FALSE;"madrugada";FALSE;1;0
2026-07-04 03:00:00;TRUE;2026-07-04;3;3;6;"sábado";FALSE;"madrugada";FALSE;1;0
2026-07-04 03:15:00;TRUE;2026-07-04;3;3,25;6;"sábado";FALSE;"madrugada";FALSE;1;0
2026-07-04 03:30:00;TRUE;2026-07-04;3;3,5;6;"sábado";FALSE;"madrugada";FALSE;1;0
2026-07-04 03:45:00;TRUE;2026-07-04;3;3,75;6;"sábado";FALSE;"madrugada";FALSE;1;0
2026-07-04 04:00:00;TRUE;2026-07-04;4;4;6;"sábado";FALSE;"madrugada";FALSE;1;0
2026-07-04 04:15:00;TRUE;2026-07-04;4;4,25;6;"sábado";FALSE;"madrugada";FALSE;1;0
2026-07-04 04:30:00;TRUE;2026-07-04;4;4,5;6;"sábado";FALSE;"madrugada";FALSE;1;0
2026-07-04 04:45:00;TRUE;2026-07-04;4;4,75;6;"sábado";FALSE;"madrugada";FALSE;1;0
2026-07-04 05:00:00;TRUE;2026-07-04;5;5;6;"sábado";FALSE;"madrugada";FALSE;1;0
2026-07-04 05:15:00;TRUE;2026-07-04;5;5,25;6;"sábado";FALSE;"madrugada";FALSE;1;0
2026-07-04 05:30:00;TRUE;2026-07-04;5;5,5;6;"sábado";FALSE;"madrugada";FALSE;1;0
2026-07-04 05:45:00;TRUE;2026-07-04;5;5,75;6;"sábado";FALSE;"madrugada";FALSE;1;0
2026-07-04 06:00:00;TRUE;2026-07-04;6;6;6;"sábado";FALSE;"manha_uteis";FALSE;1;0
2026-07-04 06:15:00;TRUE;2026-07-04;6;6,25;6;"sábado";FALSE;"manha_uteis";FALSE;1;0
2026-07-04 06:30:00;TRUE;2026-07-04;6;6,5;6;"sábado";FALSE;"manha_uteis";FALSE;1;0
2026-07-04 06:45:00;TRUE;2026-07-04;6;6,75;6;"sábado";FALSE;"manha_uteis";FALSE;1;0
2026-07-04 07:00:00;TRUE;2026-07-04;7;7;6;"sábado";FALSE;"manha_uteis";FALSE;1;0
2026-07-04 07:15:00;TRUE;2026-07-04;7;7,25;6;"sábado";FALSE;"manha_uteis";FALSE;1;0
2026-07-04 07:30:00;TRUE;2026-07-04;7;7,5;6;"sábado";FALSE;"manha_uteis";FALSE;2;1
2026-07-04 07:45:00;TRUE;2026-07-04;7;7,75;6;"sábado";FALSE;"manha_uteis";FALSE;1;0
2026-07-04 08:00:00;TRUE;2026-07-04;8;8;6;"sábado";FALSE;"manha_uteis";FALSE;2;1
2026-07-04 08:15:00;TRUE;2026-07-04;8;8,25;6;"sábado";FALSE;"manha_uteis";FALSE;1;0
2026-07-04 08:30:00;TRUE;2026-07-04;8;8,5;6;"sábado";FALSE;"manha_uteis";FALSE;1;0
2026-07-04 08:45:00;TRUE;2026-07-04;8;8,75;6;"sábado";FALSE;"manha_uteis";FALSE;1;0
2026-07-04 09:00:00;TRUE;2026-07-04;9;9;6;"sábado";FALSE;"manha_uteis";FALSE;1;0
2026-07-04 09:15:00;TRUE;2026-07-04;9;9,25;6;"sábado";FALSE;"manha_uteis";FALSE;1;0
2026-07-04 09:30:00;TRUE;2026-07-04;9;9,5;6;"sábado";FALSE;"manha_uteis";FALSE;1;0
2026-07-04 09:45:00;TRUE;2026-07-04;9;9,75;6;"sábado";FALSE;"manha_uteis";FALSE;2;1
2026-07-04 10:00:00;TRUE;2026-07-04;10;10;6;"sábado";FALSE;"manha_uteis";FALSE;1;0
2026-07-04 10:15:00;TRUE;2026-07-04;10;10,25;6;"sábado";FALSE;"manha_uteis";FALSE;1;0
2026-07-04 10:30:00;TRUE;2026-07-04;10;10,5;6;"sábado";FALSE;"manha_uteis";FALSE;1;0
2026-07-04 10:45:00;TRUE;2026-07-04;10;10,75;6;"sábado";FALSE;"manha_uteis";FALSE;1;0
2026-07-04 11:00:00;TRUE;2026-07-04;11;11;6;"sábado";FALSE;"manha_uteis";FALSE;1;0
2026-07-04 11:15:00;TRUE;2026-07-04;11;11,25;6;"sábado";FALSE;"manha_uteis";FALSE;1;0
2026-07-04 11:30:00;TRUE;2026-07-04;11;11,5;6;"sábado";FALSE;"manha_uteis";FALSE;1;0
2026-07-04 11:45:00;TRUE;2026-07-04;11;11,75;6;"sábado";FALSE;"manha_uteis";FALSE;1;0
2026-07-04 12:00:00;TRUE;2026-07-04;12;12;6;"sábado";FALSE;"comeco_tarde_uteis";FALSE;1;0
2026-07-04 12:15:00;TRUE;2026-07-04;12;12,25;6;"sábado";FALSE;"comeco_tarde_uteis";FALSE;2;1
2026-07-04 12:30:00;TRUE;2026-07-04;12;12,5;6;"sábado";FALSE;"comeco_tarde_uteis";FALSE;1;0
2026-07-04 12:45:00;TRUE;2026-07-04;12;12,75;6;"sábado";FALSE;"comeco_tarde_uteis";FALSE;1;0
2026-07-04 13:00:00;TRUE;2026-07-04;13;13;6;"sábado";FALSE;"comeco_tarde_uteis";FALSE;1;0
2026-07-04 13:15:00;TRUE;2026-07-04;13;13,25;6;"sábado";FALSE;"comeco_tarde_uteis";FALSE;1;0
2026-07-04 13:30:00;TRUE;2026-07-04;13;13,5;6;"sábado";FALSE;"comeco_tarde_uteis";FALSE;1;0
2026-07-04 13:45:00;TRUE;2026-07-04;13;13,75;6;"sábado";FALSE;"comeco_tarde_uteis";FALSE;1;0
2026-07-04 14:00:00;TRUE;2026-07-04;14;14;6;"sábado";FALSE;"meio_tarde_uteis";FALSE;1;0
2026-07-04 14:15:00;TRUE;2026-07-04;14;14,25;6;"sábado";FALSE;"meio_tarde_uteis";FALSE;1;0
2026-07-04 14:30:00;TRUE;2026-07-04;14;14,5;6;"sábado";FALSE;"meio_tarde_uteis";FALSE;1;0
2026-07-04 14:45:00;TRUE;2026-07-04;14;14,75;6;"sábado";FALSE;"meio_tarde_uteis";FALSE;1;0
2026-07-04 15:00:00;TRUE;2026-07-04;15;15;6;"sábado";FALSE;"meio_tarde_uteis";FALSE;1;0
2026-07-04 15:15:00;TRUE;2026-07-04;15;15,25;6;"sábado";FALSE;"meio_tarde_uteis";FALSE;1;0
2026-07-04 15:30:00;TRUE;2026-07-04;15;15,5;6;"sábado";FALSE;"meio_tarde_uteis";FALSE;1;0
2026-07-04 15:45:00;TRUE;2026-07-04;15;15,75;6;"sábado";FALSE;"meio_tarde_uteis";FALSE;1;0
2026-07-04 16:00:00;TRUE;2026-07-04;16;16;6;"sábado";FALSE;"meio_tarde_uteis";FALSE;1;0
2026-07-04 16:15:00;TRUE;2026-07-04;16;16,25;6;"sábado";FALSE;"meio_tarde_uteis";FALSE;1;0
2026-07-04 16:30:00;TRUE;2026-07-04;16;16,5;6;"sábado";FALSE;"meio_tarde_uteis";FALSE;1;0
2026-07-04 16:45:00;TRUE;2026-07-04;16;16,75;6;"sábado";FALSE;"meio_tarde_uteis";FALSE;1;0
2026-07-04 17:00:00;TRUE;2026-07-04;17;17;6;"sábado";FALSE;"fim_tarde";FALSE;1;0
2026-07-04 17:15:00;TRUE;2026-07-04;17;17,25;6;"sábado";FALSE;"fim_tarde";FALSE;1;0
2026-07-04 17:30:00;TRUE;2026-07-04;17;17,5;6;"sábado";FALSE;"fim_tarde";FALSE;1;0
2026-07-04 17:45:00;TRUE;2026-07-04;17;17,75;6;"sábado";FALSE;"fim_tarde";FALSE;1;0
2026-07-04 18:00:00;TRUE;2026-07-04;18;18;6;"sábado";FALSE;"fim_tarde";FALSE;1;0
2026-07-04 18:15:00;TRUE;2026-07-04;18;18,25;6;"sábado";FALSE;"fim_tarde";FALSE;1;0
2026-07-04 18:30:00;TRUE;2026-07-04;18;18,5;6;"sábado";FALSE;"fim_tarde";FALSE;1;0
2026-07-04 18:45:00;TRUE;2026-07-04;18;18,75;6;"sábado";FALSE;"fim_tarde";FALSE;1;0
2026-07-04 19:00:00;TRUE;2026-07-04;19;19;6;"sábado";FALSE;"noite";FALSE;1;0
2026-07-04 19:15:00;TRUE;2026-07-04;19;19,25;6;"sábado";FALSE;"noite";FALSE;1;0
2026-07-04 19:30:00;TRUE;2026-07-04;19;19,5;6;"sábado";FALSE;"noite";FALSE;1;0
2026-07-04 19:45:00;TRUE;2026-07-04;19;19,75;6;"sábado";FALSE;"noite";FALSE;1;0
2026-07-04 20:00:00;TRUE;2026-07-04;20;20;6;"sábado";FALSE;"noite";FALSE;1;0
2026-07-04 20:15:00;TRUE;2026-07-04;20;20,25;6;"sábado";FALSE;"noite";FALSE;1;0
2026-07-04 20:30:00;TRUE;2026-07-04;20;20,5;6;"sábado";FALSE;"noite";FALSE;1;0
2026-07-04 20:45:00;TRUE;2026-07-04;20;20,75;6;"sábado";FALSE;"noite";FALSE;1;0
2026-07-04 21:00:00;TRUE;2026-07-04;21;21;6;"sábado";FALSE;"noite";FALSE;1;0
2026-07-04 21:15:00;TRUE;2026-07-04;21;21,25;6;"sábado";FALSE;"noite";FALSE;1;0
2026-07-04 21:30:00;TRUE;2026-07-04;21;21,5;6;"sábado";FALSE;"noite";FALSE;1;0
2026-07-04 21:45:00;TRUE;2026-07-04;21;21,75;6;"sábado";FALSE;"noite";FALSE;1;0
2026-07-04 22:00:00;TRUE;2026-07-04;22;22;6;"sábado";FALSE;"noite";FALSE;1;0
2026-07-04 22:15:00;TRUE;2026-07-04;22;22,25;6;"sábado";FALSE;"noite";FALSE;1;0
2026-07-04 22:30:00;TRUE;2026-07-04;22;22,5;6;"sábado";FALSE;"noite";FALSE;1;0
2026-07-04 22:45:00;TRUE;2026-07-04;22;22,75;6;"sábado";FALSE;"noite";FALSE;1;0
2026-07-04 23:00:00;TRUE;2026-07-04;23;23;6;"sábado";FALSE;"noite";FALSE;1;0
2026-07-04 23:15:00;TRUE;2026-07-04;23;23,25;6;"sábado";FALSE;"noite";FALSE;1;0
2026-07-04 23:30:00;TRUE;2026-07-04;23;23,5;6;"sábado";FALSE;"noite";FALSE;1;0
2026-07-04 23:45:00;TRUE;2026-07-04;23;23,75;6;"sábado";FALSE;"noite";FALSE;1;0
2026-07-05;TRUE;2026-07-05;0;0;0;"domingo";FALSE;"madrugada";FALSE;1;0
2026-07-05 00:15:00;TRUE;2026-07-05;0;0,25;0;"domingo";FALSE;"madrugada";FALSE;1;0
2026-07-05 00:30:00;TRUE;2026-07-05;0;0,5;0;"domingo";FALSE;"madrugada";FALSE;1;0
2026-07-05 00:45:00;TRUE;2026-07-05;0;0,75;0;"domingo";FALSE;"madrugada";FALSE;1;0
2026-07-05 01:00:00;TRUE;2026-07-05;1;1;0;"domingo";FALSE;"madrugada";FALSE;1;0
2026-07-05 01:15:00;TRUE;2026-07-05;1;1,25;0;"domingo";FALSE;"madrugada";FALSE;1;0
2026-07-05 01:30:00;TRUE;2026-07-05;1;1,5;0;"domingo";FALSE;"madrugada";FALSE;1;0
2026-07-05 01:45:00;TRUE;2026-07-05;1;1,75;0;"domingo";FALSE;"madrugada";FALSE;1;0
2026-07-05 02:00:00;TRUE;2026-07-05;2;2;0;"domingo";FALSE;"madrugada";FALSE;1;0
2026-07-05 02:15:00;TRUE;2026-07-05;2;2,25;0;"domingo";FALSE;"madrugada";FALSE;1;0
2026-07-05 02:30:00;TRUE;2026-07-05;2;2,5;0;"domingo";FALSE;"madrugada";FALSE;1;0
2026-07-05 02:45:00;TRUE;2026-07-05;2;2,75;0;"domingo";FALSE;"madrugada";FALSE;1;0
2026-07-05 03:00:00;TRUE;2026-07-05;3;3;0;"domingo";FALSE;"madrugada";FALSE;1;0
2026-07-05 03:15:00;TRUE;2026-07-05;3;3,25;0;"domingo";FALSE;"madrugada";FALSE;1;0
2026-07-05 03:30:00;TRUE;2026-07-05;3;3,5;0;"domingo";FALSE;"madrugada";FALSE;1;0
2026-07-05 03:45:00;TRUE;2026-07-05;3;3,75;0;"domingo";FALSE;"madrugada";FALSE;1;0
2026-07-05 04:00:00;TRUE;2026-07-05;4;4;0;"domingo";FALSE;"madrugada";FALSE;1;0
2026-07-05 04:15:00;TRUE;2026-07-05;4;4,25;0;"domingo";FALSE;"madrugada";FALSE;1;0
2026-07-05 04:30:00;TRUE;2026-07-05;4;4,5;0;"domingo";FALSE;"madrugada";FALSE;1;0
2026-07-05 04:45:00;TRUE;2026-07-05;4;4,75;0;"domingo";FALSE;"madrugada";FALSE;1;0
2026-07-05 05:00:00;TRUE;2026-07-05;5;5;0;"domingo";FALSE;"madrugada";FALSE;1;0
2026-07-05 05:15:00;TRUE;2026-07-05;5;5,25;0;"domingo";FALSE;"madrugada";FALSE;1;0
2026-07-05 05:30:00;TRUE;2026-07-05;5;5,5;0;"domingo";FALSE;"madrugada";FALSE;1;0
2026-07-05 05:45:00;TRUE;2026-07-05;5;5,75;0;"domingo";FALSE;"madrugada";FALSE;1;0
2026-07-05 06:00:00;TRUE;2026-07-05;6;6;0;"domingo";FALSE;"manha_uteis";FALSE;1;0
2026-07-05 06:15:00;TRUE;2026-07-05;6;6,25;0;"domingo";FALSE;"manha_uteis";FALSE;1;0
2026-07-05 06:30:00;TRUE;2026-07-05;6;6,5;0;"domingo";FALSE;"manha_uteis";FALSE;1;0
2026-07-05 06:45:00;TRUE;2026-07-05;6;6,75;0;"domingo";FALSE;"manha_uteis";FALSE;1;0
2026-07-05 07:00:00;TRUE;2026-07-05;7;7;0;"domingo";FALSE;"manha_uteis";FALSE;1;0
2026-07-05 07:15:00;TRUE;2026-07-05;7;7,25;0;"domingo";FALSE;"manha_uteis";FALSE;1;0
2026-07-05 07:30:00;TRUE;2026-07-05;7;7,5;0;"domingo";FALSE;"manha_uteis";FALSE;1;0
2026-07-05 07:45:00;TRUE;2026-07-05;7;7,75;0;"domingo";FALSE;"manha_uteis";FALSE;1;0
2026-07-05 08:00:00;TRUE;2026-07-05;8;8;0;"domingo";FALSE;"manha_uteis";FALSE;1;0
2026-07-05 08:15:00;TRUE;2026-07-05;8;8,25;0;"domingo";FALSE;"manha_uteis";FALSE;1;0
2026-07-05 08:30:00;TRUE;2026-07-05;8;8,5;0;"domingo";FALSE;"manha_uteis";FALSE;1;0
2026-07-05 08:45:00;TRUE;2026-07-05;8;8,75;0;"domingo";FALSE;"manha_uteis";FALSE;1;0
2026-07-05 09:00:00;TRUE;2026-07-05;9;9;0;"domingo";FALSE;"manha_uteis";FALSE;1;0
2026-07-05 09:15:00;TRUE;2026-07-05;9;9,25;0;"domingo";FALSE;"manha_uteis";FALSE;1;0
2026-07-05 09:30:00;TRUE;2026-07-05;9;9,5;0;"domingo";FALSE;"manha_uteis";FALSE;1;0
2026-07-05 09:45:00;TRUE;2026-07-05;9;9,75;0;"domingo";FALSE;"manha_uteis";FALSE;1;0
2026-07-05 10:00:00;TRUE;2026-07-05;10;10;0;"domingo";FALSE;"manha_uteis";FALSE;1;0
2026-07-05 10:15:00;TRUE;2026-07-05;10;10,25;0;"domingo";FALSE;"manha_uteis";FALSE;1;0
2026-07-05 10:30:00;TRUE;2026-07-05;10;10,5;0;"domingo";FALSE;"manha_uteis";FALSE;1;0
2026-07-05 10:45:00;TRUE;2026-07-05;10;10,75;0;"domingo";FALSE;"manha_uteis";FALSE;1;0
2026-07-05 11:00:00;TRUE;2026-07-05;11;11;0;"domingo";FALSE;"manha_uteis";FALSE;1;0
2026-07-05 11:15:00;TRUE;2026-07-05;11;11,25;0;"domingo";FALSE;"manha_uteis";FALSE;1;0
2026-07-05 11:30:00;TRUE;2026-07-05;11;11,5;0;"domingo";FALSE;"manha_uteis";FALSE;1;0
2026-07-05 11:45:00;TRUE;2026-07-05;11;11,75;0;"domingo";FALSE;"manha_uteis";FALSE;1;0
2026-07-05 12:00:00;TRUE;2026-07-05;12;12;0;"domingo";FALSE;"comeco_tarde_uteis";FALSE;1;0
2026-07-05 12:15:00;TRUE;2026-07-05;12;12,25;0;"domingo";FALSE;"comeco_tarde_uteis";FALSE;1;0
2026-07-05 12:30:00;TRUE;2026-07-05;12;12,5;0;"domingo";FALSE;"comeco_tarde_uteis";FALSE;1;0
2026-07-05 12:45:00;TRUE;2026-07-05;12;12,75;0;"domingo";FALSE;"comeco_tarde_uteis";FALSE;1;0
2026-07-05 13:00:00;TRUE;2026-07-05;13;13;0;"domingo";FALSE;"comeco_tarde_uteis";FALSE;1;0
2026-07-05 13:15:00;TRUE;2026-07-05;13;13,25;0;"domingo";FALSE;"comeco_tarde_uteis";FALSE;1;0
2026-07-05 13:30:00;TRUE;2026-07-05;13;13,5;0;"domingo";FALSE;"comeco_tarde_uteis";FALSE;1;0
2026-07-05 13:45:00;TRUE;2026-07-05;13;13,75;0;"domingo";FALSE;"comeco_tarde_uteis";FALSE;1;0
2026-07-05 14:00:00;TRUE;2026-07-05;14;14;0;"domingo";FALSE;"meio_tarde_uteis";FALSE;1;0
2026-07-05 14:15:00;TRUE;2026-07-05;14;14,25;0;"domingo";FALSE;"meio_tarde_uteis";FALSE;1;0
2026-07-05 14:30:00;TRUE;2026-07-05;14;14,5;0;"domingo";FALSE;"meio_tarde_uteis";FALSE;1;0
2026-07-05 14:45:00;TRUE;2026-07-05;14;14,75;0;"domingo";FALSE;"meio_tarde_uteis";FALSE;1;0
2026-07-05 15:00:00;TRUE;2026-07-05;15;15;0;"domingo";FALSE;"meio_tarde_uteis";FALSE;1;0
2026-07-05 15:15:00;TRUE;2026-07-05;15;15,25;0;"domingo";FALSE;"meio_tarde_uteis";FALSE;1;0
2026-07-05 15:30:00;TRUE;2026-07-05;15;15,5;0;"domingo";FALSE;"meio_tarde_uteis";FALSE;1;0
2026-07-05 15:45:00;TRUE;2026-07-05;15;15,75;0;"domingo";FALSE;"meio_tarde_uteis";FALSE;1;0
2026-07-05 16:00:00;TRUE;2026-07-05;16;16;0;"domingo";FALSE;"meio_tarde_uteis";FALSE;1;0
2026-07-05 16:15:00;TRUE;2026-07-05;16;16,25;0;"domingo";FALSE;"meio_tarde_uteis";FALSE;1;0
2026-07-05 16:30:00;TRUE;2026-07-05;16;16,5;0;"domingo";FALSE;"meio_tarde_uteis";FALSE;1;0
2026-07-05 16:45:00;TRUE;2026-07-05;16;16,75;0;"domingo";FALSE;"meio_tarde_uteis";FALSE;1;0
2026-07-05 17:00:00;TRUE;2026-07-05;17;17;0;"domingo";FALSE;"fim_tarde";FALSE;1;0
2026-07-05 17:15:00;TRUE;2026-07-05;17;17,25;0;"domingo";FALSE;"fim_tarde";FALSE;1;0
2026-07-05 17:30:00;TRUE;2026-07-05;17;17,5;0;"domingo";FALSE;"fim_tarde";FALSE;1;0
2026-07-05 17:45:00;TRUE;2026-07-05;17;17,75;0;"domingo";FALSE;"fim_tarde";FALSE;1;0
2026-07-05 18:00:00;TRUE;2026-07-05;18;18;0;"domingo";FALSE;"fim_tarde";FALSE;1;0
2026-07-05 18:15:00;TRUE;2026-07-05;18;18,25;0;"domingo";FALSE;"fim_tarde";FALSE;1;0
2026-07-05 18:30:00;TRUE;2026-07-05;18;18,5;0;"domingo";FALSE;"fim_tarde";FALSE;1;0
2026-07-05 18:45:00;TRUE;2026-07-05;18;18,75;0;"domingo";FALSE;"fim_tarde";FALSE;1;0
2026-07-05 19:00:00;TRUE;2026-07-05;19;19;0;"domingo";FALSE;"noite";FALSE;1;0
2026-07-05 19:15:00;TRUE;2026-07-05;19;19,25;0;"domingo";FALSE;"noite";FALSE;1;0
2026-07-05 19:30:00;TRUE;2026-07-05;19;19,5;0;"domingo";FALSE;"noite";FALSE;1;0
2026-07-05 19:45:00;TRUE;2026-07-05;19;19,75;0;"domingo";FALSE;"noite";FALSE;1;0
2026-07-05 20:00:00;TRUE;2026-07-05;20;20;0;"domingo";FALSE;"noite";FALSE;1;0
2026-07-05 20:15:00;TRUE;2026-07-05;20;20,25;0;"domingo";FALSE;"noite";FALSE;1;0
2026-07-05 20:30:00;TRUE;2026-07-05;20;20,5;0;"domingo";FALSE;"noite";FALSE;1;0
2026-07-05 20:45:00;TRUE;2026-07-05;20;20,75;0;"domingo";FALSE;"noite";FALSE;1;0
2026-07-05 21:00:00;TRUE;2026-07-05;21;21;0;"domingo";FALSE;"noite";FALSE;1;0
2026-07-05 21:15:00;TRUE;2026-07-05;21;21,25;0;"domingo";FALSE;"noite";FALSE;1;0
2026-07-05 21:30:00;TRUE;2026-07-05;21;21,5;0;"domingo";FALSE;"noite";FALSE;1;0
2026-07-05 21:45:00;TRUE;2026-07-05;21;21,75;0;"domingo";FALSE;"noite";FALSE;1;0
2026-07-05 22:00:00;TRUE;2026-07-05;22;22;0;"domingo";FALSE;"noite";FALSE;1;0
2026-07-05 22:15:00;TRUE;2026-07-05;22;22,25;0;"domingo";FALSE;"noite";FALSE;1;0
2026-07-05 22:30:00;TRUE;2026-07-05;22;22,5;0;"domingo";FALSE;"noite";FALSE;1;0
2026-07-05 22:45:00;TRUE;2026-07-05;22;22,75;0;"domingo";FALSE;"noite";FALSE;1;0
2026-07-05 23:00:00;TRUE;2026-07-05;23;23;0;"domingo";FALSE;"noite";FALSE;1;0
2026-07-05 23:15:00;TRUE;2026-07-05;23;23,25;0;"domingo";FALSE;"noite";FALSE;1;0
2026-07-05 23:30:00;TRUE;2026-07-05;23;23,5;0;"domingo";FALSE;"noite";FALSE;1;0
2026-07-05 23:45:00;TRUE;2026-07-05;23;23,75;0;"domingo";FALSE;"noite";FALSE;1;0
2026-07-06;TRUE;2026-07-06;0;0;1;"segunda-feira";TRUE;"madrugada";FALSE;1;0
2026-07-06 00:15:00;TRUE;2026-07-06;0;0,25;1;"segunda-feira";TRUE;"madrugada";FALSE;1;0
2026-07-06 00:30:00;TRUE;2026-07-06;0;0,5;1;"segunda-feira";TRUE;"madrugada";FALSE;1;0
2026-07-06 00:45:00;TRUE;2026-07-06;0;0,75;1;"segunda-feira";TRUE;"madrugada";FALSE;1;0
2026-07-06 01:00:00;TRUE;2026-07-06;1;1;1;"segunda-feira";TRUE;"madrugada";FALSE;1;0
2026-07-06 01:15:00;TRUE;2026-07-06;1;1,25;1;"segunda-feira";TRUE;"madrugada";FALSE;1;0
2026-07-06 01:30:00;TRUE;2026-07-06;1;1,5;1;"segunda-feira";TRUE;"madrugada";FALSE;1;0
2026-07-06 01:45:00;TRUE;2026-07-06;1;1,75;1;"segunda-feira";TRUE;"madrugada";FALSE;1;0
2026-07-06 02:00:00;TRUE;2026-07-06;2;2;1;"segunda-feira";TRUE;"madrugada";FALSE;1;0
2026-07-06 02:15:00;TRUE;2026-07-06;2;2,25;1;"segunda-feira";TRUE;"madrugada";FALSE;1;0
2026-07-06 02:30:00;TRUE;2026-07-06;2;2,5;1;"segunda-feira";TRUE;"madrugada";FALSE;1;0
2026-07-06 02:45:00;TRUE;2026-07-06;2;2,75;1;"segunda-feira";TRUE;"madrugada";FALSE;1;0
2026-07-06 03:00:00;TRUE;2026-07-06;3;3;1;"segunda-feira";TRUE;"madrugada";FALSE;1;0
2026-07-06 03:15:00;TRUE;2026-07-06;3;3,25;1;"segunda-feira";TRUE;"madrugada";FALSE;1;0
2026-07-06 03:30:00;TRUE;2026-07-06;3;3,5;1;"segunda-feira";TRUE;"madrugada";FALSE;1;0
2026-07-06 03:45:00;TRUE;2026-07-06;3;3,75;1;"segunda-feira";TRUE;"madrugada";FALSE;1;0
2026-07-06 04:00:00;TRUE;2026-07-06;4;4;1;"segunda-feira";TRUE;"madrugada";FALSE;1;0
2026-07-06 04:15:00;TRUE;2026-07-06;4;4,25;1;"segunda-feira";TRUE;"madrugada";FALSE;1;0
2026-07-06 04:30:00;TRUE;2026-07-06;4;4,5;1;"segunda-feira";TRUE;"madrugada";FALSE;1;0
2026-07-06 04:45:00;TRUE;2026-07-06;4;4,75;1;"segunda-feira";TRUE;"madrugada";FALSE;1;0
2026-07-06 05:00:00;TRUE;2026-07-06;5;5;1;"segunda-feira";TRUE;"madrugada";FALSE;1;0
2026-07-06 05:15:00;TRUE;2026-07-06;5;5,25;1;"segunda-feira";TRUE;"madrugada";FALSE;1;0
2026-07-06 05:30:00;TRUE;2026-07-06;5;5,5;1;"segunda-feira";TRUE;"madrugada";FALSE;1;0
2026-07-06 05:45:00;TRUE;2026-07-06;5;5,75;1;"segunda-feira";TRUE;"madrugada";FALSE;1;0
2026-07-06 06:00:00;TRUE;2026-07-06;6;6;1;"segunda-feira";TRUE;"manha_uteis";TRUE;1;0
2026-07-06 06:15:00;TRUE;2026-07-06;6;6,25;1;"segunda-feira";TRUE;"manha_uteis";TRUE;1;0
2026-07-06 06:30:00;TRUE;2026-07-06;6;6,5;1;"segunda-feira";TRUE;"manha_uteis";TRUE;1;0
2026-07-06 06:45:00;TRUE;2026-07-06;6;6,75;1;"segunda-feira";TRUE;"manha_uteis";TRUE;1;0
2026-07-06 07:00:00;TRUE;2026-07-06;7;7;1;"segunda-feira";TRUE;"manha_uteis";TRUE;1;0
2026-07-06 07:15:00;TRUE;2026-07-06;7;7,25;1;"segunda-feira";TRUE;"manha_uteis";TRUE;1;0
2026-07-06 07:30:00;TRUE;2026-07-06;7;7,5;1;"segunda-feira";TRUE;"manha_uteis";TRUE;1;0
2026-07-06 07:45:00;TRUE;2026-07-06;7;7,75;1;"segunda-feira";TRUE;"manha_uteis";TRUE;1;0
2026-07-06 08:00:00;TRUE;2026-07-06;8;8;1;"segunda-feira";TRUE;"manha_uteis";TRUE;1;0
2026-07-06 08:15:00;TRUE;2026-07-06;8;8,25;1;"segunda-feira";TRUE;"manha_uteis";TRUE;1;0
2026-07-06 08:30:00;TRUE;2026-07-06;8;8,5;1;"segunda-feira";TRUE;"manha_uteis";TRUE;1;0
2026-07-06 08:45:00;TRUE;2026-07-06;8;8,75;1;"segunda-feira";TRUE;"manha_uteis";TRUE;1;0
2026-07-06 09:00:00;TRUE;2026-07-06;9;9;1;"segunda-feira";TRUE;"manha_uteis";TRUE;1;0
2026-07-06 09:15:00;TRUE;2026-07-06;9;9,25;1;"segunda-feira";TRUE;"manha_uteis";TRUE;1;0
2026-07-06 09:30:00;TRUE;2026-07-06;9;9,5;1;"segunda-feira";TRUE;"manha_uteis";TRUE;1;0
2026-07-06 09:45:00;FALSE;2026-07-06;9;9,75;1;"segunda-feira";TRUE;"manha_uteis";TRUE;0;0
2026-07-06 10:00:00;FALSE;2026-07-06;10;10;1;"segunda-feira";TRUE;"manha_uteis";TRUE;0;0
2026-07-06 10:15:00;FALSE;2026-07-06;10;10,25;1;"segunda-feira";TRUE;"manha_uteis";TRUE;0;0
2026-07-06 10:30:00;FALSE;2026-07-06;10;10,5;1;"segunda-feira";TRUE;"manha_uteis";TRUE;0;0
2026-07-06 10:45:00;FALSE;2026-07-06;10;10,75;1;"segunda-feira";TRUE;"manha_uteis";TRUE;0;0
2026-07-06 11:00:00;FALSE;2026-07-06;11;11;1;"segunda-feira";TRUE;"manha_uteis";TRUE;0;0
2026-07-06 11:15:00;FALSE;2026-07-06;11;11,25;1;"segunda-feira";TRUE;"manha_uteis";TRUE;0;0
2026-07-06 11:30:00;FALSE;2026-07-06;11;11,5;1;"segunda-feira";TRUE;"manha_uteis";TRUE;0;0
2026-07-06 11:45:00;FALSE;2026-07-06;11;11,75;1;"segunda-feira";TRUE;"manha_uteis";TRUE;0;0
2026-07-06 12:00:00;TRUE;2026-07-06;12;12;1;"segunda-feira";TRUE;"comeco_tarde_uteis";TRUE;1;0
2026-07-06 12:15:00;TRUE;2026-07-06;12;12,25;1;"segunda-feira";TRUE;"comeco_tarde_uteis";TRUE;1;0
2026-07-06 12:30:00;TRUE;2026-07-06;12;12,5;1;"segunda-feira";TRUE;"comeco_tarde_uteis";TRUE;1;0
2026-07-06 12:45:00;TRUE;2026-07-06;12;12,75;1;"segunda-feira";TRUE;"comeco_tarde_uteis";TRUE;1;0
2026-07-06 13:00:00;FALSE;2026-07-06;13;13;1;"segunda-feira";TRUE;"comeco_tarde_uteis";TRUE;0;0
2026-07-06 13:15:00;FALSE;2026-07-06;13;13,25;1;"segunda-feira";TRUE;"comeco_tarde_uteis";TRUE;0;0
2026-07-06 13:30:00;FALSE;2026-07-06;13;13,5;1;"segunda-feira";TRUE;"comeco_tarde_uteis";TRUE;0;0
2026-07-06 13:45:00;FALSE;2026-07-06;13;13,75;1;"segunda-feira";TRUE;"comeco_tarde_uteis";TRUE;0;0
2026-07-06 14:00:00;TRUE;2026-07-06;14;14;1;"segunda-feira";TRUE;"meio_tarde_uteis";TRUE;1;0
2026-07-06 14:15:00;TRUE;2026-07-06;14;14,25;1;"segunda-feira";TRUE;"meio_tarde_uteis";TRUE;1;0
2026-07-06 14:30:00;TRUE;2026-07-06;14;14,5;1;"segunda-feira";TRUE;"meio_tarde_uteis";TRUE;1;0
2026-07-06 14:45:00;TRUE;2026-07-06;14;14,75;1;"segunda-feira";TRUE;"meio_tarde_uteis";TRUE;1;0
2026-07-06 15:00:00;TRUE;2026-07-06;15;15;1;"segunda-feira";TRUE;"meio_tarde_uteis";TRUE;1;0
2026-07-06 15:15:00;TRUE;2026-07-06;15;15,25;1;"segunda-feira";TRUE;"meio_tarde_uteis";TRUE;1;0
2026-07-06 15:30:00;TRUE;2026-07-06;15;15,5;1;"segunda-feira";TRUE;"meio_tarde_uteis";TRUE;1;0
2026-07-06 15:45:00;TRUE;2026-07-06;15;15,75;1;"segunda-feira";TRUE;"meio_tarde_uteis";TRUE;1;0
2026-07-06 16:00:00;TRUE;2026-07-06;16;16;1;"segunda-feira";TRUE;"meio_tarde_uteis";TRUE;1;0
2026-07-06 16:15:00;FALSE;2026-07-06;16;16,25;1;"segunda-feira";TRUE;"meio_tarde_uteis";TRUE;0;0
2026-07-06 16:30:00;FALSE;2026-07-06;16;16,5;1;"segunda-feira";TRUE;"meio_tarde_uteis";TRUE;0;0
2026-07-06 16:45:00;FALSE;2026-07-06;16;16,75;1;"segunda-feira";TRUE;"meio_tarde_uteis";TRUE;0;0
2026-07-06 17:00:00;FALSE;2026-07-06;17;17;1;"segunda-feira";TRUE;"fim_tarde";FALSE;0;0
2026-07-06 17:15:00;TRUE;2026-07-06;17;17,25;1;"segunda-feira";TRUE;"fim_tarde";FALSE;1;0
2026-07-06 17:30:00;TRUE;2026-07-06;17;17,5;1;"segunda-feira";TRUE;"fim_tarde";FALSE;1;0
2026-07-06 17:45:00;TRUE;2026-07-06;17;17,75;1;"segunda-feira";TRUE;"fim_tarde";FALSE;1;0
2026-07-06 18:00:00;TRUE;2026-07-06;18;18;1;"segunda-feira";TRUE;"fim_tarde";FALSE;1;0
2026-07-06 18:15:00;TRUE;2026-07-06;18;18,25;1;"segunda-feira";TRUE;"fim_tarde";FALSE;1;0
2026-07-06 18:30:00;TRUE;2026-07-06;18;18,5;1;"segunda-feira";TRUE;"fim_tarde";FALSE;1;0
2026-07-06 18:45:00;TRUE;2026-07-06;18;18,75;1;"segunda-feira";TRUE;"fim_tarde";FALSE;1;0
2026-07-06 19:00:00;TRUE;2026-07-06;19;19;1;"segunda-feira";TRUE;"noite";FALSE;1;0
2026-07-06 19:15:00;TRUE;2026-07-06;19;19,25;1;"segunda-feira";TRUE;"noite";FALSE;1;0
2026-07-06 19:30:00;TRUE;2026-07-06;19;19,5;1;"segunda-feira";TRUE;"noite";FALSE;1;0
2026-07-06 19:45:00;TRUE;2026-07-06;19;19,75;1;"segunda-feira";TRUE;"noite";FALSE;1;0
2026-07-06 20:00:00;TRUE;2026-07-06;20;20;1;"segunda-feira";TRUE;"noite";FALSE;1;0
2026-07-06 20:15:00;TRUE;2026-07-06;20;20,25;1;"segunda-feira";TRUE;"noite";FALSE;1;0
2026-07-06 20:30:00;TRUE;2026-07-06;20;20,5;1;"segunda-feira";TRUE;"noite";FALSE;1;0
2026-07-06 20:45:00;TRUE;2026-07-06;20;20,75;1;"segunda-feira";TRUE;"noite";FALSE;1;0
2026-07-06 21:00:00;TRUE;2026-07-06;21;21;1;"segunda-feira";TRUE;"noite";FALSE;1;0
2026-07-06 21:15:00;TRUE;2026-07-06;21;21,25;1;"segunda-feira";TRUE;"noite";FALSE;1;0
2026-07-06 21:30:00;FALSE;2026-07-06;21;21,5;1;"segunda-feira";TRUE;"noite";FALSE;0;0
2026-07-06 21:45:00;TRUE;2026-07-06;21;21,75;1;"segunda-feira";TRUE;"noite";FALSE;1;0
2026-07-06 22:00:00;FALSE;2026-07-06;22;22;1;"segunda-feira";TRUE;"noite";FALSE;0;0
2026-07-06 22:15:00;TRUE;2026-07-06;22;22,25;1;"segunda-feira";TRUE;"noite";FALSE;1;0
2026-07-06 22:30:00;TRUE;2026-07-06;22;22,5;1;"segunda-feira";TRUE;"noite";FALSE;1;0
2026-07-06 22:45:00;FALSE;2026-07-06;22;22,75;1;"segunda-feira";TRUE;"noite";FALSE;0;0
2026-07-06 23:00:00;FALSE;2026-07-06;23;23;1;"segunda-feira";TRUE;"noite";FALSE;0;0
2026-07-06 23:15:00;TRUE;2026-07-06;23;23,25;1;"segunda-feira";TRUE;"noite";FALSE;1;0
2026-07-06 23:30:00;TRUE;2026-07-06;23;23,5;1;"segunda-feira";TRUE;"noite";FALSE;1;0
2026-07-06 23:45:00;TRUE;2026-07-06;23;23,75;1;"segunda-feira";TRUE;"noite";FALSE;1;0
2026-07-07;TRUE;2026-07-07;0;0;2;"terça-feira";TRUE;"madrugada";FALSE;1;0
2026-07-07 00:15:00;FALSE;2026-07-07;0;0,25;2;"terça-feira";TRUE;"madrugada";FALSE;0;0
2026-07-07 00:30:00;FALSE;2026-07-07;0;0,5;2;"terça-feira";TRUE;"madrugada";FALSE;0;0
2026-07-07 00:45:00;FALSE;2026-07-07;0;0,75;2;"terça-feira";TRUE;"madrugada";FALSE;0;0
2026-07-07 01:00:00;FALSE;2026-07-07;1;1;2;"terça-feira";TRUE;"madrugada";FALSE;0;0
2026-07-07 01:15:00;FALSE;2026-07-07;1;1,25;2;"terça-feira";TRUE;"madrugada";FALSE;0;0
2026-07-07 01:30:00;FALSE;2026-07-07;1;1,5;2;"terça-feira";TRUE;"madrugada";FALSE;0;0
2026-07-07 01:45:00;FALSE;2026-07-07;1;1,75;2;"terça-feira";TRUE;"madrugada";FALSE;0;0
2026-07-07 02:00:00;TRUE;2026-07-07;2;2;2;"terça-feira";TRUE;"madrugada";FALSE;1;0
2026-07-07 02:15:00;FALSE;2026-07-07;2;2,25;2;"terça-feira";TRUE;"madrugada";FALSE;0;0
2026-07-07 02:30:00;FALSE;2026-07-07;2;2,5;2;"terça-feira";TRUE;"madrugada";FALSE;0;0
2026-07-07 02:45:00;TRUE;2026-07-07;2;2,75;2;"terça-feira";TRUE;"madrugada";FALSE;1;0
2026-07-07 03:00:00;TRUE;2026-07-07;3;3;2;"terça-feira";TRUE;"madrugada";FALSE;1;0
2026-07-07 03:15:00;FALSE;2026-07-07;3;3,25;2;"terça-feira";TRUE;"madrugada";FALSE;0;0
2026-07-07 03:30:00;TRUE;2026-07-07;3;3,5;2;"terça-feira";TRUE;"madrugada";FALSE;1;0
2026-07-07 03:45:00;FALSE;2026-07-07;3;3,75;2;"terça-feira";TRUE;"madrugada";FALSE;0;0
2026-07-07 04:00:00;TRUE;2026-07-07;4;4;2;"terça-feira";TRUE;"madrugada";FALSE;1;0
2026-07-07 04:15:00;TRUE;2026-07-07;4;4,25;2;"terça-feira";TRUE;"madrugada";FALSE;1;0
2026-07-07 04:30:00;TRUE;2026-07-07;4;4,5;2;"terça-feira";TRUE;"madrugada";FALSE;1;0
2026-07-07 04:45:00;TRUE;2026-07-07;4;4,75;2;"terça-feira";TRUE;"madrugada";FALSE;1;0
2026-07-07 05:00:00;TRUE;2026-07-07;5;5;2;"terça-feira";TRUE;"madrugada";FALSE;1;0
2026-07-07 05:15:00;TRUE;2026-07-07;5;5,25;2;"terça-feira";TRUE;"madrugada";FALSE;1;0
2026-07-07 05:30:00;TRUE;2026-07-07;5;5,5;2;"terça-feira";TRUE;"madrugada";FALSE;1;0
2026-07-07 05:45:00;TRUE;2026-07-07;5;5,75;2;"terça-feira";TRUE;"madrugada";FALSE;1;0
2026-07-07 06:00:00;TRUE;2026-07-07;6;6;2;"terça-feira";TRUE;"manha_uteis";TRUE;1;0
2026-07-07 06:15:00;TRUE;2026-07-07;6;6,25;2;"terça-feira";TRUE;"manha_uteis";TRUE;1;0
2026-07-07 06:30:00;TRUE;2026-07-07;6;6,5;2;"terça-feira";TRUE;"manha_uteis";TRUE;1;0
2026-07-07 06:45:00;TRUE;2026-07-07;6;6,75;2;"terça-feira";TRUE;"manha_uteis";TRUE;1;0
2026-07-07 07:00:00;TRUE;2026-07-07;7;7;2;"terça-feira";TRUE;"manha_uteis";TRUE;1;0
2026-07-07 07:15:00;TRUE;2026-07-07;7;7,25;2;"terça-feira";TRUE;"manha_uteis";TRUE;1;0
2026-07-07 07:30:00;TRUE;2026-07-07;7;7,5;2;"terça-feira";TRUE;"manha_uteis";TRUE;1;0
2026-07-07 07:45:00;TRUE;2026-07-07;7;7,75;2;"terça-feira";TRUE;"manha_uteis";TRUE;1;0
2026-07-07 08:00:00;TRUE;2026-07-07;8;8;2;"terça-feira";TRUE;"manha_uteis";TRUE;1;0
2026-07-07 08:15:00;TRUE;2026-07-07;8;8,25;2;"terça-feira";TRUE;"manha_uteis";TRUE;1;0
2026-07-07 08:30:00;TRUE;2026-07-07;8;8,5;2;"terça-feira";TRUE;"manha_uteis";TRUE;1;0
2026-07-07 08:45:00;TRUE;2026-07-07;8;8,75;2;"terça-feira";TRUE;"manha_uteis";TRUE;1;0
2026-07-07 09:00:00;FALSE;2026-07-07;9;9;2;"terça-feira";TRUE;"manha_uteis";TRUE;0;0
2026-07-07 09:15:00;FALSE;2026-07-07;9;9,25;2;"terça-feira";TRUE;"manha_uteis";TRUE;0;0
2026-07-07 09:30:00;TRUE;2026-07-07;9;9,5;2;"terça-feira";TRUE;"manha_uteis";TRUE;1;0
