"horario_alinhado";"data_hora_et";"status";"RU_ET";"umidade_simepar";"diferenca";"abs_diferenca"
2026-06-18 16:00:00;2026-06-18 16:07:10;"1F";63,8;70,5;-6,7;6,7
2026-06-18 16:15:00;2026-06-18 16:22:07;"1F";65,6;70,4;-4,80000000000001;4,80000000000001
2026-06-18 16:30:00;2026-06-18 16:37:12;"1F_SUSPEITO";67,7;72,4;-4,7;4,7
2026-06-18 17:15:00;2026-06-18 17:22:06;"1F";71,6;75,7;-4,10000000000001;4,10000000000001
2026-06-18 17:30:00;2026-06-18 17:37:10;"1F";73,8;76,3;-2,5;2,5
2026-06-18 17:45:00;2026-06-18 17:52:04;"1F";75,8;77,9;-2,10000000000001;2,10000000000001
2026-06-18 18:00:00;2026-06-18 18:07:04;"1F";77,2;79,3;-2,09999999999999;2,09999999999999
2026-06-18 18:15:00;2026-06-18 18:22:03;"1F";79,7;80,7;-1;1
2026-06-18 18:30:00;2026-06-18 18:37:03;"1F";81,4;82,4;-1;1
2026-06-18 18:45:00;2026-06-18 18:52:02;"1F";81,9;83,4;-1,5;1,5
2026-06-18 19:00:00;2026-06-18 19:07:02;"1F";82,9;83,9;-1;1
2026-06-18 19:15:00;2026-06-18 19:22:01;"1F";83,3;84,6;-1,3;1,3
2026-06-18 19:30:00;2026-06-18 19:37:01;"1F";83,4;84,9;-1,5;1,5
2026-06-18 19:45:00;2026-06-18 19:52:01;"1F";84;85,1;-1,09999999999999;1,09999999999999
2026-06-18 20:00:00;2026-06-18 20:06:59;"1F";85,2;85,5;-0,299999999999997;0,299999999999997
2026-06-18 20:15:00;2026-06-18 20:22:01;"1F";85,4;86,1;-0,699999999999989;0,699999999999989
2026-06-18 20:30:00;2026-06-18 20:37:00;"1F";86;86,5;-0,5;0,5
2026-06-18 20:45:00;2026-06-18 20:52:01;"1F";86,1;86,9;-0,800000000000011;0,800000000000011
2026-06-18 21:00:00;2026-06-18 21:07:01;"1F";86,4;87,1;-0,699999999999989;0,699999999999989
2026-06-18 21:15:00;2026-06-18 21:22:00;"1F";87,5;87,4;0,0999999999999943;0,0999999999999943
2026-06-18 21:30:00;2026-06-18 21:36:58;"1F";88,2;88,1;0,100000000000009;0,100000000000009
2026-06-18 21:45:00;2026-06-18 21:51:56;"1F";88,5;88,6;-0,0999999999999943;0,0999999999999943
2026-06-18 22:00:00;2026-06-18 22:06:55;"1F";88,8;88,9;-0,100000000000009;0,100000000000009
2026-06-18 22:15:00;2026-06-18 22:21:57;"1F";89,3;89,2;0,0999999999999943;0,0999999999999943
2026-06-18 22:30:00;2026-06-18 22:36:54;"1F";89,9;89,5;0,400000000000006;0,400000000000006
2026-06-18 22:45:00;2026-06-18 22:51:54;"1F";90,4;89,9;0,5;0,5
2026-06-18 23:00:00;2026-06-18 23:06:53;"1F";91,3;90,3;1;1
2026-06-18 23:15:00;2026-06-18 23:21:52;"1F";91,9;90,9;1;1
2026-06-18 23:30:00;2026-06-18 23:36:56;"1F";91;91,3;-0,299999999999997;0,299999999999997
2026-06-18 23:45:00;2026-06-18 23:51:53;"1F";90,4;91,2;-0,799999999999997;0,799999999999997
2026-06-19;2026-06-19 00:06:50;"1F";90,8;90,9;-0,100000000000009;0,100000000000009
2026-06-19 00:15:00;2026-06-19 00:21:53;"1F";91,6;90,9;0,699999999999989;0,699999999999989
2026-06-19 00:30:00;2026-06-19 00:36:50;"1F";92,1;91,1;1;1
2026-06-19 00:45:00;2026-06-19 00:51:49;"1F";92,7;91,5;1,2;1,2
2026-06-19 01:00:00;2026-06-19 01:06:48;"1F";91,9;91,9;0;0
2026-06-19 01:15:00;2026-06-19 01:21:53;"1F";90,4;91,9;-1,5;1,5
2026-06-19 01:30:00;2026-06-19 01:36:48;"1F";89,9;91,2;-1,3;1,3
2026-06-19 01:45:00;2026-06-19 01:51:52;"1F_SUSPEITO";89,9;90,6;-0,699999999999989;0,699999999999989
2026-06-19 02:00:00;2026-06-19 02:06:51;"1F";89,9;90,4;-0,5;0,5
2026-06-19 02:15:00;2026-06-19 02:21:47;"1F";89,6;90,4;-0,800000000000011;0,800000000000011
2026-06-19 02:30:00;2026-06-19 02:36:45;"1F";89,4;90,2;-0,799999999999997;0,799999999999997
2026-06-19 02:45:00;2026-06-19 02:51:44;"1F";89,1;90;-0,900000000000006;0,900000000000006
2026-06-19 03:00:00;2026-06-19 03:06:44;"1F";88,7;89,8;-1,09999999999999;1,09999999999999
2026-06-19 03:15:00;2026-06-19 03:21:44;"1F";88;89,5;-1,5;1,5
2026-06-19 03:30:00;2026-06-19 03:36:43;"1F";87,3;89,1;-1,8;1,8
2026-06-19 03:45:00;2026-06-19 03:51:42;"1F";86,9;88,6;-1,69999999999999;1,69999999999999
2026-06-19 04:00:00;2026-06-19 04:06:42;"1F";86,7;88,2;-1,5;1,5
2026-06-19 04:15:00;2026-06-19 04:21:42;"1F";86,4;87,9;-1,5;1,5
2026-06-19 04:30:00;2026-06-19 04:36:42;"1F";86,8;87,7;-0,900000000000006;0,900000000000006
2026-06-19 04:45:00;2026-06-19 04:51:40;"1F";87;87,9;-0,900000000000006;0,900000000000006
2026-06-19 05:00:00;2026-06-19 05:06:40;"1F";86,9;88;-1,09999999999999;1,09999999999999
2026-06-19 05:15:00;2026-06-19 05:21:40;"1F";86,9;87,9;-1;1
2026-06-19 05:30:00;2026-06-19 05:36:39;"1F";86,7;88;-1,3;1,3
2026-06-19 05:45:00;2026-06-19 05:51:38;"1F";86,9;87,9;-1;1
2026-06-19 06:00:00;2026-06-19 06:06:38;"1F";87,1;88;-0,900000000000006;0,900000000000006
2026-06-19 06:15:00;2026-06-19 06:21:37;"1F";87,1;88,2;-1,10000000000001;1,10000000000001
2026-06-19 06:30:00;2026-06-19 06:36:37;"1F";87,1;88,2;-1,10000000000001;1,10000000000001
2026-06-19 06:45:00;2026-06-19 06:51:36;"1F";87,3;88,2;-0,900000000000006;0,900000000000006
2026-06-19 07:00:00;2026-06-19 07:06:38;"1F";87,3;88,3;-1;1
2026-06-19 07:15:00;2026-06-19 07:21:35;"1F";88,9;88,5;0,400000000000006;0,400000000000006
2026-06-19 07:30:00;2026-06-19 07:36:34;"1F";89;89,1;-0,0999999999999943;0,0999999999999943
2026-06-19 07:45:00;2026-06-19 07:51:35;"1F";88,7;89,5;-0,799999999999997;0,799999999999997
2026-06-19 08:00:00;2026-06-19 08:06:34;"1F";88,8;89,6;-0,799999999999997;0,799999999999997
2026-06-19 08:15:00;2026-06-19 08:21:34;"1F";88,3;89,8;-1,5;1,5
2026-06-19 08:30:00;2026-06-19 08:36:33;"1F";85,9;89,6;-3,69999999999999;3,69999999999999
2026-06-19 08:45:00;2026-06-19 08:51:32;"1F";83,7;88,8;-5,09999999999999;5,09999999999999
2026-06-19 09:00:00;2026-06-19 09:06:32;"1F";81,8;87,5;-5,7;5,7
2026-06-19 09:15:00;2026-06-19 09:21:31;"1F";80,9;85,9;-5;5
2026-06-19 09:30:00;2026-06-19 09:36:30;"1F";80,3;84,5;-4,2;4,2
2026-06-19 09:45:00;2026-06-19 09:51:33;"1F";78,4;83,9;-5,5;5,5
2026-06-19 10:00:00;2026-06-19 10:06:30;"1F";76,5;82,2;-5,7;5,7
2026-06-19 10:15:00;2026-06-19 10:21:30;"1F";74,3;81,1;-6,8;6,8
2026-06-19 10:30:00;2026-06-19 10:36:31;"1F";69,9;78,2;-8,3;8,3
2026-06-19 10:45:00;2026-06-19 10:51:29;"1F";66,9;74,5;-7,59999999999999;7,59999999999999
2026-06-19 11:15:00;2026-06-19 11:21:54;"1F";58,8;67,2;-8,40000000000001;8,40000000000001
2026-06-19 11:30:00;2026-06-19 11:36:34;"1F";56,9;65,6;-8,7;8,7
2026-06-19 12:00:00;2026-06-19 12:06:26;"1F";55,8;63,8;-8;8
2026-06-19 12:15:00;2026-06-19 12:21:38;"1F";54,7;62,8;-8,09999999999999;8,09999999999999
2026-06-19 12:30:00;2026-06-19 12:36:30;"1F";53,8;61,5;-7,7;7,7
2026-06-19 13:00:00;2026-06-19 13:06:31;"1F";54,2;61,6;-7,4;7,4
2026-06-19 13:15:00;2026-06-19 13:21:22;"1F";55,2;61,9;-6,7;6,7
2026-06-19 13:30:00;2026-06-19 13:36:21;"1F";56,7;62,7;-6;6
2026-06-19 13:45:00;2026-06-19 13:51:21;"1F";57,6;63,7;-6,1;6,1
2026-06-19 14:00:00;2026-06-19 14:06:20;"1F";57,5;64;-6,5;6,5
2026-06-19 14:15:00;2026-06-19 14:21:19;"1F";58,1;63,8;-5,7;5,7
2026-06-19 14:30:00;2026-06-19 14:36:19;"1F";59,2;64,9;-5,7;5,7
2026-06-19 15:00:00;2026-06-19 15:06:18;"1F";59,3;65,7;-6,40000000000001;6,40000000000001
2026-06-19 15:15:00;2026-06-19 15:21:17;"1F";59,3;65,3;-6;6
2026-06-19 15:45:00;2026-06-19 15:51:17;"1F";59,5;65,6;-6,09999999999999;6,09999999999999
2026-06-19 16:00:00;2026-06-19 16:06:16;"1F";60,5;65,7;-5,2;5,2
2026-06-19 16:15:00;2026-06-19 16:21:22;"1F";61,8;66,4;-4,60000000000001;4,60000000000001
2026-06-19 16:30:00;2026-06-19 16:36:15;"1F";63,3;67,7;-4,40000000000001;4,40000000000001
2026-06-19 16:45:00;2026-06-19 16:51:15;"1F";65,1;68,7;-3,60000000000001;3,60000000000001
2026-06-19 17:00:00;2026-06-19 17:06:14;"1F";65,5;69,8;-4,3;4,3
2026-06-19 17:15:00;2026-06-19 17:21:13;"1F";68,7;71,1;-2,39999999999999;2,39999999999999
2026-06-19 17:30:00;2026-06-19 17:36:14;"1F";69,6;72,9;-3,30000000000001;3,30000000000001
2026-06-19 17:45:00;2026-06-19 17:51:11;"1F";72,2;73,9;-1,7;1,7
2026-06-19 18:00:00;2026-06-19 18:06:11;"1F";74,2;75,4;-1,2;1,2
2026-06-19 18:15:00;2026-06-19 18:21:10;"1F";77,7;78,6;-0,899999999999991;0,899999999999991
2026-06-19 18:30:00;2026-06-19 18:36:10;"1F";78,1;80;-1,90000000000001;1,90000000000001
2026-06-19 18:45:00;2026-06-19 18:51:09;"1F";78,3;80,4;-2,10000000000001;2,10000000000001
2026-06-19 19:00:00;2026-06-19 19:06:08;"1F";76,9;80;-3,09999999999999;3,09999999999999
2026-06-19 19:15:00;2026-06-19 19:21:08;"1F";74,5;78,6;-4,09999999999999;4,09999999999999
2026-06-19 19:30:00;2026-06-19 19:36:10;"1F";75,4;77,7;-2,3;2,3
2026-06-19 19:45:00;2026-06-19 19:51:08;"1F";77,1;78,8;-1,7;1,7
2026-06-19 20:15:00;2026-06-19 20:21:05;"1F";79,6;81,2;-1,60000000000001;1,60000000000001
2026-06-19 20:30:00;2026-06-19 20:36:05;"1F";79,8;82;-2,2;2,2
2026-06-19 20:45:00;2026-06-19 20:51:05;"1F";79,1;81,8;-2,7;2,7
2026-06-19 21:00:00;2026-06-19 21:06:06;"1F_SUSPEITO";77,6;81;-3,40000000000001;3,40000000000001
2026-06-19 21:15:00;2026-06-19 21:21:06;"1F_SUSPEITO";76,5;79,9;-3,40000000000001;3,40000000000001
2026-06-19 21:30:00;2026-06-19 21:36:03;"1F";76,7;79,6;-2,89999999999999;2,89999999999999
2026-06-19 21:45:00;2026-06-19 21:51:02;"1F";76,5;79,7;-3,2;3,2
2026-06-19 22:00:00;2026-06-19 22:06:02;"1F";78,6;79,9;-1,30000000000001;1,30000000000001
2026-06-19 22:15:00;2026-06-19 22:21:01;"1F";79,7;81,2;-1,5;1,5
2026-06-19 22:30:00;2026-06-19 22:36:01;"1F";80,8;82,1;-1,3;1,3
2026-06-19 22:45:00;2026-06-19 22:50:59;"1F";81,7;82,5;-0,799999999999997;0,799999999999997
2026-06-19 23:00:00;2026-06-19 23:05:59;"1F";83,6;83,1;0,5;0,5
2026-06-19 23:15:00;2026-06-19 23:20:58;"1F";84,7;84,1;0,600000000000009;0,600000000000009
2026-06-19 23:30:00;2026-06-19 23:35:58;"1F";85,4;85;0,400000000000006;0,400000000000006
2026-06-19 23:45:00;2026-06-19 23:50:58;"1F";82,6;85,6;-3;3
2026-06-20;2026-06-20 00:05:57;"1F";81,7;84,4;-2,7;2,7
2026-06-20 00:15:00;2026-06-20 00:20:57;"1F";81,9;83,6;-1,69999999999999;1,69999999999999
2026-06-20 00:30:00;2026-06-20 00:35:56;"1F";82,2;83,7;-1,5;1,5
2026-06-20 00:45:00;2026-06-20 00:50:57;"1F";83,2;84;-0,799999999999997;0,799999999999997
2026-06-20 01:15:00;2026-06-20 01:20:54;"1F";84,3;84,8;-0,5;0,5
2026-06-20 01:30:00;2026-06-20 01:35:58;"1F";84,6;85,2;-0,600000000000009;0,600000000000009
2026-06-20 01:45:00;2026-06-20 01:50:57;"1F";84,6;85,5;-0,900000000000006;0,900000000000006
2026-06-20 02:00:00;2026-06-20 02:05:52;"1F";84,6;85,6;-1;1
2026-06-20 02:15:00;2026-06-20 02:20:51;"1F";84,4;85,7;-1,3;1,3
2026-06-20 02:30:00;2026-06-20 02:35:51;"1F";84,4;85,6;-1,19999999999999;1,19999999999999
2026-06-20 02:45:00;2026-06-20 02:50:51;"1F";84,3;85,6;-1,3;1,3
2026-06-20 03:00:00;2026-06-20 03:05:50;"1F";84,6;85,5;-0,900000000000006;0,900000000000006
2026-06-20 03:15:00;2026-06-20 03:20:49;"1F";84,5;85,6;-1,09999999999999;1,09999999999999
2026-06-20 03:30:00;2026-06-20 03:35:49;"1F";85,2;85,7;-0,5;0,5
2026-06-20 03:45:00;2026-06-20 03:50:48;"1F";85,6;86,1;-0,5;0,5
2026-06-20 04:00:00;2026-06-20 04:05:48;"1F";86,2;86,4;-0,200000000000003;0,200000000000003
2026-06-20 04:15:00;2026-06-20 04:20:47;"1F";86,7;86,7;0;0
2026-06-20 04:30:00;2026-06-20 04:35:49;"1F";86,5;87;-0,5;0,5
2026-06-20 04:45:00;2026-06-20 04:50:46;"1F";87;87,1;-0,0999999999999943;0,0999999999999943
2026-06-20 05:00:00;2026-06-20 05:05:46;"1F";87,8;87,5;0,299999999999997;0,299999999999997
2026-06-20 05:15:00;2026-06-20 05:20:46;"1F";87,8;87,9;-0,100000000000009;0,100000000000009
2026-06-20 05:30:00;2026-06-20 05:35:45;"1F";87,7;88,1;-0,399999999999991;0,399999999999991
2026-06-20 05:45:00;2026-06-20 05:50:47;"1F";88,1;88,2;-0,100000000000009;0,100000000000009
2026-06-20 06:00:00;2026-06-20 06:05:43;"1F";88,5;88,4;0,0999999999999943;0,0999999999999943
2026-06-20 06:15:00;2026-06-20 06:20:42;"1F";88,1;88,5;-0,400000000000006;0,400000000000006
2026-06-20 06:30:00;2026-06-20 06:35:42;"1F";88,8;88,5;0,299999999999997;0,299999999999997
2026-06-20 06:45:00;2026-06-20 06:50:42;"1F";90,1;88,8;1,3;1,3
2026-06-20 07:00:00;2026-06-20 07:05:42;"1F";90,2;89,1;1,10000000000001;1,10000000000001
2026-06-20 07:15:00;2026-06-20 07:20:41;"1F";90,5;89,4;1,09999999999999;1,09999999999999
2026-06-20 07:30:00;2026-06-20 07:35:40;"1F";89,8;89,7;0,0999999999999943;0,0999999999999943
2026-06-20 07:45:00;2026-06-20 07:50:40;"1F";88,1;89,5;-1,40000000000001;1,40000000000001
2026-06-20 08:00:00;2026-06-20 08:05:40;"1F";88,8;89,2;-0,400000000000006;0,400000000000006
2026-06-20 08:15:00;2026-06-20 08:20:41;"1F";89,4;89,3;0,100000000000009;0,100000000000009
2026-06-20 08:30:00;2026-06-20 08:35:38;"1F";89,5;89,6;-0,0999999999999943;0,0999999999999943
2026-06-20 08:45:00;2026-06-20 08:50:38;"1F";89,6;89,7;-0,100000000000009;0,100000000000009
2026-06-20 09:00:00;2026-06-20 09:05:37;"1F";91;90,1;0,900000000000006;0,900000000000006
2026-06-20 09:15:00;2026-06-20 09:20:37;"1F";92,6;90,7;1,89999999999999;1,89999999999999
2026-06-20 09:30:00;2026-06-20 09:35:36;"1F";93,6;91,4;2,19999999999999;2,19999999999999
2026-06-20 09:45:00;2026-06-20 09:50:36;"1F";94,3;92,1;2,2;2,2
2026-06-20 10:00:00;2026-06-20 10:05:35;"1F";94,7;92,6;2,10000000000001;2,10000000000001
2026-06-20 10:15:00;2026-06-20 10:20:34;"1F";94,9;92,9;2;2
2026-06-20 10:30:00;2026-06-20 10:35:34;"1F";95,2;93,2;2;2
2026-06-20 10:45:00;2026-06-20 10:50:34;"1F";95,8;93,5;2,3;2,3
2026-06-20 11:00:00;2026-06-20 11:05:33;"1F";96,4;93,8;2,60000000000001;2,60000000000001
2026-06-20 11:15:00;2026-06-20 11:20:32;"1F";96,3;94,1;2,2;2,2
2026-06-20 11:30:00;2026-06-20 11:35:32;"1F";96,4;94,2;2,2;2,2
2026-06-20 11:45:00;2026-06-20 11:50:31;"1F";96,6;94,4;2,19999999999999;2,19999999999999
2026-06-20 12:00:00;2026-06-20 12:05:30;"1F";96,1;94,5;1,59999999999999;1,59999999999999
2026-06-20 12:15:00;2026-06-20 12:20:31;"1F";96,1;94,4;1,69999999999999;1,69999999999999
2026-06-20 12:30:00;2026-06-20 12:35:30;"1F";96,3;94,6;1,7;1,7
2026-06-20 12:45:00;2026-06-20 12:50:29;"1F";96,6;94,7;1,89999999999999;1,89999999999999
2026-06-20 13:00:00;2026-06-20 13:05:28;"1F";96,6;95;1,59999999999999;1,59999999999999
2026-06-20 13:15:00;2026-06-20 13:20:30;"1F";95,6;95;0,599999999999994;0,599999999999994
2026-06-20 13:30:00;2026-06-20 13:35:27;"1F";95,8;94,8;1;1
2026-06-20 13:45:00;2026-06-20 13:50:30;"1F";95,4;94,7;0,700000000000003;0,700000000000003
2026-06-20 14:00:00;2026-06-20 14:05:28;"1F";95,5;94,7;0,799999999999997;0,799999999999997
2026-06-20 14:30:00;2026-06-20 14:35:27;"1F";96,9;94,3;2,60000000000001;2,60000000000001
2026-06-20 14:45:00;2026-06-20 14:50:27;"1F";97,1;94,6;2,5;2,5
2026-06-20 15:00:00;2026-06-20 15:05:27;"1F";97,4;94,8;2,60000000000001;2,60000000000001
2026-06-20 15:15:00;2026-06-20 15:20:23;"1F";97,4;94,8;2,60000000000001;2,60000000000001
2026-06-20 15:30:00;2026-06-20 15:35:23;"1F";97,3;94,9;2,39999999999999;2,39999999999999
2026-06-20 15:45:00;2026-06-20 15:50:22;"1F";97,4;95;2,40000000000001;2,40000000000001
2026-06-20 16:00:00;2026-06-20 16:05:22;"1F";97,3;95,1;2,2;2,2
2026-06-20 16:15:00;2026-06-20 16:20:21;"1F";97,2;95,1;2,10000000000001;2,10000000000001
2026-06-20 16:30:00;2026-06-20 16:35:20;"1F";97,2;95,1;2,10000000000001;2,10000000000001
2026-06-20 16:45:00;2026-06-20 16:50:20;"1F";97;95;2;2
2026-06-20 17:00:00;2026-06-20 17:05:22;"1F";96,5;95,1;1,40000000000001;1,40000000000001
2026-06-20 17:15:00;2026-06-20 17:20:19;"1F";95,8;94,9;0,899999999999991;0,899999999999991
2026-06-20 17:30:00;2026-06-20 17:35:18;"1F";95,5;94,8;0,700000000000003;0,700000000000003
2026-06-20 17:45:00;2026-06-20 17:50:17;"1F";95,8;94,7;1,09999999999999;1,09999999999999
2026-06-20 18:00:00;2026-06-20 18:05:17;"1F";96,4;94,5;1,90000000000001;1,90000000000001
2026-06-20 18:15:00;2026-06-20 18:20:16;"1F";96,8;94,3;2,5;2,5
2026-06-20 18:30:00;2026-06-20 18:35:16;"1F";97,3;94,6;2,7;2,7
2026-06-20 18:45:00;2026-06-20 18:50:16;"1F";97,4;94,8;2,60000000000001;2,60000000000001
2026-06-20 19:00:00;2026-06-20 19:05:15;"1F";97,6;94,8;2,8;2,8
2026-06-20 19:15:00;2026-06-20 19:20:14;"1F";97,7;95;2,7;2,7
2026-06-20 19:30:00;2026-06-20 19:35:16;"1F";97,8;95,2;2,59999999999999;2,59999999999999
2026-06-20 19:45:00;2026-06-20 19:50:14;"1F";97,9;95,4;2,5;2,5
2026-06-20 20:00:00;2026-06-20 20:05:13;"1F";98;95,5;2,5;2,5
2026-06-20 20:15:00;2026-06-20 20:20:12;"1F";97,8;95,4;2,39999999999999;2,39999999999999
2026-06-20 20:30:00;2026-06-20 20:35:11;"1F";96,9;95,4;1,5;1,5
2026-06-20 20:45:00;2026-06-20 20:50:11;"1F";97;95,3;1,7;1,7
2026-06-20 21:00:00;2026-06-20 21:05:10;"1F_SUSPEITO";97,1;95,4;1,69999999999999;1,69999999999999
2026-06-20 21:15:00;2026-06-20 21:20:09;"1F";97,1;95,3;1,8;1,8
2026-06-20 21:30:00;2026-06-20 21:35:09;"1F";97,1;95,1;2;2
2026-06-20 21:45:00;2026-06-20 21:50:09;"1F";97,4;95,3;2,10000000000001;2,10000000000001
2026-06-20 22:00:00;2026-06-20 22:05:08;"1F";97,4;95;2,40000000000001;2,40000000000001
2026-06-20 22:15:00;2026-06-20 22:20:07;"1F";97,5;95,5;2;2
2026-06-20 22:30:00;2026-06-20 22:35:07;"1F";97,9;95,7;2,2;2,2
2026-06-20 22:45:00;2026-06-20 22:50:06;"1F";98;95,7;2,3;2,3
2026-06-20 23:00:00;2026-06-20 23:05:06;"1F";98;95,7;2,3;2,3
2026-06-20 23:15:00;2026-06-20 23:20:06;"1F";98;95,6;2,40000000000001;2,40000000000001
2026-06-20 23:30:00;2026-06-20 23:35:04;"1F";98;95,6;2,40000000000001;2,40000000000001
2026-06-20 23:45:00;2026-06-20 23:50:04;"1F";98,1;95,9;2,19999999999999;2,19999999999999
2026-06-21;2026-06-21 00:05:04;"1F";98,1;95,9;2,19999999999999;2,19999999999999
2026-06-21 00:30:00;2026-06-21 00:35:03;"1F";98,2;95,9;2,3;2,3
2026-06-21 00:45:00;2026-06-21 00:50:02;"1F";98,2;96;2,2;2,2
2026-06-21 01:00:00;2026-06-21 01:05:02;"1F";98,3;96,1;2,2;2,2
2026-06-21 01:15:00;2026-06-21 01:20:01;"1F";98,2;96;2,2;2,2
2026-06-21 01:30:00;2026-06-21 01:35:01;"1F";98,2;95,9;2,3;2,3
2026-06-21 01:45:00;2026-06-21 01:50:00;"1F";98,2;96;2,2;2,2
2026-06-21 02:00:00;2026-06-21 02:05:00;"1F";98,2;96;2,2;2,2
2026-06-21 02:15:00;2026-06-21 02:19:59;"1F";98,2;96,1;2,10000000000001;2,10000000000001
2026-06-21 02:30:00;2026-06-21 02:34:58;"1F";98,2;96,1;2,10000000000001;2,10000000000001
2026-06-21 02:45:00;2026-06-21 02:49:59;"1F";98,2;95,9;2,3;2,3
2026-06-21 03:00:00;2026-06-21 03:04:57;"1F";98,2;96,3;1,90000000000001;1,90000000000001
2026-06-21 03:15:00;2026-06-21 03:19:56;"1F";98,2;96,1;2,10000000000001;2,10000000000001
2026-06-21 03:30:00;2026-06-21 03:34:56;"1F";98,1;96;2,09999999999999;2,09999999999999
2026-06-21 03:45:00;2026-06-21 03:49:56;"1F";98,1;96,3;1,8;1,8
2026-06-21 04:00:00;2026-06-21 04:04:56;"1F";98,2;96,5;1,7;1,7
2026-06-21 04:15:00;2026-06-21 04:19:55;"1F";98,4;96,9;1,5;1,5
2026-06-21 04:30:00;2026-06-21 04:34:54;"1F";98,4;97;1,40000000000001;1,40000000000001
2026-06-21 04:45:00;2026-06-21 04:49:54;"1F";98,5;96,8;1,7;1,7
2026-06-21 05:00:00;2026-06-21 05:04:53;"1F";98,5;96,8;1,7;1,7
2026-06-21 05:15:00;2026-06-21 05:19:53;"1F";98,6;96,8;1,8;1,8
2026-06-21 05:30:00;2026-06-21 05:34:54;"1F";98,6;96,8;1,8;1,8
2026-06-21 05:45:00;2026-06-21 05:49:51;"1F";98,6;96,8;1,8;1,8
2026-06-21 06:00:00;2026-06-21 06:04:53;"1F";98,6;96,8;1,8;1,8
2026-06-21 06:15:00;2026-06-21 06:19:53;"1F_SUSPEITO";98,6;96,8;1,8;1,8
2026-06-21 06:30:00;2026-06-21 06:34:50;"1F";98,6;96,8;1,8;1,8
2026-06-21 06:45:00;2026-06-21 06:49:50;"1F";98,5;96,7;1,8;1,8
2026-06-21 07:00:00;2026-06-21 07:04:49;"1F";98,4;96,7;1,7;1,7
2026-06-21 07:15:00;2026-06-21 07:19:48;"1F";98,3;96,7;1,59999999999999;1,59999999999999
2026-06-21 07:30:00;2026-06-21 07:34:48;"1F";98,2;96,7;1,5;1,5
2026-06-21 07:45:00;2026-06-21 07:49:47;"1F";98,1;96,7;1,39999999999999;1,39999999999999
2026-06-21 08:00:00;2026-06-21 08:04:47;"1F";97,9;96,6;1,30000000000001;1,30000000000001
2026-06-21 08:15:00;2026-06-21 08:19:46;"1F";95,6;96,8;-1,2;1,2
2026-06-21 08:30:00;2026-06-21 08:34:46;"1F";90,7;96,9;-6,2;6,2
2026-06-21 08:45:00;2026-06-21 08:49:46;"1F";91,6;96,5;-4,90000000000001;4,90000000000001
2026-06-21 09:00:00;2026-06-21 09:04:45;"1F";87,7;96,1;-8,39999999999999;8,39999999999999
2026-06-21 09:15:00;2026-06-21 09:19:45;"1F";85,6;96;-10,4;10,4
2026-06-21 09:45:00;2026-06-21 09:49:50;"1F";75,7;91,2;-15,5;15,5
2026-06-21 10:00:00;2026-06-21 10:04:43;"1F";79,5;84,6;-5,09999999999999;5,09999999999999
2026-06-21 10:15:00;2026-06-21 10:19:42;"1F";80,9;82,6;-1,69999999999999;1,69999999999999
2026-06-21 10:30:00;2026-06-21 10:34:42;"1F";78,8;81;-2,2;2,2
2026-06-21 10:45:00;2026-06-21 10:49:41;"1F";74,3;79,1;-4,8;4,8
2026-06-21 11:00:00;2026-06-21 11:04:41;"1F";74,8;77,3;-2,5;2,5
2026-06-21 11:15:00;2026-06-21 11:19:40;"1F";70,5;77;-6,5;6,5
2026-06-21 11:30:00;2026-06-21 11:34:40;"1F";67,3;75,2;-7,90000000000001;7,90000000000001
2026-06-21 11:45:00;2026-06-21 11:49:39;"1F";66,2;73,7;-7,5;7,5
2026-06-21 12:00:00;2026-06-21 12:04:38;"1F";65,8;72,6;-6,8;6,8
2026-06-21 12:15:00;2026-06-21 12:19:38;"1F";62,9;71;-8,1;8,1
2026-06-21 12:30:00;2026-06-21 12:34:40;"1F";62,2;70,7;-8,5;8,5
2026-06-21 12:45:00;2026-06-21 12:49:39;"1F";61,2;69,1;-7,89999999999999;7,89999999999999
2026-06-21 13:00:00;2026-06-21 13:04:36;"1F";59,1;68,2;-9,1;9,1
2026-06-21 13:15:00;2026-06-21 13:19:35;"1F";57;65,8;-8,8;8,8
2026-06-21 13:30:00;2026-06-21 13:34:34;"1F";56,1;65,3;-9,2;9,2
2026-06-21 13:45:00;2026-06-21 13:49:34;"1F";55,7;63,8;-8,09999999999999;8,09999999999999
2026-06-21 14:00:00;2026-06-21 14:04:34;"1F";53;62,9;-9,9;9,9
2026-06-21 14:30:00;2026-06-21 14:34:32;"1F";49,9;59,5;-9,6;9,6
2026-06-21 14:45:00;2026-06-21 14:49:32;"1F";51,5;60,5;-9;9
2026-06-21 15:00:00;2026-06-21 15:04:35;"1F";50,5;59,6;-9,1;9,1
2026-06-21 15:15:00;2026-06-21 15:19:30;"1F";48,4;58,8;-10,4;10,4
2026-06-21 15:30:00;2026-06-21 15:34:30;"1F";49;59,3;-10,3;10,3
2026-06-21 15:45:00;2026-06-21 15:49:29;"1F";51,3;59,1;-7,8;7,8
2026-06-21 16:00:00;2026-06-21 16:04:29;"1F";56,2;62,1;-5,9;5,9
2026-06-21 16:15:00;2026-06-21 16:19:28;"1F";56,7;64,3;-7,59999999999999;7,59999999999999
2026-06-21 16:30:00;2026-06-21 16:34:27;"1F";57,3;64,7;-7,40000000000001;7,40000000000001
2026-06-21 16:45:00;2026-06-21 16:49:26;"1F";59;65,5;-6,5;6,5
2026-06-21 17:00:00;2026-06-21 17:04:26;"1F";61,8;67,3;-5,5;5,5
2026-06-21 17:15:00;2026-06-21 17:19:25;"1F";71,6;73;-1,40000000000001;1,40000000000001
2026-06-21 17:30:00;2026-06-21 17:34:24;"1F";74,9;76,4;-1,5;1,5
2026-06-21 17:45:00;2026-06-21 17:49:24;"1F";78,9;79,1;-0,199999999999989;0,199999999999989
2026-06-21 18:00:00;2026-06-21 18:04:25;"1F";81,6;81,7;-0,100000000000009;0,100000000000009
2026-06-21 18:30:00;2026-06-21 18:34:23;"1F";86,2;85,4;0,799999999999997;0,799999999999997
2026-06-21 18:45:00;2026-06-21 18:49:21;"1F";88,3;86,8;1,5;1,5
2026-06-21 19:00:00;2026-06-21 19:04:23;"1F";89,4;88,2;1,2;1,2
2026-06-21 19:15:00;2026-06-21 19:19:21;"1F";90,4;89;1,40000000000001;1,40000000000001
2026-06-21 19:30:00;2026-06-21 19:34:20;"1F";91,6;89,9;1,69999999999999;1,69999999999999
2026-06-21 19:45:00;2026-06-21 19:49:19;"1F";92,5;90,7;1,8;1,8
2026-06-21 20:00:00;2026-06-21 20:04:19;"1F";93,4;91,2;2,2;2,2
2026-06-21 20:15:00;2026-06-21 20:19:21;"1F";94,2;91,8;2,40000000000001;2,40000000000001
2026-06-21 20:30:00;2026-06-21 20:34:24;"1F";94,5;92,3;2,2;2,2
2026-06-21 20:45:00;2026-06-21 20:49:17;"1F";95,3;92,7;2,59999999999999;2,59999999999999
2026-06-21 21:00:00;2026-06-21 21:04:16;"1F";95,2;93;2,2;2,2
2026-06-21 21:15:00;2026-06-21 21:19:18;"1F";95,3;93,2;2,09999999999999;2,09999999999999
2026-06-21 21:30:00;2026-06-21 21:34:15;"1F";94,6;93,4;1,19999999999999;1,19999999999999
2026-06-21 21:45:00;2026-06-21 21:49:15;"1F";94,1;93,6;0,5;0,5
2026-06-21 22:00:00;2026-06-21 22:04:14;"1F";93,2;93,5;-0,299999999999997;0,299999999999997
2026-06-21 22:15:00;2026-06-21 22:19:14;"1F";93,8;93,4;0,399999999999991;0,399999999999991
2026-06-21 22:30:00;2026-06-21 22:34:15;"1F";94,5;93,3;1,2;1,2
2026-06-21 22:45:00;2026-06-21 22:49:13;"1F";95,4;93,3;2,10000000000001;2,10000000000001
2026-06-21 23:00:00;2026-06-21 23:04:12;"1F";96,4;93,4;3;3
2026-06-21 23:15:00;2026-06-21 23:19:11;"1F";96,6;93,6;3;3
2026-06-21 23:30:00;2026-06-21 23:34:11;"1F";96,6;93,7;2,89999999999999;2,89999999999999
2026-06-21 23:45:00;2026-06-21 23:49:10;"1F";96,8;93,9;2,89999999999999;2,89999999999999
2026-06-22;2026-06-22 00:04:12;"1F";97;94;3;3
2026-06-22 00:15:00;2026-06-22 00:19:09;"1F";96,7;94;2,7;2,7
2026-06-22 00:30:00;2026-06-22 00:34:12;"1F";96,7;93,9;2,8;2,8
2026-06-22 00:45:00;2026-06-22 00:49:08;"1F";96,7;94;2,7;2,7
2026-06-22 01:00:00;2026-06-22 01:04:08;"1F";97,5;95;2,5;2,5
2026-06-22 01:15:00;2026-06-22 01:19:07;"1F";97,7;95;2,7;2,7
2026-06-22 01:30:00;2026-06-22 01:34:06;"1F";97,6;94,7;2,89999999999999;2,89999999999999
2026-06-22 01:45:00;2026-06-22 01:49:06;"1F";97,3;94,6;2,7;2,7
2026-06-22 02:00:00;2026-06-22 02:04:08;"1F";97,4;95;2,40000000000001;2,40000000000001
2026-06-22 02:15:00;2026-06-22 02:19:04;"1F";97,3;94,9;2,39999999999999;2,39999999999999
2026-06-22 02:30:00;2026-06-22 02:34:07;"1F";97,3;95;2,3;2,3
2026-06-22 02:45:00;2026-06-22 02:49:04;"1F";97,3;95,1;2,2;2,2
2026-06-22 03:00:00;2026-06-22 03:04:03;"1F";97,1;95;2,09999999999999;2,09999999999999
2026-06-22 03:15:00;2026-06-22 03:19:03;"1F";97,1;95;2,09999999999999;2,09999999999999
2026-06-22 03:30:00;2026-06-22 03:34:03;"1F";97,3;95,3;2;2
2026-06-22 03:45:00;2026-06-22 03:49:02;"1F";97,5;95,4;2,09999999999999;2,09999999999999
2026-06-22 04:00:00;2026-06-22 04:04:01;"1F";97,5;95,3;2,2;2,2
2026-06-22 04:15:00;2026-06-22 04:19:00;"1F";97,5;95,3;2,2;2,2
2026-06-22 04:30:00;2026-06-22 04:34:00;"1F";97,5;95,5;2;2
2026-06-22 04:45:00;2026-06-22 04:48:59;"1F";97,4;95,5;1,90000000000001;1,90000000000001
2026-06-22 05:00:00;2026-06-22 05:03:59;"1F";97,4;95,5;1,90000000000001;1,90000000000001
2026-06-22 05:15:00;2026-06-22 05:18:59;"1F";97,3;95,6;1,7;1,7
2026-06-22 05:30:00;2026-06-22 05:33:58;"1F";97,1;95,5;1,59999999999999;1,59999999999999
2026-06-22 05:45:00;2026-06-22 05:48:57;"1F";96,9;95,5;1,40000000000001;1,40000000000001
2026-06-22 06:00:00;2026-06-22 06:03:57;"1F";96,9;95,6;1,30000000000001;1,30000000000001
2026-06-22 06:15:00;2026-06-22 06:18:57;"1F";97;95,6;1,40000000000001;1,40000000000001
2026-06-22 06:30:00;2026-06-22 06:33:56;"1F";97,4;95,9;1,5;1,5
2026-06-22 06:45:00;2026-06-22 06:48:55;"1F";97,3;95,7;1,59999999999999;1,59999999999999
2026-06-22 07:00:00;2026-06-22 07:03:55;"1F";97,2;95,4;1,8;1,8
2026-06-22 07:15:00;2026-06-22 07:18:54;"1F";97,3;95,9;1,39999999999999;1,39999999999999
2026-06-22 07:30:00;2026-06-22 07:33:53;"1F";97,7;96,5;1,2;1,2
2026-06-22 07:45:00;2026-06-22 07:48:53;"1F";97,8;96,4;1,39999999999999;1,39999999999999
2026-06-22 08:00:00;2026-06-22 08:03:52;"1F";92,2;96,6;-4,39999999999999;4,39999999999999
2026-06-22 08:15:00;2026-06-22 08:18:53;"1F";86;96,3;-10,3;10,3
2026-06-22 08:30:00;2026-06-22 08:33:51;"1F";80;96;-16;16
2026-06-22 08:45:00;2026-06-22 08:48:51;"1F";75,9;93,6;-17,7;17,7
2026-06-22 09:00:00;2026-06-22 09:03:52;"1F";73,9;86,4;-12,5;12,5
2026-06-22 09:15:00;2026-06-22 09:18:53;"1F";66,9;76,9;-10;10
2026-06-22 09:30:00;2026-06-22 09:33:58;"1F_SUSPEITO";67,7;73,6;-5,89999999999999;5,89999999999999
2026-06-22 09:45:00;2026-06-22 09:48:49;"1F";66,1;73;-6,90000000000001;6,90000000000001
2026-06-22 10:15:00;2026-06-22 10:18:56;"1F";64,1;70,2;-6,10000000000001;6,10000000000001
2026-06-22 10:45:00;2026-06-22 10:48:49;"1F_SUSPEITO";62,3;68,8;-6,5;6,5
2026-06-22 11:30:00;2026-06-22 11:34:06;"1F_SUSPEITO";59,8;66,4;-6,60000000000001;6,60000000000001
2026-06-22 11:45:00;2026-06-22 11:48:44;"1F_SUSPEITO";59,7;66,1;-6,39999999999999;6,39999999999999
2026-06-22 12:00:00;2026-06-22 12:03:47;"1F";59,9;66,2;-6,3;6,3
2026-06-22 12:15:00;2026-06-22 12:18:43;"1F";60,3;66,4;-6,10000000000001;6,10000000000001
2026-06-22 12:30:00;2026-06-22 12:33:45;"1F";59,5;66,1;-6,59999999999999;6,59999999999999
2026-06-22 12:45:00;2026-06-22 12:48:43;"1F";58,8;65,6;-6,8;6,8
2026-06-22 13:45:00;2026-06-22 13:48:43;"1F_SUSPEITO";59,4;65,2;-5,8;5,8
2026-06-22 14:00:00;2026-06-22 14:03:40;"1F_SUSPEITO";59,3;65,1;-5,8;5,8
2026-06-22 15:00:00;2026-06-22 15:03:37;"1F_SUSPEITO";63,4;68,3;-4,9;4,9
2026-06-22 16:00:00;2026-06-22 16:03:35;"1F_SUSPEITO";65,9;69,5;-3,59999999999999;3,59999999999999
2026-06-22 17:15:00;2026-06-22 17:18:33;"1F";87,8;84;3,8;3,8
2026-06-22 17:30:00;2026-06-22 17:33:31;"1F";91,1;88,1;3;3
2026-06-22 17:45:00;2026-06-22 17:48:33;"1F";90;89,5;0,5;0,5
2026-06-22 18:00:00;2026-06-22 18:03:30;"1F";89,1;88,6;0,5;0,5
2026-06-22 18:15:00;2026-06-22 18:18:30;"1F";87,8;87,5;0,299999999999997;0,299999999999997
2026-06-22 18:30:00;2026-06-22 18:33:29;"1F";86,3;86,3;0;0
2026-06-22 18:45:00;2026-06-22 18:48:30;"1F";85,6;85,5;0,0999999999999943;0,0999999999999943
2026-06-22 19:00:00;2026-06-22 19:03:29;"1F_SUSPEITO";84,3;84,8;-0,5;0,5
2026-06-22 19:15:00;2026-06-22 19:18:26;"1F";83,8;84,1;-0,299999999999997;0,299999999999997
2026-06-22 19:30:00;2026-06-22 19:33:26;"1F";83,8;84,1;-0,299999999999997;0,299999999999997
2026-06-22 19:45:00;2026-06-22 19:48:28;"1F";85,4;85,1;0,300000000000011;0,300000000000011
2026-06-22 20:00:00;2026-06-22 20:03:28;"1F";88,4;86,5;1,90000000000001;1,90000000000001
2026-06-22 20:15:00;2026-06-22 20:18:30;"1F_SUSPEITO";90,7;88,8;1,90000000000001;1,90000000000001
2026-06-22 20:30:00;2026-06-22 20:33:24;"1F";89,6;88,1;1,5;1,5
2026-06-22 20:45:00;2026-06-22 20:48:26;"1F_SUSPEITO";91,8;89,3;2,5;2,5
2026-06-22 21:00:00;2026-06-22 21:03:22;"1F";89,6;89,8;-0,200000000000003;0,200000000000003
2026-06-22 21:15:00;2026-06-22 21:18:22;"1F";87,5;87,7;-0,200000000000003;0,200000000000003
2026-06-22 21:30:00;2026-06-22 21:33:22;"1F";85,8;85,8;0;0
2026-06-22 21:45:00;2026-06-22 21:48:21;"1F";86,1;85,2;0,899999999999991;0,899999999999991
2026-06-22 22:00:00;2026-06-22 22:03:20;"1F";86,9;86,1;0,800000000000011;0,800000000000011
2026-06-22 22:30:00;2026-06-22 22:33:19;"1F";90,4;88,4;2;2
2026-06-22 22:45:00;2026-06-22 22:48:18;"1F";91,1;89,5;1,59999999999999;1,59999999999999
2026-06-22 23:00:00;2026-06-22 23:03:18;"1F";91,8;90,1;1,7;1,7
2026-06-22 23:15:00;2026-06-22 23:18:17;"1F";92;90,6;1,40000000000001;1,40000000000001
2026-06-22 23:30:00;2026-06-22 23:33:17;"1F";91,1;90,5;0,599999999999994;0,599999999999994
2026-06-22 23:45:00;2026-06-22 23:48:16;"1F";91,7;90,3;1,40000000000001;1,40000000000001
2026-06-23;2026-06-23 00:03:16;"1F";92,3;90,7;1,59999999999999;1,59999999999999
2026-06-23 00:15:00;2026-06-23 00:18:15;"1F";92,4;91,1;1,30000000000001;1,30000000000001
2026-06-23 00:30:00;2026-06-23 00:33:15;"1F";93;91,5;1,5;1,5
2026-06-23 00:45:00;2026-06-23 00:48:14;"1F";92,7;91,7;1;1
2026-06-23 01:00:00;2026-06-23 01:03:13;"1F";84,1;88,6;-4,5;4,5
2026-06-23 01:15:00;2026-06-23 01:18:13;"1F";86,2;85,8;0,400000000000006;0,400000000000006
2026-06-23 01:30:00;2026-06-23 01:33:13;"1F";86,8;86,8;0;0
2026-06-23 01:45:00;2026-06-23 01:48:12;"1F";86,6;86,9;-0,300000000000011;0,300000000000011
2026-06-23 02:00:00;2026-06-23 02:03:12;"1F";86,6;86,8;-0,200000000000003;0,200000000000003
2026-06-23 02:15:00;2026-06-23 02:18:11;"1F";87,6;87,3;0,299999999999997;0,299999999999997
2026-06-23 02:30:00;2026-06-23 02:33:10;"1F_SUSPEITO";87,1;87,7;-0,600000000000009;0,600000000000009
2026-06-23 02:45:00;2026-06-23 02:48:11;"1F";82;85;-3;3
2026-06-23 03:00:00;2026-06-23 03:03:11;"1F";82,9;83,7;-0,799999999999997;0,799999999999997
2026-06-23 03:15:00;2026-06-23 03:18:09;"1F";83,4;84,7;-1,3;1,3
2026-06-23 03:30:00;2026-06-23 03:33:08;"1F";81,5;84,1;-2,59999999999999;2,59999999999999
2026-06-23 03:45:00;2026-06-23 03:48:07;"1F";81,8;83,5;-1,7;1,7
2026-06-23 04:00:00;2026-06-23 04:03:07;"1F";84;84,6;-0,599999999999994;0,599999999999994
2026-06-23 04:15:00;2026-06-23 04:18:06;"1F";86,5;86,3;0,200000000000003;0,200000000000003
2026-06-23 04:30:00;2026-06-23 04:33:06;"1F";85,5;87;-1,5;1,5
2026-06-23 04:45:00;2026-06-23 04:48:25;"1F";83,1;85,7;-2,60000000000001;2,60000000000001
2026-06-23 05:00:00;2026-06-23 05:03:05;"1F";81,9;84,3;-2,39999999999999;2,39999999999999
2026-06-23 05:15:00;2026-06-23 05:18:04;"1F";82,9;84,3;-1,39999999999999;1,39999999999999
2026-06-23 05:30:00;2026-06-23 05:33:04;"1F";82,6;84,5;-1,90000000000001;1,90000000000001
2026-06-23 05:45:00;2026-06-23 05:48:06;"1F";84,1;85;-0,900000000000006;0,900000000000006
2026-06-23 06:00:00;2026-06-23 06:03:02;"1F";84,8;85,9;-1,10000000000001;1,10000000000001
2026-06-23 06:15:00;2026-06-23 06:18:01;"1F";81,6;85,3;-3,7;3,7
2026-06-23 06:30:00;2026-06-23 06:33:01;"1F";82,9;84,2;-1,3;1,3
2026-06-23 06:45:00;2026-06-23 06:48:00;"1F";83,5;85,1;-1,59999999999999;1,59999999999999
2026-06-23 07:00:00;2026-06-23 07:03:02;"1F";84,6;85,7;-1,10000000000001;1,10000000000001
2026-06-23 07:15:00;2026-06-23 07:18:01;"1F";84,4;86;-1,59999999999999;1,59999999999999
2026-06-23 07:30:00;2026-06-23 07:33:10;"1F";83,3;85,7;-2,40000000000001;2,40000000000001
2026-06-23 07:45:00;2026-06-23 07:47:58;"1F";83,1;85,2;-2,10000000000001;2,10000000000001
2026-06-23 08:00:00;2026-06-23 08:02:57;"1F";81;84,7;-3,7;3,7
2026-06-23 08:15:00;2026-06-23 08:17:57;"1F";77,6;82,1;-4,5;4,5
2026-06-23 09:00:00;2026-06-23 09:03:00;"1F_SUSPEITO";74,8;79,4;-4,60000000000001;4,60000000000001
2026-06-23 10:00:00;2026-06-23 10:02:58;"1F_SUSPEITO";70,1;75,7;-5,60000000000001;5,60000000000001
2026-06-23 10:30:00;2026-06-23 10:32:55;"1F";70,1;75,7;-5,60000000000001;5,60000000000001
2026-06-23 10:45:00;2026-06-23 10:47:52;"1F";71,8;76,7;-4,90000000000001;4,90000000000001
2026-06-23 11:00:00;2026-06-23 11:02:51;"1F";73,9;78,1;-4,19999999999999;4,19999999999999
2026-06-23 11:15:00;2026-06-23 11:17:52;"1F";70,6;78,2;-7,60000000000001;7,60000000000001
2026-06-23 11:30:00;2026-06-23 11:32:50;"1F";68,8;75;-6,2;6,2
2026-06-23 11:45:00;2026-06-23 11:47:49;"1F";69,2;75,4;-6,2;6,2
2026-06-23 12:00:00;2026-06-23 12:02:53;"1F";71,7;76;-4,3;4,3
2026-06-23 12:45:00;2026-06-23 12:47:51;"1F";73,1;77,8;-4,7;4,7
2026-06-23 13:00:00;2026-06-23 13:02:46;"1F";74;78,3;-4,3;4,3
2026-06-23 13:15:00;2026-06-23 13:17:46;"1F";74,4;79,1;-4,69999999999999;4,69999999999999
2026-06-23 13:30:00;2026-06-23 13:32:45;"1F";75,6;79,5;-3,90000000000001;3,90000000000001
2026-06-23 13:45:00;2026-06-23 13:47:44;"1F";76,6;80,5;-3,90000000000001;3,90000000000001
2026-06-23 14:00:00;2026-06-23 14:02:45;"1F";76,8;81;-4,2;4,2
2026-06-23 14:15:00;2026-06-23 14:17:43;"1F";76,1;80,7;-4,60000000000001;4,60000000000001
2026-06-23 14:30:00;2026-06-23 14:32:43;"1F";77,2;80,9;-3,7;3,7
2026-06-23 14:45:00;2026-06-23 14:47:42;"1F";77,1;81,2;-4,10000000000001;4,10000000000001
2026-06-23 15:00:00;2026-06-23 15:02:41;"1F";76,3;80,7;-4,40000000000001;4,40000000000001
2026-06-23 15:15:00;2026-06-23 15:17:43;"1F";75,4;79,8;-4,39999999999999;4,39999999999999
2026-06-23 15:30:00;2026-06-23 15:32:40;"1F";75,9;80,1;-4,19999999999999;4,19999999999999
2026-06-23 15:45:00;2026-06-23 15:47:40;"1F";77,3;80,3;-3;3
2026-06-23 16:00:00;2026-06-23 16:02:39;"1F";78,6;81,4;-2,80000000000001;2,80000000000001
2026-06-23 16:15:00;2026-06-23 16:17:39;"1F";77,9;81,9;-4;4
2026-06-23 16:30:00;2026-06-23 16:32:38;"1F";78,4;81,5;-3,09999999999999;3,09999999999999
2026-06-23 16:45:00;2026-06-23 16:47:37;"1F";78,6;82;-3,40000000000001;3,40000000000001
2026-06-23 17:00:00;2026-06-23 17:02:37;"1F";79,1;82,2;-3,10000000000001;3,10000000000001
2026-06-23 17:15:00;2026-06-23 17:17:36;"1F";80,1;82,6;-2,5;2,5
2026-06-23 17:30:00;2026-06-23 17:32:35;"1F";81;83,1;-2,09999999999999;2,09999999999999
2026-06-23 17:45:00;2026-06-23 17:47:35;"1F";82,6;83,7;-1,10000000000001;1,10000000000001
2026-06-23 18:00:00;2026-06-23 18:02:34;"1F";83,5;84,8;-1,3;1,3
2026-06-23 18:15:00;2026-06-23 18:17:34;"1F";82,5;84,8;-2,3;2,3
2026-06-23 18:30:00;2026-06-23 18:32:33;"1F";82,1;84,8;-2,7;2,7
2026-06-23 18:45:00;2026-06-23 18:47:33;"1F";81,4;84,2;-2,8;2,8
2026-06-23 19:00:00;2026-06-23 19:02:32;"1F";80,5;83,6;-3,09999999999999;3,09999999999999
2026-06-23 19:15:00;2026-06-23 19:17:32;"1F";80,1;83;-2,90000000000001;2,90000000000001
2026-06-23 19:30:00;2026-06-23 19:32:31;"1F";78,6;82,4;-3,80000000000001;3,80000000000001
2026-06-23 19:45:00;2026-06-23 19:47:31;"1F";82;83,6;-1,59999999999999;1,59999999999999
2026-06-23 20:00:00;2026-06-23 20:02:30;"1F";82,5;84,3;-1,8;1,8
2026-06-23 20:15:00;2026-06-23 20:17:30;"1F";84,4;85,3;-0,899999999999991;0,899999999999991
2026-06-23 20:30:00;2026-06-23 20:32:29;"1F";85,6;86,3;-0,700000000000003;0,700000000000003
2026-06-23 20:45:00;2026-06-23 20:47:28;"1F";82,7;86,3;-3,59999999999999;3,59999999999999
2026-06-23 21:00:00;2026-06-23 21:02:28;"1F";82,2;85;-2,8;2,8
2026-06-23 21:15:00;2026-06-23 21:17:27;"1F";82,2;84,4;-2,2;2,2
2026-06-23 21:30:00;2026-06-23 21:32:27;"1F";82,9;84,8;-1,89999999999999;1,89999999999999
2026-06-23 21:45:00;2026-06-23 21:47:29;"1F";83;85,1;-2,09999999999999;2,09999999999999
2026-06-23 22:00:00;2026-06-23 22:02:26;"1F";84,3;85,5;-1,2;1,2
2026-06-23 22:15:00;2026-06-23 22:17:25;"1F";83,1;85,8;-2,7;2,7
2026-06-23 22:30:00;2026-06-23 22:32:28;"1F";83,1;85,3;-2,2;2,2
2026-06-23 22:45:00;2026-06-23 22:47:24;"1F";83,2;85,3;-2,09999999999999;2,09999999999999
2026-06-23 23:00:00;2026-06-23 23:02:24;"1F";83,7;85,5;-1,8;1,8
2026-06-23 23:15:00;2026-06-23 23:17:23;"1F";84,9;86,1;-1,19999999999999;1,19999999999999
2026-06-23 23:30:00;2026-06-23 23:32:25;"1F";86;86,7;-0,700000000000003;0,700000000000003
2026-06-23 23:45:00;2026-06-23 23:47:22;"1F";84,4;87;-2,59999999999999;2,59999999999999
2026-06-24;2026-06-24 00:02:22;"1F";84;86,3;-2,3;2,3
2026-06-24 00:15:00;2026-06-24 00:17:23;"1F";84,1;86,1;-2;2
2026-06-24 00:30:00;2026-06-24 00:32:21;"1F";85,3;86,3;-1;1
2026-06-24 00:45:00;2026-06-24 00:47:20;"1F";86,1;87,1;-1;1
2026-06-24 01:00:00;2026-06-24 01:02:19;"1F";86,6;87,5;-0,900000000000006;0,900000000000006
2026-06-24 01:15:00;2026-06-24 01:17:19;"1F";86,3;87,6;-1,3;1,3
2026-06-24 01:30:00;2026-06-24 01:32:18;"1F";87,6;88;-0,400000000000006;0,400000000000006
2026-06-24 01:45:00;2026-06-24 01:47:19;"1F";89,6;88,9;0,699999999999989;0,699999999999989
2026-06-24 02:00:00;2026-06-24 02:02:23;"1F_SUSPEITO";91,7;90,1;1,60000000000001;1,60000000000001
2026-06-24 02:15:00;2026-06-24 02:17:19;"1F";92,5;90,9;1,59999999999999;1,59999999999999
2026-06-24 02:30:00;2026-06-24 02:32:16;"1F";92,9;91,6;1,30000000000001;1,30000000000001
2026-06-24 02:45:00;2026-06-24 02:47:16;"1F";92,8;91,8;1;1
2026-06-24 03:00:00;2026-06-24 03:02:16;"1F";94,1;92,4;1,69999999999999;1,69999999999999
2026-06-24 03:15:00;2026-06-24 03:17:15;"1F";94,8;92,9;1,89999999999999;1,89999999999999
2026-06-24 03:30:00;2026-06-24 03:32:14;"1F";94,6;92,9;1,69999999999999;1,69999999999999
2026-06-24 03:45:00;2026-06-24 03:47:13;"1F";92,8;93;-0,200000000000003;0,200000000000003
2026-06-24 04:00:00;2026-06-24 04:02:13;"1F";90,8;93,1;-2,3;2,3
2026-06-24 04:15:00;2026-06-24 04:17:12;"1F";89,3;92,7;-3,40000000000001;3,40000000000001
2026-06-24 04:30:00;2026-06-24 04:32:12;"1F";88,3;91,9;-3,60000000000001;3,60000000000001
2026-06-24 04:45:00;2026-06-24 04:47:11;"1F";86,2;90,9;-4,7;4,7
2026-06-24 05:00:00;2026-06-24 05:02:11;"1F";85,1;89,1;-4;4
2026-06-24 05:15:00;2026-06-24 05:17:10;"1F";83,5;86,9;-3,40000000000001;3,40000000000001
2026-06-24 05:30:00;2026-06-24 05:32:09;"1F";81,1;84,9;-3,80000000000001;3,80000000000001
2026-06-24 05:45:00;2026-06-24 05:47:09;"1F";79,6;82,7;-3,10000000000001;3,10000000000001
2026-06-24 06:00:00;2026-06-24 06:02:08;"1F";78,9;82,6;-3,69999999999999;3,69999999999999
2026-06-24 06:15:00;2026-06-24 06:17:08;"1F";77,8;81,8;-4;4
2026-06-24 06:30:00;2026-06-24 06:32:07;"1F";78,5;81,9;-3,40000000000001;3,40000000000001
2026-06-24 06:45:00;2026-06-24 06:47:07;"1F";76,6;81,6;-5;5
2026-06-24 07:00:00;2026-06-24 07:02:06;"1F";79;81,8;-2,8;2,8
2026-06-24 07:15:00;2026-06-24 07:17:06;"1F";79,6;83;-3,40000000000001;3,40000000000001
2026-06-24 07:30:00;2026-06-24 07:32:05;"1F";82;83,9;-1,90000000000001;1,90000000000001
2026-06-24 07:45:00;2026-06-24 07:47:05;"1F";83,4;85,3;-1,89999999999999;1,89999999999999
2026-06-24 08:00:00;2026-06-24 08:02:04;"1F";83,6;86,1;-2,5;2,5
2026-06-24 08:15:00;2026-06-24 08:17:03;"1F";82,1;86,1;-4;4
2026-06-24 08:30:00;2026-06-24 08:32:05;"1F";80,6;85,2;-4,60000000000001;4,60000000000001
2026-06-24 08:45:00;2026-06-24 08:47:02;"1F";79,4;84,8;-5,39999999999999;5,39999999999999
2026-06-24 10:30:00;2026-06-24 10:32:04;"1F_SUSPEITO";80,1;84,4;-4,30000000000001;4,30000000000001
2026-06-24 12:00:00;2026-06-24 12:01:56;"1F";77,1;83,2;-6,10000000000001;6,10000000000001
2026-06-24 12:15:00;2026-06-24 12:16:55;"1F";75,1;81,4;-6,30000000000001;6,30000000000001
2026-06-24 12:30:00;2026-06-24 12:31:55;"1F";75,8;81,1;-5,3;5,3
2026-06-24 12:45:00;2026-06-24 12:46:54;"1F";75,9;81,4;-5,5;5,5
2026-06-24 13:30:00;2026-06-24 13:31:58;"1F";79,3;83,2;-3,90000000000001;3,90000000000001
2026-06-24 14:00:00;2026-06-24 14:01:51;"1F";79,8;83,9;-4,10000000000001;4,10000000000001
2026-06-24 14:15:00;2026-06-24 14:16:52;"1F";79;83,1;-4,09999999999999;4,09999999999999
2026-06-24 17:45:00;2026-06-24 17:46:43;"1F";71,1;76,7;-5,60000000000001;5,60000000000001
2026-06-24 18:00:00;2026-06-24 18:01:42;"1F";73,8;77,4;-3,60000000000001;3,60000000000001
2026-06-24 18:15:00;2026-06-24 18:16:41;"1F";75,7;78,8;-3,09999999999999;3,09999999999999
2026-06-24 18:30:00;2026-06-24 18:31:41;"1F";79,7;80,6;-0,899999999999991;0,899999999999991
2026-06-24 18:45:00;2026-06-24 18:46:41;"1F";83,6;82,3;1,3;1,3
2026-06-24 19:00:00;2026-06-24 19:01:40;"1F";86,2;83,7;2,5;2,5
2026-06-24 19:15:00;2026-06-24 19:16:39;"1F";84,4;85,5;-1,09999999999999;1,09999999999999
2026-06-24 19:30:00;2026-06-24 19:31:38;"1F";85,5;85,3;0,200000000000003;0,200000000000003
2026-06-24 19:45:00;2026-06-24 19:46:38;"1F";85,3;86;-0,700000000000003;0,700000000000003
2026-06-24 20:00:00;2026-06-24 20:01:37;"1F";87,7;86,2;1,5;1,5
2026-06-24 20:15:00;2026-06-24 20:16:42;"1F_SUSPEITO";88,4;86,8;1,60000000000001;1,60000000000001
2026-06-24 20:30:00;2026-06-24 20:31:36;"1F";86,4;87,4;-1;1
2026-06-24 20:45:00;2026-06-24 20:46:36;"1F";84,4;86,8;-2,39999999999999;2,39999999999999
2026-06-24 21:00:00;2026-06-24 21:01:35;"1F";85,8;86,6;-0,799999999999997;0,799999999999997
2026-06-24 21:15:00;2026-06-24 21:16:35;"1F";87,3;87;0,299999999999997;0,299999999999997
2026-06-24 21:30:00;2026-06-24 21:31:34;"1F";89;87,8;1,2;1,2
2026-06-24 21:45:00;2026-06-24 21:46:34;"1F";89,5;88,4;1,09999999999999;1,09999999999999
2026-06-24 22:00:00;2026-06-24 22:01:34;"1F";91,5;89,1;2,40000000000001;2,40000000000001
2026-06-24 22:15:00;2026-06-24 22:16:33;"1F";90,7;89,6;1,10000000000001;1,10000000000001
2026-06-24 22:30:00;2026-06-24 22:31:32;"1F";88,4;89,5;-1,09999999999999;1,09999999999999
2026-06-24 22:45:00;2026-06-24 22:46:32;"1F";88,8;89,3;-0,5;0,5
2026-06-24 23:00:00;2026-06-24 23:01:31;"1F";88,5;89,4;-0,900000000000006;0,900000000000006
2026-06-24 23:15:00;2026-06-24 23:16:30;"1F";87,6;89,2;-1,60000000000001;1,60000000000001
2026-06-24 23:30:00;2026-06-24 23:31:31;"1F";88,3;89;-0,700000000000003;0,700000000000003
2026-06-24 23:45:00;2026-06-24 23:46:29;"1F";89;89,2;-0,200000000000003;0,200000000000003
2026-06-25;2026-06-25 00:01:29;"1F";90;89,6;0,400000000000006;0,400000000000006
2026-06-25 00:15:00;2026-06-25 00:16:28;"1F";91,4;90,2;1,2;1,2
2026-06-25 00:30:00;2026-06-25 00:31:28;"1F";92;90,8;1,2;1,2
2026-06-25 00:45:00;2026-06-25 00:46:27;"1F";92,5;91,2;1,3;1,3
2026-06-25 01:00:00;2026-06-25 01:01:26;"1F";93;91,5;1,5;1,5
2026-06-25 01:15:00;2026-06-25 01:16:26;"1F";93,4;91,9;1,5;1,5
2026-06-25 01:30:00;2026-06-25 01:31:25;"1F";92,6;92,1;0,5;0,5
2026-06-25 01:45:00;2026-06-25 01:46:25;"1F";92,7;92,2;0,5;0,5
2026-06-25 02:00:00;2026-06-25 02:01:25;"1F";93,4;92,3;1,10000000000001;1,10000000000001
2026-06-25 02:15:00;2026-06-25 02:16:24;"1F";93,4;92,4;1;1
2026-06-25 02:30:00;2026-06-25 02:31:23;"1F";94,1;92,6;1,5;1,5
2026-06-25 02:45:00;2026-06-25 02:46:23;"1F";94,5;92,8;1,7;1,7
2026-06-25 03:00:00;2026-06-25 03:01:23;"1F";94,8;93,1;1,7;1,7
2026-06-25 03:15:00;2026-06-25 03:16:22;"1F";95,1;93,1;2;2
2026-06-25 03:30:00;2026-06-25 03:31:21;"1F";95,4;93,3;2,10000000000001;2,10000000000001
2026-06-25 03:45:00;2026-06-25 03:46:20;"1F";95,7;93,6;2,10000000000001;2,10000000000001
2026-06-25 04:00:00;2026-06-25 04:01:22;"1F";96;93,7;2,3;2,3
2026-06-25 04:15:00;2026-06-25 04:16:21;"1F";96,2;94,1;2,10000000000001;2,10000000000001
2026-06-25 04:30:00;2026-06-25 04:31:19;"1F";96,4;94,3;2,10000000000001;2,10000000000001
2026-06-25 04:45:00;2026-06-25 04:46:20;"1F";96,5;94,4;2,09999999999999;2,09999999999999
2026-06-25 05:00:00;2026-06-25 05:01:17;"1F";96,6;94,5;2,09999999999999;2,09999999999999
2026-06-25 05:15:00;2026-06-25 05:16:17;"1F";96,6;94,6;2;2
2026-06-25 05:30:00;2026-06-25 05:31:16;"1F";96,6;94,7;1,89999999999999;1,89999999999999
2026-06-25 05:45:00;2026-06-25 05:46:16;"1F";96,7;94,8;1,90000000000001;1,90000000000001
2026-06-25 06:00:00;2026-06-25 06:01:16;"1F";96,7;94,8;1,90000000000001;1,90000000000001
2026-06-25 06:15:00;2026-06-25 06:16:15;"1F";96,7;95,1;1,60000000000001;1,60000000000001
2026-06-25 06:30:00;2026-06-25 06:31:15;"1F";96,7;95;1,7;1,7
2026-06-25 06:45:00;2026-06-25 06:46:14;"1F";96,7;95,1;1,60000000000001;1,60000000000001
2026-06-25 07:00:00;2026-06-25 07:01:13;"1F";96,7;95,1;1,60000000000001;1,60000000000001
2026-06-25 07:15:00;2026-06-25 07:16:13;"1F";96,8;95,5;1,3;1,3
2026-06-25 07:30:00;2026-06-25 07:31:12;"1F";96,9;95,4;1,5;1,5
2026-06-25 07:45:00;2026-06-25 07:46:11;"1F";96,9;95,3;1,60000000000001;1,60000000000001
2026-06-25 08:00:00;2026-06-25 08:01:11;"1F";96,9;95,5;1,40000000000001;1,40000000000001
2026-06-25 08:15:00;2026-06-25 08:16:10;"1F";97,1;95,8;1,3;1,3
2026-06-25 08:30:00;2026-06-25 08:31:10;"1F";97,2;96;1,2;1,2
2026-06-25 08:45:00;2026-06-25 08:46:09;"1F";97,4;96,1;1,30000000000001;1,30000000000001
2026-06-25 09:00:00;2026-06-25 09:01:09;"1F";97,4;96;1,40000000000001;1,40000000000001
2026-06-25 09:15:00;2026-06-25 09:16:08;"1F";97,5;96;1,5;1,5
2026-06-25 09:30:00;2026-06-25 09:31:08;"1F";97,5;95,9;1,59999999999999;1,59999999999999
2026-06-25 09:45:00;2026-06-25 09:46:07;"1F";97,5;96,1;1,40000000000001;1,40000000000001
2026-06-25 10:00:00;2026-06-25 10:01:07;"1F";97,6;96,3;1,3;1,3
2026-06-25 10:15:00;2026-06-25 10:16:06;"1F";96,9;96,3;0,600000000000009;0,600000000000009
2026-06-25 10:30:00;2026-06-25 10:31:05;"1F";89,1;95,9;-6,80000000000001;6,80000000000001
2026-06-25 10:45:00;2026-06-25 10:46:05;"1F";84,3;96;-11,7;11,7
2026-06-25 11:00:00;2026-06-25 11:01:04;"1F_SUSPEITO";79,3;94,9;-15,6;15,6
2026-06-25 11:15:00;2026-06-25 11:16:04;"1F";77;92,3;-15,3;15,3
2026-06-25 11:30:00;2026-06-25 11:31:03;"1F";74;87,6;-13,6;13,6
2026-06-25 11:45:00;2026-06-25 11:46:04;"1F";73;82,9;-9,90000000000001;9,90000000000001
2026-06-25 12:00:00;2026-06-25 12:01:02;"1F";72,8;80,2;-7,40000000000001;7,40000000000001
2026-06-25 12:15:00;2026-06-25 12:16:02;"1F";73,6;79,9;-6,30000000000001;6,30000000000001
2026-06-25 12:30:00;2026-06-25 12:31:01;"1F";73,9;80,2;-6,3;6,3
2026-06-25 12:45:00;2026-06-25 12:46:01;"1F";72,4;79,3;-6,89999999999999;6,89999999999999
2026-06-25 13:00:00;2026-06-25 13:00:59;"1F";73,5;79,2;-5,7;5,7
2026-06-25 13:45:00;2026-06-25 13:45:59;"1F_SUSPEITO";68,8;76,8;-8;8
2026-06-25 14:00:00;2026-06-25 14:01:01;"1F";67;74,7;-7,7;7,7
2026-06-25 14:15:00;2026-06-25 14:15:57;"1F";64,3;72,4;-8,10000000000001;8,10000000000001
2026-06-25 14:30:00;2026-06-25 14:30:59;"1F_SUSPEITO";64,6;72,4;-7,80000000000001;7,80000000000001
2026-06-25 15:00:00;2026-06-25 15:00:58;"1F";62,3;70;-7,7;7,7
2026-06-25 15:45:00;2026-06-25 15:45:54;"1F_SUSPEITO";60,5;69,4;-8,90000000000001;8,90000000000001
2026-06-25 16:00:00;2026-06-25 16:14:27;"1F";62,2;68,7;-6,5;6,5
2026-06-25 16:45:00;2026-06-25 16:59:26;"1F";72,9;71,9;1;1
2026-06-25 17:00:00;2026-06-25 17:14:25;"1F";75,1;76,7;-1,60000000000001;1,60000000000001
2026-06-25 17:15:00;2026-06-25 17:29:24;"1F";77,8;79,1;-1,3;1,3
2026-06-25 17:30:00;2026-06-25 17:44:24;"1F";79,9;80,6;-0,699999999999989;0,699999999999989
2026-06-25 17:45:00;2026-06-25 17:59:23;"1F";81,4;82,1;-0,699999999999989;0,699999999999989
2026-06-25 18:00:00;2026-06-25 18:14:22;"1F";83,1;83,3;-0,200000000000003;0,200000000000003
2026-06-25 18:15:00;2026-06-25 18:29:22;"1F";84,4;84,2;0,200000000000003;0,200000000000003
2026-06-25 18:30:00;2026-06-25 18:44:21;"1F";87,2;85,3;1,90000000000001;1,90000000000001
2026-06-25 18:45:00;2026-06-25 18:59:21;"1F";89,1;87;2,09999999999999;2,09999999999999
2026-06-25 19:00:00;2026-06-25 19:14:20;"1F";88,8;88,3;0,5;0,5
2026-06-25 19:15:00;2026-06-25 19:29:20;"1F";89,5;89;0,5;0,5
2026-06-25 19:30:00;2026-06-25 19:44:20;"1F";90,8;89,3;1,5;1,5
2026-06-25 19:45:00;2026-06-25 19:59:19;"1F";91,7;89,9;1,8;1,8
2026-06-25 20:00:00;2026-06-25 20:14:18;"1F";92;90,6;1,40000000000001;1,40000000000001
2026-06-25 20:15:00;2026-06-25 20:29:17;"1F";91,7;91,1;0,600000000000009;0,600000000000009
2026-06-25 20:30:00;2026-06-25 20:44:19;"1F";91,1;91,5;-0,400000000000006;0,400000000000006
2026-06-25 20:45:00;2026-06-25 20:59:17;"1F";89,1;91,5;-2,40000000000001;2,40000000000001
2026-06-25 21:00:00;2026-06-25 21:14:16;"1F";87,6;90,9;-3,30000000000001;3,30000000000001
2026-06-25 21:15:00;2026-06-25 21:29:15;"1F";86,9;89,7;-2,8;2,8
2026-06-25 21:30:00;2026-06-25 21:44:15;"1F";87;88,8;-1,8;1,8
2026-06-25 21:45:00;2026-06-25 21:59:15;"1F";87,6;88,2;-0,600000000000009;0,600000000000009
2026-06-25 22:00:00;2026-06-25 22:14:14;"1F";87,8;88,4;-0,600000000000009;0,600000000000009
2026-06-25 22:15:00;2026-06-25 22:29:14;"1F";87,7;88,6;-0,899999999999991;0,899999999999991
2026-06-25 22:30:00;2026-06-25 22:44:13;"1F";87,1;88,7;-1,60000000000001;1,60000000000001
2026-06-25 22:45:00;2026-06-25 22:59:12;"1F";85,8;88,4;-2,60000000000001;2,60000000000001
2026-06-25 23:00:00;2026-06-25 23:14:12;"1F";86,4;87,8;-1,39999999999999;1,39999999999999
2026-06-25 23:15:00;2026-06-25 23:29:11;"1F";88,1;87,7;0,399999999999991;0,399999999999991
2026-06-25 23:30:00;2026-06-25 23:44:11;"1F";88,7;88,5;0,200000000000003;0,200000000000003
2026-06-25 23:45:00;2026-06-25 23:59:11;"1F";88,9;89;-0,0999999999999943;0,0999999999999943
2026-06-26;2026-06-26 00:14:10;"1F";89,7;89,4;0,299999999999997;0,299999999999997
2026-06-26 00:15:00;2026-06-26 00:29:10;"1F";91,1;89,7;1,39999999999999;1,39999999999999
2026-06-26 00:30:00;2026-06-26 00:44:08;"1F";91,3;90,1;1,2;1,2
2026-06-26 00:45:00;2026-06-26 00:59:08;"1F";93,3;90,7;2,59999999999999;2,59999999999999
2026-06-26 01:00:00;2026-06-26 01:14:07;"1F";94,8;91,2;3,59999999999999;3,59999999999999
2026-06-26 01:15:00;2026-06-26 01:29:07;"1F";95,6;92;3,59999999999999;3,59999999999999
2026-06-26 01:30:00;2026-06-26 01:44:07;"1F";96;92,6;3,40000000000001;3,40000000000001
2026-06-26 01:45:00;2026-06-26 01:59:06;"1F";96;93,1;2,90000000000001;2,90000000000001
2026-06-26 02:00:00;2026-06-26 02:14:05;"1F";94,7;93,4;1,3;1,3
2026-06-26 02:15:00;2026-06-26 02:29:05;"1F_SUSPEITO";94,6;93,6;1;1
2026-06-26 02:30:00;2026-06-26 02:44:04;"1F";91,9;93,7;-1,8;1,8
2026-06-26 02:45:00;2026-06-26 02:59:04;"1F";92;93,6;-1,59999999999999;1,59999999999999
2026-06-26 03:00:00;2026-06-26 03:14:03;"1F";87,9;93,4;-5,5;5,5
2026-06-26 03:15:00;2026-06-26 03:29:02;"1F";84,9;92,7;-7,8;7,8
2026-06-26 03:30:00;2026-06-26 03:44:01;"1F";86,5;90,4;-3,90000000000001;3,90000000000001
2026-06-26 03:45:00;2026-06-26 03:59:02;"1F";86,3;88,4;-2,10000000000001;2,10000000000001
2026-06-26 04:00:00;2026-06-26 04:14:03;"1F";84,8;88;-3,2;3,2
2026-06-26 04:15:00;2026-06-26 04:29:00;"1F";84,5;87;-2,5;2,5
2026-06-26 04:30:00;2026-06-26 04:44:00;"1F";88,5;86,5;2;2
2026-06-26 04:45:00;2026-06-26 04:58:59;"1F";94,1;87,2;6,89999999999999;6,89999999999999
2026-06-26 05:00:00;2026-06-26 05:13:58;"1F";96,3;90;6,3;6,3
2026-06-26 05:15:00;2026-06-26 05:28:58;"1F";96,9;92,1;4,80000000000001;4,80000000000001
2026-06-26 05:30:00;2026-06-26 05:43:57;"1F";97,1;93,2;3,89999999999999;3,89999999999999
2026-06-26 05:45:00;2026-06-26 05:58:56;"1F";97,3;93,7;3,59999999999999;3,59999999999999
2026-06-26 06:00:00;2026-06-26 06:13:56;"1F";97,4;94,1;3,30000000000001;3,30000000000001
2026-06-26 06:15:00;2026-06-26 06:28:56;"1F";97,5;94,4;3,09999999999999;3,09999999999999
2026-06-26 06:30:00;2026-06-26 06:43:55;"1F";97,5;94,6;2,90000000000001;2,90000000000001
2026-06-26 06:45:00;2026-06-26 06:58:54;"1F";97,5;94,7;2,8;2,8
2026-06-26 07:00:00;2026-06-26 07:13:54;"1F";97,4;94,7;2,7;2,7
2026-06-26 07:15:00;2026-06-26 07:28:53;"1F";97,3;94,7;2,59999999999999;2,59999999999999
2026-06-26 07:30:00;2026-06-26 07:43:52;"1F";96,8;94,8;2;2
2026-06-26 07:45:00;2026-06-26 07:58:52;"1F";93,2;95;-1,8;1,8
2026-06-26 08:00:00;2026-06-26 08:13:52;"1F";92,4;94,9;-2,5;2,5
2026-06-26 08:15:00;2026-06-26 08:28:52;"1F";92,7;94,8;-2,09999999999999;2,09999999999999
2026-06-26 08:30:00;2026-06-26 08:43:54;"1F_SUSPEITO";92,9;94,6;-1,69999999999999;1,69999999999999
2026-06-26 08:45:00;2026-06-26 08:58:53;"1F";94,5;94,4;0,0999999999999943;0,0999999999999943
2026-06-26 09:00:00;2026-06-26 09:13:50;"1F";94,1;94,4;-0,300000000000011;0,300000000000011
2026-06-26 09:15:00;2026-06-26 09:28:49;"1F";91,8;94,6;-2,8;2,8
2026-06-26 09:30:00;2026-06-26 09:43:49;"1F";90,1;94,4;-4,30000000000001;4,30000000000001
2026-06-26 09:45:00;2026-06-26 09:58:48;"1F";88,7;94,3;-5,59999999999999;5,59999999999999
2026-06-26 10:15:00;2026-06-26 10:28:47;"1F";87;92,5;-5,5;5,5
2026-06-26 10:30:00;2026-06-26 10:43:46;"1F";88,2;91,4;-3,2;3,2
2026-06-26 10:45:00;2026-06-26 10:58:46;"1F";88,6;90,1;-1,5;1,5
2026-06-26 11:00:00;2026-06-26 11:13:45;"1F";85,9;90,1;-4,19999999999999;4,19999999999999
2026-06-26 11:15:00;2026-06-26 11:28:45;"1F";81,9;89,3;-7,39999999999999;7,39999999999999
2026-06-26 11:30:00;2026-06-26 11:43:44;"1F";81,3;86,4;-5,10000000000001;5,10000000000001
2026-06-26 11:45:00;2026-06-26 11:58:46;"1F";76,3;84,8;-8,5;8,5
2026-06-26 12:00:00;2026-06-26 12:13:44;"1F";76,3;81,9;-5,60000000000001;5,60000000000001
2026-06-26 12:15:00;2026-06-26 12:28:43;"1F";76;80,6;-4,59999999999999;4,59999999999999
2026-06-26 12:30:00;2026-06-26 12:43:44;"1F";74,6;80,2;-5,60000000000001;5,60000000000001
2026-06-26 12:45:00;2026-06-26 12:58:41;"1F";71,8;79,5;-7,7;7,7
2026-06-26 13:30:00;2026-06-26 13:43:40;"1F";64,9;75,3;-10,4;10,4
2026-06-26 13:45:00;2026-06-26 13:58:42;"1F";67,4;72,1;-4,69999999999999;4,69999999999999
2026-06-26 14:00:00;2026-06-26 14:13:38;"1F_SUSPEITO";66,5;73,2;-6,7;6,7
2026-06-26 14:15:00;2026-06-26 14:28:38;"1F";67,9;72,9;-5;5
2026-06-26 15:00:00;2026-06-26 15:13:36;"1F";66,1;73,6;-7,5;7,5
2026-06-26 15:30:00;2026-06-26 15:43:35;"1F";66,3;74,5;-8,2;8,2
2026-06-26 16:15:00;2026-06-26 16:27:32;"1F";70,9;74,5;-3,59999999999999;3,59999999999999
2026-06-26 16:30:00;2026-06-26 16:42:31;"1F_SUSPEITO";72,2;75,9;-3,7;3,7
2026-06-26 17:00:00;2026-06-26 17:12:30;"1F";76,1;77,6;-1,5;1,5
2026-06-26 17:15:00;2026-06-26 17:27:29;"1F";77,7;78,8;-1,09999999999999;1,09999999999999
2026-06-26 17:30:00;2026-06-26 17:42:29;"1F";79,2;80,2;-1;1
2026-06-26 17:45:00;2026-06-26 17:57:28;"1F";80,4;81,1;-0,699999999999989;0,699999999999989
2026-06-26 18:00:00;2026-06-26 18:12:28;"1F";81,2;81,7;-0,5;0,5
2026-06-26 18:15:00;2026-06-26 18:27:28;"1F";82,5;82,6;-0,0999999999999943;0,0999999999999943
2026-06-26 18:30:00;2026-06-26 18:42:27;"1F";83,3;83,5;-0,200000000000003;0,200000000000003
2026-06-26 18:45:00;2026-06-26 18:57:26;"1F";84,1;84,1;0;0
2026-06-26 19:00:00;2026-06-26 19:12:25;"1F";84,3;84,8;-0,5;0,5
2026-06-26 19:15:00;2026-06-26 19:27:25;"1F";85,7;85,1;0,600000000000009;0,600000000000009
2026-06-26 19:30:00;2026-06-26 19:42:24;"1F";86,3;85,7;0,599999999999994;0,599999999999994
2026-06-26 19:45:00;2026-06-26 19:57:24;"1F";88,8;86,1;2,7;2,7
2026-06-26 20:00:00;2026-06-26 20:12:23;"1F";88,7;86,9;1,8;1,8
2026-06-26 20:15:00;2026-06-26 20:27:22;"1F";90;87,7;2,3;2,3
2026-06-26 20:30:00;2026-06-26 20:42:22;"1F";91,3;88,1;3,2;3,2
2026-06-26 20:45:00;2026-06-26 20:57:21;"1F";92,1;88,8;3,3;3,3
2026-06-26 21:00:00;2026-06-26 21:12:23;"1F";93,2;89,2;4;4
2026-06-26 21:15:00;2026-06-26 21:27:20;"1F";93,6;89,9;3,69999999999999;3,69999999999999
2026-06-26 21:30:00;2026-06-26 21:42:20;"1F";93;90,3;2,7;2,7
2026-06-26 21:45:00;2026-06-26 21:57:19;"1F";92,4;90,8;1,60000000000001;1,60000000000001
2026-06-26 22:00:00;2026-06-26 22:12:18;"1F";93,1;90,9;2,19999999999999;2,19999999999999
2026-06-26 22:15:00;2026-06-26 22:27:22;"1F";94,6;90,9;3,69999999999999;3,69999999999999
2026-06-26 22:30:00;2026-06-26 22:42:20;"1F";93,6;91,6;2;2
2026-06-26 22:45:00;2026-06-26 22:57:17;"1F";94,3;91,7;2,59999999999999;2,59999999999999
2026-06-26 23:00:00;2026-06-26 23:12:16;"1F";93,9;92,1;1,80000000000001;1,80000000000001
2026-06-26 23:15:00;2026-06-26 23:27:15;"1F";94,4;92,3;2,10000000000001;2,10000000000001
2026-06-26 23:30:00;2026-06-26 23:42:15;"1F";94,9;92,4;2,5;2,5
2026-06-26 23:45:00;2026-06-26 23:57:15;"1F";95,6;92,6;3;3
2026-06-27;2026-06-27 00:12:14;"1F";94,9;92,8;2,10000000000001;2,10000000000001
2026-06-27 00:15:00;2026-06-27 00:27:14;"1F";94,9;92,8;2,10000000000001;2,10000000000001
2026-06-27 00:30:00;2026-06-27 00:42:14;"1F";95,7;93;2,7;2,7
2026-06-27 00:45:00;2026-06-27 00:57:13;"1F";96,3;93,2;3,09999999999999;3,09999999999999
2026-06-27 01:00:00;2026-06-27 01:12:12;"1F";96,5;93,3;3,2;3,2
2026-06-27 01:15:00;2026-06-27 01:27:12;"1F";96,8;93,5;3,3;3,3
2026-06-27 01:30:00;2026-06-27 01:42:11;"1F";97,2;93,9;3,3;3,3
2026-06-27 01:45:00;2026-06-27 01:57:11;"1F";97,1;94,2;2,89999999999999;2,89999999999999
2026-06-27 02:00:00;2026-06-27 02:12:10;"1F";97,3;93,7;3,59999999999999;3,59999999999999
2026-06-27 02:15:00;2026-06-27 02:27:10;"1F";97,6;94,4;3,19999999999999;3,19999999999999
2026-06-27 02:30:00;2026-06-27 02:42:09;"1F";97,6;94,1;3,5;3,5
2026-06-27 02:45:00;2026-06-27 02:57:11;"1F";97,2;94,5;2,7;2,7
2026-06-27 03:00:00;2026-06-27 03:12:10;"1F";96,4;94,3;2,10000000000001;2,10000000000001
2026-06-27 03:15:00;2026-06-27 03:27:08;"1F";96,3;94,5;1,8;1,8
2026-06-27 03:30:00;2026-06-27 03:42:07;"1F";96,5;94,3;2,2;2,2
2026-06-27 03:45:00;2026-06-27 03:57:06;"1F";96,9;94,5;2,40000000000001;2,40000000000001
2026-06-27 04:00:00;2026-06-27 04:12:06;"1F";97,2;94,7;2,5;2,5
2026-06-27 04:15:00;2026-06-27 04:27:06;"1F";97,4;94,9;2,5;2,5
2026-06-27 04:30:00;2026-06-27 04:42:05;"1F";97,4;95,2;2,2;2,2
2026-06-27 04:45:00;2026-06-27 04:57:04;"1F";97,4;95;2,40000000000001;2,40000000000001
2026-06-27 05:00:00;2026-06-27 05:12:04;"1F";97,5;95,1;2,40000000000001;2,40000000000001
2026-06-27 05:15:00;2026-06-27 05:27:03;"1F";97,6;94,9;2,69999999999999;2,69999999999999
2026-06-27 05:30:00;2026-06-27 05:42:05;"1F";97,8;95,1;2,7;2,7
2026-06-27 05:45:00;2026-06-27 05:57:02;"1F";97,9;95,1;2,80000000000001;2,80000000000001
2026-06-27 06:00:00;2026-06-27 06:12:02;"1F";98;95,3;2,7;2,7
2026-06-27 06:15:00;2026-06-27 06:27:01;"1F";98;95,3;2,7;2,7
2026-06-27 06:30:00;2026-06-27 06:42:00;"1F";98,2;95,3;2,90000000000001;2,90000000000001
2026-06-27 06:45:00;2026-06-27 06:57:00;"1F";98,3;95,7;2,59999999999999;2,59999999999999
2026-06-27 07:00:00;2026-06-27 07:12:00;"1F";98,4;95,7;2,7;2,7
2026-06-27 07:15:00;2026-06-27 07:26:59;"1F";98,4;95,8;2,60000000000001;2,60000000000001
2026-06-27 07:30:00;2026-06-27 07:41:58;"1F";98,5;95,9;2,59999999999999;2,59999999999999
2026-06-27 07:45:00;2026-06-27 07:56:58;"1F";98,6;95,9;2,69999999999999;2,69999999999999
2026-06-27 08:00:00;2026-06-27 08:12:00;"1F";98,6;96;2,59999999999999;2,59999999999999
2026-06-27 08:15:00;2026-06-27 08:26:57;"1F";98,5;95,8;2,7;2,7
2026-06-27 08:30:00;2026-06-27 08:41:56;"1F";98,5;95,8;2,7;2,7
2026-06-27 08:45:00;2026-06-27 08:56:56;"1F";95,4;96,1;-0,699999999999989;0,699999999999989
2026-06-27 09:00:00;2026-06-27 09:11:56;"1F";91,8;96,1;-4,3;4,3
2026-06-27 09:15:00;2026-06-27 09:26:55;"1F";86,6;95,9;-9,30000000000001;9,30000000000001
2026-06-27 09:30:00;2026-06-27 09:41:54;"1F";83,1;96;-12,9;12,9
2026-06-27 09:45:00;2026-06-27 09:56:53;"1F";82,4;94,9;-12,5;12,5
2026-06-27 10:00:00;2026-06-27 10:11:53;"1F";80,1;92,5;-12,4;12,4
2026-06-27 10:15:00;2026-06-27 10:26:53;"1F";76,6;89,1;-12,5;12,5
2026-06-27 10:30:00;2026-06-27 10:41:52;"1F";75,9;83,9;-8;8
2026-06-27 10:45:00;2026-06-27 10:56:51;"1F";78,7;81,7;-3;3
2026-06-27 11:00:00;2026-06-27 11:11:51;"1F";75,6;83,1;-7,5;7,5
2026-06-27 11:15:00;2026-06-27 11:26:50;"1F";76,7;80,7;-4;4
2026-06-27 11:30:00;2026-06-27 11:41:50;"1F";77,1;81,4;-4,30000000000001;4,30000000000001
2026-06-27 11:45:00;2026-06-27 11:56:49;"1F";76,7;80,9;-4,2;4,2
2026-06-27 12:00:00;2026-06-27 12:11:49;"1F";75,8;80,7;-4,90000000000001;4,90000000000001
2026-06-27 12:15:00;2026-06-27 12:26:48;"1F";75;80,1;-5,09999999999999;5,09999999999999
2026-06-27 12:30:00;2026-06-27 12:41:48;"1F";76,5;79,6;-3,09999999999999;3,09999999999999
2026-06-27 12:45:00;2026-06-27 12:56:47;"1F";77,2;79,5;-2,3;2,3
2026-06-27 13:00:00;2026-06-27 13:11:46;"1F";78,5;80,2;-1,7;1,7
2026-06-27 13:15:00;2026-06-27 13:26:47;"1F";76,1;80,9;-4,80000000000001;4,80000000000001
2026-06-27 13:30:00;2026-06-27 13:41:45;"1F";74,8;78,9;-4,10000000000001;4,10000000000001
2026-06-27 13:45:00;2026-06-27 13:56:45;"1F";73,9;78;-4,09999999999999;4,09999999999999
2026-06-27 14:00:00;2026-06-27 14:11:44;"1F";74,2;77,1;-2,89999999999999;2,89999999999999
2026-06-27 14:15:00;2026-06-27 14:26:43;"1F";74,7;77,3;-2,59999999999999;2,59999999999999
2026-06-27 14:45:00;2026-06-27 14:56:42;"1F";78,5;79,1;-0,599999999999994;0,599999999999994
2026-06-27 15:00:00;2026-06-27 15:11:41;"1F";79,3;80,6;-1,3;1,3
2026-06-27 15:15:00;2026-06-27 15:26:43;"1F";79,4;81,2;-1,8;1,8
2026-06-27 15:30:00;2026-06-27 15:41:40;"1F";79,7;81,5;-1,8;1,8
2026-06-27 15:45:00;2026-06-27 15:56:39;"1F";80,1;81,6;-1,5;1,5
2026-06-27 16:00:00;2026-06-27 16:11:39;"1F";80,1;81,9;-1,80000000000001;1,80000000000001
2026-06-27 16:15:00;2026-06-27 16:26:38;"1F";80,7;82,1;-1,39999999999999;1,39999999999999
2026-06-27 16:30:00;2026-06-27 16:41:38;"1F";81,3;82,7;-1,40000000000001;1,40000000000001
2026-06-27 16:45:00;2026-06-27 16:56:37;"1F";81,8;82,9;-1,10000000000001;1,10000000000001
2026-06-27 17:00:00;2026-06-27 17:11:37;"1F";82,4;83,2;-0,799999999999997;0,799999999999997
2026-06-27 17:15:00;2026-06-27 17:26:36;"1F";82,8;83,5;-0,700000000000003;0,700000000000003
2026-06-27 17:30:00;2026-06-27 17:41:36;"1F";83,7;83,9;-0,200000000000003;0,200000000000003
2026-06-27 17:45:00;2026-06-27 17:56:35;"1F";85,1;84,5;0,599999999999994;0,599999999999994
2026-06-27 18:00:00;2026-06-27 18:11:35;"1F";87,9;85,4;2,5;2,5
2026-06-27 18:15:00;2026-06-27 18:26:34;"1F";90,3;86,7;3,59999999999999;3,59999999999999
2026-06-27 18:30:00;2026-06-27 18:41:33;"1F";91,8;88,3;3,5;3,5
2026-06-27 18:45:00;2026-06-27 18:56:32;"1F";92,2;89,7;2,5;2,5
2026-06-27 19:00:00;2026-06-27 19:11:32;"1F";92,4;90,4;2;2
2026-06-27 19:15:00;2026-06-27 19:26:32;"1F";93,4;90,8;2,60000000000001;2,60000000000001
2026-06-27 19:30:00;2026-06-27 19:41:31;"1F";94;91,3;2,7;2,7
2026-06-27 19:45:00;2026-06-27 19:56:30;"1F";94,9;91,7;3,2;3,2
2026-06-27 20:00:00;2026-06-27 20:11:30;"1F";95,4;92,1;3,30000000000001;3,30000000000001
2026-06-27 20:15:00;2026-06-27 20:26:29;"1F";95,8;92,4;3,39999999999999;3,39999999999999
2026-06-27 20:30:00;2026-06-27 20:41:29;"1F";95,4;92,8;2,60000000000001;2,60000000000001
2026-06-27 20:45:00;2026-06-27 20:56:28;"1F";96;92,9;3,09999999999999;3,09999999999999
2026-06-27 21:00:00;2026-06-27 21:11:27;"1F";97;93;4;4
2026-06-27 21:15:00;2026-06-27 21:26:27;"1F";97,4;93,3;4,10000000000001;4,10000000000001
2026-06-27 21:30:00;2026-06-27 21:41:26;"1F";97,3;93,7;3,59999999999999;3,59999999999999
2026-06-27 21:45:00;2026-06-27 21:56:26;"1F";97,4;93,7;3,7;3,7
2026-06-27 22:00:00;2026-06-27 22:11:28;"1F";97,6;94;3,59999999999999;3,59999999999999
2026-06-27 22:15:00;2026-06-27 22:26:26;"1F";94,6;94,2;0,399999999999991;0,399999999999991
2026-06-27 22:30:00;2026-06-27 22:41:24;"1F";95,1;93,8;1,3;1,3
2026-06-27 22:45:00;2026-06-27 22:56:23;"1F";95,5;93,8;1,7;1,7
2026-06-27 23:00:00;2026-06-27 23:11:25;"1F";95,6;93,7;1,89999999999999;1,89999999999999
2026-06-27 23:45:00;2026-06-27 23:56:22;"1F";91,4;93,8;-2,39999999999999;2,39999999999999
2026-06-28;2026-06-28 00:11:22;"1F_SUSPEITO";89;93,1;-4,09999999999999;4,09999999999999
2026-06-28 00:15:00;2026-06-28 00:26:21;"1F";87,1;91,2;-4,10000000000001;4,10000000000001
2026-06-28 00:30:00;2026-06-28 00:41:20;"1F";88,4;88,5;-0,0999999999999943;0,0999999999999943
2026-06-28 00:45:00;2026-06-28 00:56:22;"1F";90,9;88,6;2,30000000000001;2,30000000000001
2026-06-28 01:00:00;2026-06-28 01:11:19;"1F";91,6;89,8;1,8;1,8
2026-06-28 01:15:00;2026-06-28 01:26:19;"1F";93;90,4;2,59999999999999;2,59999999999999
2026-06-28 01:30:00;2026-06-28 01:41:18;"1F";94,3;90,9;3,39999999999999;3,39999999999999
2026-06-28 01:45:00;2026-06-28 01:56:19;"1F";95,6;91,5;4,09999999999999;4,09999999999999
2026-06-28 02:00:00;2026-06-28 02:11:16;"1F";96,1;92,3;3,8;3,8
2026-06-28 02:15:00;2026-06-28 02:26:16;"1F";96,9;92,7;4,2;4,2
2026-06-28 02:30:00;2026-06-28 02:41:15;"1F";97,2;93,2;4;4
2026-06-28 03:00:00;2026-06-28 03:11:14;"1F";97,6;93,7;3,89999999999999;3,89999999999999
2026-06-28 03:15:00;2026-06-28 03:26:13;"1F";97,9;93,9;4;4
2026-06-28 03:30:00;2026-06-28 03:41:13;"1F";98,1;94,3;3,8;3,8
2026-06-28 03:45:00;2026-06-28 03:56:12;"1F";98,1;94,5;3,59999999999999;3,59999999999999
2026-06-28 04:00:00;2026-06-28 04:11:12;"1F";98,2;94,7;3,5;3,5
2026-06-28 04:15:00;2026-06-28 04:26:11;"1F";98,2;94,9;3,3;3,3
2026-06-28 04:30:00;2026-06-28 04:41:11;"1F";98,2;94,8;3,40000000000001;3,40000000000001
2026-06-28 04:45:00;2026-06-28 04:56:10;"1F";98,3;95;3,3;3,3
2026-06-28 05:00:00;2026-06-28 05:11:10;"1F";98,3;95,2;3,09999999999999;3,09999999999999
2026-06-28 05:15:00;2026-06-28 05:26:09;"1F";98,4;95;3,40000000000001;3,40000000000001
2026-06-28 05:30:00;2026-06-28 05:41:09;"1F";98,5;95,2;3,3;3,3
2026-06-28 05:45:00;2026-06-28 05:56:08;"1F";98,5;95,5;3;3
2026-06-28 06:00:00;2026-06-28 06:11:07;"1F";98,5;95,4;3,09999999999999;3,09999999999999
2026-06-28 06:15:00;2026-06-28 06:26:09;"1F";98,6;95,5;3,09999999999999;3,09999999999999
2026-06-28 06:30:00;2026-06-28 06:41:06;"1F";98,6;95,6;3;3
2026-06-28 06:45:00;2026-06-28 06:56:06;"1F";98,5;95,5;3;3
2026-06-28 07:00:00;2026-06-28 07:11:05;"1F";98,4;95,4;3;3
2026-06-28 07:15:00;2026-06-28 07:26:05;"1F";98,4;95,4;3;3
2026-06-28 07:30:00;2026-06-28 07:41:04;"1F";98,5;95,6;2,90000000000001;2,90000000000001
2026-06-28 07:45:00;2026-06-28 07:56:04;"1F";98,7;95,7;3;3
2026-06-28 08:00:00;2026-06-28 08:11:03;"1F";98,7;96,2;2,5;2,5
2026-06-28 08:15:00;2026-06-28 08:26:02;"1F";97,6;96,1;1,5;1,5
2026-06-28 08:30:00;2026-06-28 08:41:02;"1F";87,4;96,1;-8,69999999999999;8,69999999999999
2026-06-28 08:45:00;2026-06-28 08:56:02;"1F";84,9;96,1;-11,2;11,2
2026-06-28 09:00:00;2026-06-28 09:11:03;"1F_SUSPEITO";84,1;96,1;-12;12
2026-06-28 09:15:00;2026-06-28 09:26:01;"1F";80,7;95,1;-14,4;14,4
2026-06-28 09:30:00;2026-06-28 09:41:00;"1F";80,6;94,3;-13,7;13,7
2026-06-28 09:45:00;2026-06-28 09:55:59;"1F";77,6;91,3;-13,7;13,7
2026-06-28 10:00:00;2026-06-28 10:11:00;"1F";79,9;85,3;-5,39999999999999;5,39999999999999
2026-06-28 10:15:00;2026-06-28 10:25:58;"1F";80;83,9;-3,90000000000001;3,90000000000001
2026-06-28 10:30:00;2026-06-28 10:40:57;"1F";77,4;83,5;-6,09999999999999;6,09999999999999
2026-06-28 10:45:00;2026-06-28 10:55:57;"1F";75,4;81,2;-5,8;5,8
2026-06-28 11:00:00;2026-06-28 11:10:57;"1F";72,6;79,9;-7,30000000000001;7,30000000000001
2026-06-28 11:15:00;2026-06-28 11:25:58;"1F_SUSPEITO";69,1;77,6;-8,5;8,5
2026-06-28 11:45:00;2026-06-28 11:55:57;"1F";64,2;71,3;-7,09999999999999;7,09999999999999
2026-06-28 12:00:00;2026-06-28 12:10:59;"1F_SUSPEITO";64;70;-6;6
2026-06-28 12:45:00;2026-06-28 12:55:57;"1F_SUSPEITO";62;68,3;-6,3;6,3
2026-06-28 13:00:00;2026-06-28 13:10:54;"1F";61,3;67,8;-6,5;6,5
2026-06-28 13:30:00;2026-06-28 13:40:51;"1F";60,7;67,1;-6,39999999999999;6,39999999999999
2026-06-28 14:45:00;2026-06-28 14:55:47;"1F_SUSPEITO";62,5;67,8;-5,3;5,3
2026-06-28 15:45:00;2026-06-28 15:55:47;"1F";64,6;69,9;-5,30000000000001;5,30000000000001
2026-06-28 16:15:00;2026-06-28 16:25:43;"1F";65,9;69,5;-3,59999999999999;3,59999999999999
2026-06-28 16:30:00;2026-06-28 16:40:42;"1F";67,2;70,2;-3;3
2026-06-28 16:45:00;2026-06-28 16:55:42;"1F";67,9;71,3;-3,39999999999999;3,39999999999999
2026-06-28 17:00:00;2026-06-28 17:10:41;"1F";69,2;71,8;-2,59999999999999;2,59999999999999
2026-06-28 17:15:00;2026-06-28 17:25:40;"1F";70;72,6;-2,59999999999999;2,59999999999999
2026-06-28 17:30:00;2026-06-28 17:40:40;"1F";71,1;73,2;-2,10000000000001;2,10000000000001
2026-06-28 17:45:00;2026-06-28 17:55:42;"1F";71,7;74,1;-2,39999999999999;2,39999999999999
2026-06-28 18:00:00;2026-06-28 18:10:42;"1F";72,7;74,7;-2;2
2026-06-28 18:15:00;2026-06-28 18:25:38;"1F";74,1;75,4;-1,30000000000001;1,30000000000001
2026-06-28 18:30:00;2026-06-28 18:40:38;"1F";75,8;76,5;-0,700000000000003;0,700000000000003
2026-06-28 18:45:00;2026-06-28 18:55:38;"1F";75,5;77,5;-2;2
2026-06-28 19:00:00;2026-06-28 19:10:39;"1F_SUSPEITO";75,7;77,4;-1,7;1,7
2026-06-28 19:15:00;2026-06-28 19:25:35;"1F";76,5;77,7;-1,2;1,2
2026-06-28 19:30:00;2026-06-28 19:40:37;"1F";76,9;78,4;-1,5;1,5
2026-06-28 19:45:00;2026-06-28 19:55:35;"1F";78,1;78,6;-0,5;0,5
2026-06-28 20:00:00;2026-06-28 20:10:34;"1F";78,3;79,5;-1,2;1,2
2026-06-28 20:15:00;2026-06-28 20:25:34;"1F";78,6;79,7;-1,10000000000001;1,10000000000001
2026-06-28 21:00:00;2026-06-28 21:10:36;"1F_SUSPEITO";76,1;79,9;-3,80000000000001;3,80000000000001
2026-06-28 21:45:00;2026-06-28 21:55:32;"1F";79,1;80,7;-1,60000000000001;1,60000000000001
2026-06-28 22:00:00;2026-06-28 22:10:29;"1F";80,8;81,4;-0,600000000000009;0,600000000000009
2026-06-28 22:30:00;2026-06-28 22:40:29;"1F_SUSPEITO";83,6;83,6;0;0
2026-06-29 00:45:00;2026-06-29 00:55:24;"1F";89,6;88;1,59999999999999;1,59999999999999
2026-06-29 01:15:00;2026-06-29 01:25:23;"1F";91,9;89,7;2,2;2,2
2026-06-29 01:30:00;2026-06-29 01:40:22;"1F";92,6;90,5;2,09999999999999;2,09999999999999
2026-06-29 01:45:00;2026-06-29 01:55:23;"1F";93,3;91,3;2;2
2026-06-29 02:15:00;2026-06-29 02:25:20;"1F";93,5;92,2;1,3;1,3
2026-06-29 02:30:00;2026-06-29 02:40:21;"1F";94;92,4;1,59999999999999;1,59999999999999
2026-06-29 02:45:00;2026-06-29 02:55:19;"1F";94,4;92,5;1,90000000000001;1,90000000000001
2026-06-29 03:00:00;2026-06-29 03:10:19;"1F";95,1;92,7;2,39999999999999;2,39999999999999
2026-06-29 03:15:00;2026-06-29 03:25:18;"1F";95,3;92,9;2,39999999999999;2,39999999999999
2026-06-29 03:30:00;2026-06-29 03:40:17;"1F";94,7;93,2;1,5;1,5
2026-06-29 03:45:00;2026-06-29 03:55:17;"1F";94,7;93,2;1,5;1,5
2026-06-29 04:00:00;2026-06-29 04:10:16;"1F";94,8;93,3;1,5;1,5
2026-06-29 04:15:00;2026-06-29 04:25:16;"1F";94,9;93,3;1,60000000000001;1,60000000000001
2026-06-29 04:30:00;2026-06-29 04:40:15;"1F";95,4;93,4;2;2
2026-06-29 04:45:00;2026-06-29 04:55:14;"1F";95,9;93,6;2,30000000000001;2,30000000000001
2026-06-29 05:00:00;2026-06-29 05:10:17;"1F_SUSPEITO";96,2;93,8;2,40000000000001;2,40000000000001
2026-06-29 05:15:00;2026-06-29 05:25:13;"1F";96,4;93,9;2,5;2,5
2026-06-29 05:30:00;2026-06-29 05:40:13;"1F";97;94,1;2,90000000000001;2,90000000000001
2026-06-29 05:45:00;2026-06-29 05:55:13;"1F";97,3;94,3;3;3
2026-06-29 06:00:00;2026-06-29 06:10:12;"1F";97,5;94,6;2,90000000000001;2,90000000000001
2026-06-29 06:15:00;2026-06-29 06:25:16;"1F_SUSPEITO";97,6;94,7;2,89999999999999;2,89999999999999
2026-06-29 06:30:00;2026-06-29 06:40:11;"1F";97,8;94,9;2,89999999999999;2,89999999999999
2026-06-29 06:45:00;2026-06-29 06:55:10;"1F";97,8;95;2,8;2,8
2026-06-29 07:00:00;2026-06-29 07:10:10;"1F";97,8;95,1;2,7;2,7
2026-06-29 07:15:00;2026-06-29 07:25:09;"1F";97,8;95,2;2,59999999999999;2,59999999999999
2026-06-29 07:30:00;2026-06-29 07:40:08;"1F";97,5;95,4;2,09999999999999;2,09999999999999
2026-06-29 07:45:00;2026-06-29 07:55:08;"1F_SUSPEITO";96,9;95,4;1,5;1,5
2026-06-29 08:00:00;2026-06-29 08:10:07;"1F";96,6;95,5;1,09999999999999;1,09999999999999
2026-06-29 08:15:00;2026-06-29 08:25:07;"1F";96,1;95,6;0,5;0,5
2026-06-29 08:30:00;2026-06-29 08:40:06;"1F";95,7;95,5;0,200000000000003;0,200000000000003
2026-06-29 08:45:00;2026-06-29 08:55:06;"1F";95,4;95,4;0;0
2026-06-29 09:00:00;2026-06-29 09:10:05;"1F";94,3;95,3;-1;1
2026-06-29 09:15:00;2026-06-29 09:25:05;"1F";92,8;95,5;-2,7;2,7
2026-06-29 09:30:00;2026-06-29 09:40:04;"1F";92,4;95,1;-2,69999999999999;2,69999999999999
2026-06-29 09:45:00;2026-06-29 09:55:04;"1F";91,6;94,8;-3,2;3,2
2026-06-29 10:00:00;2026-06-29 10:10:04;"1F";91,9;94,1;-2,19999999999999;2,19999999999999
2026-06-29 10:15:00;2026-06-29 10:25:03;"1F";91,9;93,5;-1,59999999999999;1,59999999999999
2026-06-29 10:30:00;2026-06-29 10:40:02;"1F";92,8;92,8;0;0
2026-06-29 10:45:00;2026-06-29 10:55:01;"1F";94,3;92,5;1,8;1,8
2026-06-29 11:00:00;2026-06-29 11:10:01;"1F";94,9;92,5;2,40000000000001;2,40000000000001
2026-06-29 11:15:00;2026-06-29 11:25:03;"1F";96,2;92,8;3,40000000000001;3,40000000000001
2026-06-29 11:30:00;2026-06-29 11:39:59;"1F";96,9;93,4;3,5;3,5
2026-06-29 11:45:00;2026-06-29 11:55:02;"1F";96,8;93,8;3;3
2026-06-29 12:00:00;2026-06-29 12:10:04;"1F_SUSPEITO";97,2;94,2;3;3
2026-06-29 12:15:00;2026-06-29 12:24:59;"1F";97,4;94,4;3;3
2026-06-29 12:30:00;2026-06-29 12:39:58;"1F";97,5;94,6;2,90000000000001;2,90000000000001
2026-06-29 12:45:00;2026-06-29 12:54:57;"1F";97,4;94,8;2,60000000000001;2,60000000000001
2026-06-29 13:00:00;2026-06-29 13:09:56;"1F";97,5;95;2,5;2,5
2026-06-29 13:15:00;2026-06-29 13:24:57;"1F";97,4;95,2;2,2;2,2
2026-06-29 13:30:00;2026-06-29 13:39:56;"1F";97,3;95,2;2,09999999999999;2,09999999999999
2026-06-29 13:45:00;2026-06-29 13:55:00;"1F_SUSPEITO";97,4;95,3;2,10000000000001;2,10000000000001
2026-06-29 14:00:00;2026-06-29 14:09:54;"1F";97,5;95,5;2;2
2026-06-29 14:15:00;2026-06-29 14:24:54;"1F";97,7;95,5;2,2;2,2
2026-06-29 14:30:00;2026-06-29 14:39:53;"1F";97,9;95,5;2,40000000000001;2,40000000000001
2026-06-29 14:45:00;2026-06-29 14:54:53;"1F";97,9;95,7;2,2;2,2
2026-06-29 15:00:00;2026-06-29 15:09:53;"1F";97,9;95,7;2,2;2,2
2026-06-29 15:15:00;2026-06-29 15:24:52;"1F";98;95,8;2,2;2,2
2026-06-29 15:30:00;2026-06-29 15:39:51;"1F";98,1;95,8;2,3;2,3
2026-06-29 15:45:00;2026-06-29 15:54:50;"1F";98,2;95,9;2,3;2,3
2026-06-29 16:00:00;2026-06-29 16:09:50;"1F";97,6;96;1,59999999999999;1,59999999999999
2026-06-29 16:15:00;2026-06-29 16:24:49;"1F";97,1;96,1;1;1
2026-06-29 16:30:00;2026-06-29 16:39:51;"1F";97,2;96,1;1,10000000000001;1,10000000000001
2026-06-29 16:45:00;2026-06-29 16:54:48;"1F";97,1;96,1;1;1
2026-06-29 17:00:00;2026-06-29 17:09:47;"1F";97,2;96,1;1,10000000000001;1,10000000000001
2026-06-29 17:15:00;2026-06-29 17:24:47;"1F";97,1;96,1;1;1
2026-06-29 17:30:00;2026-06-29 17:39:47;"1F";96,1;96,1;0;0
2026-06-29 17:45:00;2026-06-29 17:54:46;"1F";96,5;96;0,5;0,5
2026-06-29 18:00:00;2026-06-29 18:09:46;"1F";96,4;96;0,400000000000006;0,400000000000006
2026-06-29 18:15:00;2026-06-29 18:24:45;"1F";96,4;96;0,400000000000006;0,400000000000006
2026-06-29 18:30:00;2026-06-29 18:39:45;"1F";97,2;95,9;1,3;1,3
2026-06-29 18:45:00;2026-06-29 18:54:44;"1F";97,6;95,9;1,69999999999999;1,69999999999999
2026-06-29 19:00:00;2026-06-29 19:09:43;"1F";97,1;95,7;1,39999999999999;1,39999999999999
2026-06-29 19:15:00;2026-06-29 19:24:42;"1F";96,8;95,7;1,09999999999999;1,09999999999999
2026-06-29 19:30:00;2026-06-29 19:39:41;"1F";96,7;95,7;1;1
2026-06-29 19:45:00;2026-06-29 19:54:41;"1F";97,1;95,7;1,39999999999999;1,39999999999999
2026-06-29 20:00:00;2026-06-29 20:09:40;"1F";96,1;95,8;0,299999999999997;0,299999999999997
2026-06-29 20:15:00;2026-06-29 20:24:40;"1F";96;95,8;0,200000000000003;0,200000000000003
2026-06-29 20:30:00;2026-06-29 20:39:39;"1F";96,1;95,9;0,199999999999989;0,199999999999989
2026-06-29 20:45:00;2026-06-29 20:54:39;"1F";96,2;95,7;0,5;0,5
2026-06-29 21:00:00;2026-06-29 21:09:38;"1F";96;95,7;0,299999999999997;0,299999999999997
2026-06-29 21:15:00;2026-06-29 21:24:38;"1F";96,1;95,5;0,599999999999994;0,599999999999994
2026-06-29 21:30:00;2026-06-29 21:39:37;"1F";95,8;95,5;0,299999999999997;0,299999999999997
2026-06-29 21:45:00;2026-06-29 21:54:37;"1F";95,8;95,4;0,399999999999991;0,399999999999991
2026-06-29 22:00:00;2026-06-29 22:09:37;"1F";95,2;95,2;0;0
2026-06-29 22:15:00;2026-06-29 22:24:36;"1F";96,1;95,1;1;1
2026-06-29 22:30:00;2026-06-29 22:39:35;"1F";96,9;95,1;1,80000000000001;1,80000000000001
2026-06-29 22:45:00;2026-06-29 22:54:35;"1F";96,9;95,2;1,7;1,7
2026-06-29 23:00:00;2026-06-29 23:09:34;"1F";97,4;95,1;2,30000000000001;2,30000000000001
2026-06-29 23:15:00;2026-06-29 23:24:34;"1F";97,6;95,3;2,3;2,3
2026-06-29 23:30:00;2026-06-29 23:39:33;"1F";97,8;95,4;2,39999999999999;2,39999999999999
2026-06-29 23:45:00;2026-06-29 23:54:33;"1F";98;95,5;2,5;2,5
2026-06-30;2026-06-30 00:09:32;"1F";98,2;95,7;2,5;2,5
2026-06-30 00:15:00;2026-06-30 00:24:31;"1F";98,3;95,8;2,5;2,5
2026-06-30 00:30:00;2026-06-30 00:39:31;"1F";98,4;95,9;2,5;2,5
2026-06-30 00:45:00;2026-06-30 00:54:30;"1F";98,4;95,9;2,5;2,5
2026-06-30 01:00:00;2026-06-30 01:09:30;"1F";98,3;96,1;2,2;2,2
2026-06-30 01:15:00;2026-06-30 01:24:30;"1F";98;96,1;1,90000000000001;1,90000000000001
2026-06-30 01:30:00;2026-06-30 01:39:30;"1F";97,7;96,1;1,60000000000001;1,60000000000001
2026-06-30 01:45:00;2026-06-30 01:54:29;"1F";97,6;96,1;1,5;1,5
2026-06-30 02:00:00;2026-06-30 02:09:29;"1F";98,1;96,1;2;2
2026-06-30 02:15:00;2026-06-30 02:24:28;"1F";98,2;96,2;2;2
2026-06-30 02:30:00;2026-06-30 02:39:29;"1F";98,1;96,2;1,89999999999999;1,89999999999999
2026-06-30 02:45:00;2026-06-30 02:54:26;"1F";98;96,3;1,7;1,7
2026-06-30 03:00:00;2026-06-30 03:09:26;"1F";98,2;96,2;2;2
2026-06-30 03:15:00;2026-06-30 03:24:25;"1F";98,2;96,3;1,90000000000001;1,90000000000001
2026-06-30 03:30:00;2026-06-30 03:39:25;"1F";98,1;96,4;1,69999999999999;1,69999999999999
2026-06-30 03:45:00;2026-06-30 03:54:25;"1F";98,1;96,3;1,8;1,8
2026-06-30 04:00:00;2026-06-30 04:09:24;"1F";98,1;96,3;1,8;1,8
2026-06-30 04:15:00;2026-06-30 04:24:23;"1F";98,3;96,3;2;2
2026-06-30 04:30:00;2026-06-30 04:39:23;"1F";98,4;96,4;2;2
2026-06-30 04:45:00;2026-06-30 04:54:22;"1F";98,6;96,4;2,19999999999999;2,19999999999999
2026-06-30 05:00:00;2026-06-30 05:09:22;"1F";98,6;96,5;2,09999999999999;2,09999999999999
2026-06-30 05:15:00;2026-06-30 05:24:21;"1F";98,7;96,5;2,2;2,2
2026-06-30 05:30:00;2026-06-30 05:39:21;"1F";98,7;96,6;2,10000000000001;2,10000000000001
2026-06-30 05:45:00;2026-06-30 05:54:20;"1F";98,7;96,6;2,10000000000001;2,10000000000001
2026-06-30 06:00:00;2026-06-30 06:09:19;"1F";98,6;96,6;2;2
2026-06-30 06:15:00;2026-06-30 06:24:19;"1F";98,4;96,6;1,80000000000001;1,80000000000001
2026-06-30 06:30:00;2026-06-30 06:39:19;"1F";98,2;96,5;1,7;1,7
2026-06-30 06:45:00;2026-06-30 06:54:20;"1F";98,1;96,6;1,5;1,5
2026-06-30 07:00:00;2026-06-30 07:09:18;"1F";96,6;96,7;-0,100000000000009;0,100000000000009
2026-06-30 07:15:00;2026-06-30 07:24:17;"1F";95,9;96,6;-0,699999999999989;0,699999999999989
2026-06-30 07:30:00;2026-06-30 07:39:17;"1F";95,6;96,4;-0,800000000000011;0,800000000000011
2026-06-30 07:45:00;2026-06-30 07:54:18;"1F";95,5;96,2;-0,700000000000003;0,700000000000003
2026-06-30 08:00:00;2026-06-30 08:09:16;"1F";94,9;96;-1,09999999999999;1,09999999999999
2026-06-30 08:15:00;2026-06-30 08:24:18;"1F";94,4;95,6;-1,19999999999999;1,19999999999999
2026-06-30 08:30:00;2026-06-30 08:39:17;"1F_SUSPEITO";94;95,1;-1,09999999999999;1,09999999999999
2026-06-30 09:15:00;2026-06-30 09:24:16;"1F";90;92,8;-2,8;2,8
2026-06-30 09:30:00;2026-06-30 09:39:13;"1F";89,5;91,5;-2;2
2026-06-30 09:45:00;2026-06-30 09:54:14;"1F";88,3;90,4;-2,10000000000001;2,10000000000001
2026-06-30 10:00:00;2026-06-30 10:09:12;"1F";88,9;89,3;-0,399999999999991;0,399999999999991
2026-06-30 10:15:00;2026-06-30 10:24:11;"1F";90,3;89,4;0,899999999999991;0,899999999999991
2026-06-30 10:30:00;2026-06-30 10:39:17;"1F";88,3;90,1;-1,8;1,8
2026-06-30 11:00:00;2026-06-30 11:09:10;"1F";83,8;86,7;-2,90000000000001;2,90000000000001
2026-06-30 11:15:00;2026-06-30 11:24:10;"1F";81,1;85,3;-4,2;4,2
2026-06-30 11:45:00;2026-06-30 11:54:43;"1F";75,9;81,9;-6;6
2026-06-30 12:15:00;2026-06-30 12:24:07;"1F_SUSPEITO";74,1;78,4;-4,30000000000001;4,30000000000001
2026-06-30 12:30:00;2026-06-30 12:39:06;"1F";73;77,6;-4,59999999999999;4,59999999999999
2026-06-30 13:30:00;2026-06-30 13:39:06;"1F";70,4;75;-4,59999999999999;4,59999999999999
2026-06-30 13:45:00;2026-06-30 13:54:03;"1F_SUSPEITO";71,6;74,8;-3,2;3,2
2026-06-30 14:00:00;2026-06-30 14:09:06;"1F";70,8;75,1;-4,3;4,3
2026-06-30 14:15:00;2026-06-30 14:24:02;"1F_SUSPEITO";71,1;74,5;-3,40000000000001;3,40000000000001
2026-06-30 15:00:00;2026-06-30 15:09:01;"1F";68,5;73,2;-4,7;4,7
2026-06-30 15:30:00;2026-06-30 15:38:59;"1F_SUSPEITO";69;72,5;-3,5;3,5
2026-06-30 15:45:00;2026-06-30 15:53:59;"1F";70;73;-3;3
2026-06-30 16:00:00;2026-06-30 16:08:58;"1F";71,3;73,6;-2,3;2,3
2026-06-30 16:15:00;2026-06-30 16:23:57;"1F";72,5;74,6;-2,09999999999999;2,09999999999999
2026-06-30 16:30:00;2026-06-30 16:38:57;"1F";74,6;75,8;-1,2;1,2
2026-06-30 16:45:00;2026-06-30 16:53:56;"1F";74,8;77;-2,2;2,2
2026-06-30 17:00:00;2026-06-30 17:08:56;"1F";75,8;77;-1,2;1,2
2026-06-30 17:15:00;2026-06-30 17:23:55;"1F";77,6;77,9;-0,300000000000011;0,300000000000011
2026-06-30 17:30:00;2026-06-30 17:38:54;"1F";78,9;79,3;-0,399999999999991;0,399999999999991
2026-06-30 17:45:00;2026-06-30 17:53:53;"1F";80,3;80,4;-0,100000000000009;0,100000000000009
2026-06-30 18:00:00;2026-06-30 18:08:53;"1F";80,9;81,3;-0,399999999999991;0,399999999999991
2026-06-30 18:15:00;2026-06-30 18:23:53;"1F";82,1;82;0,0999999999999943;0,0999999999999943
2026-06-30 18:30:00;2026-06-30 18:38:52;"1F";81,7;82,6;-0,899999999999991;0,899999999999991
2026-06-30 18:45:00;2026-06-30 18:53:51;"1F";81,9;82,6;-0,699999999999989;0,699999999999989
2026-06-30 19:00:00;2026-06-30 19:08:51;"1F";81,8;82,7;-0,900000000000006;0,900000000000006
2026-06-30 19:15:00;2026-06-30 19:23:50;"1F";82,1;82,6;-0,5;0,5
2026-06-30 19:30:00;2026-06-30 19:38:50;"1F";82,4;82,8;-0,399999999999991;0,399999999999991
2026-06-30 19:45:00;2026-06-30 19:53:49;"1F";82,7;83,1;-0,399999999999991;0,399999999999991
2026-06-30 20:00:00;2026-06-30 20:08:48;"1F";83,4;83,3;0,100000000000009;0,100000000000009
2026-06-30 20:15:00;2026-06-30 20:23:47;"1F";84,1;83,9;0,199999999999989;0,199999999999989
2026-06-30 20:30:00;2026-06-30 20:38:47;"1F";84,2;84,3;-0,0999999999999943;0,0999999999999943
2026-06-30 20:45:00;2026-06-30 20:53:46;"1F";84,9;84,7;0,200000000000003;0,200000000000003
2026-06-30 21:00:00;2026-06-30 21:08:46;"1F";85,4;85;0,400000000000006;0,400000000000006
2026-06-30 21:15:00;2026-06-30 21:23:45;"1F";85,8;85,4;0,399999999999991;0,399999999999991
2026-06-30 21:30:00;2026-06-30 21:38:44;"1F";84,8;85,6;-0,799999999999997;0,799999999999997
2026-06-30 21:45:00;2026-06-30 21:53:44;"1F";84,9;85,2;-0,299999999999997;0,299999999999997
2026-06-30 22:00:00;2026-06-30 22:08:44;"1F";85,5;85,2;0,299999999999997;0,299999999999997
2026-06-30 22:15:00;2026-06-30 22:23:43;"1F";86,6;85,6;1;1
2026-06-30 22:30:00;2026-06-30 22:38:44;"1F";87,2;86,4;0,799999999999997;0,799999999999997
2026-06-30 22:45:00;2026-06-30 22:53:41;"1F";87,9;86,9;1;1
2026-06-30 23:00:00;2026-06-30 23:08:41;"1F";88,5;87,3;1,2;1,2
2026-06-30 23:15:00;2026-06-30 23:23:40;"1F";89,4;87,7;1,7;1,7
2026-06-30 23:30:00;2026-06-30 23:38:40;"1F";89,4;88,4;1;1
2026-06-30 23:45:00;2026-06-30 23:53:39;"1F";89,3;88,7;0,599999999999994;0,599999999999994
2026-07-01;2026-07-01 00:08:38;"1F";89,3;88,7;0,599999999999994;0,599999999999994
2026-07-01 00:30:00;2026-07-01 00:38:38;"1F";90,1;89;1,09999999999999;1,09999999999999
2026-07-01 00:45:00;2026-07-01 00:53:37;"1F";89,8;89,1;0,700000000000003;0,700000000000003
2026-07-01 01:00:00;2026-07-01 01:08:37;"1F";88,5;89;-0,5;0,5
2026-07-01 01:15:00;2026-07-01 01:23:36;"1F";87,9;88,2;-0,299999999999997;0,299999999999997
2026-07-01 01:30:00;2026-07-01 01:38:35;"1F";86,4;87,5;-1,09999999999999;1,09999999999999
2026-07-01 01:45:00;2026-07-01 01:53:40;"1F_SUSPEITO";83,8;85,7;-1,90000000000001;1,90000000000001
2026-07-01 02:00:00;2026-07-01 02:08:34;"1F";83,3;84,3;-1;1
2026-07-01 02:15:00;2026-07-01 02:23:34;"1F";83,5;84;-0,5;0,5
2026-07-01 02:30:00;2026-07-01 02:38:33;"1F";83,3;84;-0,700000000000003;0,700000000000003
2026-07-01 02:45:00;2026-07-01 02:53:33;"1F";83,2;84;-0,799999999999997;0,799999999999997
2026-07-01 03:00:00;2026-07-01 03:08:32;"1F";83,8;84;-0,200000000000003;0,200000000000003
2026-07-01 03:15:00;2026-07-01 03:23:32;"1F";84,3;84,5;-0,200000000000003;0,200000000000003
2026-07-01 03:30:00;2026-07-01 03:38:31;"1F";84,9;84,8;0,100000000000009;0,100000000000009
2026-07-01 03:45:00;2026-07-01 03:53:31;"1F";85,3;85,2;0,0999999999999943;0,0999999999999943
2026-07-01 04:00:00;2026-07-01 04:08:30;"1F";84,7;85,4;-0,700000000000003;0,700000000000003
2026-07-01 04:15:00;2026-07-01 04:23:29;"1F";84,8;84,8;0;0
2026-07-01 04:30:00;2026-07-01 04:38:29;"1F";85,1;85,2;-0,100000000000009;0,100000000000009
2026-07-01 04:45:00;2026-07-01 04:53:32;"1F";86,3;85,5;0,799999999999997;0,799999999999997
2026-07-01 05:00:00;2026-07-01 05:08:27;"1F";86,7;86,2;0,5;0,5
2026-07-01 05:15:00;2026-07-01 05:23:28;"1F";85,8;86,5;-0,700000000000003;0,700000000000003
2026-07-01 05:30:00;2026-07-01 05:38:27;"1F";85,8;85,9;-0,100000000000009;0,100000000000009
2026-07-01 05:45:00;2026-07-01 05:53:26;"1F";85,4;86;-0,599999999999994;0,599999999999994
2026-07-01 06:00:00;2026-07-01 06:08:25;"1F";84,4;85,7;-1,3;1,3
2026-07-01 06:15:00;2026-07-01 06:23:25;"1F";83,6;85;-1,40000000000001;1,40000000000001
2026-07-01 06:30:00;2026-07-01 06:38:25;"1F";81,9;84,1;-2,19999999999999;2,19999999999999
2026-07-01 06:45:00;2026-07-01 06:53:23;"1F";80,1;82,8;-2,7;2,7
2026-07-01 07:00:00;2026-07-01 07:08:23;"1F";79,4;81,6;-2,19999999999999;2,19999999999999
2026-07-01 07:15:00;2026-07-01 07:23:22;"1F";79,5;81;-1,5;1,5
2026-07-01 07:30:00;2026-07-01 07:38:22;"1F";79,3;81,2;-1,90000000000001;1,90000000000001
2026-07-01 07:45:00;2026-07-01 07:53:21;"1F";78,2;80,9;-2,7;2,7
2026-07-01 08:00:00;2026-07-01 08:08:21;"1F";75,7;80;-4,3;4,3
2026-07-01 08:15:00;2026-07-01 08:23:20;"1F";74,4;78,8;-4,39999999999999;4,39999999999999
2026-07-01 08:30:00;2026-07-01 08:38:20;"1F";73,9;77,8;-3,89999999999999;3,89999999999999
2026-07-01 08:45:00;2026-07-01 08:53:24;"1F_SUSPEITO";72,7;77,1;-4,39999999999999;4,39999999999999
2026-07-01 09:00:00;2026-07-01 09:08:19;"1F";70,2;76,1;-5,89999999999999;5,89999999999999
2026-07-01 09:15:00;2026-07-01 09:23:18;"1F";67,4;74,1;-6,69999999999999;6,69999999999999
2026-07-01 09:30:00;2026-07-01 09:38:19;"1F";64,2;71,9;-7,7;7,7
2026-07-01 09:45:00;2026-07-01 09:53:17;"1F_SUSPEITO";61,3;69,5;-8,2;8,2
2026-07-01 10:45:00;2026-07-01 10:53:15;"1F";55,5;62,9;-7,4;7,4
2026-07-01 11:30:00;2026-07-01 11:38:13;"1F";53,4;60,4;-7;7
2026-07-01 12:00:00;2026-07-01 12:08:13;"1F";52,2;59,3;-7,09999999999999;7,09999999999999
2026-07-01 12:15:00;2026-07-01 12:23:11;"1F";52;58,8;-6,8;6,8
2026-07-01 12:30:00;2026-07-01 12:38:11;"1F";51,4;58,5;-7,1;7,1
2026-07-01 12:45:00;2026-07-01 12:53:15;"1F_SUSPEITO";51,3;58,2;-6,90000000000001;6,90000000000001
2026-07-01 13:00:00;2026-07-01 13:08:12;"1F";50,2;57,5;-7,3;7,3
2026-07-01 13:15:00;2026-07-01 13:23:08;"1F";49,3;56,5;-7,2;7,2
2026-07-01 13:30:00;2026-07-01 13:38:08;"1F";48,3;55,4;-7,1;7,1
2026-07-01 15:00:00;2026-07-01 15:08:10;"1F_SUSPEITO";48,8;55,4;-6,6;6,6
2026-07-01 17:15:00;2026-07-01 17:23:01;"1F";58,1;61,8;-3,7;3,7
2026-07-01 17:45:00;2026-07-01 17:52:57;"1F";62;64,9;-2,90000000000001;2,90000000000001
2026-07-01 18:00:00;2026-07-01 18:07:57;"1F";63,8;66,7;-2,90000000000001;2,90000000000001
2026-07-01 18:30:00;2026-07-01 18:37:56;"1F";64,8;68,6;-3,8;3,8
2026-07-01 18:45:00;2026-07-01 18:52:55;"1F";65,1;68,5;-3,40000000000001;3,40000000000001
2026-07-01 19:00:00;2026-07-01 19:07:54;"1F";65;68,8;-3,8;3,8
2026-07-01 19:15:00;2026-07-01 19:22:54;"1F";64,1;68,3;-4,2;4,2
2026-07-01 19:30:00;2026-07-01 19:37:53;"1F";63,8;67,8;-4;4
2026-07-01 19:45:00;2026-07-01 19:52:53;"1F";64,2;68;-3,8;3,8
2026-07-01 20:00:00;2026-07-01 20:07:58;"1F";65,1;68,4;-3,30000000000001;3,30000000000001
2026-07-01 20:15:00;2026-07-01 20:22:52;"1F";67,8;69,5;-1,7;1,7
2026-07-01 20:30:00;2026-07-01 20:37:51;"1F";68,4;71,1;-2,69999999999999;2,69999999999999
2026-07-01 20:45:00;2026-07-01 20:52:51;"1F";70,6;72;-1,40000000000001;1,40000000000001
2026-07-01 21:00:00;2026-07-01 21:07:50;"1F";72,7;73,6;-0,899999999999991;0,899999999999991
2026-07-01 21:15:00;2026-07-01 21:22:52;"1F";75,6;75,6;0;0
2026-07-01 21:30:00;2026-07-01 21:37:49;"1F";75,9;77,2;-1,3;1,3
2026-07-01 22:00:00;2026-07-01 22:07:48;"1F";75,8;77,9;-2,10000000000001;2,10000000000001
2026-07-01 22:15:00;2026-07-01 22:22:47;"1F";76;77,7;-1,7;1,7
2026-07-01 22:30:00;2026-07-01 22:37:47;"1F";76,4;77,8;-1,39999999999999;1,39999999999999
2026-07-01 22:45:00;2026-07-01 22:52:46;"1F";79,5;78,2;1,3;1,3
2026-07-01 23:00:00;2026-07-01 23:07:46;"1F";82,8;81;1,8;1,8
2026-07-01 23:15:00;2026-07-01 23:22:45;"1F";83,9;83,3;0,600000000000009;0,600000000000009
2026-07-01 23:30:00;2026-07-01 23:37:44;"1F";85;84,2;0,799999999999997;0,799999999999997
2026-07-01 23:45:00;2026-07-01 23:52:44;"1F";86,2;85;1,2;1,2
2026-07-02;2026-07-02 00:07:43;"1F";87,1;85,8;1,3;1,3
2026-07-02 00:15:00;2026-07-02 00:22:43;"1F";87,7;86,5;1,2;1,2
2026-07-02 00:30:00;2026-07-02 00:37:42;"1F";86,5;87;-0,5;0,5
2026-07-02 00:45:00;2026-07-02 00:52:42;"1F";87,4;86,5;0,900000000000006;0,900000000000006
2026-07-02 01:00:00;2026-07-02 01:07:42;"1F";87,1;86,8;0,299999999999997;0,299999999999997
2026-07-02 01:15:00;2026-07-02 01:22:41;"1F";88,3;86,8;1,5;1,5
2026-07-02 01:30:00;2026-07-02 01:37:41;"1F";88,8;87,3;1,5;1,5
2026-07-02 01:45:00;2026-07-02 01:52:40;"1F";88,9;88;0,900000000000006;0,900000000000006
2026-07-02 02:00:00;2026-07-02 02:07:39;"1F";88,9;88,3;0,600000000000009;0,600000000000009
2026-07-02 02:15:00;2026-07-02 02:22:40;"1F";89,6;88,3;1,3;1,3
2026-07-02 02:30:00;2026-07-02 02:37:38;"1F";89,9;88,6;1,30000000000001;1,30000000000001
2026-07-02 02:45:00;2026-07-02 02:52:37;"1F";90,6;88,9;1,69999999999999;1,69999999999999
2026-07-02 03:00:00;2026-07-02 03:07:37;"1F";91,3;89,3;2;2
2026-07-02 03:15:00;2026-07-02 03:22:38;"1F";87,8;89,5;-1,7;1,7
2026-07-02 03:30:00;2026-07-02 03:37:35;"1F";83,1;88,1;-5;5
2026-07-02 03:45:00;2026-07-02 03:52:36;"1F";85,6;84,6;1;1
2026-07-02 04:00:00;2026-07-02 04:07:36;"1F";85,8;85,4;0,399999999999991;0,399999999999991
2026-07-02 04:15:00;2026-07-02 04:22:34;"1F";87,6;85,8;1,8;1,8
2026-07-02 04:30:00;2026-07-02 04:37:37;"1F";91,6;86,9;4,69999999999999;4,69999999999999
2026-07-02 04:45:00;2026-07-02 04:52:36;"1F";92,9;88,7;4,2;4,2
2026-07-02 05:00:00;2026-07-02 05:07:33;"1F";91,6;90;1,59999999999999;1,59999999999999
2026-07-02 05:15:00;2026-07-02 05:22:32;"1F";91,8;90,5;1,3;1,3
2026-07-02 05:30:00;2026-07-02 05:37:32;"1F";92,5;90,6;1,90000000000001;1,90000000000001
2026-07-02 05:45:00;2026-07-02 05:52:31;"1F";91,1;91;0,0999999999999943;0,0999999999999943
2026-07-02 06:00:00;2026-07-02 06:07:30;"1F";90,9;90,7;0,200000000000003;0,200000000000003
2026-07-02 06:15:00;2026-07-02 06:22:30;"1F";91;90,4;0,599999999999994;0,599999999999994
2026-07-02 06:30:00;2026-07-02 06:37:29;"1F";90,1;90,3;-0,200000000000003;0,200000000000003
2026-07-02 06:45:00;2026-07-02 06:52:30;"1F";90;90;0;0
2026-07-02 07:00:00;2026-07-02 07:07:28;"1F";90,1;89,6;0,5;0,5
2026-07-02 07:15:00;2026-07-02 07:22:27;"1F";89,9;89,5;0,400000000000006;0,400000000000006
2026-07-02 07:30:00;2026-07-02 07:37:27;"1F";89;89,5;-0,5;0,5
2026-07-02 07:45:00;2026-07-02 07:52:27;"1F";87,1;89;-1,90000000000001;1,90000000000001
2026-07-02 08:00:00;2026-07-02 08:07:26;"1F";79,9;87,1;-7,19999999999999;7,19999999999999
2026-07-02 08:15:00;2026-07-02 08:22:25;"1F";77,4;83,3;-5,89999999999999;5,89999999999999
2026-07-02 08:30:00;2026-07-02 08:37:25;"1F";75,5;81,2;-5,7;5,7
2026-07-02 08:45:00;2026-07-02 08:52:24;"1F";72,9;78,9;-6;6
2026-07-02 09:00:00;2026-07-02 09:07:24;"1F";70,8;76,8;-6;6
2026-07-02 09:30:00;2026-07-02 09:37:23;"1F";62,6;71,4;-8,8;8,8
2026-07-02 12:00:00;2026-07-02 12:07:19;"1F_SUSPEITO";54;61,2;-7,2;7,2
2026-07-02 12:15:00;2026-07-02 12:22:16;"1F";53,9;60,2;-6,3;6,3
2026-07-02 12:30:00;2026-07-02 12:37:15;"1F";54,9;60,8;-5,9;5,9
2026-07-02 12:45:00;2026-07-02 12:52:15;"1F_SUSPEITO";54,7;61,1;-6,4;6,4
2026-07-02 13:00:00;2026-07-02 13:07:19;"1F_SUSPEITO";54,2;60,7;-6,5;6,5
2026-07-02 13:15:00;2026-07-02 13:22:14;"1F";54,8;60,8;-6;6
2026-07-02 13:30:00;2026-07-02 13:37:17;"1F_SUSPEITO";53,8;60,9;-7,1;7,1
2026-07-02 13:45:00;2026-07-02 13:52:12;"1F";52,4;59,5;-7,1;7,1
2026-07-02 14:15:00;2026-07-02 14:22:11;"1F";54,5;59,8;-5,3;5,3
2026-07-02 14:30:00;2026-07-02 14:37:10;"1F";55,2;61,2;-6;6
2026-07-02 14:45:00;2026-07-02 14:52:10;"1F";54,3;61;-6,7;6,7
2026-07-02 15:00:00;2026-07-02 15:07:09;"1F";54,5;60,1;-5,6;5,6
2026-07-02 16:00:00;2026-07-02 16:07:10;"1F";54,5;60,5;-6;6
2026-07-02 16:15:00;2026-07-02 16:22:11;"1F_SUSPEITO";55,3;60,8;-5,5;5,5
2026-07-02 16:30:00;2026-07-02 16:37:06;"1F";55,7;61,4;-5,7;5,7
2026-07-02 16:45:00;2026-07-02 16:52:05;"1F";56,3;61,8;-5,5;5,5
2026-07-02 17:00:00;2026-07-02 17:07:04;"1F";57,3;62,3;-5;5
2026-07-02 17:15:00;2026-07-02 17:22:04;"1F";59,2;63,3;-4,09999999999999;4,09999999999999
2026-07-02 17:30:00;2026-07-02 17:37:02;"1F";61,5;64,7;-3,2;3,2
2026-07-02 17:45:00;2026-07-02 17:52:02;"1F";64;66,6;-2,59999999999999;2,59999999999999
2026-07-02 18:00:00;2026-07-02 18:07:01;"1F";65,4;67,9;-2,5;2,5
2026-07-02 18:15:00;2026-07-02 18:22:02;"1F";66,9;69,5;-2,59999999999999;2,59999999999999
2026-07-02 18:30:00;2026-07-02 18:37:00;"1F";67,3;70,3;-3;3
2026-07-02 18:45:00;2026-07-02 18:51:59;"1F";67,4;70,3;-2,89999999999999;2,89999999999999
2026-07-02 19:00:00;2026-07-02 19:07:00;"1F";70,3;71,4;-1,10000000000001;1,10000000000001
2026-07-02 19:15:00;2026-07-02 19:21:58;"1F";71,1;72,9;-1,80000000000001;1,80000000000001
2026-07-02 19:30:00;2026-07-02 19:36:57;"1F";73,3;73,9;-0,600000000000009;0,600000000000009
2026-07-02 19:45:00;2026-07-02 19:51:57;"1F";74,8;75,6;-0,799999999999997;0,799999999999997
2026-07-02 20:00:00;2026-07-02 20:06:56;"1F";75,4;76,6;-1,19999999999999;1,19999999999999
2026-07-02 20:15:00;2026-07-02 20:21:56;"1F";75,4;76,8;-1,39999999999999;1,39999999999999
2026-07-02 20:30:00;2026-07-02 20:36:56;"1F";77,3;77,2;0,0999999999999943;0,0999999999999943
2026-07-02 20:45:00;2026-07-02 20:51:55;"1F";76,8;77,4;-0,600000000000009;0,600000000000009
2026-07-02 21:00:00;2026-07-02 21:06:54;"1F";77,1;77,9;-0,800000000000011;0,800000000000011
2026-07-02 21:15:00;2026-07-02 21:21:54;"1F";77,3;78,4;-1,10000000000001;1,10000000000001
2026-07-02 21:30:00;2026-07-02 21:36:53;"1F";79,6;78,6;1;1
2026-07-02 21:45:00;2026-07-02 21:51:53;"1F";79,6;79,7;-0,100000000000009;0,100000000000009
2026-07-02 22:00:00;2026-07-02 22:06:53;"1F";79,5;80;-0,5;0,5
2026-07-02 22:15:00;2026-07-02 22:21:52;"1F";79,6;80,1;-0,5;0,5
2026-07-02 22:30:00;2026-07-02 22:36:50;"1F";79,1;80;-0,900000000000006;0,900000000000006
2026-07-02 22:45:00;2026-07-02 22:51:50;"1F";79,4;80,2;-0,799999999999997;0,799999999999997
2026-07-02 23:00:00;2026-07-02 23:06:50;"1F";80,1;80,5;-0,400000000000006;0,400000000000006
2026-07-02 23:15:00;2026-07-02 23:21:49;"1F";80,5;80,9;-0,400000000000006;0,400000000000006
2026-07-02 23:30:00;2026-07-02 23:36:48;"1F";81;81,2;-0,200000000000003;0,200000000000003
2026-07-02 23:45:00;2026-07-02 23:51:48;"1F";80,7;81,6;-0,899999999999991;0,899999999999991
2026-07-03;2026-07-03 00:06:47;"1F";81,1;81,6;-0,5;0,5
2026-07-03 00:15:00;2026-07-03 00:21:47;"1F";81,9;82;-0,0999999999999943;0,0999999999999943
2026-07-03 00:30:00;2026-07-03 00:36:48;"1F";82,3;82,5;-0,200000000000003;0,200000000000003
2026-07-03 00:45:00;2026-07-03 00:51:46;"1F";82,6;82,9;-0,300000000000011;0,300000000000011
2026-07-03 01:00:00;2026-07-03 01:06:45;"1F";83,2;83;0,200000000000003;0,200000000000003
2026-07-03 01:15:00;2026-07-03 01:21:45;"1F";84,1;83,4;0,699999999999989;0,699999999999989
2026-07-03 01:45:00;2026-07-03 01:51:43;"1F";86,2;85,2;1;1
2026-07-03 02:00:00;2026-07-03 02:06:43;"1F";85,4;85;0,400000000000006;0,400000000000006
2026-07-03 02:30:00;2026-07-03 02:36:44;"1F";87,1;84,7;2,39999999999999;2,39999999999999
2026-07-03 02:45:00;2026-07-03 02:51:41;"1F";89,1;85,8;3,3;3,3
2026-07-03 03:00:00;2026-07-03 03:06:41;"1F";89,9;87,1;2,80000000000001;2,80000000000001
2026-07-03 03:15:00;2026-07-03 03:21:40;"1F";89,9;88,2;1,7;1,7
2026-07-03 03:30:00;2026-07-03 03:36:40;"1F";90,6;88,7;1,89999999999999;1,89999999999999
2026-07-03 03:45:00;2026-07-03 03:51:39;"1F";90,3;89;1,3;1,3
2026-07-03 04:00:00;2026-07-03 04:06:38;"1F";92,9;89,1;3,80000000000001;3,80000000000001
2026-07-03 04:15:00;2026-07-03 04:21:38;"1F";94;89,8;4,2;4,2
2026-07-03 04:30:00;2026-07-03 04:36:37;"1F";91,5;90,5;1;1
2026-07-03 04:45:00;2026-07-03 04:51:37;"1F";91,7;90,4;1,3;1,3
2026-07-03 05:00:00;2026-07-03 05:06:36;"1F";93,1;90,5;2,59999999999999;2,59999999999999
2026-07-03 05:15:00;2026-07-03 05:21:36;"1F";93,3;91;2,3;2,3
2026-07-03 05:30:00;2026-07-03 05:36:36;"1F";93,5;91,3;2,2;2,2
2026-07-03 05:45:00;2026-07-03 05:51:34;"1F";94,1;91,5;2,59999999999999;2,59999999999999
2026-07-03 06:00:00;2026-07-03 06:06:34;"1F";94,3;91,7;2,59999999999999;2,59999999999999
2026-07-03 06:15:00;2026-07-03 06:21:33;"1F";92,6;91,7;0,899999999999991;0,899999999999991
2026-07-03 06:30:00;2026-07-03 06:36:33;"1F";92,7;91,6;1,10000000000001;1,10000000000001
2026-07-03 06:45:00;2026-07-03 06:51:32;"1F";92,3;91,5;0,799999999999997;0,799999999999997
2026-07-03 07:00:00;2026-07-03 07:06:32;"1F";93,6;91,6;2;2
2026-07-03 07:15:00;2026-07-03 07:21:31;"1F";93,4;91,8;1,60000000000001;1,60000000000001
2026-07-03 07:30:00;2026-07-03 07:36:31;"1F";91,8;91,8;0;0
2026-07-03 07:45:00;2026-07-03 07:51:30;"1F";91;91,6;-0,599999999999994;0,599999999999994
2026-07-03 08:00:00;2026-07-03 08:06:30;"1F";89,6;91,2;-1,60000000000001;1,60000000000001
2026-07-03 08:15:00;2026-07-03 08:21:29;"1F";89,5;90,3;-0,799999999999997;0,799999999999997
2026-07-03 08:30:00;2026-07-03 08:36:28;"1F";88,9;89,8;-0,899999999999991;0,899999999999991
2026-07-03 08:45:00;2026-07-03 08:51:28;"1F";88,1;89,2;-1,10000000000001;1,10000000000001
2026-07-03 09:00:00;2026-07-03 09:06:28;"1F";87,3;88,6;-1,3;1,3
2026-07-03 09:15:00;2026-07-03 09:21:27;"1F";87,4;88,5;-1,09999999999999;1,09999999999999
2026-07-03 09:30:00;2026-07-03 09:36:26;"1F";86,6;88;-1,40000000000001;1,40000000000001
2026-07-03 09:45:00;2026-07-03 09:51:25;"1F";87,3;87,6;-0,299999999999997;0,299999999999997
2026-07-03 10:00:00;2026-07-03 10:06:25;"1F";88;87,9;0,0999999999999943;0,0999999999999943
2026-07-03 10:15:00;2026-07-03 10:21:24;"1F";88,7;88,2;0,5;0,5
2026-07-03 10:30:00;2026-07-03 10:36:24;"1F";89,1;88,8;0,299999999999997;0,299999999999997
2026-07-03 10:45:00;2026-07-03 10:51:23;"1F";89;89,2;-0,200000000000003;0,200000000000003
2026-07-03 11:00:00;2026-07-03 11:06:23;"1F";89,2;89,2;0;0
2026-07-03 11:15:00;2026-07-03 11:21:21;"1F";87,9;88,9;-1;1
2026-07-03 11:30:00;2026-07-03 11:36:21;"1F";87,3;88,1;-0,799999999999997;0,799999999999997
2026-07-03 11:45:00;2026-07-03 11:51:20;"1F";86,7;87,6;-0,899999999999991;0,899999999999991
2026-07-03 12:00:00;2026-07-03 12:06:20;"1F";86,4;87,2;-0,799999999999997;0,799999999999997
2026-07-03 12:15:00;2026-07-03 12:21:20;"1F";86,5;87,1;-0,599999999999994;0,599999999999994
2026-07-03 12:30:00;2026-07-03 12:36:19;"1F";85,3;86,9;-1,60000000000001;1,60000000000001
2026-07-03 12:45:00;2026-07-03 12:51:18;"1F";85,3;86,3;-1;1
2026-07-03 13:00:00;2026-07-03 13:06:19;"1F";85,1;86,1;-1;1
2026-07-03 13:15:00;2026-07-03 13:21:17;"1F";84,7;86,1;-1,39999999999999;1,39999999999999
2026-07-03 13:30:00;2026-07-03 13:36:16;"1F";85,4;85,9;-0,5;0,5
2026-07-03 13:45:00;2026-07-03 13:51:17;"1F";85,3;86,1;-0,799999999999997;0,799999999999997
2026-07-03 14:00:00;2026-07-03 14:06:15;"1F";84,7;86;-1,3;1,3
2026-07-03 14:15:00;2026-07-03 14:21:17;"1F";83,6;85,5;-1,90000000000001;1,90000000000001
2026-07-03 14:30:00;2026-07-03 14:36:15;"1F";84,5;86,1;-1,59999999999999;1,59999999999999
2026-07-03 14:45:00;2026-07-03 14:51:14;"1F";84,2;86,1;-1,89999999999999;1,89999999999999
2026-07-03 15:00:00;2026-07-03 15:06:13;"1F";84,2;86;-1,8;1,8
2026-07-03 15:15:00;2026-07-03 15:21:13;"1F";84,6;86;-1,40000000000001;1,40000000000001
2026-07-03 15:30:00;2026-07-03 15:36:12;"1F";84,8;85,9;-1,10000000000001;1,10000000000001
2026-07-03 15:45:00;2026-07-03 15:51:12;"1F";83,5;85,7;-2,2;2,2
2026-07-03 16:00:00;2026-07-03 16:06:11;"1F";84,1;85,2;-1,10000000000001;1,10000000000001
2026-07-03 16:15:00;2026-07-03 16:21:11;"1F";83,8;85,3;-1,5;1,5
2026-07-03 16:30:00;2026-07-03 16:36:10;"1F";84;85;-1;1
2026-07-03 16:45:00;2026-07-03 16:51:09;"1F";84,9;85,1;-0,199999999999989;0,199999999999989
2026-07-03 17:00:00;2026-07-03 17:06:09;"1F";85,1;85,8;-0,700000000000003;0,700000000000003
2026-07-03 17:15:00;2026-07-03 17:21:09;"1F";85,8;85,9;-0,100000000000009;0,100000000000009
2026-07-03 17:30:00;2026-07-03 17:36:08;"1F";86,6;86,6;0;0
2026-07-03 17:45:00;2026-07-03 17:51:07;"1F";86,6;87;-0,400000000000006;0,400000000000006
2026-07-03 18:00:00;2026-07-03 18:06:07;"1F";87,1;87,2;-0,100000000000009;0,100000000000009
2026-07-03 18:15:00;2026-07-03 18:21:06;"1F";86,7;87,4;-0,700000000000003;0,700000000000003
2026-07-03 18:30:00;2026-07-03 18:36:06;"1F";86,7;87,2;-0,5;0,5
2026-07-03 18:45:00;2026-07-03 18:51:05;"1F";86,2;87,2;-1;1
2026-07-03 19:00:00;2026-07-03 19:06:04;"1F";87,2;87;0,200000000000003;0,200000000000003
2026-07-03 19:15:00;2026-07-03 19:21:04;"1F";87,1;87,5;-0,400000000000006;0,400000000000006
2026-07-03 19:30:00;2026-07-03 19:36:03;"1F";86,8;87,6;-0,799999999999997;0,799999999999997
2026-07-03 19:45:00;2026-07-03 19:51:02;"1F";87;87,5;-0,5;0,5
2026-07-03 20:00:00;2026-07-03 20:06:02;"1F";86,7;87,5;-0,799999999999997;0,799999999999997
2026-07-03 20:15:00;2026-07-03 20:21:01;"1F";87,5;87,4;0,0999999999999943;0,0999999999999943
2026-07-03 20:30:00;2026-07-03 20:36:01;"1F";87,9;87,9;0;0
2026-07-03 20:45:00;2026-07-03 20:51:00;"1F";88;88,2;-0,200000000000003;0,200000000000003
2026-07-03 21:00:00;2026-07-03 21:06:00;"1F";88,6;88,3;0,299999999999997;0,299999999999997
2026-07-03 21:15:00;2026-07-03 21:21:00;"1F";89,5;88,8;0,700000000000003;0,700000000000003
2026-07-03 21:30:00;2026-07-03 21:35:59;"1F";90;89,4;0,599999999999994;0,599999999999994
2026-07-03 21:45:00;2026-07-03 21:50:58;"1F";90,3;89,7;0,599999999999994;0,599999999999994
2026-07-03 22:00:00;2026-07-03 22:05:57;"1F";90,8;90,1;0,700000000000003;0,700000000000003
2026-07-03 22:15:00;2026-07-03 22:20:57;"1F";91,4;90,4;1;1
2026-07-03 22:30:00;2026-07-03 22:35:56;"1F";92,5;90,7;1,8;1,8
2026-07-03 22:45:00;2026-07-03 22:50:56;"1F";94,4;91,3;3,10000000000001;3,10000000000001
2026-07-03 23:00:00;2026-07-03 23:05:56;"1F";96;92,3;3,7;3,7
2026-07-03 23:15:00;2026-07-03 23:20:55;"1F";96,5;92,9;3,59999999999999;3,59999999999999
2026-07-03 23:30:00;2026-07-03 23:35:54;"1F";95,7;93,3;2,40000000000001;2,40000000000001
2026-07-03 23:45:00;2026-07-03 23:50:54;"1F";94,7;93,5;1,2;1,2
2026-07-04;2026-07-04 00:05:53;"1F";94,2;93,6;0,600000000000009;0,600000000000009
2026-07-04 00:15:00;2026-07-04 00:20:53;"1F";94,3;93,6;0,700000000000003;0,700000000000003
2026-07-04 00:30:00;2026-07-04 00:35:52;"1F";93,8;93,5;0,299999999999997;0,299999999999997
2026-07-04 00:45:00;2026-07-04 00:50:54;"1F";92,9;93,4;-0,5;0,5
2026-07-04 01:00:00;2026-07-04 01:05:51;"1F";92,1;93,1;-1;1
2026-07-04 01:15:00;2026-07-04 01:20:50;"1F";91,5;92,6;-1,09999999999999;1,09999999999999
2026-07-04 01:30:00;2026-07-04 01:35:50;"1F";91,8;92,2;-0,400000000000006;0,400000000000006
2026-07-04 01:45:00;2026-07-04 01:50:56;"1F";91,8;91,9;-0,100000000000009;0,100000000000009
2026-07-04 02:00:00;2026-07-04 02:05:49;"1F";92,1;91,8;0,299999999999997;0,299999999999997
2026-07-04 02:15:00;2026-07-04 02:20:48;"1F";91,7;91,8;-0,0999999999999943;0,0999999999999943
2026-07-04 02:30:00;2026-07-04 02:35:48;"1F";91,9;91,6;0,300000000000011;0,300000000000011
2026-07-04 02:45:00;2026-07-04 02:50:47;"1F";92,2;91,6;0,600000000000009;0,600000000000009
2026-07-04 03:00:00;2026-07-04 03:05:48;"1F";92,3;91,8;0,5;0,5
2026-07-04 03:15:00;2026-07-04 03:20:46;"1F";92,6;91,8;0,799999999999997;0,799999999999997
2026-07-04 03:30:00;2026-07-04 03:35:46;"1F";92,8;92;0,799999999999997;0,799999999999997
2026-07-04 03:45:00;2026-07-04 03:50:46;"1F";92,8;92,2;0,599999999999994;0,599999999999994
2026-07-04 04:00:00;2026-07-04 04:05:45;"1F";93,6;92,3;1,3;1,3
2026-07-04 04:15:00;2026-07-04 04:20:45;"1F";94,6;92,5;2,09999999999999;2,09999999999999
2026-07-04 04:30:00;2026-07-04 04:35:44;"1F";95;92,9;2,09999999999999;2,09999999999999
2026-07-04 04:45:00;2026-07-04 04:50:43;"1F";95,2;93,2;2;2
2026-07-04 05:00:00;2026-07-04 05:05:42;"1F";94,8;93,4;1,39999999999999;1,39999999999999
2026-07-04 05:15:00;2026-07-04 05:20:42;"1F";94;93,5;0,5;0,5
2026-07-04 05:30:00;2026-07-04 05:35:42;"1F";93,8;93,5;0,299999999999997;0,299999999999997
2026-07-04 05:45:00;2026-07-04 05:50:41;"1F";94,5;93,5;1;1
2026-07-04 06:00:00;2026-07-04 06:05:40;"1F";94,6;93,5;1,09999999999999;1,09999999999999
2026-07-04 06:15:00;2026-07-04 06:20:39;"1F";94,3;93,6;0,700000000000003;0,700000000000003
2026-07-04 06:30:00;2026-07-04 06:35:39;"1F";93,4;93,6;-0,199999999999989;0,199999999999989
2026-07-04 06:45:00;2026-07-04 06:50:39;"1F";93,1;93,4;-0,300000000000011;0,300000000000011
2026-07-04 07:00:00;2026-07-04 07:05:40;"1F";93;93,2;-0,200000000000003;0,200000000000003
2026-07-04 07:15:00;2026-07-04 07:20:37;"1F";93;93;0;0
2026-07-04 07:30:00;2026-07-04 07:35:37;"1F";94,6;92,9;1,69999999999999;1,69999999999999
2026-07-04 07:45:00;2026-07-04 07:50:36;"1F";95,6;93,3;2,3;2,3
2026-07-04 08:00:00;2026-07-04 08:05:37;"1F";95,5;93,6;1,90000000000001;1,90000000000001
2026-07-04 08:15:00;2026-07-04 08:20:35;"1F";95,5;93,9;1,59999999999999;1,59999999999999
2026-07-04 08:30:00;2026-07-04 08:35:35;"1F";95,4;94,1;1,30000000000001;1,30000000000001
2026-07-04 08:45:00;2026-07-04 08:50:36;"1F";93,3;94,2;-0,900000000000006;0,900000000000006
2026-07-04 09:00:00;2026-07-04 09:05:38;"1F_SUSPEITO";91,4;94;-2,59999999999999;2,59999999999999
2026-07-04 09:15:00;2026-07-04 09:20:33;"1F";91,4;93,6;-2,19999999999999;2,19999999999999
2026-07-04 09:30:00;2026-07-04 09:35:32;"1F";90,7;92,8;-2,09999999999999;2,09999999999999
2026-07-04 09:45:00;2026-07-04 09:50:34;"1F";91,8;92,2;-0,400000000000006;0,400000000000006
2026-07-04 10:00:00;2026-07-04 10:05:31;"1F";91,8;92,2;-0,400000000000006;0,400000000000006
2026-07-04 10:15:00;2026-07-04 10:20:31;"1F";90,6;92;-1,40000000000001;1,40000000000001
2026-07-04 10:30:00;2026-07-04 10:35:30;"1F";88,2;91,6;-3,39999999999999;3,39999999999999
2026-07-04 10:45:00;2026-07-04 10:50:30;"1F";87,1;90,2;-3,10000000000001;3,10000000000001
2026-07-04 11:00:00;2026-07-04 11:05:29;"1F";86,6;89;-2,40000000000001;2,40000000000001
2026-07-04 11:15:00;2026-07-04 11:20:29;"1F";86,7;88,2;-1,5;1,5
2026-07-04 11:30:00;2026-07-04 11:35:28;"1F";86,4;88,2;-1,8;1,8
2026-07-04 11:45:00;2026-07-04 11:50:28;"1F";85,8;88;-2,2;2,2
2026-07-04 12:00:00;2026-07-04 12:05:27;"1F";84,6;87,4;-2,80000000000001;2,80000000000001
2026-07-04 12:15:00;2026-07-04 12:20:26;"1F";85,1;86,7;-1,60000000000001;1,60000000000001
2026-07-04 12:30:00;2026-07-04 12:35:26;"1F";85,1;86,6;-1,5;1,5
2026-07-04 12:45:00;2026-07-04 12:50:25;"1F";85;86,8;-1,8;1,8
2026-07-04 13:00:00;2026-07-04 13:05:25;"1F";87,1;87,2;-0,100000000000009;0,100000000000009
2026-07-04 13:15:00;2026-07-04 13:20:24;"1F";88,2;88;0,200000000000003;0,200000000000003
2026-07-04 13:30:00;2026-07-04 13:35:23;"1F";88,2;88,7;-0,5;0,5
2026-07-04 13:45:00;2026-07-04 13:50:23;"1F";88,3;89;-0,700000000000003;0,700000000000003
2026-07-04 14:00:00;2026-07-04 14:05:22;"1F";87,4;89,1;-1,69999999999999;1,69999999999999
2026-07-04 14:15:00;2026-07-04 14:20:22;"1F";86,6;88,4;-1,80000000000001;1,80000000000001
2026-07-04 14:30:00;2026-07-04 14:35:21;"1F";86,3;87,8;-1,5;1,5
2026-07-04 14:45:00;2026-07-04 14:50:20;"1F";85,9;87,7;-1,8;1,8
2026-07-04 15:00:00;2026-07-04 15:05:20;"1F";85,6;87,1;-1,5;1,5
2026-07-04 15:15:00;2026-07-04 15:20:19;"1F";86,3;87,2;-0,900000000000006;0,900000000000006
2026-07-04 15:30:00;2026-07-04 15:35:18;"1F";85,3;87,6;-2,3;2,3
2026-07-04 15:45:00;2026-07-04 15:50:19;"1F";83,3;87,1;-3,8;3,8
2026-07-04 16:00:00;2026-07-04 16:05:18;"1F";83,6;85,7;-2,10000000000001;2,10000000000001
2026-07-04 16:15:00;2026-07-04 16:20:17;"1F";85,1;85,5;-0,400000000000006;0,400000000000006
2026-07-04 16:30:00;2026-07-04 16:35:16;"1F";85,5;86,3;-0,799999999999997;0,799999999999997
2026-07-04 16:45:00;2026-07-04 16:50:16;"1F";85,9;86,6;-0,699999999999989;0,699999999999989
2026-07-04 17:00:00;2026-07-04 17:05:16;"1F";86,9;87;-0,0999999999999943;0,0999999999999943
2026-07-04 17:15:00;2026-07-04 17:20:15;"1F";87,6;87,6;0;0
2026-07-04 17:30:00;2026-07-04 17:35:14;"1F";88,7;88,1;0,600000000000009;0,600000000000009
2026-07-04 17:45:00;2026-07-04 17:50:14;"1F";89,4;88,9;0,5;0,5
2026-07-04 18:00:00;2026-07-04 18:05:13;"1F";89,6;89,3;0,299999999999997;0,299999999999997
2026-07-04 18:15:00;2026-07-04 18:20:13;"1F";89,9;89,6;0,300000000000011;0,300000000000011
2026-07-04 18:30:00;2026-07-04 18:35:12;"1F";89,8;89,9;-0,100000000000009;0,100000000000009
2026-07-04 18:45:00;2026-07-04 18:50:11;"1F";90,1;89,7;0,399999999999991;0,399999999999991
2026-07-04 19:00:00;2026-07-04 19:05:11;"1F";90,6;90,1;0,5;0,5
2026-07-04 19:15:00;2026-07-04 19:20:10;"1F";90,8;90,5;0,299999999999997;0,299999999999997
2026-07-04 19:30:00;2026-07-04 19:35:10;"1F";90,8;90,6;0,200000000000003;0,200000000000003
2026-07-04 19:45:00;2026-07-04 19:50:09;"1F";90;90,6;-0,599999999999994;0,599999999999994
2026-07-04 20:00:00;2026-07-04 20:05:09;"1F";89,9;90,4;-0,5;0,5
2026-07-04 20:15:00;2026-07-04 20:20:08;"1F";89,9;90,2;-0,299999999999997;0,299999999999997
2026-07-04 20:30:00;2026-07-04 20:35:07;"1F";89,9;90,2;-0,299999999999997;0,299999999999997
2026-07-04 20:45:00;2026-07-04 20:50:07;"1F";89,9;90,1;-0,199999999999989;0,199999999999989
2026-07-04 21:00:00;2026-07-04 21:05:07;"1F";90,1;90,1;0;0
2026-07-04 21:15:00;2026-07-04 21:20:06;"1F";90,4;90,3;0,100000000000009;0,100000000000009
2026-07-04 21:30:00;2026-07-04 21:35:05;"1F";90,5;90,4;0,0999999999999943;0,0999999999999943
2026-07-04 21:45:00;2026-07-04 21:50:05;"1F";91,1;90,6;0,5;0,5
2026-07-04 22:00:00;2026-07-04 22:05:04;"1F";91,4;90,9;0,5;0,5
2026-07-04 22:15:00;2026-07-04 22:20:03;"1F";91,7;91,1;0,600000000000009;0,600000000000009
2026-07-04 22:30:00;2026-07-04 22:35:03;"1F";91,4;91,4;0;0
2026-07-04 22:45:00;2026-07-04 22:50:02;"1F";91,2;91,4;-0,200000000000003;0,200000000000003
2026-07-04 23:00:00;2026-07-04 23:05:02;"1F";91,4;91,3;0,100000000000009;0,100000000000009
2026-07-04 23:15:00;2026-07-04 23:20:04;"1F";91,5;91,4;0,0999999999999943;0,0999999999999943
2026-07-04 23:30:00;2026-07-04 23:35:00;"1F";92,1;91,4;0,699999999999989;0,699999999999989
2026-07-04 23:45:00;2026-07-04 23:50:01;"1F";92,5;91,7;0,799999999999997;0,799999999999997
2026-07-05;2026-07-05 00:05:00;"1F";92,2;91,9;0,299999999999997;0,299999999999997
2026-07-05 00:15:00;2026-07-05 00:19:59;"1F";91,6;91,9;-0,300000000000011;0,300000000000011
2026-07-05 00:30:00;2026-07-05 00:34:59;"1F";91,3;91,7;-0,400000000000006;0,400000000000006
2026-07-05 00:45:00;2026-07-05 00:49:58;"1F";91,1;91,6;-0,5;0,5
2026-07-05 01:00:00;2026-07-05 01:04:57;"1F";91,2;91,4;-0,200000000000003;0,200000000000003
2026-07-05 01:15:00;2026-07-05 01:19:57;"1F";91,2;91,3;-0,0999999999999943;0,0999999999999943
2026-07-05 01:30:00;2026-07-05 01:34:56;"1F";91,4;91,3;0,100000000000009;0,100000000000009
2026-07-05 01:45:00;2026-07-05 01:49:55;"1F";91,6;91,3;0,299999999999997;0,299999999999997
2026-07-05 02:00:00;2026-07-05 02:04:55;"1F";91,7;91,5;0,200000000000003;0,200000000000003
2026-07-05 02:15:00;2026-07-05 02:19:55;"1F";91,6;91,5;0,0999999999999943;0,0999999999999943
2026-07-05 02:30:00;2026-07-05 02:34:55;"1F";91,6;91,6;0;0
2026-07-05 02:45:00;2026-07-05 02:49:53;"1F";91,7;91,6;0,100000000000009;0,100000000000009
2026-07-05 03:00:00;2026-07-05 03:04:53;"1F";91,9;91,7;0,200000000000003;0,200000000000003
2026-07-05 03:15:00;2026-07-05 03:19:54;"1F";91,7;91,8;-0,0999999999999943;0,0999999999999943
2026-07-05 03:30:00;2026-07-05 03:34:52;"1F";92;91,8;0,200000000000003;0,200000000000003
2026-07-05 03:45:00;2026-07-05 03:49:51;"1F";92,3;91,9;0,399999999999991;0,399999999999991
2026-07-05 04:00:00;2026-07-05 04:04:53;"1F";92;91,9;0,0999999999999943;0,0999999999999943
2026-07-05 04:15:00;2026-07-05 04:19:50;"1F";92,2;91,9;0,299999999999997;0,299999999999997
2026-07-05 04:30:00;2026-07-05 04:34:50;"1F";93,7;92;1,7;1,7
2026-07-05 04:45:00;2026-07-05 04:49:49;"1F";95,1;92,5;2,59999999999999;2,59999999999999
2026-07-05 05:00:00;2026-07-05 05:04:48;"1F";96,2;93,2;3;3
2026-07-05 05:15:00;2026-07-05 05:19:48;"1F";96,7;93,6;3,10000000000001;3,10000000000001
2026-07-05 05:30:00;2026-07-05 05:34:47;"1F";97;94;3;3
2026-07-05 05:45:00;2026-07-05 05:49:46;"1F";97,2;94,4;2,8;2,8
2026-07-05 06:00:00;2026-07-05 06:04:46;"1F";97,4;94,6;2,80000000000001;2,80000000000001
2026-07-05 06:15:00;2026-07-05 06:19:45;"1F";97,6;94,8;2,8;2,8
2026-07-05 06:30:00;2026-07-05 06:34:45;"1F";97,7;95;2,7;2,7
2026-07-05 06:45:00;2026-07-05 06:49:44;"1F";97,9;95;2,90000000000001;2,90000000000001
2026-07-05 07:00:00;2026-07-05 07:04:43;"1F";98;95,1;2,90000000000001;2,90000000000001
2026-07-05 07:15:00;2026-07-05 07:19:43;"1F";98,1;95,3;2,8;2,8
2026-07-05 07:30:00;2026-07-05 07:34:42;"1F";98,2;95,5;2,7;2,7
2026-07-05 07:45:00;2026-07-05 07:49:42;"1F";98,2;95,5;2,7;2,7
2026-07-05 08:00:00;2026-07-05 08:04:41;"1F";98,2;95,5;2,7;2,7
2026-07-05 08:15:00;2026-07-05 08:19:40;"1F";98,3;95,6;2,7;2,7
2026-07-05 08:30:00;2026-07-05 08:34:40;"1F";98,2;95,7;2,5;2,5
2026-07-05 08:45:00;2026-07-05 08:49:40;"1F";98,3;95,8;2,5;2,5
2026-07-05 09:00:00;2026-07-05 09:04:39;"1F";98,2;95,9;2,3;2,3
2026-07-05 09:15:00;2026-07-05 09:19:38;"1F";98,2;95,9;2,3;2,3
2026-07-05 09:30:00;2026-07-05 09:34:38;"1F";98,1;96,1;2;2
2026-07-05 09:45:00;2026-07-05 09:49:37;"1F";97,8;96,2;1,59999999999999;1,59999999999999
2026-07-05 10:00:00;2026-07-05 10:04:37;"1F";93,9;96,2;-2,3;2,3
2026-07-05 10:15:00;2026-07-05 10:19:36;"1F";90,4;96,4;-6;6
2026-07-05 10:30:00;2026-07-05 10:34:35;"1F";89,4;96,1;-6,69999999999999;6,69999999999999
2026-07-05 10:45:00;2026-07-05 10:49:35;"1F";89,2;95,4;-6,2;6,2
2026-07-05 11:00:00;2026-07-05 11:04:34;"1F";86,3;94,7;-8,40000000000001;8,40000000000001
2026-07-05 11:15:00;2026-07-05 11:19:33;"1F";85,4;93;-7,59999999999999;7,59999999999999
2026-07-05 11:30:00;2026-07-05 11:34:33;"1F";81,7;91,3;-9,59999999999999;9,59999999999999
2026-07-05 11:45:00;2026-07-05 11:49:33;"1F";79,7;87,8;-8,09999999999999;8,09999999999999
2026-07-05 12:00:00;2026-07-05 12:04:32;"1F";76,8;83,7;-6,90000000000001;6,90000000000001
2026-07-05 12:15:00;2026-07-05 12:19:32;"1F";75,5;81,7;-6,2;6,2
2026-07-05 12:30:00;2026-07-05 12:34:31;"1F";73,4;80,8;-7,39999999999999;7,39999999999999
2026-07-05 12:45:00;2026-07-05 12:49:31;"1F";69,1;78,5;-9,40000000000001;9,40000000000001
2026-07-05 13:00:00;2026-07-05 13:04:30;"1F";67,4;76,9;-9,5;9,5
2026-07-05 13:15:00;2026-07-05 13:19:30;"1F";68,1;76;-7,90000000000001;7,90000000000001
2026-07-05 13:30:00;2026-07-05 13:34:29;"1F";68,9;75;-6,09999999999999;6,09999999999999
2026-07-05 13:45:00;2026-07-05 13:49:28;"1F";69,1;74,2;-5,10000000000001;5,10000000000001
2026-07-05 14:00:00;2026-07-05 14:04:28;"1F";69,3;74,5;-5,2;5,2
2026-07-05 14:15:00;2026-07-05 14:19:27;"1F";69,6;74,5;-4,90000000000001;4,90000000000001
2026-07-05 14:30:00;2026-07-05 14:34:27;"1F";69,7;74,2;-4,5;4,5
2026-07-05 14:45:00;2026-07-05 14:49:26;"1F";68,4;74,7;-6,3;6,3
2026-07-05 15:00:00;2026-07-05 15:04:25;"1F";68,8;73,6;-4,8;4,8
2026-07-05 15:15:00;2026-07-05 15:19:24;"1F";75,7;75,8;-0,0999999999999943;0,0999999999999943
2026-07-05 15:30:00;2026-07-05 15:34:24;"1F";78;80;-2;2
2026-07-05 15:45:00;2026-07-05 15:49:23;"1F";79,1;81,4;-2,30000000000001;2,30000000000001
2026-07-05 16:00:00;2026-07-05 16:04:23;"1F";76,9;81,3;-4,39999999999999;4,39999999999999
2026-07-05 16:15:00;2026-07-05 16:19:22;"1F";76,9;80,5;-3,59999999999999;3,59999999999999
2026-07-05 16:30:00;2026-07-05 16:34:22;"1F";78,5;81;-2,5;2,5
2026-07-05 16:45:00;2026-07-05 16:49:21;"1F";79,7;81,8;-2,09999999999999;2,09999999999999
2026-07-05 17:00:00;2026-07-05 17:04:20;"1F";80,6;82,2;-1,60000000000001;1,60000000000001
2026-07-05 17:15:00;2026-07-05 17:19:20;"1F";81,9;83;-1,09999999999999;1,09999999999999
2026-07-05 17:30:00;2026-07-05 17:34:19;"1F";83,7;84,1;-0,399999999999991;0,399999999999991
2026-07-05 17:45:00;2026-07-05 17:49:19;"1F";84,4;84,7;-0,299999999999997;0,299999999999997
2026-07-05 18:00:00;2026-07-05 18:04:18;"1F";84,8;85,2;-0,400000000000006;0,400000000000006
2026-07-05 18:15:00;2026-07-05 18:19:17;"1F";84,9;85,4;-0,5;0,5
2026-07-05 18:30:00;2026-07-05 18:34:16;"1F";86,3;85,8;0,5;0,5
2026-07-05 18:45:00;2026-07-05 18:49:16;"1F";87,4;86,8;0,600000000000009;0,600000000000009
2026-07-05 19:00:00;2026-07-05 19:04:15;"1F";89;87,8;1,2;1,2
2026-07-05 19:15:00;2026-07-05 19:19:15;"1F";89,5;88,7;0,799999999999997;0,799999999999997
2026-07-05 19:30:00;2026-07-05 19:34:14;"1F";89,5;89,1;0,400000000000006;0,400000000000006
2026-07-05 19:45:00;2026-07-05 19:49:14;"1F";89,9;89,3;0,600000000000009;0,600000000000009
2026-07-05 20:00:00;2026-07-05 20:04:13;"1F";90,9;89,7;1,2;1,2
2026-07-05 20:15:00;2026-07-05 20:19:13;"1F";91,5;90,2;1,3;1,3
2026-07-05 20:30:00;2026-07-05 20:34:13;"1F";91,9;90,7;1,2;1,2
2026-07-05 20:45:00;2026-07-05 20:49:12;"1F";93,6;91,1;2,5;2,5
2026-07-05 21:00:00;2026-07-05 21:04:11;"1F";94,5;91,9;2,59999999999999;2,59999999999999
2026-07-05 21:15:00;2026-07-05 21:19:10;"1F";95,2;92,5;2,7;2,7
2026-07-05 21:30:00;2026-07-05 21:34:10;"1F";94,8;92,8;2;2
2026-07-05 21:45:00;2026-07-05 21:49:09;"1F";94,8;93;1,8;1,8
2026-07-05 22:00:00;2026-07-05 22:04:08;"1F";94,7;93,1;1,60000000000001;1,60000000000001
2026-07-05 22:15:00;2026-07-05 22:19:08;"1F";94,2;93,1;1,10000000000001;1,10000000000001
2026-07-05 22:30:00;2026-07-05 22:34:07;"1F";94,1;93;1,09999999999999;1,09999999999999
2026-07-05 22:45:00;2026-07-05 22:49:06;"1F";95,1;93;2,09999999999999;2,09999999999999
2026-07-05 23:00:00;2026-07-05 23:04:06;"1F";95,4;93,3;2,10000000000001;2,10000000000001
2026-07-05 23:15:00;2026-07-05 23:19:05;"1F";95,3;93,5;1,8;1,8
2026-07-05 23:30:00;2026-07-05 23:34:13;"1F";95,2;93,6;1,60000000000001;1,60000000000001
2026-07-05 23:45:00;2026-07-05 23:49:04;"1F";95,3;93,7;1,59999999999999;1,59999999999999
2026-07-06;2026-07-06 00:04:04;"1F";96,2;93,8;2,40000000000001;2,40000000000001
2026-07-06 00:15:00;2026-07-06 00:19:03;"1F";96,3;93,9;2,39999999999999;2,39999999999999
2026-07-06 00:30:00;2026-07-06 00:34:02;"1F";97;94,1;2,90000000000001;2,90000000000001
2026-07-06 00:45:00;2026-07-06 00:49:02;"1F";97,4;94,4;3;3
2026-07-06 01:00:00;2026-07-06 01:04:02;"1F";97,6;94,5;3,09999999999999;3,09999999999999
2026-07-06 01:15:00;2026-07-06 01:19:01;"1F";97,8;94,7;3,09999999999999;3,09999999999999
2026-07-06 01:30:00;2026-07-06 01:34:00;"1F";97,9;94,9;3;3
2026-07-06 01:45:00;2026-07-06 01:49:00;"1F";98,1;95,1;3;3
2026-07-06 02:00:00;2026-07-06 02:04:00;"1F";98,2;95,2;3;3
2026-07-06 02:15:00;2026-07-06 02:19:00;"1F";98,4;95,3;3,10000000000001;3,10000000000001
2026-07-06 02:30:00;2026-07-06 02:33:58;"1F";98,4;95,3;3,10000000000001;3,10000000000001
2026-07-06 02:45:00;2026-07-06 02:48:57;"1F";98,4;95,4;3;3
2026-07-06 03:00:00;2026-07-06 03:03:57;"1F";98,4;95,5;2,90000000000001;2,90000000000001
2026-07-06 03:15:00;2026-07-06 03:18:56;"1F";98,4;95,6;2,80000000000001;2,80000000000001
2026-07-06 03:30:00;2026-07-06 03:33:56;"1F";98,2;95,4;2,8;2,8
2026-07-06 03:45:00;2026-07-06 03:49:03;"1F";98,1;95,6;2,5;2,5
2026-07-06 04:00:00;2026-07-06 04:03:54;"1F";98,1;95,8;2,3;2,3
2026-07-06 04:15:00;2026-07-06 04:18:54;"1F";98,1;95,8;2,3;2,3
2026-07-06 04:30:00;2026-07-06 04:33:54;"1F";98,2;95,8;2,40000000000001;2,40000000000001
2026-07-06 04:45:00;2026-07-06 04:48:53;"1F";98,2;95,9;2,3;2,3
2026-07-06 05:00:00;2026-07-06 05:03:53;"1F";98,3;96;2,3;2,3
2026-07-06 05:15:00;2026-07-06 05:18:53;"1F";98,3;96,1;2,2;2,2
2026-07-06 05:30:00;2026-07-06 05:33:52;"1F";98,3;96;2,3;2,3
2026-07-06 05:45:00;2026-07-06 05:48:51;"1F";98,3;96;2,3;2,3
2026-07-06 06:00:00;2026-07-06 06:03:51;"1F";98,2;96,1;2,10000000000001;2,10000000000001
2026-07-06 06:15:00;2026-07-06 06:18:50;"1F";98;96,1;1,90000000000001;1,90000000000001
2026-07-06 06:30:00;2026-07-06 06:33:50;"1F";97,6;96,1;1,5;1,5
2026-07-06 06:45:00;2026-07-06 06:48:49;"1F";97,1;96,1;1;1
2026-07-06 07:00:00;2026-07-06 07:03:48;"1F";96,6;96,1;0,5;0,5
2026-07-06 07:15:00;2026-07-06 07:18:47;"1F";96,3;96,1;0,200000000000003;0,200000000000003
2026-07-06 07:30:00;2026-07-06 07:33:54;"1F";96,3;96,1;0,200000000000003;0,200000000000003
2026-07-06 07:45:00;2026-07-06 07:48:46;"1F";96,3;96,2;0,0999999999999943;0,0999999999999943
2026-07-06 08:00:00;2026-07-06 08:03:46;"1F";96,1;96,1;0;0
2026-07-06 08:15:00;2026-07-06 08:18:45;"1F";95,3;96,1;-0,799999999999997;0,799999999999997
2026-07-06 08:30:00;2026-07-06 08:33:45;"1F";94,6;96,2;-1,60000000000001;1,60000000000001
2026-07-06 08:45:00;2026-07-06 08:48:44;"1F";93,5;96,1;-2,59999999999999;2,59999999999999
2026-07-06 09:00:00;2026-07-06 09:03:45;"1F";90,8;96,1;-5,3;5,3
2026-07-06 09:15:00;2026-07-06 09:18:44;"1F";85,5;96;-10,5;10,5
2026-07-06 09:30:00;2026-07-06 09:33:43;"1F";80,1;94,8;-14,7;14,7
2026-07-06 12:00:00;2026-07-06 12:03:38;"1F";69,9;75,3;-5,39999999999999;5,39999999999999
2026-07-06 12:15:00;2026-07-06 12:18:37;"1F";69,3;74,8;-5,5;5,5
2026-07-06 12:30:00;2026-07-06 12:33:36;"1F";69;73,9;-4,90000000000001;4,90000000000001
2026-07-06 12:45:00;2026-07-06 12:48:36;"1F";66,5;72,5;-6;6
2026-07-06 14:00:00;2026-07-06 14:03:32;"1F";67,7;72,5;-4,8;4,8
2026-07-06 14:15:00;2026-07-06 14:18:32;"1F";65,9;71,1;-5,19999999999999;5,19999999999999
2026-07-06 14:30:00;2026-07-06 14:33:31;"1F";65,7;71,2;-5,5;5,5
2026-07-06 14:45:00;2026-07-06 14:48:30;"1F";65,4;71,3;-5,89999999999999;5,89999999999999
2026-07-06 15:00:00;2026-07-06 15:03:32;"1F_SUSPEITO";65,6;70,8;-5,2;5,2
2026-07-06 15:15:00;2026-07-06 15:18:31;"1F";61,9;68,5;-6,6;6,6
2026-07-06 15:30:00;2026-07-06 15:33:29;"1F";62,6;68,1;-5,49999999999999;5,49999999999999
2026-07-06 15:45:00;2026-07-06 15:48:28;"1F";64,1;69;-4,90000000000001;4,90000000000001
2026-07-06 16:00:00;2026-07-06 16:03:27;"1F";64,7;69,3;-4,59999999999999;4,59999999999999
2026-07-06 17:15:00;2026-07-06 17:18:24;"1F";67,8;71,1;-3,3;3,3
2026-07-06 17:30:00;2026-07-06 17:33:26;"1F";71;73,4;-2,40000000000001;2,40000000000001
2026-07-06 17:45:00;2026-07-06 17:48:23;"1F";68,5;72,9;-4,40000000000001;4,40000000000001
2026-07-06 18:00:00;2026-07-06 18:03:23;"1F";70,6;73,3;-2,7;2,7
2026-07-06 18:15:00;2026-07-06 18:18:24;"1F";72,7;74,7;-2;2
2026-07-06 18:30:00;2026-07-06 18:33:21;"1F";74,1;75,8;-1,7;1,7
2026-07-06 18:45:00;2026-07-06 18:48:20;"1F";75,6;76,7;-1,10000000000001;1,10000000000001
2026-07-06 19:00:00;2026-07-06 19:03:20;"1F";77,3;77,8;-0,5;0,5
2026-07-06 19:15:00;2026-07-06 19:18:22;"1F";77,9;78,6;-0,699999999999989;0,699999999999989
2026-07-06 19:30:00;2026-07-06 19:33:19;"1F";78,8;80;-1,2;1,2
2026-07-06 19:45:00;2026-07-06 19:48:18;"1F";80,1;80,6;-0,5;0,5
2026-07-06 20:00:00;2026-07-06 20:03:18;"1F";81,6;81,4;0,199999999999989;0,199999999999989
2026-07-06 20:15:00;2026-07-06 20:18:17;"1F";82,4;82,1;0,300000000000011;0,300000000000011
2026-07-06 20:30:00;2026-07-06 20:33:17;"1F";83,4;82,8;0,600000000000009;0,600000000000009
2026-07-06 20:45:00;2026-07-06 20:48:16;"1F";84,3;83,8;0,5;0,5
2026-07-06 21:00:00;2026-07-06 21:03:16;"1F";85,1;84,6;0,5;0,5
2026-07-06 21:15:00;2026-07-06 21:18:15;"1F";94,1;86,6;7,5;7,5
2026-07-06 21:45:00;2026-07-06 21:48:18;"1F_SUSPEITO";96,5;92,5;4;4
2026-07-06 22:15:00;2026-07-06 22:18:15;"1F";95,5;93,2;2,3;2,3
2026-07-06 22:30:00;2026-07-06 22:33:14;"1F_SUSPEITO";95,8;93,3;2,5;2,5
2026-07-06 23:15:00;2026-07-06 23:18:10;"1F";96,5;93,7;2,8;2,8
2026-07-06 23:30:00;2026-07-06 23:33:15;"1F_SUSPEITO";96,5;93,8;2,7;2,7
2026-07-06 23:45:00;2026-07-06 23:48:14;"1F_SUSPEITO";97,1;94;3,09999999999999;3,09999999999999
2026-07-07;2026-07-07 00:03:13;"1F_SUSPEITO";97,3;94,1;3,2;3,2
2026-07-07 02:00:00;2026-07-07 02:03:05;"1F";97,5;94,9;2,59999999999999;2,59999999999999
2026-07-07 02:45:00;2026-07-07 02:48:03;"1F";97,7;95,1;2,60000000000001;2,60000000000001
2026-07-07 03:00:00;2026-07-07 03:03:02;"1F";97,7;95,1;2,60000000000001;2,60000000000001
2026-07-07 03:30:00;2026-07-07 03:33:01;"1F";97,1;95,1;2;2
2026-07-07 04:00:00;2026-07-07 04:02:59;"1F";96,3;95;1,3;1,3
2026-07-07 04:15:00;2026-07-07 04:17:59;"1F";96,4;95,1;1,30000000000001;1,30000000000001
2026-07-07 04:30:00;2026-07-07 04:32:58;"1F";95,8;95;0,799999999999997;0,799999999999997
2026-07-07 04:45:00;2026-07-07 04:47:58;"1F";95,6;95;0,599999999999994;0,599999999999994
2026-07-07 05:00:00;2026-07-07 05:02:57;"1F";95,2;94,8;0,400000000000006;0,400000000000006
2026-07-07 05:15:00;2026-07-07 05:17:56;"1F";95,5;94,7;0,799999999999997;0,799999999999997
2026-07-07 05:30:00;2026-07-07 05:32:56;"1F";96,1;94,6;1,5;1,5
2026-07-07 05:45:00;2026-07-07 05:47:56;"1F";95,9;94,5;1,40000000000001;1,40000000000001
2026-07-07 06:00:00;2026-07-07 06:02:55;"1F";96;94,5;1,5;1,5
2026-07-07 06:15:00;2026-07-07 06:17:55;"1F";93,9;94,4;-0,5;0,5
2026-07-07 06:30:00;2026-07-07 06:32:54;"1F";93,4;93,9;-0,5;0,5
2026-07-07 06:45:00;2026-07-07 06:47:54;"1F";93,8;93,4;0,399999999999991;0,399999999999991
2026-07-07 07:00:00;2026-07-07 07:02:53;"1F";94,1;93;1,09999999999999;1,09999999999999
2026-07-07 07:15:00;2026-07-07 07:17:52;"1F";94,1;92,8;1,3;1,3
2026-07-07 07:30:00;2026-07-07 07:32:51;"1F";94,1;92,7;1,39999999999999;1,39999999999999
2026-07-07 07:45:00;2026-07-07 07:47:50;"1F";94,1;92,5;1,59999999999999;1,59999999999999
2026-07-07 08:00:00;2026-07-07 08:02:55;"1F_SUSPEITO";93,8;92,5;1,3;1,3
2026-07-07 08:15:00;2026-07-07 08:17:51;"1F";93,3;92,3;1;1
2026-07-07 08:30:00;2026-07-07 08:32:49;"1F";94,2;92,5;1,7;1,7
2026-07-07 08:45:00;2026-07-07 08:47:48;"1F";94,9;92,8;2,10000000000001;2,10000000000001
2026-07-07 09:30:00;2026-07-07 09:32:47;"1F";91,3;93;-1,7;1,7
