"horario_alinhado";"data_hora_et";"status";"globo_ET";"bulbo_seco_ET";"delta_globo_ET";"radiacao_simepar"
2026-06-18 16:00:00;2026-06-18 16:07:10;"1F";18,8;14,1;4,7;160,8
2026-06-18 16:15:00;2026-06-18 16:22:07;"1F";17,3;13,6;3,7;123,8
2026-06-18 16:30:00;2026-06-18 16:37:12;"1F_SUSPEITO";15,5;13,4;2,1;89
2026-06-18 17:15:00;2026-06-18 17:22:06;"1F";12,6;12,8;-0,200000000000001;35,2
2026-06-18 17:30:00;2026-06-18 17:37:10;"1F";11,5;12,3;-0,800000000000001;14,31
2026-06-18 17:45:00;2026-06-18 17:52:04;"1F";10,6;12;-1,4;2,837
2026-06-18 18:00:00;2026-06-18 18:07:04;"1F";10,2;11,8;-1,6;0,374
2026-06-18 18:15:00;2026-06-18 18:22:03;"1F";9,8;11,4;-1,6;0
2026-06-18 18:30:00;2026-06-18 18:37:03;"1F";9,4;11,1;-1,7;0
2026-06-18 18:45:00;2026-06-18 18:52:02;"1F";9,1;10,9;-1,8;0
2026-06-18 19:00:00;2026-06-18 19:07:02;"1F";8,9;10,8;-1,9;0
2026-06-18 19:15:00;2026-06-18 19:22:01;"1F";8,8;10,7;-1,9;0
2026-06-18 19:30:00;2026-06-18 19:37:01;"1F";8,6;10,6;-2;0
2026-06-18 19:45:00;2026-06-18 19:52:01;"1F";8,6;10,6;-2;0
2026-06-18 20:00:00;2026-06-18 20:06:59;"1F";8,3;10,4;-2,1;0
2026-06-18 20:15:00;2026-06-18 20:22:01;"1F";8,2;10,4;-2,2;0
2026-06-18 20:30:00;2026-06-18 20:37:00;"1F";8;10,2;-2,2;0
2026-06-18 20:45:00;2026-06-18 20:52:01;"1F";8,1;10,2;-2,1;0
2026-06-18 21:00:00;2026-06-18 21:07:01;"1F";8,2;10,1;-1,9;0
2026-06-18 21:15:00;2026-06-18 21:22:00;"1F";8,3;10;-1,7;0
2026-06-18 21:30:00;2026-06-18 21:36:58;"1F";8,2;10;-1,8;0
2026-06-18 21:45:00;2026-06-18 21:51:56;"1F";8,2;10;-1,8;0
2026-06-18 22:00:00;2026-06-18 22:06:55;"1F";8,2;9,9;-1,7;0
2026-06-18 22:15:00;2026-06-18 22:21:57;"1F";8,1;9,9;-1,8;0
2026-06-18 22:30:00;2026-06-18 22:36:54;"1F";7,9;9,8;-1,9;0
2026-06-18 22:45:00;2026-06-18 22:51:54;"1F";8;9,8;-1,8;0
2026-06-18 23:00:00;2026-06-18 23:06:53;"1F";8,1;9,7;-1,6;0
2026-06-18 23:15:00;2026-06-18 23:21:52;"1F";8,2;9,7;-1,5;0
2026-06-18 23:30:00;2026-06-18 23:36:56;"1F";8,4;9,9;-1,5;0
2026-06-18 23:45:00;2026-06-18 23:51:53;"1F";8,4;9,9;-1,5;0
2026-06-19;2026-06-19 00:06:50;"1F";8,3;9,8;-1,5;0,031
2026-06-19 00:15:00;2026-06-19 00:21:53;"1F";8;9,7;-1,7;0
2026-06-19 00:30:00;2026-06-19 00:36:50;"1F";7,9;9,5;-1,6;0
2026-06-19 00:45:00;2026-06-19 00:51:49;"1F";8;9,5;-1,5;0
2026-06-19 01:00:00;2026-06-19 01:06:48;"1F";8,4;9,8;-1,4;0
2026-06-19 01:15:00;2026-06-19 01:21:53;"1F";8,9;10;-1,1;0
2026-06-19 01:30:00;2026-06-19 01:36:48;"1F";9,1;9,9;-0,800000000000001;0
2026-06-19 01:45:00;2026-06-19 01:51:52;"1F_SUSPEITO";9;9,8;-0,800000000000001;0
2026-06-19 02:00:00;2026-06-19 02:06:51;"1F";8,7;9,7;-1;0
2026-06-19 02:15:00;2026-06-19 02:21:47;"1F";8,8;9,8;-1;0
2026-06-19 02:30:00;2026-06-19 02:36:45;"1F";8,9;9,8;-0,9;0
2026-06-19 02:45:00;2026-06-19 02:51:44;"1F";8,8;9,7;-0,899999999999999;0
2026-06-19 03:00:00;2026-06-19 03:06:44;"1F";8,8;9,8;-1;0
2026-06-19 03:15:00;2026-06-19 03:21:44;"1F";8,9;9,9;-1;0
2026-06-19 03:30:00;2026-06-19 03:36:43;"1F";9,1;10,1;-1;0
2026-06-19 03:45:00;2026-06-19 03:51:42;"1F";9,3;10,3;-1;0
2026-06-19 04:00:00;2026-06-19 04:06:42;"1F";9,5;10,5;-1;0
2026-06-19 04:15:00;2026-06-19 04:21:42;"1F";9,7;10,6;-0,9;0
2026-06-19 04:30:00;2026-06-19 04:36:42;"1F";9,8;10,6;-0,799999999999999;0
2026-06-19 04:45:00;2026-06-19 04:51:40;"1F";9,8;10,5;-0,699999999999999;0
2026-06-19 05:00:00;2026-06-19 05:06:40;"1F";9,8;10,4;-0,6;0
2026-06-19 05:15:00;2026-06-19 05:21:40;"1F";9,6;10,4;-0,800000000000001;0
2026-06-19 05:30:00;2026-06-19 05:36:39;"1F";9,6;10,3;-0,700000000000001;0
2026-06-19 05:45:00;2026-06-19 05:51:38;"1F";9,4;10,2;-0,799999999999999;0
2026-06-19 06:00:00;2026-06-19 06:06:38;"1F";9,1;10,2;-1,1;0
2026-06-19 06:15:00;2026-06-19 06:21:37;"1F";9,1;10,2;-1,1;0
2026-06-19 06:30:00;2026-06-19 06:36:37;"1F";9,1;10,2;-1,1;0
2026-06-19 06:45:00;2026-06-19 06:51:36;"1F";9,1;10,2;-1,1;0
2026-06-19 07:00:00;2026-06-19 07:06:38;"1F";8,9;10,2;-1,3;2,089
2026-06-19 07:15:00;2026-06-19 07:21:35;"1F";8,7;10,1;-1,4;6,64
2026-06-19 07:30:00;2026-06-19 07:36:34;"1F";8,8;10,1;-1,3;17,83
2026-06-19 07:45:00;2026-06-19 07:51:35;"1F";9,5;10,4;-0,9;35,63
2026-06-19 08:00:00;2026-06-19 08:06:34;"1F";10,7;10,6;0,0999999999999996;46,58
2026-06-19 08:15:00;2026-06-19 08:21:34;"1F";11,8;10,8;1;67,9
2026-06-19 08:30:00;2026-06-19 08:36:33;"1F";13,4;11,4;2;137,3
2026-06-19 08:45:00;2026-06-19 08:51:32;"1F";15,3;11,8;3,5;184,6
2026-06-19 09:00:00;2026-06-19 09:06:32;"1F";16,8;12,4;4,4;213,4
2026-06-19 09:15:00;2026-06-19 09:21:31;"1F";17,6;12,5;5,1;200
2026-06-19 09:30:00;2026-06-19 09:36:30;"1F";17,7;12,7;5;211,2
2026-06-19 09:45:00;2026-06-19 09:51:33;"1F";19,4;13,6;5,8;267
2026-06-19 10:00:00;2026-06-19 10:06:30;"1F";24;13,9;10,1;441,7
2026-06-19 10:15:00;2026-06-19 10:21:30;"1F";24,2;14,8;9,4;315
2026-06-19 10:30:00;2026-06-19 10:36:31;"1F";22,7;16,2;6,5;309,8
2026-06-19 10:45:00;2026-06-19 10:51:29;"1F";23,3;17,3;6;374,3
2026-06-19 11:15:00;2026-06-19 11:21:54;"1F";27,1;18,7;8,4;490,2
2026-06-19 11:30:00;2026-06-19 11:36:34;"1F";28;19,4;8,6;506
2026-06-19 12:00:00;2026-06-19 12:06:26;"1F";29,3;20;9,3;545,6
2026-06-19 12:15:00;2026-06-19 12:21:38;"1F";29,2;20,7;8,5;544,1
2026-06-19 12:30:00;2026-06-19 12:36:30;"1F";29,9;20,8;9,1;509,5
2026-06-19 13:00:00;2026-06-19 13:06:31;"1F";28,7;20,9;7,8;463,5
2026-06-19 13:15:00;2026-06-19 13:21:22;"1F";28,4;20,7;7,7;455,8
2026-06-19 13:30:00;2026-06-19 13:36:21;"1F";26,8;20,3;6,5;381,4
2026-06-19 13:45:00;2026-06-19 13:51:21;"1F";26;20,3;5,7;310,7
2026-06-19 14:00:00;2026-06-19 14:06:20;"1F";26;20,5;5,5;305,4
2026-06-19 14:15:00;2026-06-19 14:21:19;"1F";25,3;20,2;5,1;275,2
2026-06-19 14:30:00;2026-06-19 14:36:19;"1F";24,1;20,2;3,9;207
2026-06-19 15:00:00;2026-06-19 15:06:18;"1F";25,2;20,5;4,7;212,1
2026-06-19 15:15:00;2026-06-19 15:21:17;"1F";25;20,5;4,5;210,9
2026-06-19 15:45:00;2026-06-19 15:51:17;"1F";24,4;20,5;3,9;194,3
2026-06-19 16:00:00;2026-06-19 16:06:16;"1F";23,7;20,3;3,4;137,8
2026-06-19 16:15:00;2026-06-19 16:21:22;"1F";22;19,9;2,1;89,2
2026-06-19 16:30:00;2026-06-19 16:36:15;"1F";20,9;19,7;1,2;51,82
2026-06-19 16:45:00;2026-06-19 16:51:15;"1F";19,6;19,3;0,300000000000001;20,42
2026-06-19 17:00:00;2026-06-19 17:06:14;"1F";19,3;19,4;-0,0999999999999979;22,58
2026-06-19 17:15:00;2026-06-19 17:21:13;"1F";19;18,8;0,199999999999999;32,77
2026-06-19 17:30:00;2026-06-19 17:36:14;"1F";18;18,5;-0,5;6,673
2026-06-19 17:45:00;2026-06-19 17:51:11;"1F";17,2;18;-0,800000000000001;0,405
2026-06-19 18:00:00;2026-06-19 18:06:11;"1F";16,8;16,8;0;0
2026-06-19 18:15:00;2026-06-19 18:21:10;"1F";15,4;15,5;-0,0999999999999996;0
2026-06-19 18:30:00;2026-06-19 18:36:10;"1F";14,8;15,4;-0,6;0
2026-06-19 18:45:00;2026-06-19 18:51:09;"1F";14,1;15,3;-1,2;0
2026-06-19 19:00:00;2026-06-19 19:06:08;"1F";14,4;15,4;-1;0
2026-06-19 19:15:00;2026-06-19 19:21:08;"1F";14,5;15;-0,5;0
2026-06-19 19:30:00;2026-06-19 19:36:10;"1F";14,2;14,5;-0,300000000000001;0
2026-06-19 19:45:00;2026-06-19 19:51:08;"1F";13,6;14;-0,4;0
2026-06-19 20:15:00;2026-06-19 20:21:05;"1F";12,5;13,6;-1,1;0
2026-06-19 20:30:00;2026-06-19 20:36:05;"1F";12,8;13,6;-0,799999999999999;0
2026-06-19 20:45:00;2026-06-19 20:51:05;"1F";12,9;13,6;-0,699999999999999;0
2026-06-19 21:00:00;2026-06-19 21:06:06;"1F_SUSPEITO";12,8;13,4;-0,6;0
2026-06-19 21:15:00;2026-06-19 21:21:06;"1F_SUSPEITO";12,6;13,3;-0,700000000000001;0
2026-06-19 21:30:00;2026-06-19 21:36:03;"1F";12,4;13,3;-0,9;0
2026-06-19 21:45:00;2026-06-19 21:51:02;"1F";12,4;13,2;-0,799999999999999;0
2026-06-19 22:00:00;2026-06-19 22:06:02;"1F";11,9;13;-1,1;0
2026-06-19 22:15:00;2026-06-19 22:21:01;"1F";11,4;12,8;-1,4;0
2026-06-19 22:30:00;2026-06-19 22:36:01;"1F";11,1;12,6;-1,5;0
2026-06-19 22:45:00;2026-06-19 22:50:59;"1F";10,5;12,3;-1,8;0
2026-06-19 23:00:00;2026-06-19 23:05:59;"1F";9,9;11,9;-2;0
2026-06-19 23:15:00;2026-06-19 23:20:58;"1F";9,8;11,6;-1,8;0
2026-06-19 23:30:00;2026-06-19 23:35:58;"1F";9,9;11,8;-1,9;0
2026-06-19 23:45:00;2026-06-19 23:50:58;"1F";11,1;12,6;-1,5;0
2026-06-20;2026-06-20 00:05:57;"1F";11,6;12,8;-1,2;0
2026-06-20 00:15:00;2026-06-20 00:20:57;"1F";11,3;12,8;-1,5;0
2026-06-20 00:30:00;2026-06-20 00:35:56;"1F";11,5;12,9;-1,4;0
2026-06-20 00:45:00;2026-06-20 00:50:57;"1F";11,6;12,7;-1,1;0
2026-06-20 01:15:00;2026-06-20 01:20:54;"1F";11,2;12,6;-1,4;0
2026-06-20 01:30:00;2026-06-20 01:35:58;"1F";11,3;12,6;-1,3;0
2026-06-20 01:45:00;2026-06-20 01:50:57;"1F";11,4;12,6;-1,2;0
2026-06-20 02:00:00;2026-06-20 02:05:52;"1F";11,3;12,5;-1,2;0
2026-06-20 02:15:00;2026-06-20 02:20:51;"1F";11,3;12,6;-1,3;0
2026-06-20 02:30:00;2026-06-20 02:35:51;"1F";11,6;12,7;-1,1;0
2026-06-20 02:45:00;2026-06-20 02:50:51;"1F";11,8;12,7;-0,899999999999999;0
2026-06-20 03:00:00;2026-06-20 03:05:50;"1F";11,8;12,7;-0,899999999999999;0
2026-06-20 03:15:00;2026-06-20 03:20:49;"1F";11,9;12,7;-0,799999999999999;0
2026-06-20 03:30:00;2026-06-20 03:35:49;"1F";11,9;12,6;-0,699999999999999;0
2026-06-20 03:45:00;2026-06-20 03:50:48;"1F";11,9;12,6;-0,699999999999999;0
2026-06-20 04:00:00;2026-06-20 04:05:48;"1F";11,8;12,5;-0,699999999999999;0
2026-06-20 04:15:00;2026-06-20 04:20:47;"1F";11,6;12,5;-0,9;0
2026-06-20 04:30:00;2026-06-20 04:35:49;"1F";11,6;12,6;-1;0
2026-06-20 04:45:00;2026-06-20 04:50:46;"1F";11,8;12,6;-0,799999999999999;0
2026-06-20 05:00:00;2026-06-20 05:05:46;"1F";11,9;12,6;-0,699999999999999;0
2026-06-20 05:15:00;2026-06-20 05:20:46;"1F";12;12,7;-0,699999999999999;0
2026-06-20 05:30:00;2026-06-20 05:35:45;"1F";11,9;12,7;-0,799999999999999;0
2026-06-20 05:45:00;2026-06-20 05:50:47;"1F";12;12,7;-0,699999999999999;0
2026-06-20 06:00:00;2026-06-20 06:05:43;"1F";11,9;12,6;-0,699999999999999;0
2026-06-20 06:15:00;2026-06-20 06:20:42;"1F";11,8;12,6;-0,799999999999999;0
2026-06-20 06:30:00;2026-06-20 06:35:42;"1F";11,8;12,6;-0,799999999999999;0
2026-06-20 06:45:00;2026-06-20 06:50:42;"1F";11,7;12,5;-0,800000000000001;0
2026-06-20 07:00:00;2026-06-20 07:05:42;"1F";11,6;12,5;-0,9;0
2026-06-20 07:15:00;2026-06-20 07:20:41;"1F";11,8;12,5;-0,699999999999999;0,031
2026-06-20 07:30:00;2026-06-20 07:35:40;"1F";12;12,7;-0,699999999999999;4,676
2026-06-20 07:45:00;2026-06-20 07:50:40;"1F";12,2;12,7;-0,5;8,01
2026-06-20 08:00:00;2026-06-20 08:05:40;"1F";12,3;12,7;-0,399999999999999;11,44
2026-06-20 08:15:00;2026-06-20 08:20:41;"1F";12,4;12,8;-0,4;17,46
2026-06-20 08:30:00;2026-06-20 08:35:38;"1F";12,7;12,9;-0,200000000000001;24,38
2026-06-20 08:45:00;2026-06-20 08:50:38;"1F";12,8;12,9;-0,0999999999999996;20,64
2026-06-20 09:00:00;2026-06-20 09:05:37;"1F";12,9;13;-0,0999999999999996;24,13
2026-06-20 09:15:00;2026-06-20 09:20:37;"1F";12,9;12,9;0;40,59
2026-06-20 09:30:00;2026-06-20 09:35:36;"1F";12,9;12,9;0;28,99
2026-06-20 09:45:00;2026-06-20 09:50:36;"1F";13;13;0;39,44
2026-06-20 10:00:00;2026-06-20 10:05:35;"1F";13,1;13;0,0999999999999996;34,17
2026-06-20 10:15:00;2026-06-20 10:20:34;"1F";12,9;13;-0,0999999999999996;23,04
2026-06-20 10:30:00;2026-06-20 10:35:34;"1F";13;13,1;-0,0999999999999996;37,91
2026-06-20 10:45:00;2026-06-20 10:50:34;"1F";13,1;13,2;-0,0999999999999996;28,74
2026-06-20 11:00:00;2026-06-20 11:05:33;"1F";13;13,2;-0,199999999999999;19,45
2026-06-20 11:15:00;2026-06-20 11:20:32;"1F";13;13,3;-0,300000000000001;14,87
2026-06-20 11:30:00;2026-06-20 11:35:32;"1F";13,2;13,4;-0,200000000000001;21,82
2026-06-20 11:45:00;2026-06-20 11:50:31;"1F";13,3;13,5;-0,199999999999999;20,73
2026-06-20 12:00:00;2026-06-20 12:05:30;"1F";13,3;13,3;0;16,12
2026-06-20 12:15:00;2026-06-20 12:20:31;"1F";12,8;13;-0,199999999999999;9,51
2026-06-20 12:30:00;2026-06-20 12:35:30;"1F";12,7;12,9;-0,200000000000001;13,59
2026-06-20 12:45:00;2026-06-20 12:50:29;"1F";12,8;13;-0,199999999999999;21,26
2026-06-20 13:00:00;2026-06-20 13:05:28;"1F";13,1;13,4;-0,300000000000001;34,61
2026-06-20 13:15:00;2026-06-20 13:20:30;"1F";13,3;13,5;-0,199999999999999;26,75
2026-06-20 13:30:00;2026-06-20 13:35:27;"1F";13,3;13,4;-0,0999999999999996;26,66
2026-06-20 13:45:00;2026-06-20 13:50:30;"1F";13;13,3;-0,300000000000001;15,46
2026-06-20 14:00:00;2026-06-20 14:05:28;"1F";12,7;13,2;-0,5;5,456
2026-06-20 14:30:00;2026-06-20 14:35:27;"1F";11,3;11,4;-0,0999999999999996;6,298
2026-06-20 14:45:00;2026-06-20 14:50:27;"1F";11;11,2;-0,199999999999999;6,048
2026-06-20 15:00:00;2026-06-20 15:05:27;"1F";10,9;11,2;-0,299999999999999;9,91
2026-06-20 15:15:00;2026-06-20 15:20:23;"1F";10,9;11,1;-0,199999999999999;15,25
2026-06-20 15:30:00;2026-06-20 15:35:23;"1F";11;11,2;-0,199999999999999;22,85
2026-06-20 15:45:00;2026-06-20 15:50:22;"1F";11,1;11,2;-0,0999999999999996;29,15
2026-06-20 16:00:00;2026-06-20 16:05:22;"1F";11,4;11,3;0,0999999999999996;42,15
2026-06-20 16:15:00;2026-06-20 16:20:21;"1F";11,4;11,4;0;38,47
2026-06-20 16:30:00;2026-06-20 16:35:20;"1F";11,4;11,4;0;35,95
2026-06-20 16:45:00;2026-06-20 16:50:20;"1F";11,3;11,3;0;25,66
2026-06-20 17:00:00;2026-06-20 17:05:22;"1F";11,1;11,5;-0,4;16,02
2026-06-20 17:15:00;2026-06-20 17:20:19;"1F";13;11,6;1,4;34,29
2026-06-20 17:30:00;2026-06-20 17:35:18;"1F";12,7;11,5;1,2;24,1
2026-06-20 17:45:00;2026-06-20 17:50:17;"1F";11;11,3;-0,300000000000001;7,763
2026-06-20 18:00:00;2026-06-20 18:05:17;"1F";9,9;10,9;-1;0,655
2026-06-20 18:15:00;2026-06-20 18:20:16;"1F";8,9;10,3;-1,4;0
2026-06-20 18:30:00;2026-06-20 18:35:16;"1F";8,6;10,2;-1,6;0
2026-06-20 18:45:00;2026-06-20 18:50:16;"1F";8,3;10,1;-1,8;0
2026-06-20 19:00:00;2026-06-20 19:05:15;"1F";8,1;9,9;-1,8;0
2026-06-20 19:15:00;2026-06-20 19:20:14;"1F";8;9,9;-1,9;0
2026-06-20 19:30:00;2026-06-20 19:35:16;"1F";8,1;9,9;-1,8;0
2026-06-20 19:45:00;2026-06-20 19:50:14;"1F";8,3;10,1;-1,8;0
2026-06-20 20:00:00;2026-06-20 20:05:13;"1F";8,8;10,5;-1,7;0
2026-06-20 20:15:00;2026-06-20 20:20:12;"1F";9,1;10,4;-1,3;0
2026-06-20 20:30:00;2026-06-20 20:35:11;"1F";9,1;10,4;-1,3;0
2026-06-20 20:45:00;2026-06-20 20:50:11;"1F";9,3;10,3;-1;0
2026-06-20 21:00:00;2026-06-20 21:05:10;"1F_SUSPEITO";9,4;10,3;-0,9;0
2026-06-20 21:15:00;2026-06-20 21:20:09;"1F";9,3;10,3;-1;0
2026-06-20 21:30:00;2026-06-20 21:35:09;"1F";8,2;9,9;-1,7;0
2026-06-20 21:45:00;2026-06-20 21:50:09;"1F";8;9,9;-1,9;0
2026-06-20 22:00:00;2026-06-20 22:05:08;"1F";7,6;9,2;-1,6;0
2026-06-20 22:15:00;2026-06-20 22:20:07;"1F";7,5;9,2;-1,7;0
2026-06-20 22:30:00;2026-06-20 22:35:07;"1F";8,7;9,9;-1,2;0
2026-06-20 22:45:00;2026-06-20 22:50:06;"1F";9,1;9,9;-0,800000000000001;0,031
2026-06-20 23:00:00;2026-06-20 23:05:06;"1F";9,1;9,9;-0,800000000000001;0
2026-06-20 23:15:00;2026-06-20 23:20:06;"1F";8,6;9,7;-1,1;0
2026-06-20 23:30:00;2026-06-20 23:35:04;"1F";8,2;9,5;-1,3;0
2026-06-20 23:45:00;2026-06-20 23:50:04;"1F";7,9;9,7;-1,8;0
2026-06-21;2026-06-21 00:05:04;"1F";8,4;9,7;-1,3;0
2026-06-21 00:30:00;2026-06-21 00:35:03;"1F";8,4;9,6;-1,2;0
2026-06-21 00:45:00;2026-06-21 00:50:02;"1F";8,6;9,6;-1;0
2026-06-21 01:00:00;2026-06-21 01:05:02;"1F";8,9;9,7;-0,799999999999999;0
2026-06-21 01:15:00;2026-06-21 01:20:01;"1F";8,3;9,3;-1;0
2026-06-21 01:30:00;2026-06-21 01:35:01;"1F";7,7;9,2;-1,5;0
2026-06-21 01:45:00;2026-06-21 01:50:00;"1F";7,6;9,1;-1,5;0
2026-06-21 02:00:00;2026-06-21 02:05:00;"1F";7,1;8,9;-1,8;0
2026-06-21 02:15:00;2026-06-21 02:19:59;"1F";6,7;8,6;-1,9;0
2026-06-21 02:30:00;2026-06-21 02:34:58;"1F";6,6;8,4;-1,8;0
2026-06-21 02:45:00;2026-06-21 02:49:59;"1F";6,1;8,3;-2,2;0
2026-06-21 03:00:00;2026-06-21 03:04:57;"1F";6,1;8,1;-2;0
2026-06-21 03:15:00;2026-06-21 03:19:56;"1F";5,8;7,9;-2,1;0
2026-06-21 03:30:00;2026-06-21 03:34:56;"1F";5,7;7,6;-1,9;0
2026-06-21 03:45:00;2026-06-21 03:49:56;"1F";5,5;7,4;-1,9;0
2026-06-21 04:00:00;2026-06-21 04:04:56;"1F";5,4;7,7;-2,3;0
2026-06-21 04:15:00;2026-06-21 04:19:55;"1F";7,4;8,9;-1,5;0
2026-06-21 04:30:00;2026-06-21 04:34:54;"1F";8,4;9,1;-0,699999999999999;0,031
2026-06-21 04:45:00;2026-06-21 04:49:54;"1F";8,7;9,3;-0,600000000000001;0
2026-06-21 05:00:00;2026-06-21 05:04:53;"1F";8,9;9,4;-0,5;0,062
2026-06-21 05:15:00;2026-06-21 05:19:53;"1F";9,1;9,6;-0,5;0
2026-06-21 05:30:00;2026-06-21 05:34:54;"1F";9,3;9,7;-0,399999999999999;0
2026-06-21 05:45:00;2026-06-21 05:49:51;"1F";9,3;9,8;-0,5;0
2026-06-21 06:00:00;2026-06-21 06:04:53;"1F";9,3;9,8;-0,5;0
2026-06-21 06:15:00;2026-06-21 06:19:53;"1F_SUSPEITO";9,4;9,9;-0,5;0,031
2026-06-21 06:30:00;2026-06-21 06:34:50;"1F";9,4;9,9;-0,5;0,031
2026-06-21 06:45:00;2026-06-21 06:49:50;"1F";9,4;9,9;-0,5;0
2026-06-21 07:00:00;2026-06-21 07:04:49;"1F";9,4;9,9;-0,5;0,499
2026-06-21 07:15:00;2026-06-21 07:19:48;"1F";9,4;10;-0,6;2,65
2026-06-21 07:30:00;2026-06-21 07:34:48;"1F";9,6;10;-0,4;8,95
2026-06-21 07:45:00;2026-06-21 07:49:47;"1F";9,9;10,2;-0,299999999999999;22,82
2026-06-21 08:00:00;2026-06-21 08:04:47;"1F";10,1;10,3;-0,200000000000001;38,56
2026-06-21 08:15:00;2026-06-21 08:19:46;"1F";11,5;11,4;0,0999999999999996;118,3
2026-06-21 08:30:00;2026-06-21 08:34:46;"1F";13,9;11,7;2,2;226,6
2026-06-21 08:45:00;2026-06-21 08:49:46;"1F";14;11,9;2,1;179,1
2026-06-21 09:00:00;2026-06-21 09:04:45;"1F";13,5;11,7;1,8;118,7
2026-06-21 09:15:00;2026-06-21 09:19:45;"1F";14,5;12,1;2,4;220,5
2026-06-21 09:45:00;2026-06-21 09:49:50;"1F";22,4;13,3;9,1;343,1
2026-06-21 10:00:00;2026-06-21 10:04:43;"1F";21,2;12,6;8,6;280,1
2026-06-21 10:15:00;2026-06-21 10:19:42;"1F";19,5;12,6;6,9;230,5
2026-06-21 10:30:00;2026-06-21 10:34:42;"1F";18,8;12,4;6,4;175,7
2026-06-21 10:45:00;2026-06-21 10:49:41;"1F";25,7;13,6;12,1;537,3
2026-06-21 11:00:00;2026-06-21 11:04:41;"1F";24,3;13,1;11,2;363,9
2026-06-21 11:15:00;2026-06-21 11:19:40;"1F";26,2;14,6;11,6;485,9
2026-06-21 11:30:00;2026-06-21 11:34:40;"1F";28,7;15,4;13,3;521
2026-06-21 11:45:00;2026-06-21 11:49:39;"1F";28,8;15,5;13,3;548,6
2026-06-21 12:00:00;2026-06-21 12:04:38;"1F";28,7;15,4;13,3;558,7
2026-06-21 12:15:00;2026-06-21 12:19:38;"1F";29;15,6;13,4;562,2
2026-06-21 12:30:00;2026-06-21 12:34:40;"1F";30;16,2;13,8;562,6
2026-06-21 12:45:00;2026-06-21 12:49:39;"1F";30,1;16,5;13,6;557,9
2026-06-21 13:00:00;2026-06-21 13:04:36;"1F";29,4;17;12,4;550,7
2026-06-21 13:15:00;2026-06-21 13:19:35;"1F";29,8;17,2;12,6;539,1
2026-06-21 13:30:00;2026-06-21 13:34:34;"1F";31,3;17,8;13,5;527,3
2026-06-21 13:45:00;2026-06-21 13:49:34;"1F";30,9;17,8;13,1;514
2026-06-21 14:00:00;2026-06-21 14:04:34;"1F";31,1;18,6;12,5;496,5
2026-06-21 14:30:00;2026-06-21 14:34:32;"1F";33,4;19,5;13,9;449
2026-06-21 14:45:00;2026-06-21 14:49:32;"1F";32,6;18,9;13,7;417,1
2026-06-21 15:00:00;2026-06-21 15:04:35;"1F";33,1;19,1;14;387,2
2026-06-21 15:15:00;2026-06-21 15:19:30;"1F";33,6;20,2;13,4;356,2
2026-06-21 15:30:00;2026-06-21 15:34:30;"1F";33,3;20,2;13,1;319,5
2026-06-21 15:45:00;2026-06-21 15:49:29;"1F";31,8;19,3;12,5;282,2
2026-06-21 16:00:00;2026-06-21 16:04:29;"1F";30,1;19;11,1;242,2
2026-06-21 16:15:00;2026-06-21 16:19:28;"1F";28,6;18,8;9,8;199,9
2026-06-21 16:30:00;2026-06-21 16:34:27;"1F";28;18,8;9,2;159,7
2026-06-21 16:45:00;2026-06-21 16:49:26;"1F";25,6;18,2;7,4;121,7
2026-06-21 17:00:00;2026-06-21 17:04:26;"1F";24,2;17,8;6,4;83,3
2026-06-21 17:15:00;2026-06-21 17:19:25;"1F";21,1;16,6;4,5;43,16
2026-06-21 17:30:00;2026-06-21 17:34:24;"1F";18,1;16;2,1;17,27
2026-06-21 17:45:00;2026-06-21 17:49:24;"1F";14,4;15,4;-1;4,303
2026-06-21 18:00:00;2026-06-21 18:04:25;"1F";13,3;14,9;-1,6;0,499
2026-06-21 18:30:00;2026-06-21 18:34:23;"1F";12,1;13,8;-1,7;0
2026-06-21 18:45:00;2026-06-21 18:49:21;"1F";11,8;13,4;-1,6;0
2026-06-21 19:00:00;2026-06-21 19:04:23;"1F";11,5;13,1;-1,6;0
2026-06-21 19:15:00;2026-06-21 19:19:21;"1F";11,3;12,8;-1,5;0
2026-06-21 19:30:00;2026-06-21 19:34:20;"1F";10,9;12,4;-1,5;0
2026-06-21 19:45:00;2026-06-21 19:49:19;"1F";10,6;12,2;-1,6;0
2026-06-21 20:00:00;2026-06-21 20:04:19;"1F";10,4;12;-1,6;0
2026-06-21 20:15:00;2026-06-21 20:19:21;"1F";10,8;12;-1,2;0
2026-06-21 20:30:00;2026-06-21 20:34:24;"1F";10,9;12;-1,1;0
2026-06-21 20:45:00;2026-06-21 20:49:17;"1F";11,2;11,8;-0,600000000000001;0
2026-06-21 21:00:00;2026-06-21 21:04:16;"1F";10,7;11,6;-0,9;0
2026-06-21 21:15:00;2026-06-21 21:19:18;"1F";9,8;11,3;-1,5;0
2026-06-21 21:30:00;2026-06-21 21:34:15;"1F";9,3;11,2;-1,9;0
2026-06-21 21:45:00;2026-06-21 21:49:15;"1F";9,5;11,4;-1,9;0
2026-06-21 22:00:00;2026-06-21 22:04:14;"1F";9,6;11,4;-1,8;0
2026-06-21 22:15:00;2026-06-21 22:19:14;"1F";9,1;11,2;-2,1;0
2026-06-21 22:30:00;2026-06-21 22:34:15;"1F";8,5;10,8;-2,3;0
2026-06-21 22:45:00;2026-06-21 22:49:13;"1F";8,1;10,4;-2,3;0
2026-06-21 23:00:00;2026-06-21 23:04:12;"1F";7,8;10,3;-2,5;0
2026-06-21 23:15:00;2026-06-21 23:19:11;"1F";7,8;10,2;-2,4;0
2026-06-21 23:30:00;2026-06-21 23:34:11;"1F";7,5;9,9;-2,4;0
2026-06-21 23:45:00;2026-06-21 23:49:10;"1F";7,3;9,7;-2,4;0
2026-06-22;2026-06-22 00:04:12;"1F";7,3;9,7;-2,4;0
2026-06-22 00:15:00;2026-06-22 00:19:09;"1F";6,9;9;-2,1;0
2026-06-22 00:30:00;2026-06-22 00:34:12;"1F";6,2;8,4;-2,2;0
2026-06-22 00:45:00;2026-06-22 00:49:08;"1F";5,5;8,1;-2,6;0
2026-06-22 01:00:00;2026-06-22 01:04:08;"1F";6;9;-3;0
2026-06-22 01:15:00;2026-06-22 01:19:07;"1F";6,7;9,3;-2,6;0
2026-06-22 01:30:00;2026-06-22 01:34:06;"1F";7,1;9,1;-2;0
2026-06-22 01:45:00;2026-06-22 01:49:06;"1F";6,6;8,7;-2,1;0
2026-06-22 02:00:00;2026-06-22 02:04:08;"1F";6,7;9;-2,3;0
2026-06-22 02:15:00;2026-06-22 02:19:04;"1F";6,6;8,7;-2,1;0
2026-06-22 02:30:00;2026-06-22 02:34:07;"1F";6,8;8,7;-1,9;0
2026-06-22 02:45:00;2026-06-22 02:49:04;"1F";6,7;8,6;-1,9;0
2026-06-22 03:00:00;2026-06-22 03:04:03;"1F";6,4;8,1;-1,7;0
2026-06-22 03:15:00;2026-06-22 03:19:03;"1F";5,9;8,1;-2,2;0
2026-06-22 03:30:00;2026-06-22 03:34:03;"1F";5,8;8;-2,2;0
2026-06-22 03:45:00;2026-06-22 03:49:02;"1F";5,9;8,1;-2,2;0
2026-06-22 04:00:00;2026-06-22 04:04:01;"1F";6,1;8;-1,9;0
2026-06-22 04:15:00;2026-06-22 04:19:00;"1F";6,1;7,8;-1,7;0
2026-06-22 04:30:00;2026-06-22 04:34:00;"1F";6,1;7,8;-1,7;0
2026-06-22 04:45:00;2026-06-22 04:48:59;"1F";6;7,7;-1,7;0
2026-06-22 05:00:00;2026-06-22 05:03:59;"1F";6;7,7;-1,7;0
2026-06-22 05:15:00;2026-06-22 05:18:59;"1F";6,1;7,8;-1,7;0,031
2026-06-22 05:30:00;2026-06-22 05:33:58;"1F";6;7,6;-1,6;0
2026-06-22 05:45:00;2026-06-22 05:48:57;"1F";5,5;7,3;-1,8;0
2026-06-22 06:00:00;2026-06-22 06:03:57;"1F";5,4;7;-1,6;0
2026-06-22 06:15:00;2026-06-22 06:18:57;"1F";5,3;7,1;-1,8;0
2026-06-22 06:30:00;2026-06-22 06:33:56;"1F";5,4;7,6;-2,2;0
2026-06-22 06:45:00;2026-06-22 06:48:55;"1F";5,4;7,3;-1,9;0
2026-06-22 07:00:00;2026-06-22 07:03:55;"1F";5,2;6,8;-1,6;1,528
2026-06-22 07:15:00;2026-06-22 07:18:54;"1F";5,2;6,9;-1,7;4,396
2026-06-22 07:30:00;2026-06-22 07:33:53;"1F";6,3;8,1;-1,8;13,25
2026-06-22 07:45:00;2026-06-22 07:48:53;"1F";7,5;8,8;-1,3;22,35
2026-06-22 08:00:00;2026-06-22 08:03:52;"1F";10,2;10,3;-0,100000000000001;88,3
2026-06-22 08:15:00;2026-06-22 08:18:53;"1F";11,7;11,2;0,5;145,7
2026-06-22 08:30:00;2026-06-22 08:33:51;"1F";12,5;12,7;-0,199999999999999;190,7
2026-06-22 08:45:00;2026-06-22 08:48:51;"1F";13,2;13,6;-0,4;201,1
2026-06-22 09:00:00;2026-06-22 09:03:52;"1F";14,9;14,6;0,300000000000001;205
2026-06-22 09:15:00;2026-06-22 09:18:53;"1F";17,9;15,6;2,3;251,1
2026-06-22 09:30:00;2026-06-22 09:33:58;"1F_SUSPEITO";20,3;16,2;4,1;249,7
2026-06-22 09:45:00;2026-06-22 09:48:49;"1F";23,3;17,7;5,6;293,1
2026-06-22 10:15:00;2026-06-22 10:18:56;"1F";24,9;18,8;6,1;312,7
2026-06-22 10:45:00;2026-06-22 10:48:49;"1F_SUSPEITO";25,6;19,9;5,7;403,1
2026-06-22 11:30:00;2026-06-22 11:34:06;"1F_SUSPEITO";26,7;20,6;6,1;455,7
2026-06-22 11:45:00;2026-06-22 11:48:44;"1F_SUSPEITO";27,1;20,8;6,3;498,3
2026-06-22 12:00:00;2026-06-22 12:03:47;"1F";27,6;20,8;6,8;508,4
2026-06-22 12:15:00;2026-06-22 12:18:43;"1F";27,7;20,9;6,8;506,1
2026-06-22 12:30:00;2026-06-22 12:33:45;"1F";28,1;21,3;6,8;523,9
2026-06-22 12:45:00;2026-06-22 12:48:43;"1F";28,7;21,8;6,9;540,1
2026-06-22 13:45:00;2026-06-22 13:48:43;"1F_SUSPEITO";27,4;22,3;5,1;333,3
2026-06-22 14:00:00;2026-06-22 14:03:40;"1F_SUSPEITO";27,8;22,7;5,1;322,3
2026-06-22 15:00:00;2026-06-22 15:03:37;"1F_SUSPEITO";23,2;21,7;1,5;161,8
2026-06-22 16:00:00;2026-06-22 16:03:35;"1F_SUSPEITO";20,6;20,5;0,100000000000001;26,1
2026-06-22 17:15:00;2026-06-22 17:18:33;"1F";16,5;17,4;-0,899999999999999;2,12
2026-06-22 17:30:00;2026-06-22 17:33:31;"1F";16,2;17,1;-0,900000000000002;0,094
2026-06-22 17:45:00;2026-06-22 17:48:33;"1F";16;17,3;-1,3;0,094
2026-06-22 18:00:00;2026-06-22 18:03:30;"1F";15,9;17,3;-1,4;0,031
2026-06-22 18:15:00;2026-06-22 18:18:30;"1F";16;17,6;-1,6;0
2026-06-22 18:30:00;2026-06-22 18:33:29;"1F";16,2;17,9;-1,7;0
2026-06-22 18:45:00;2026-06-22 18:48:30;"1F";16,3;18;-1,7;0
2026-06-22 19:00:00;2026-06-22 19:03:29;"1F_SUSPEITO";16,4;18,3;-1,9;0
2026-06-22 19:15:00;2026-06-22 19:18:26;"1F";16,7;18,4;-1,7;0
2026-06-22 19:30:00;2026-06-22 19:33:26;"1F";16,9;18,6;-1,7;0
2026-06-22 19:45:00;2026-06-22 19:48:28;"1F";16,9;18,5;-1,6;0
2026-06-22 20:00:00;2026-06-22 20:03:28;"1F";16,9;18,3;-1,4;0
2026-06-22 20:15:00;2026-06-22 20:18:30;"1F_SUSPEITO";16,9;18,1;-1,2;0
2026-06-22 20:30:00;2026-06-22 20:33:24;"1F";16,9;18,1;-1,2;0
2026-06-22 20:45:00;2026-06-22 20:48:26;"1F_SUSPEITO";16,7;17,7;-1;0
2026-06-22 21:00:00;2026-06-22 21:03:22;"1F";16,5;17,6;-1,1;0
2026-06-22 21:15:00;2026-06-22 21:18:22;"1F";16,3;17,5;-1,2;0
2026-06-22 21:30:00;2026-06-22 21:33:22;"1F";16,1;17,4;-1,3;0
2026-06-22 21:45:00;2026-06-22 21:48:21;"1F";16;17,2;-1,2;0
2026-06-22 22:00:00;2026-06-22 22:03:20;"1F";15,9;16,9;-0,999999999999998;0
2026-06-22 22:30:00;2026-06-22 22:33:19;"1F";15,6;16,5;-0,9;0
2026-06-22 22:45:00;2026-06-22 22:48:18;"1F";15,6;16,5;-0,9;0
2026-06-22 23:00:00;2026-06-22 23:03:18;"1F";15,7;16,6;-0,900000000000002;0
2026-06-22 23:15:00;2026-06-22 23:18:17;"1F";15,6;16,5;-0,9;0
2026-06-22 23:30:00;2026-06-22 23:33:17;"1F";15,1;16,2;-1,1;0
2026-06-22 23:45:00;2026-06-22 23:48:16;"1F";14,8;16;-1,2;0
2026-06-23;2026-06-23 00:03:16;"1F";14,6;15,8;-1,2;0
2026-06-23 00:15:00;2026-06-23 00:18:15;"1F";14,4;15,7;-1,3;0
2026-06-23 00:30:00;2026-06-23 00:33:15;"1F";14,5;15,7;-1,2;0,031
2026-06-23 00:45:00;2026-06-23 00:48:14;"1F";14,8;15,7;-0,899999999999999;0
2026-06-23 01:00:00;2026-06-23 01:03:13;"1F";14,4;14,9;-0,5;0
2026-06-23 01:15:00;2026-06-23 01:18:13;"1F";13,8;14,4;-0,6;0
2026-06-23 01:30:00;2026-06-23 01:33:13;"1F";13,4;14,1;-0,699999999999999;0
2026-06-23 01:45:00;2026-06-23 01:48:12;"1F";13,2;13,9;-0,700000000000001;0
2026-06-23 02:00:00;2026-06-23 02:03:12;"1F";13,1;13,8;-0,700000000000001;0
2026-06-23 02:15:00;2026-06-23 02:18:11;"1F";12,9;13,6;-0,699999999999999;0
2026-06-23 02:30:00;2026-06-23 02:33:10;"1F_SUSPEITO";12,8;13,5;-0,699999999999999;0
2026-06-23 02:45:00;2026-06-23 02:48:11;"1F";12,7;13,2;-0,5;0
2026-06-23 03:00:00;2026-06-23 03:03:11;"1F";12,4;13,2;-0,799999999999999;0
2026-06-23 03:15:00;2026-06-23 03:18:09;"1F";12,4;13,1;-0,699999999999999;0
2026-06-23 03:30:00;2026-06-23 03:33:08;"1F";12,4;13;-0,6;0
2026-06-23 03:45:00;2026-06-23 03:48:07;"1F";12,3;12,9;-0,6;0
2026-06-23 04:00:00;2026-06-23 04:03:07;"1F";12,2;12,8;-0,600000000000001;0
2026-06-23 04:15:00;2026-06-23 04:18:06;"1F";12,2;12,8;-0,600000000000001;0
2026-06-23 04:30:00;2026-06-23 04:33:06;"1F";12,1;12,7;-0,6;0
2026-06-23 04:45:00;2026-06-23 04:48:25;"1F";12;12,4;-0,4;0
2026-06-23 05:00:00;2026-06-23 05:03:05;"1F";11,7;12,2;-0,5;0
2026-06-23 05:15:00;2026-06-23 05:18:04;"1F";11,5;12,1;-0,6;0
2026-06-23 05:30:00;2026-06-23 05:33:04;"1F";11,4;11,9;-0,5;0
2026-06-23 05:45:00;2026-06-23 05:48:06;"1F";11,3;11,8;-0,5;0
2026-06-23 06:00:00;2026-06-23 06:03:02;"1F";11,3;11,7;-0,399999999999999;0
2026-06-23 06:15:00;2026-06-23 06:18:01;"1F";11,1;11,5;-0,4;0
2026-06-23 06:30:00;2026-06-23 06:33:01;"1F";11;11,4;-0,4;0
2026-06-23 06:45:00;2026-06-23 06:48:00;"1F";10,8;11,3;-0,5;0
2026-06-23 07:00:00;2026-06-23 07:03:02;"1F";10,7;11,1;-0,4;0
2026-06-23 07:15:00;2026-06-23 07:18:01;"1F";10,6;11,1;-0,5;0,904
2026-06-23 07:30:00;2026-06-23 07:33:10;"1F";10,6;11,1;-0,5;2,931
2026-06-23 07:45:00;2026-06-23 07:47:58;"1F";10,7;11;-0,300000000000001;8,6
2026-06-23 08:00:00;2026-06-23 08:02:57;"1F";10,9;11;-0,0999999999999996;16,8
2026-06-23 08:15:00;2026-06-23 08:17:57;"1F";11;11;0;16,15
2026-06-23 09:00:00;2026-06-23 09:03:00;"1F_SUSPEITO";11,9;11;0,9;51,44
2026-06-23 10:00:00;2026-06-23 10:02:58;"1F_SUSPEITO";12,7;11,1;1,6;57,3
2026-06-23 10:30:00;2026-06-23 10:32:55;"1F";12,8;11,2;1,6;59,14
2026-06-23 10:45:00;2026-06-23 10:47:52;"1F";13,4;11,3;2,1;69,43
2026-06-23 11:00:00;2026-06-23 11:02:51;"1F";13,7;11,5;2,2;77,57
2026-06-23 11:15:00;2026-06-23 11:17:52;"1F";14,6;11,4;3,2;109,7
2026-06-23 11:30:00;2026-06-23 11:32:50;"1F";13,8;11,3;2,5;88,9
2026-06-23 11:45:00;2026-06-23 11:47:49;"1F";14,8;11,8;3;126,8
2026-06-23 12:00:00;2026-06-23 12:02:53;"1F";14,5;11,4;3,1;86,8
2026-06-23 12:45:00;2026-06-23 12:47:51;"1F";14,8;11,3;3,5;118,7
2026-06-23 13:00:00;2026-06-23 13:02:46;"1F";14;11,3;2,7;86
2026-06-23 13:15:00;2026-06-23 13:17:46;"1F";13,6;11,3;2,3;89
2026-06-23 13:30:00;2026-06-23 13:32:45;"1F";13;11,1;1,9;69,71
2026-06-23 13:45:00;2026-06-23 13:47:44;"1F";12,9;11,1;1,8;69,18
2026-06-23 14:00:00;2026-06-23 14:02:45;"1F";13,3;11,3;2;88
2026-06-23 14:15:00;2026-06-23 14:17:43;"1F";14,5;11,3;3,2;91
2026-06-23 14:30:00;2026-06-23 14:32:43;"1F";13;11,1;1,9;43,93
2026-06-23 14:45:00;2026-06-23 14:47:42;"1F";12,6;11,1;1,5;50,35
2026-06-23 15:00:00;2026-06-23 15:02:41;"1F";12,4;11,1;1,3;58,77
2026-06-23 15:15:00;2026-06-23 15:17:43;"1F";12,9;11;1,9;88,3
2026-06-23 15:30:00;2026-06-23 15:32:40;"1F";12,6;11;1,6;56,9
2026-06-23 15:45:00;2026-06-23 15:47:40;"1F";11,8;10,9;0,9;36,41
2026-06-23 16:00:00;2026-06-23 16:02:39;"1F";11,4;10,8;0,6;27,65
2026-06-23 16:15:00;2026-06-23 16:17:39;"1F";11,2;10,7;0,5;30,43
2026-06-23 16:30:00;2026-06-23 16:32:38;"1F";11;10,7;0,300000000000001;25,63
2026-06-23 16:45:00;2026-06-23 16:47:37;"1F";11;10,7;0,300000000000001;32,05
2026-06-23 17:00:00;2026-06-23 17:02:37;"1F";10,8;10,6;0,200000000000001;20,67
2026-06-23 17:15:00;2026-06-23 17:17:36;"1F";10,3;10,5;-0,199999999999999;12,53
2026-06-23 17:30:00;2026-06-23 17:32:35;"1F";9,8;10,4;-0,6;6,235
2026-06-23 17:45:00;2026-06-23 17:47:35;"1F";9;10,1;-1,1;0,624
2026-06-23 18:00:00;2026-06-23 18:02:34;"1F";8,4;9,9;-1,5;0
2026-06-23 18:15:00;2026-06-23 18:17:34;"1F";8,3;10;-1,7;0
2026-06-23 18:30:00;2026-06-23 18:32:33;"1F";9,1;10,2;-1,1;0
2026-06-23 18:45:00;2026-06-23 18:47:33;"1F";9,6;10,3;-0,700000000000001;0
2026-06-23 19:00:00;2026-06-23 19:02:32;"1F";9,8;10,4;-0,6;0
2026-06-23 19:15:00;2026-06-23 19:17:32;"1F";9,8;10,4;-0,6;0
2026-06-23 19:30:00;2026-06-23 19:32:31;"1F";9,8;10,4;-0,6;0
2026-06-23 19:45:00;2026-06-23 19:47:31;"1F";9,8;10,2;-0,399999999999999;0
2026-06-23 20:00:00;2026-06-23 20:02:30;"1F";9,6;10,1;-0,5;0
2026-06-23 20:15:00;2026-06-23 20:17:30;"1F";9,5;10;-0,5;0
2026-06-23 20:30:00;2026-06-23 20:32:29;"1F";9,3;9,7;-0,399999999999999;0
2026-06-23 20:45:00;2026-06-23 20:47:28;"1F";9,2;9,6;-0,4;0
2026-06-23 21:00:00;2026-06-23 21:02:28;"1F";9,1;9,6;-0,5;0
2026-06-23 21:15:00;2026-06-23 21:17:27;"1F";8,8;9,4;-0,6;0
2026-06-23 21:30:00;2026-06-23 21:32:27;"1F";8,6;9,4;-0,800000000000001;0
2026-06-23 21:45:00;2026-06-23 21:47:29;"1F";8,8;9,5;-0,699999999999999;0
2026-06-23 22:00:00;2026-06-23 22:02:26;"1F";8,9;9,5;-0,6;0
2026-06-23 22:15:00;2026-06-23 22:17:25;"1F";8,9;9,5;-0,6;0
2026-06-23 22:30:00;2026-06-23 22:32:28;"1F";8,9;9,6;-0,699999999999999;0
2026-06-23 22:45:00;2026-06-23 22:47:24;"1F";9;9,6;-0,6;0
2026-06-23 23:00:00;2026-06-23 23:02:24;"1F";9;9,6;-0,6;0
2026-06-23 23:15:00;2026-06-23 23:17:23;"1F";9;9,6;-0,6;0
2026-06-23 23:30:00;2026-06-23 23:32:25;"1F";9;9,5;-0,5;0
2026-06-23 23:45:00;2026-06-23 23:47:22;"1F";8,9;9,4;-0,5;0
2026-06-24;2026-06-24 00:02:22;"1F";8,9;9,4;-0,5;0
2026-06-24 00:15:00;2026-06-24 00:17:23;"1F";8,8;9,3;-0,5;0
2026-06-24 00:30:00;2026-06-24 00:32:21;"1F";8,8;9,3;-0,5;0
2026-06-24 00:45:00;2026-06-24 00:47:20;"1F";8,8;9,2;-0,399999999999999;0
2026-06-24 01:00:00;2026-06-24 01:02:19;"1F";8,8;9,2;-0,399999999999999;0
2026-06-24 01:15:00;2026-06-24 01:17:19;"1F";8,7;9,1;-0,4;0
2026-06-24 01:30:00;2026-06-24 01:32:18;"1F";8,4;8,8;-0,4;0
2026-06-24 01:45:00;2026-06-24 01:47:19;"1F";8,1;8,4;-0,300000000000001;0
2026-06-24 02:00:00;2026-06-24 02:02:23;"1F_SUSPEITO";7,8;8;-0,2;0
2026-06-24 02:15:00;2026-06-24 02:17:19;"1F";7,3;7,5;-0,2;0
2026-06-24 02:30:00;2026-06-24 02:32:16;"1F";6,9;7,3;-0,399999999999999;0
2026-06-24 02:45:00;2026-06-24 02:47:16;"1F";6,6;6,8;-0,2;0
2026-06-24 03:00:00;2026-06-24 03:02:16;"1F";6,3;6,7;-0,4;0
2026-06-24 03:15:00;2026-06-24 03:17:15;"1F";6,3;6,6;-0,3;0
2026-06-24 03:30:00;2026-06-24 03:32:14;"1F";6,1;6,1;0;0
2026-06-24 03:45:00;2026-06-24 03:47:13;"1F";5,4;5,8;-0,399999999999999;0
2026-06-24 04:00:00;2026-06-24 04:02:13;"1F";5,3;5,9;-0,600000000000001;0
2026-06-24 04:15:00;2026-06-24 04:17:12;"1F";5,3;6;-0,7;0
2026-06-24 04:30:00;2026-06-24 04:32:12;"1F";5,3;6;-0,7;0
2026-06-24 04:45:00;2026-06-24 04:47:11;"1F";5,3;6,1;-0,8;0
2026-06-24 05:00:00;2026-06-24 05:02:11;"1F";5,3;6,2;-0,9;0
2026-06-24 05:15:00;2026-06-24 05:17:10;"1F";5,4;6,3;-0,899999999999999;0
2026-06-24 05:30:00;2026-06-24 05:32:09;"1F";5,4;6,3;-0,899999999999999;0
2026-06-24 05:45:00;2026-06-24 05:47:09;"1F";5,3;6,3;-1;0
2026-06-24 06:00:00;2026-06-24 06:02:08;"1F";5,4;6,3;-0,899999999999999;0
2026-06-24 06:15:00;2026-06-24 06:17:08;"1F";5,4;6,3;-0,899999999999999;0
2026-06-24 06:30:00;2026-06-24 06:32:07;"1F";5,4;6,3;-0,899999999999999;0
2026-06-24 06:45:00;2026-06-24 06:47:07;"1F";5,5;6,4;-0,9;0
2026-06-24 07:00:00;2026-06-24 07:02:06;"1F";5,6;6,3;-0,7;0
2026-06-24 07:15:00;2026-06-24 07:17:06;"1F";5,6;6,4;-0,800000000000001;0,125
2026-06-24 07:30:00;2026-06-24 07:32:05;"1F";5,9;6,5;-0,6;5,206
2026-06-24 07:45:00;2026-06-24 07:47:05;"1F";6,1;6,4;-0,300000000000001;12,81
2026-06-24 08:00:00;2026-06-24 08:02:04;"1F";6,6;6,5;0,0999999999999996;28,12
2026-06-24 08:15:00;2026-06-24 08:17:03;"1F";7,1;6,7;0,399999999999999;36,76
2026-06-24 08:30:00;2026-06-24 08:32:05;"1F";7,5;6,9;0,6;37,72
2026-06-24 08:45:00;2026-06-24 08:47:02;"1F";8,2;7,2;0,999999999999999;56,18
2026-06-24 10:30:00;2026-06-24 10:32:04;"1F_SUSPEITO";13,4;8,5;4,9;192,7
2026-06-24 12:00:00;2026-06-24 12:01:56;"1F";12,8;8,4;4,4;138,7
2026-06-24 12:15:00;2026-06-24 12:16:55;"1F";11,7;8,4;3,3;127,3
2026-06-24 12:30:00;2026-06-24 12:31:55;"1F";11,7;8,5;3,2;131,8
2026-06-24 12:45:00;2026-06-24 12:46:54;"1F";12,7;8,5;4,2;163,2
2026-06-24 13:30:00;2026-06-24 13:31:58;"1F";12,1;8,5;3,6;124,2
2026-06-24 14:00:00;2026-06-24 14:01:51;"1F";11;8,6;2,4;94,2
2026-06-24 14:15:00;2026-06-24 14:16:52;"1F";12,3;8,8;3,5;134,4
2026-06-24 17:45:00;2026-06-24 17:46:43;"1F";8,4;8,9;-0,5;9,6
2026-06-24 18:00:00;2026-06-24 18:01:42;"1F";6,2;8,1;-1,9;1,154
2026-06-24 18:15:00;2026-06-24 18:16:41;"1F";4,6;7,6;-3;0
2026-06-24 18:30:00;2026-06-24 18:31:41;"1F";3,8;6,7;-2,9;0
2026-06-24 18:45:00;2026-06-24 18:46:41;"1F";3,2;6,2;-3;0
2026-06-24 19:00:00;2026-06-24 19:01:40;"1F";2,8;5,8;-3;0
2026-06-24 19:15:00;2026-06-24 19:16:39;"1F";3;6,3;-3,3;0
2026-06-24 19:30:00;2026-06-24 19:31:38;"1F";2,9;5,9;-3;0
2026-06-24 19:45:00;2026-06-24 19:46:38;"1F";2,8;5,8;-3;0
2026-06-24 20:00:00;2026-06-24 20:01:37;"1F";2,4;5,2;-2,8;0
2026-06-24 20:15:00;2026-06-24 20:16:42;"1F_SUSPEITO";2,3;5,3;-3;0
2026-06-24 20:30:00;2026-06-24 20:31:36;"1F";2,5;6,1;-3,6;0
2026-06-24 20:45:00;2026-06-24 20:46:36;"1F";2,9;6,3;-3,4;0
2026-06-24 21:00:00;2026-06-24 21:01:35;"1F";3;6,1;-3,1;0
2026-06-24 21:15:00;2026-06-24 21:16:35;"1F";2,9;5,7;-2,8;0
2026-06-24 21:30:00;2026-06-24 21:31:34;"1F";2,9;5,7;-2,8;0
2026-06-24 21:45:00;2026-06-24 21:46:34;"1F";2,9;5,5;-2,6;0
2026-06-24 22:00:00;2026-06-24 22:01:34;"1F";2,8;5,4;-2,6;0
2026-06-24 22:15:00;2026-06-24 22:16:33;"1F";3,3;5,8;-2,5;0
2026-06-24 22:30:00;2026-06-24 22:31:32;"1F";3,6;6,2;-2,6;0
2026-06-24 22:45:00;2026-06-24 22:46:32;"1F";3,5;6;-2,5;0
2026-06-24 23:00:00;2026-06-24 23:01:31;"1F";3,4;6;-2,6;0
2026-06-24 23:15:00;2026-06-24 23:16:30;"1F";3,5;6,1;-2,6;0
2026-06-24 23:30:00;2026-06-24 23:31:31;"1F";3,3;5,8;-2,5;0
2026-06-24 23:45:00;2026-06-24 23:46:29;"1F";3,3;5,7;-2,4;0
2026-06-25;2026-06-25 00:01:29;"1F";3,4;5,5;-2,1;0
2026-06-25 00:15:00;2026-06-25 00:16:28;"1F";3,4;5,3;-1,9;0
2026-06-25 00:30:00;2026-06-25 00:31:28;"1F";3,4;5,3;-1,9;0
2026-06-25 00:45:00;2026-06-25 00:46:27;"1F";3,2;5,1;-1,9;0
2026-06-25 01:00:00;2026-06-25 01:01:26;"1F";3;4,9;-1,9;0
2026-06-25 01:15:00;2026-06-25 01:16:26;"1F";2,9;4,9;-2;0
2026-06-25 01:30:00;2026-06-25 01:31:25;"1F";3,1;5;-1,9;0
2026-06-25 01:45:00;2026-06-25 01:46:25;"1F";3,1;4,9;-1,8;0
2026-06-25 02:00:00;2026-06-25 02:01:25;"1F";2,8;4,7;-1,9;0
2026-06-25 02:15:00;2026-06-25 02:16:24;"1F";2,6;4,6;-2;0
2026-06-25 02:30:00;2026-06-25 02:31:23;"1F";2,5;4,4;-1,9;0
2026-06-25 02:45:00;2026-06-25 02:46:23;"1F";2,5;4,3;-1,8;0
2026-06-25 03:00:00;2026-06-25 03:01:23;"1F";2,4;4,1;-1,7;0
2026-06-25 03:15:00;2026-06-25 03:16:22;"1F";2,2;3,9;-1,7;0,031
2026-06-25 03:30:00;2026-06-25 03:31:21;"1F";2,2;3,6;-1,4;0
2026-06-25 03:45:00;2026-06-25 03:46:20;"1F";2,5;3,6;-1,1;0
2026-06-25 04:00:00;2026-06-25 04:01:22;"1F";2,7;3,5;-0,8;0
2026-06-25 04:15:00;2026-06-25 04:16:21;"1F";2,8;3,6;-0,8;0
2026-06-25 04:30:00;2026-06-25 04:31:19;"1F";3;3,6;-0,6;0
2026-06-25 04:45:00;2026-06-25 04:46:20;"1F";3,1;3,4;-0,3;0
2026-06-25 05:00:00;2026-06-25 05:01:17;"1F";2,3;3,4;-1,1;0
2026-06-25 05:15:00;2026-06-25 05:16:17;"1F";2,2;3,3;-1,1;0
2026-06-25 05:30:00;2026-06-25 05:31:16;"1F";2,1;3,1;-1;0
2026-06-25 05:45:00;2026-06-25 05:46:16;"1F";1,7;3,1;-1,4;0
2026-06-25 06:00:00;2026-06-25 06:01:16;"1F";1,3;2,8;-1,5;0
2026-06-25 06:15:00;2026-06-25 06:16:15;"1F";1,1;2,9;-1,8;0
2026-06-25 06:30:00;2026-06-25 06:31:15;"1F";1,1;2,8;-1,7;0
2026-06-25 06:45:00;2026-06-25 06:46:14;"1F";0,9;2,5;-1,6;0
2026-06-25 07:00:00;2026-06-25 07:01:13;"1F";0,6;2,3;-1,7;0,218
2026-06-25 07:15:00;2026-06-25 07:16:13;"1F";0,9;2,9;-2;2,37
2026-06-25 07:30:00;2026-06-25 07:31:12;"1F";1,3;2,9;-1,6;10,57
2026-06-25 07:45:00;2026-06-25 07:46:11;"1F";1,7;2,9;-1,2;19,86
2026-06-25 08:00:00;2026-06-25 08:01:11;"1F";2,5;3;-0,5;35,45
2026-06-25 08:15:00;2026-06-25 08:16:10;"1F";3,6;3,5;0,1;46,58
2026-06-25 08:30:00;2026-06-25 08:31:10;"1F";4,6;4;0,6;59,84
2026-06-25 08:45:00;2026-06-25 08:46:09;"1F";5,9;4,6;1,3;103,7
2026-06-25 09:00:00;2026-06-25 09:01:09;"1F";6,8;4,8;2;94,9
2026-06-25 09:15:00;2026-06-25 09:16:08;"1F";6,8;5,1;1,7;97,1
2026-06-25 09:30:00;2026-06-25 09:31:08;"1F";7,1;5,2;1,9;116,6
2026-06-25 09:45:00;2026-06-25 09:46:07;"1F";8,1;5,9;2,2;154,5
2026-06-25 10:00:00;2026-06-25 10:01:07;"1F";10,4;6,2;4,2;196,7
2026-06-25 10:15:00;2026-06-25 10:16:06;"1F";12,1;6,7;5,4;215,2
2026-06-25 10:30:00;2026-06-25 10:31:05;"1F";11,8;7,1;4,7;230,4
2026-06-25 10:45:00;2026-06-25 10:46:05;"1F";13,5;8,1;5,4;359,7
2026-06-25 11:00:00;2026-06-25 11:01:04;"1F_SUSPEITO";18,3;8,8;9,5;379
2026-06-25 11:15:00;2026-06-25 11:16:04;"1F";18,3;9,1;9,2;358,7
2026-06-25 11:30:00;2026-06-25 11:31:03;"1F";20;9,6;10,4;419
2026-06-25 11:45:00;2026-06-25 11:46:04;"1F";21,7;9,9;11,8;426,9
2026-06-25 12:00:00;2026-06-25 12:01:02;"1F";20,6;10;10,6;353,3
2026-06-25 12:15:00;2026-06-25 12:16:02;"1F";19,2;10,1;9,1;313,6
2026-06-25 12:30:00;2026-06-25 12:31:01;"1F";19,3;10,4;8,9;349,6
2026-06-25 12:45:00;2026-06-25 12:46:01;"1F";20,3;10,9;9,4;339,8
2026-06-25 13:00:00;2026-06-25 13:00:59;"1F";18,8;10,7;8,1;210,7
2026-06-25 13:45:00;2026-06-25 13:45:59;"1F_SUSPEITO";19,7;11,9;7,8;329,5
2026-06-25 14:00:00;2026-06-25 14:01:01;"1F";20,7;12,1;8,6;332,7
2026-06-25 14:15:00;2026-06-25 14:15:57;"1F";23,4;12,6;10,8;393,2
2026-06-25 14:30:00;2026-06-25 14:30:59;"1F_SUSPEITO";22,5;12,6;9,9;330,1
2026-06-25 15:00:00;2026-06-25 15:00:58;"1F";22,7;12,9;9,8;194
2026-06-25 15:45:00;2026-06-25 15:45:54;"1F_SUSPEITO";23,6;13,7;9,9;284,3
2026-06-25 16:00:00;2026-06-25 16:14:27;"1F";20,2;13,3;6,9;188,3
2026-06-25 16:45:00;2026-06-25 16:59:26;"1F";18,5;12,4;6,1;148,6
2026-06-25 17:00:00;2026-06-25 17:14:25;"1F";15,6;12,1;3,5;74,89
2026-06-25 17:15:00;2026-06-25 17:29:24;"1F";14,6;11,6;3;55,31
2026-06-25 17:30:00;2026-06-25 17:44:24;"1F";11,4;11,1;0,300000000000001;34,73
2026-06-25 17:45:00;2026-06-25 17:59:23;"1F";9,6;10,8;-1,2;7,233
2026-06-25 18:00:00;2026-06-25 18:14:22;"1F";8,6;10,5;-1,9;1,559
2026-06-25 18:15:00;2026-06-25 18:29:22;"1F";8,3;10,2;-1,9;0
2026-06-25 18:30:00;2026-06-25 18:44:21;"1F";8,1;9,8;-1,7;0
2026-06-25 18:45:00;2026-06-25 18:59:21;"1F";7,6;9,4;-1,8;0
2026-06-25 19:00:00;2026-06-25 19:14:20;"1F";7,4;9,4;-2;0
2026-06-25 19:15:00;2026-06-25 19:29:20;"1F";7,2;9,1;-1,9;0
2026-06-25 19:30:00;2026-06-25 19:44:20;"1F";7;8,9;-1,9;0
2026-06-25 19:45:00;2026-06-25 19:59:19;"1F";6,9;8,7;-1,8;0
2026-06-25 20:00:00;2026-06-25 20:14:18;"1F";7,3;8,7;-1,4;0
2026-06-25 20:15:00;2026-06-25 20:29:17;"1F";7,6;8,9;-1,3;0
2026-06-25 20:30:00;2026-06-25 20:44:19;"1F";8,1;9,2;-1,1;0
2026-06-25 20:45:00;2026-06-25 20:59:17;"1F";8,4;9,4;-1;0
2026-06-25 21:00:00;2026-06-25 21:14:16;"1F";8,5;9,3;-0,800000000000001;0
2026-06-25 21:15:00;2026-06-25 21:29:15;"1F";8,4;9,3;-0,9;0
2026-06-25 21:30:00;2026-06-25 21:44:15;"1F";8,4;9,1;-0,699999999999999;0
2026-06-25 21:45:00;2026-06-25 21:59:15;"1F";8,4;9,1;-0,699999999999999;0
2026-06-25 22:00:00;2026-06-25 22:14:14;"1F";8,4;9,1;-0,699999999999999;0
2026-06-25 22:15:00;2026-06-25 22:29:14;"1F";8,4;9;-0,6;0
2026-06-25 22:30:00;2026-06-25 22:44:13;"1F";8,4;9;-0,6;0
2026-06-25 22:45:00;2026-06-25 22:59:12;"1F";8,4;8,9;-0,5;0
2026-06-25 23:00:00;2026-06-25 23:14:12;"1F";8,3;9;-0,699999999999999;0
2026-06-25 23:15:00;2026-06-25 23:29:11;"1F";8,4;9;-0,6;0
2026-06-25 23:30:00;2026-06-25 23:44:11;"1F";8,4;9;-0,6;0
2026-06-25 23:45:00;2026-06-25 23:59:11;"1F";8,4;9;-0,6;0
2026-06-26;2026-06-26 00:14:10;"1F";8,5;9;-0,5;0
2026-06-26 00:15:00;2026-06-26 00:29:10;"1F";8,4;8,9;-0,5;0
2026-06-26 00:30:00;2026-06-26 00:44:08;"1F";8,4;9;-0,6;0
2026-06-26 00:45:00;2026-06-26 00:59:08;"1F";8,5;8,9;-0,4;0
2026-06-26 01:00:00;2026-06-26 01:14:07;"1F";8,4;8,9;-0,5;0
2026-06-26 01:15:00;2026-06-26 01:29:07;"1F";8,4;8,8;-0,4;0
2026-06-26 01:30:00;2026-06-26 01:44:07;"1F";8,3;8,8;-0,5;0
2026-06-26 01:45:00;2026-06-26 01:59:06;"1F";8,3;8,8;-0,5;0,031
2026-06-26 02:00:00;2026-06-26 02:14:05;"1F";8,3;8,9;-0,6;0
2026-06-26 02:15:00;2026-06-26 02:29:05;"1F_SUSPEITO";8,3;9;-0,699999999999999;0
2026-06-26 02:30:00;2026-06-26 02:44:04;"1F";8,4;9,2;-0,799999999999999;0
2026-06-26 02:45:00;2026-06-26 02:59:04;"1F";8,4;9,2;-0,799999999999999;0
2026-06-26 03:00:00;2026-06-26 03:14:03;"1F";8,4;9,4;-1;0
2026-06-26 03:15:00;2026-06-26 03:29:02;"1F";8,6;9,7;-1,1;0
2026-06-26 03:30:00;2026-06-26 03:44:01;"1F";8,7;9,6;-0,9;0
2026-06-26 03:45:00;2026-06-26 03:59:02;"1F";8,7;9,6;-0,9;0
2026-06-26 04:00:00;2026-06-26 04:14:03;"1F";8,3;9,6;-1,3;0,031
2026-06-26 04:15:00;2026-06-26 04:29:00;"1F";7,7;9,4;-1,7;0
2026-06-26 04:30:00;2026-06-26 04:44:00;"1F";6,9;8,8;-1,9;0
2026-06-26 04:45:00;2026-06-26 04:58:59;"1F";6,9;8,3;-1,4;0
2026-06-26 05:00:00;2026-06-26 05:13:58;"1F";7,4;8,1;-0,699999999999999;0
2026-06-26 05:15:00;2026-06-26 05:28:58;"1F";7,6;8,1;-0,5;0
2026-06-26 05:30:00;2026-06-26 05:43:57;"1F";7,6;8;-0,4;0
2026-06-26 05:45:00;2026-06-26 05:58:56;"1F";7,6;8;-0,4;0
2026-06-26 06:00:00;2026-06-26 06:13:56;"1F";7,7;8,2;-0,499999999999999;0
2026-06-26 06:15:00;2026-06-26 06:28:56;"1F";7,8;8,3;-0,500000000000001;0
2026-06-26 06:30:00;2026-06-26 06:43:55;"1F";7,8;8,4;-0,600000000000001;0,031
2026-06-26 06:45:00;2026-06-26 06:58:54;"1F";7,8;8,4;-0,600000000000001;0
2026-06-26 07:00:00;2026-06-26 07:13:54;"1F";7,6;8,4;-0,800000000000001;0
2026-06-26 07:15:00;2026-06-26 07:28:53;"1F";7,4;8,4;-1;1,528
2026-06-26 07:30:00;2026-06-26 07:43:52;"1F";8,2;8,7;-0,5;11,82
2026-06-26 07:45:00;2026-06-26 07:58:52;"1F";9,5;9,2;0,300000000000001;36,63
2026-06-26 08:00:00;2026-06-26 08:13:52;"1F";9,9;9,2;0,700000000000001;54,15
2026-06-26 08:15:00;2026-06-26 08:28:52;"1F";10,4;9,3;1,1;60,64
2026-06-26 08:30:00;2026-06-26 08:43:54;"1F_SUSPEITO";10,9;9,2;1,7;54,68
2026-06-26 08:45:00;2026-06-26 08:58:53;"1F";11,5;9,1;2,4;78,44
2026-06-26 09:00:00;2026-06-26 09:13:50;"1F";12,3;9,4;2,9;97,7
2026-06-26 09:15:00;2026-06-26 09:28:49;"1F";14,4;9,9;4,5;117,1
2026-06-26 09:30:00;2026-06-26 09:43:49;"1F";15,8;10,4;5,4;153,3
2026-06-26 09:45:00;2026-06-26 09:58:48;"1F";15,8;10,8;5;135,9
2026-06-26 10:15:00;2026-06-26 10:28:47;"1F";16,8;11,5;5,3;144,2
2026-06-26 10:30:00;2026-06-26 10:43:46;"1F";16,2;11,7;4,5;136,2
2026-06-26 10:45:00;2026-06-26 10:58:46;"1F";15,7;12,1;3,6;131,3
2026-06-26 11:00:00;2026-06-26 11:13:45;"1F";18,7;12,9;5,8;195,6
2026-06-26 11:15:00;2026-06-26 11:28:45;"1F";22,1;13,6;8,5;279,7
2026-06-26 11:30:00;2026-06-26 11:43:44;"1F";21,8;13,7;8,1;347,7
2026-06-26 11:45:00;2026-06-26 11:58:46;"1F";24,7;15,1;9,6;328,7
2026-06-26 12:00:00;2026-06-26 12:13:44;"1F";23,8;15;8,8;361,3
2026-06-26 12:15:00;2026-06-26 12:28:43;"1F";22;14,9;7,1;330,5
2026-06-26 12:30:00;2026-06-26 12:43:44;"1F";22,5;15,3;7,2;264,2
2026-06-26 12:45:00;2026-06-26 12:58:41;"1F";25,1;16,3;8,8;321,7
2026-06-26 13:30:00;2026-06-26 13:43:40;"1F";29,3;17,6;11,7;439,7
2026-06-26 13:45:00;2026-06-26 13:58:42;"1F";25,1;16,8;8,3;492,6
2026-06-26 14:00:00;2026-06-26 14:13:38;"1F_SUSPEITO";26,9;17,2;9,7;341,3
2026-06-26 14:15:00;2026-06-26 14:28:38;"1F";25,9;16,9;9;364,6
2026-06-26 15:00:00;2026-06-26 15:13:36;"1F";25,8;17,5;8,3;219,4
2026-06-26 15:30:00;2026-06-26 15:43:35;"1F";26,6;17,4;9,2;262,1
2026-06-26 16:15:00;2026-06-26 16:27:32;"1F";22,9;16,2;6,7;178,5
2026-06-26 16:30:00;2026-06-26 16:42:31;"1F_SUSPEITO";21,1;16;5,1;130,6
2026-06-26 17:00:00;2026-06-26 17:12:30;"1F";17,7;15,2;2,5;73,37
2026-06-26 17:15:00;2026-06-26 17:27:29;"1F";14,9;14,8;0,0999999999999996;21,64
2026-06-26 17:30:00;2026-06-26 17:42:29;"1F";13,2;14,6;-1,4;10,48
2026-06-26 17:45:00;2026-06-26 17:57:28;"1F";12,5;14,4;-1,9;2,993
2026-06-26 18:00:00;2026-06-26 18:12:28;"1F";12,3;14,3;-2;1,466
2026-06-26 18:15:00;2026-06-26 18:27:28;"1F";12,1;14,1;-2;0
2026-06-26 18:30:00;2026-06-26 18:42:27;"1F";11,9;13,9;-2;0
2026-06-26 18:45:00;2026-06-26 18:57:26;"1F";11,7;13,8;-2,1;0
2026-06-26 19:00:00;2026-06-26 19:12:25;"1F";11,6;13,8;-2,2;0
2026-06-26 19:15:00;2026-06-26 19:27:25;"1F";11,3;13,5;-2,2;0
2026-06-26 19:30:00;2026-06-26 19:42:24;"1F";11,1;13,4;-2,3;0
2026-06-26 19:45:00;2026-06-26 19:57:24;"1F";10,6;12,9;-2,3;0
2026-06-26 20:00:00;2026-06-26 20:12:23;"1F";10,6;13;-2,4;0
2026-06-26 20:15:00;2026-06-26 20:27:22;"1F";10,7;12,7;-2;0
2026-06-26 20:30:00;2026-06-26 20:42:22;"1F";10,6;12,6;-2;0
2026-06-26 20:45:00;2026-06-26 20:57:21;"1F";10,3;12,2;-1,9;0
2026-06-26 21:00:00;2026-06-26 21:12:23;"1F";10,3;12,1;-1,8;0
2026-06-26 21:15:00;2026-06-26 21:27:20;"1F";10,2;11,9;-1,7;0
2026-06-26 21:30:00;2026-06-26 21:42:20;"1F";10,2;12,3;-2,1;0
2026-06-26 21:45:00;2026-06-26 21:57:19;"1F";10,3;12,3;-2;0
2026-06-26 22:00:00;2026-06-26 22:12:18;"1F";9,9;11,5;-1,6;0
2026-06-26 22:15:00;2026-06-26 22:27:22;"1F";9,9;11,9;-2;0
2026-06-26 22:30:00;2026-06-26 22:42:20;"1F";10;11,6;-1,6;0
2026-06-26 22:45:00;2026-06-26 22:57:17;"1F";9,9;11,6;-1,7;0
2026-06-26 23:00:00;2026-06-26 23:12:16;"1F";10,1;11,6;-1,5;0
2026-06-26 23:15:00;2026-06-26 23:27:15;"1F";10,1;11,5;-1,4;0
2026-06-26 23:30:00;2026-06-26 23:42:15;"1F";9,8;11,3;-1,5;0
2026-06-26 23:45:00;2026-06-26 23:57:15;"1F";9,6;11,2;-1,6;0
2026-06-27;2026-06-27 00:12:14;"1F";9,6;11,2;-1,6;0
2026-06-27 00:15:00;2026-06-27 00:27:14;"1F";9,6;11;-1,4;0
2026-06-27 00:30:00;2026-06-27 00:42:14;"1F";9,3;10,8;-1,5;0
2026-06-27 00:45:00;2026-06-27 00:57:13;"1F";9,3;10,9;-1,6;0
2026-06-27 01:00:00;2026-06-27 01:12:12;"1F";9,1;10,6;-1,5;0
2026-06-27 01:15:00;2026-06-27 01:27:12;"1F";9,1;10,6;-1,5;0
2026-06-27 01:30:00;2026-06-27 01:42:11;"1F";9,4;10,9;-1,5;0
2026-06-27 01:45:00;2026-06-27 01:57:11;"1F";9,4;10,4;-1;0
2026-06-27 02:00:00;2026-06-27 02:12:10;"1F";9,2;10,5;-1,3;0
2026-06-27 02:15:00;2026-06-27 02:27:10;"1F";9,6;10,8;-1,2;0
2026-06-27 02:30:00;2026-06-27 02:42:09;"1F";9,7;10,9;-1,2;0
2026-06-27 02:45:00;2026-06-27 02:57:11;"1F";9,9;10,8;-0,9;0
2026-06-27 03:00:00;2026-06-27 03:12:10;"1F";9,8;10,7;-0,899999999999999;0
2026-06-27 03:15:00;2026-06-27 03:27:08;"1F";9,3;10,4;-1,1;0
2026-06-27 03:30:00;2026-06-27 03:42:07;"1F";9,1;10,2;-1,1;0
2026-06-27 03:45:00;2026-06-27 03:57:06;"1F";9,2;10,2;-1;0
2026-06-27 04:00:00;2026-06-27 04:12:06;"1F";9,6;10,4;-0,800000000000001;0
2026-06-27 04:15:00;2026-06-27 04:27:06;"1F";9,8;10,8;-1;0
2026-06-27 04:30:00;2026-06-27 04:42:05;"1F";10,2;11;-0,800000000000001;0
2026-06-27 04:45:00;2026-06-27 04:57:04;"1F";10,3;11,1;-0,799999999999999;0
2026-06-27 05:00:00;2026-06-27 05:12:04;"1F";10,2;10,9;-0,700000000000001;0
2026-06-27 05:15:00;2026-06-27 05:27:03;"1F";9,7;10,7;-1;0
2026-06-27 05:30:00;2026-06-27 05:42:05;"1F";9,6;10,7;-1,1;0
2026-06-27 05:45:00;2026-06-27 05:57:02;"1F";9,5;10,6;-1,1;0
2026-06-27 06:00:00;2026-06-27 06:12:02;"1F";9,6;10,7;-1,1;0
2026-06-27 06:15:00;2026-06-27 06:27:01;"1F";9,4;10,4;-1;0,031
2026-06-27 06:30:00;2026-06-27 06:42:00;"1F";9,9;10,8;-0,9;0
2026-06-27 06:45:00;2026-06-27 06:57:00;"1F";10,4;10,9;-0,5;0
2026-06-27 07:00:00;2026-06-27 07:12:00;"1F";10,7;11,1;-0,4;0,966
2026-06-27 07:15:00;2026-06-27 07:26:59;"1F";10,9;11,2;-0,299999999999999;3,024
2026-06-27 07:30:00;2026-06-27 07:41:58;"1F";11,1;11,3;-0,200000000000001;7,638
2026-06-27 07:45:00;2026-06-27 07:56:58;"1F";11,4;11,5;-0,0999999999999996;14,22
2026-06-27 08:00:00;2026-06-27 08:12:00;"1F";11,9;11,7;0,200000000000001;30,05
2026-06-27 08:15:00;2026-06-27 08:26:57;"1F";11,9;11,5;0,4;34,36
2026-06-27 08:30:00;2026-06-27 08:41:56;"1F";12,5;11,7;0,800000000000001;47,39
2026-06-27 08:45:00;2026-06-27 08:56:56;"1F";12,9;12,3;0,6;71,36
2026-06-27 09:00:00;2026-06-27 09:11:56;"1F";14,2;13;1,2;102,8
2026-06-27 09:15:00;2026-06-27 09:26:55;"1F";18;14,6;3,4;176,6
2026-06-27 09:30:00;2026-06-27 09:41:54;"1F";20,4;15,1;5,3;251,9
2026-06-27 09:45:00;2026-06-27 09:56:53;"1F";23;15,7;7,3;235,6
2026-06-27 10:00:00;2026-06-27 10:11:53;"1F";26,1;16,7;9,4;319,8
2026-06-27 10:15:00;2026-06-27 10:26:53;"1F";28,9;17,8;11,1;321,1
2026-06-27 10:30:00;2026-06-27 10:41:52;"1F";30;18,3;11,7;390,6
2026-06-27 10:45:00;2026-06-27 10:56:51;"1F";26,8;17,9;8,9;304,4
2026-06-27 11:00:00;2026-06-27 11:11:51;"1F";29,5;18,9;10,6;343
2026-06-27 11:15:00;2026-06-27 11:26:50;"1F";26,6;18,8;7,8;256,8
2026-06-27 11:30:00;2026-06-27 11:41:50;"1F";26,3;18,7;7,6;240,9
2026-06-27 11:45:00;2026-06-27 11:56:49;"1F";27,5;19,4;8,1;237,4
2026-06-27 12:00:00;2026-06-27 12:11:49;"1F";27,5;19,5;8;284,4
2026-06-27 12:15:00;2026-06-27 12:26:48;"1F";26,3;19,6;6,7;251,8
2026-06-27 12:30:00;2026-06-27 12:41:48;"1F";24,4;19,3;5,1;172,8
2026-06-27 12:45:00;2026-06-27 12:56:47;"1F";23,4;19,4;4;182,2
2026-06-27 13:00:00;2026-06-27 13:11:46;"1F";22,3;19,4;2,9;113,3
2026-06-27 13:15:00;2026-06-27 13:26:47;"1F";22,7;19,8;2,9;135,4
2026-06-27 13:30:00;2026-06-27 13:41:45;"1F";22,7;19,8;2,9;123,1
2026-06-27 13:45:00;2026-06-27 13:56:45;"1F";25,2;19,7;5,5;262,4
2026-06-27 14:00:00;2026-06-27 14:11:44;"1F";22,7;19,4;3,3;155,6
2026-06-27 14:15:00;2026-06-27 14:26:43;"1F";22,5;19;3,5;142,2
2026-06-27 14:45:00;2026-06-27 14:56:42;"1F";20,9;18,3;2,6;102,5
2026-06-27 15:00:00;2026-06-27 15:11:41;"1F";20,8;18,1;2,7;120,9
2026-06-27 15:15:00;2026-06-27 15:26:43;"1F";20,1;17,9;2,2;115
2026-06-27 15:30:00;2026-06-27 15:41:40;"1F";19,8;17,9;1,9;98,9
2026-06-27 15:45:00;2026-06-27 15:56:39;"1F";19,4;17,8;1,6;83,2
2026-06-27 16:00:00;2026-06-27 16:11:39;"1F";18,9;17,7;1,2;58,68
2026-06-27 16:15:00;2026-06-27 16:26:38;"1F";19,1;17,8;1,3;70,47
2026-06-27 16:30:00;2026-06-27 16:41:38;"1F";18,8;17,6;1,2;77,58
2026-06-27 16:45:00;2026-06-27 16:56:37;"1F";18,1;17,4;0,700000000000003;48,33
2026-06-27 17:00:00;2026-06-27 17:11:37;"1F";17,3;17,2;0,100000000000001;33,8
2026-06-27 17:15:00;2026-06-27 17:26:36;"1F";16,7;17,1;-0,400000000000002;14,09
2026-06-27 17:30:00;2026-06-27 17:41:36;"1F";16,2;17;-0,800000000000001;3,492
2026-06-27 17:45:00;2026-06-27 17:56:35;"1F";15,8;16,8;-1;0,592
2026-06-27 18:00:00;2026-06-27 18:11:35;"1F";15,3;16,6;-1,3;0,031
2026-06-27 18:15:00;2026-06-27 18:26:34;"1F";15,2;16,4;-1,2;0
2026-06-27 18:30:00;2026-06-27 18:41:33;"1F";15;16,2;-1,2;0
2026-06-27 18:45:00;2026-06-27 18:56:32;"1F";15;16,2;-1,2;0
2026-06-27 19:00:00;2026-06-27 19:11:32;"1F";15;16;-1;0,031
2026-06-27 19:15:00;2026-06-27 19:26:32;"1F";14,8;15,8;-1;0
2026-06-27 19:30:00;2026-06-27 19:41:31;"1F";14,7;15,7;-1;0
2026-06-27 19:45:00;2026-06-27 19:56:30;"1F";14,6;15,6;-1;0
2026-06-27 20:00:00;2026-06-27 20:11:30;"1F";14,6;15,5;-0,9;0
2026-06-27 20:15:00;2026-06-27 20:26:29;"1F";14,6;15,5;-0,9;0
2026-06-27 20:30:00;2026-06-27 20:41:29;"1F";14,5;15,4;-0,9;0
2026-06-27 20:45:00;2026-06-27 20:56:28;"1F";14,1;15,1;-1;0
2026-06-27 21:00:00;2026-06-27 21:11:27;"1F";14,1;15;-0,9;0,031
2026-06-27 21:15:00;2026-06-27 21:26:27;"1F";14,2;15,1;-0,9;0,031
2026-06-27 21:30:00;2026-06-27 21:41:26;"1F";14,2;15;-0,800000000000001;0
2026-06-27 21:45:00;2026-06-27 21:56:26;"1F";14,1;15;-0,9;0
2026-06-27 22:00:00;2026-06-27 22:11:28;"1F";14,2;15,3;-1,1;0,031
2026-06-27 22:15:00;2026-06-27 22:26:26;"1F";14,3;15,4;-1,1;0
2026-06-27 22:30:00;2026-06-27 22:41:24;"1F";14;15,1;-1,1;0,031
2026-06-27 22:45:00;2026-06-27 22:56:23;"1F";13,8;14,9;-1,1;0
2026-06-27 23:00:00;2026-06-27 23:11:25;"1F";13,5;14,7;-1,2;0
2026-06-27 23:45:00;2026-06-27 23:56:22;"1F";13,9;15,1;-1,2;0
2026-06-28;2026-06-28 00:11:22;"1F_SUSPEITO";13,8;15,1;-1,3;0
2026-06-28 00:15:00;2026-06-28 00:26:21;"1F";13,8;15,1;-1,3;0
2026-06-28 00:30:00;2026-06-28 00:41:20;"1F";13,7;14,9;-1,2;0
2026-06-28 00:45:00;2026-06-28 00:56:22;"1F";13,6;14,6;-1;0
2026-06-28 01:00:00;2026-06-28 01:11:19;"1F";13,3;14,3;-1;0
2026-06-28 01:15:00;2026-06-28 01:26:19;"1F";13,1;14,1;-1;0
2026-06-28 01:30:00;2026-06-28 01:41:18;"1F";12,9;13,9;-1;0
2026-06-28 01:45:00;2026-06-28 01:56:19;"1F";13;13,9;-0,9;0
2026-06-28 02:00:00;2026-06-28 02:11:16;"1F";12,9;13,7;-0,799999999999999;0
2026-06-28 02:15:00;2026-06-28 02:26:16;"1F";12,9;13,7;-0,799999999999999;0
2026-06-28 02:30:00;2026-06-28 02:41:15;"1F";12,6;13,5;-0,9;0
2026-06-28 03:00:00;2026-06-28 03:11:14;"1F";11,9;13;-1,1;0
2026-06-28 03:15:00;2026-06-28 03:26:13;"1F";12;13,1;-1,1;0
2026-06-28 03:30:00;2026-06-28 03:41:13;"1F";12,2;13,1;-0,9;0
2026-06-28 03:45:00;2026-06-28 03:56:12;"1F";12,1;13,1;-1;0
2026-06-28 04:00:00;2026-06-28 04:11:12;"1F";12,3;13,2;-0,899999999999999;0
2026-06-28 04:15:00;2026-06-28 04:26:11;"1F";12,1;13;-0,9;0
2026-06-28 04:30:00;2026-06-28 04:41:11;"1F";11,9;12,9;-1;0
2026-06-28 04:45:00;2026-06-28 04:56:10;"1F";12,1;13,1;-1;0
2026-06-28 05:00:00;2026-06-28 05:11:10;"1F";11,8;12,9;-1,1;0
2026-06-28 05:15:00;2026-06-28 05:26:09;"1F";11,4;12,6;-1,2;0,031
2026-06-28 05:30:00;2026-06-28 05:41:09;"1F";11,5;13;-1,5;0
2026-06-28 05:45:00;2026-06-28 05:56:08;"1F";11,8;12,9;-1,1;0
2026-06-28 06:00:00;2026-06-28 06:11:07;"1F";11,9;12,8;-0,9;0
2026-06-28 06:15:00;2026-06-28 06:26:09;"1F";12,1;13,1;-1;0
2026-06-28 06:30:00;2026-06-28 06:41:06;"1F";12,1;12,9;-0,800000000000001;0
2026-06-28 06:45:00;2026-06-28 06:56:06;"1F";11,8;12,8;-1;0
2026-06-28 07:00:00;2026-06-28 07:11:05;"1F";11,2;12,4;-1,2;0,094
2026-06-28 07:15:00;2026-06-28 07:26:05;"1F";11;12,3;-1,3;3,959
2026-06-28 07:30:00;2026-06-28 07:41:04;"1F";11,3;12,3;-1;11,94
2026-06-28 07:45:00;2026-06-28 07:56:04;"1F";12,4;12,8;-0,4;24,41
2026-06-28 08:00:00;2026-06-28 08:11:03;"1F";14,5;13,4;1,1;70,99
2026-06-28 08:15:00;2026-06-28 08:26:02;"1F";15,4;13,9;1,5;110,6
2026-06-28 08:30:00;2026-06-28 08:41:02;"1F";15,8;15,9;-0,0999999999999996;148,8
2026-06-28 08:45:00;2026-06-28 08:56:02;"1F";16,3;16;0,300000000000001;183,3
2026-06-28 09:00:00;2026-06-28 09:11:03;"1F_SUSPEITO";17,7;16,3;1,4;226
2026-06-28 09:15:00;2026-06-28 09:26:01;"1F";20,5;17,3;3,2;284,7
2026-06-28 09:30:00;2026-06-28 09:41:00;"1F";23,9;17,5;6,4;297,8
2026-06-28 09:45:00;2026-06-28 09:55:59;"1F";27,4;18,3;9,1;311,7
2026-06-28 10:00:00;2026-06-28 10:11:00;"1F";28,7;18,2;10,5;363,9
2026-06-28 10:15:00;2026-06-28 10:25:58;"1F";27,3;18,3;9;351,6
2026-06-28 10:30:00;2026-06-28 10:40:57;"1F";26,3;19,3;7;305,8
2026-06-28 10:45:00;2026-06-28 10:55:57;"1F";28,8;20,2;8,6;443,7
2026-06-28 11:00:00;2026-06-28 11:10:57;"1F";30,7;21,2;9,5;465,4
2026-06-28 11:15:00;2026-06-28 11:25:58;"1F_SUSPEITO";32,3;22,3;10;470,3
2026-06-28 11:45:00;2026-06-28 11:55:57;"1F";30,6;22,5;8,1;458,1
2026-06-28 12:00:00;2026-06-28 12:10:59;"1F_SUSPEITO";30,6;22,6;8;515
2026-06-28 12:45:00;2026-06-28 12:55:57;"1F_SUSPEITO";30,6;22,9;7,7;527,6
2026-06-28 13:00:00;2026-06-28 13:10:54;"1F";31,3;23,4;7,9;521
2026-06-28 13:30:00;2026-06-28 13:40:51;"1F";33,2;23,8;9,4;502,8
2026-06-28 14:45:00;2026-06-28 14:55:47;"1F_SUSPEITO";31,7;23,4;8,3;491,2
2026-06-28 15:45:00;2026-06-28 15:55:47;"1F";25,5;22,8;2,7;139,2
2026-06-28 16:15:00;2026-06-28 16:25:43;"1F";23,7;22;1,7;82
2026-06-28 16:30:00;2026-06-28 16:40:42;"1F";22,3;21,7;0,600000000000001;58,43
2026-06-28 16:45:00;2026-06-28 16:55:42;"1F";22,1;21,7;0,400000000000002;44,59
2026-06-28 17:00:00;2026-06-28 17:10:41;"1F";22,6;21,3;1,3;58,68
2026-06-28 17:15:00;2026-06-28 17:25:40;"1F";21;21,1;-0,100000000000001;27
2026-06-28 17:30:00;2026-06-28 17:40:40;"1F";20;20,8;-0,800000000000001;9,42
2026-06-28 17:45:00;2026-06-28 17:55:42;"1F";19,7;20,7;-1;2,027
2026-06-28 18:00:00;2026-06-28 18:10:42;"1F";19,4;20,5;-1,1;0
2026-06-28 18:15:00;2026-06-28 18:25:38;"1F";19,1;20,2;-1,1;0
2026-06-28 18:30:00;2026-06-28 18:40:38;"1F";18,6;19,9;-1,3;0
2026-06-28 18:45:00;2026-06-28 18:55:38;"1F";18,4;20;-1,6;0
2026-06-28 19:00:00;2026-06-28 19:10:39;"1F_SUSPEITO";18,6;20;-1,4;0
2026-06-28 19:15:00;2026-06-28 19:25:35;"1F";18,6;19,9;-1,3;0
2026-06-28 19:30:00;2026-06-28 19:40:37;"1F";18,6;19,9;-1,3;0
2026-06-28 19:45:00;2026-06-28 19:55:35;"1F";18,4;19,6;-1,2;0
2026-06-28 20:00:00;2026-06-28 20:10:34;"1F";18,4;19,7;-1,3;0,031
2026-06-28 20:15:00;2026-06-28 20:25:34;"1F";18,5;19,6;-1,1;0
2026-06-28 21:00:00;2026-06-28 21:10:36;"1F_SUSPEITO";16,7;16,3;0,399999999999999;0
2026-06-28 21:45:00;2026-06-28 21:55:32;"1F";14,2;14,6;-0,4;0
2026-06-28 22:00:00;2026-06-28 22:10:29;"1F";13,7;14,4;-0,700000000000001;0
2026-06-28 22:30:00;2026-06-28 22:40:29;"1F_SUSPEITO";12,7;13,8;-1,1;0
2026-06-29 00:45:00;2026-06-29 00:55:24;"1F";12,6;13,4;-0,800000000000001;0
2026-06-29 01:15:00;2026-06-29 01:25:23;"1F";12,2;13,1;-0,9;0
2026-06-29 01:30:00;2026-06-29 01:40:22;"1F";12,1;13;-0,9;0
2026-06-29 01:45:00;2026-06-29 01:55:23;"1F";11,9;12,8;-0,9;0
2026-06-29 02:15:00;2026-06-29 02:25:20;"1F";11,9;12,9;-1;0
2026-06-29 02:30:00;2026-06-29 02:40:21;"1F";11,8;12,8;-1;0
2026-06-29 02:45:00;2026-06-29 02:55:19;"1F";11,7;12,6;-0,9;0
2026-06-29 03:00:00;2026-06-29 03:10:19;"1F";11,6;12,6;-1;0
2026-06-29 03:15:00;2026-06-29 03:25:18;"1F";11,7;12,7;-1;0
2026-06-29 03:30:00;2026-06-29 03:40:17;"1F";11,9;12,8;-0,9;0
2026-06-29 03:45:00;2026-06-29 03:55:17;"1F";12;12,9;-0,9;0
2026-06-29 04:00:00;2026-06-29 04:10:16;"1F";12;12,9;-0,9;0
2026-06-29 04:15:00;2026-06-29 04:25:16;"1F";12;12,8;-0,800000000000001;0
2026-06-29 04:30:00;2026-06-29 04:40:15;"1F";12,1;12,9;-0,800000000000001;0
2026-06-29 04:45:00;2026-06-29 04:55:14;"1F";12,2;12,9;-0,700000000000001;0
2026-06-29 05:00:00;2026-06-29 05:10:17;"1F_SUSPEITO";12,3;12,9;-0,6;0
2026-06-29 05:15:00;2026-06-29 05:25:13;"1F";12,3;12,8;-0,5;0
2026-06-29 05:30:00;2026-06-29 05:40:13;"1F";12,1;12,6;-0,5;0
2026-06-29 05:45:00;2026-06-29 05:55:13;"1F";12,1;12,7;-0,6;0,031
2026-06-29 06:00:00;2026-06-29 06:10:12;"1F";12,1;12,7;-0,6;0
2026-06-29 06:15:00;2026-06-29 06:25:16;"1F_SUSPEITO";12,2;12,8;-0,600000000000001;0
2026-06-29 06:30:00;2026-06-29 06:40:11;"1F";12,3;12,9;-0,6;0
2026-06-29 06:45:00;2026-06-29 06:55:10;"1F";12,2;12,8;-0,600000000000001;0
2026-06-29 07:00:00;2026-06-29 07:10:10;"1F";12;12,8;-0,800000000000001;0
2026-06-29 07:15:00;2026-06-29 07:25:09;"1F";12,2;13;-0,800000000000001;1,091
2026-06-29 07:30:00;2026-06-29 07:40:08;"1F";12,7;13,1;-0,4;9,23
2026-06-29 07:45:00;2026-06-29 07:55:08;"1F_SUSPEITO";13,1;13,3;-0,200000000000001;26,66
2026-06-29 08:00:00;2026-06-29 08:10:07;"1F";13,3;13,5;-0,199999999999999;28,65
2026-06-29 08:15:00;2026-06-29 08:25:07;"1F";14,2;13,8;0,399999999999999;72,92
2026-06-29 08:30:00;2026-06-29 08:40:06;"1F";14,3;13,9;0,4;45,08
2026-06-29 08:45:00;2026-06-29 08:55:06;"1F";14,5;13,9;0,6;49,16
2026-06-29 09:00:00;2026-06-29 09:10:05;"1F";16,3;14,6;1,7;115,3
2026-06-29 09:15:00;2026-06-29 09:25:05;"1F";18,4;14,8;3,6;228,7
2026-06-29 09:30:00;2026-06-29 09:40:04;"1F";18,1;15;3,1;100,8
2026-06-29 09:45:00;2026-06-29 09:55:04;"1F";17,8;15;2,8;126,7
2026-06-29 10:00:00;2026-06-29 10:10:04;"1F";17;15,1;1,9;100,1
2026-06-29 10:15:00;2026-06-29 10:25:03;"1F";16,2;15,1;1,1;66,03
2026-06-29 10:30:00;2026-06-29 10:40:02;"1F";15,5;15;0,5;35,14
2026-06-29 10:45:00;2026-06-29 10:55:01;"1F";15,1;14,9;0,199999999999999;17,49
2026-06-29 11:00:00;2026-06-29 11:10:01;"1F";14,5;14,6;-0,0999999999999996;3,648
2026-06-29 11:15:00;2026-06-29 11:25:03;"1F";14,1;14,5;-0,4;2,151
2026-06-29 11:30:00;2026-06-29 11:39:59;"1F";13,9;14,4;-0,5;1,091
2026-06-29 11:45:00;2026-06-29 11:55:02;"1F";13,8;14,4;-0,6;1,309
2026-06-29 12:00:00;2026-06-29 12:10:04;"1F_SUSPEITO";13,9;14,6;-0,699999999999999;2,338
2026-06-29 12:15:00;2026-06-29 12:24:59;"1F";14;14,5;-0,5;4,458
2026-06-29 12:30:00;2026-06-29 12:39:58;"1F";14;14,5;-0,5;8,89
2026-06-29 12:45:00;2026-06-29 12:54:57;"1F";14;14,5;-0,5;9,17
2026-06-29 13:00:00;2026-06-29 13:09:56;"1F";14;14,6;-0,6;4,77
2026-06-29 13:15:00;2026-06-29 13:24:57;"1F";14,1;14,6;-0,5;6,173
2026-06-29 13:30:00;2026-06-29 13:39:56;"1F";14,2;14,6;-0,4;14,72
2026-06-29 13:45:00;2026-06-29 13:55:00;"1F_SUSPEITO";14,2;14,7;-0,5;9,42
2026-06-29 14:00:00;2026-06-29 14:09:54;"1F";14,5;14,8;-0,300000000000001;17,77
2026-06-29 14:15:00;2026-06-29 14:24:54;"1F";14,6;14,8;-0,200000000000001;32,77
2026-06-29 14:30:00;2026-06-29 14:39:53;"1F";14,6;14,8;-0,200000000000001;26,66
2026-06-29 14:45:00;2026-06-29 14:54:53;"1F";14,6;14,8;-0,200000000000001;22,14
2026-06-29 15:00:00;2026-06-29 15:09:53;"1F";14,3;14,8;-0,5;11,01
2026-06-29 15:15:00;2026-06-29 15:24:52;"1F";14,3;14,8;-0,5;3,679
2026-06-29 15:30:00;2026-06-29 15:39:51;"1F";14,3;14,7;-0,399999999999999;6,142
2026-06-29 15:45:00;2026-06-29 15:54:50;"1F";14,4;14,8;-0,4;22,14
2026-06-29 16:00:00;2026-06-29 16:09:50;"1F";14,9;15;-0,0999999999999996;39,81
2026-06-29 16:15:00;2026-06-29 16:24:49;"1F";15,3;15,2;0,100000000000001;56,52
2026-06-29 16:30:00;2026-06-29 16:39:51;"1F";15,3;15,2;0,100000000000001;31,77
2026-06-29 16:45:00;2026-06-29 16:54:48;"1F";15,2;15,3;-0,100000000000001;32,77
2026-06-29 17:00:00;2026-06-29 17:09:47;"1F";15,3;15,3;0;28,03
2026-06-29 17:15:00;2026-06-29 17:24:47;"1F";15,6;15,4;0,199999999999999;35,95
2026-06-29 17:30:00;2026-06-29 17:39:47;"1F";15;15,3;-0,300000000000001;13,47
2026-06-29 17:45:00;2026-06-29 17:54:46;"1F";14,6;15,2;-0,6;1,59
2026-06-29 18:00:00;2026-06-29 18:09:46;"1F";14,6;15,1;-0,5;0
2026-06-29 18:15:00;2026-06-29 18:24:45;"1F";14,5;15,1;-0,6;0
2026-06-29 18:30:00;2026-06-29 18:39:45;"1F";14,4;14,9;-0,5;0
2026-06-29 18:45:00;2026-06-29 18:54:44;"1F";14,4;14,7;-0,299999999999999;0
2026-06-29 19:00:00;2026-06-29 19:09:43;"1F";14;14,1;-0,0999999999999996;0
2026-06-29 19:15:00;2026-06-29 19:24:42;"1F";13,6;13,9;-0,300000000000001;0
2026-06-29 19:30:00;2026-06-29 19:39:41;"1F";13,3;13,5;-0,199999999999999;0
2026-06-29 19:45:00;2026-06-29 19:54:41;"1F";13,1;13,5;-0,4;0
2026-06-29 20:00:00;2026-06-29 20:09:40;"1F";12,9;13,5;-0,6;0
2026-06-29 20:15:00;2026-06-29 20:24:40;"1F";12,9;13,6;-0,699999999999999;0
2026-06-29 20:30:00;2026-06-29 20:39:39;"1F";12,9;13,6;-0,699999999999999;0,031
2026-06-29 20:45:00;2026-06-29 20:54:39;"1F";13;13,6;-0,6;0,031
2026-06-29 21:00:00;2026-06-29 21:09:38;"1F";13;13,6;-0,6;0
2026-06-29 21:15:00;2026-06-29 21:24:38;"1F";12,9;13,5;-0,6;0
2026-06-29 21:30:00;2026-06-29 21:39:37;"1F";12,8;13,4;-0,6;0
2026-06-29 21:45:00;2026-06-29 21:54:37;"1F";12,8;13,4;-0,6;0
2026-06-29 22:00:00;2026-06-29 22:09:37;"1F";12,7;13,3;-0,600000000000001;0
2026-06-29 22:15:00;2026-06-29 22:24:36;"1F";12,6;13,1;-0,5;0
2026-06-29 22:30:00;2026-06-29 22:39:35;"1F";12,6;13,2;-0,6;0
2026-06-29 22:45:00;2026-06-29 22:54:35;"1F";12,6;13,1;-0,5;0
2026-06-29 23:00:00;2026-06-29 23:09:34;"1F";12,5;12,9;-0,4;0
2026-06-29 23:15:00;2026-06-29 23:24:34;"1F";12,4;12,9;-0,5;0
2026-06-29 23:30:00;2026-06-29 23:39:33;"1F";12,4;12,9;-0,5;0
2026-06-29 23:45:00;2026-06-29 23:54:33;"1F";12,4;13;-0,6;0
2026-06-30;2026-06-30 00:09:32;"1F";12,6;13,1;-0,5;0
2026-06-30 00:15:00;2026-06-30 00:24:31;"1F";12,6;13,2;-0,6;0
2026-06-30 00:30:00;2026-06-30 00:39:31;"1F";12,8;13,2;-0,399999999999999;0,031
2026-06-30 00:45:00;2026-06-30 00:54:30;"1F";12,8;13,3;-0,5;0
2026-06-30 01:00:00;2026-06-30 01:09:30;"1F";12,9;13,6;-0,699999999999999;0
2026-06-30 01:15:00;2026-06-30 01:24:30;"1F";13,1;13,7;-0,6;0
2026-06-30 01:30:00;2026-06-30 01:39:30;"1F";13,3;13,8;-0,5;0
2026-06-30 01:45:00;2026-06-30 01:54:29;"1F";13,3;13,8;-0,5;0
2026-06-30 02:00:00;2026-06-30 02:09:29;"1F";13,3;13,8;-0,5;0,031
2026-06-30 02:15:00;2026-06-30 02:24:28;"1F";13,4;13,9;-0,5;0
2026-06-30 02:30:00;2026-06-30 02:39:29;"1F";13,5;14,1;-0,6;0
2026-06-30 02:45:00;2026-06-30 02:54:26;"1F";13,6;14,2;-0,6;0
2026-06-30 03:00:00;2026-06-30 03:09:26;"1F";13,7;14,2;-0,5;0,094
2026-06-30 03:15:00;2026-06-30 03:24:25;"1F";13,8;14,4;-0,6;0
2026-06-30 03:30:00;2026-06-30 03:39:25;"1F";13,9;14,5;-0,6;0
2026-06-30 03:45:00;2026-06-30 03:54:25;"1F";14;14,5;-0,5;0
2026-06-30 04:00:00;2026-06-30 04:09:24;"1F";14;14,5;-0,5;0
2026-06-30 04:15:00;2026-06-30 04:24:23;"1F";14;14,5;-0,5;0
2026-06-30 04:30:00;2026-06-30 04:39:23;"1F";14;14,5;-0,5;0
2026-06-30 04:45:00;2026-06-30 04:54:22;"1F";14;14,6;-0,6;0
2026-06-30 05:00:00;2026-06-30 05:09:22;"1F";14;14,6;-0,6;0,031
2026-06-30 05:15:00;2026-06-30 05:24:21;"1F";14,1;14,7;-0,6;0,031
2026-06-30 05:30:00;2026-06-30 05:39:21;"1F";14,2;14,9;-0,700000000000001;0,031
2026-06-30 05:45:00;2026-06-30 05:54:20;"1F";14,3;15;-0,699999999999999;0,031
2026-06-30 06:00:00;2026-06-30 06:09:19;"1F";14,4;15,1;-0,699999999999999;0
2026-06-30 06:15:00;2026-06-30 06:24:19;"1F";14,5;15,2;-0,699999999999999;0
2026-06-30 06:30:00;2026-06-30 06:39:19;"1F";14,4;15,1;-0,699999999999999;0,031
2026-06-30 06:45:00;2026-06-30 06:54:20;"1F";14,6;15,4;-0,800000000000001;0
2026-06-30 07:00:00;2026-06-30 07:09:18;"1F";14,8;15,7;-0,899999999999999;0,405
2026-06-30 07:15:00;2026-06-30 07:24:17;"1F";15;15,9;-0,9;1,995
2026-06-30 07:30:00;2026-06-30 07:39:17;"1F";15,3;15,9;-0,6;10,07
2026-06-30 07:45:00;2026-06-30 07:54:18;"1F";15,6;16;-0,4;22,26
2026-06-30 08:00:00;2026-06-30 08:09:16;"1F";15,9;16,2;-0,299999999999999;32,7
2026-06-30 08:15:00;2026-06-30 08:24:18;"1F";16,3;16,4;-0,0999999999999979;40,31
2026-06-30 08:30:00;2026-06-30 08:39:17;"1F_SUSPEITO";17;16,6;0,399999999999999;58,39
2026-06-30 09:15:00;2026-06-30 09:24:16;"1F";20,6;17,6;3;231
2026-06-30 09:30:00;2026-06-30 09:39:13;"1F";20,5;17,8;2,7;164,1
2026-06-30 09:45:00;2026-06-30 09:54:14;"1F";21,9;18;3,9;244,3
2026-06-30 10:00:00;2026-06-30 10:09:12;"1F";20,4;17,8;2,6;164,5
2026-06-30 10:15:00;2026-06-30 10:24:11;"1F";19;17,8;1,2;90
2026-06-30 10:30:00;2026-06-30 10:39:17;"1F";21,4;18,4;3;178,4
2026-06-30 11:00:00;2026-06-30 11:09:10;"1F";26,2;19,8;6,4;357,3
2026-06-30 11:15:00;2026-06-30 11:24:10;"1F";26,7;20,4;6,3;317,6
2026-06-30 11:45:00;2026-06-30 11:54:43;"1F";29,3;21,5;7,8;361
2026-06-30 12:15:00;2026-06-30 12:24:07;"1F_SUSPEITO";30,4;21,7;8,7;520
2026-06-30 12:30:00;2026-06-30 12:39:06;"1F";30,2;21,8;8,4;523,4
2026-06-30 13:30:00;2026-06-30 13:39:06;"1F";31,8;22,8;9;496,5
2026-06-30 13:45:00;2026-06-30 13:54:03;"1F_SUSPEITO";28,1;22,3;5,8;287,1
2026-06-30 14:00:00;2026-06-30 14:09:06;"1F";29,2;22,6;6,6;385,6
2026-06-30 14:15:00;2026-06-30 14:24:02;"1F_SUSPEITO";27,9;22,3;5,6;271
2026-06-30 15:00:00;2026-06-30 15:09:01;"1F";30,8;23,1;7,7;324,1
2026-06-30 15:30:00;2026-06-30 15:38:59;"1F_SUSPEITO";27,3;22,7;4,6;196,6
2026-06-30 15:45:00;2026-06-30 15:53:59;"1F";25,4;22,4;3;141,2
2026-06-30 16:00:00;2026-06-30 16:08:58;"1F";23,7;22,2;1,5;95,7
2026-06-30 16:15:00;2026-06-30 16:23:57;"1F";22,9;22;0,899999999999999;69,35
2026-06-30 16:30:00;2026-06-30 16:38:57;"1F";22,4;21,8;0,599999999999998;59,28
2026-06-30 16:45:00;2026-06-30 16:53:56;"1F";21,7;21,5;0,199999999999999;44,4
2026-06-30 17:00:00;2026-06-30 17:08:56;"1F";20,9;21,2;-0,300000000000001;28
2026-06-30 17:15:00;2026-06-30 17:23:55;"1F";20,2;20,9;-0,699999999999999;15,09
2026-06-30 17:30:00;2026-06-30 17:38:54;"1F";20,3;20,7;-0,399999999999999;11,85
2026-06-30 17:45:00;2026-06-30 17:53:53;"1F";19,4;20,5;-1,1;3,492
2026-06-30 18:00:00;2026-06-30 18:08:53;"1F";19,1;20,3;-1,2;0
2026-06-30 18:15:00;2026-06-30 18:23:53;"1F";18,9;20,1;-1,2;0
2026-06-30 18:30:00;2026-06-30 18:38:52;"1F";18,9;20,1;-1,2;0
2026-06-30 18:45:00;2026-06-30 18:53:51;"1F";18,9;20;-1,1;0
2026-06-30 19:00:00;2026-06-30 19:08:51;"1F";18,9;20;-1,1;0
2026-06-30 19:15:00;2026-06-30 19:23:50;"1F";18,8;19,9;-1,1;0
2026-06-30 19:30:00;2026-06-30 19:38:50;"1F";18,6;19,7;-1,1;0
2026-06-30 19:45:00;2026-06-30 19:53:49;"1F";18,4;19,6;-1,2;0
2026-06-30 20:00:00;2026-06-30 20:08:48;"1F";18,1;19,4;-1,3;0
2026-06-30 20:15:00;2026-06-30 20:23:47;"1F";17,8;19,2;-1,4;0
2026-06-30 20:30:00;2026-06-30 20:38:47;"1F";17,7;19,1;-1,4;0
2026-06-30 20:45:00;2026-06-30 20:53:46;"1F";17,5;19;-1,5;0
2026-06-30 21:00:00;2026-06-30 21:08:46;"1F";17,2;18,8;-1,6;0
2026-06-30 21:15:00;2026-06-30 21:23:45;"1F";16,9;18,7;-1,8;0
2026-06-30 21:30:00;2026-06-30 21:38:44;"1F";17,1;18,8;-1,7;0
2026-06-30 21:45:00;2026-06-30 21:53:44;"1F";17,3;18,8;-1,5;0
2026-06-30 22:00:00;2026-06-30 22:08:44;"1F";17,3;18,8;-1,5;0
2026-06-30 22:15:00;2026-06-30 22:23:43;"1F";17;18,5;-1,5;0
2026-06-30 22:30:00;2026-06-30 22:38:44;"1F";16,8;18,5;-1,7;0
2026-06-30 22:45:00;2026-06-30 22:53:41;"1F";16,8;18,4;-1,6;0
2026-06-30 23:00:00;2026-06-30 23:08:41;"1F";16,6;18,2;-1,6;0
2026-06-30 23:15:00;2026-06-30 23:23:40;"1F";16,5;18,1;-1,6;0
2026-06-30 23:30:00;2026-06-30 23:38:40;"1F";16,6;18,1;-1,5;0
2026-06-30 23:45:00;2026-06-30 23:53:39;"1F";16,6;18,2;-1,6;0
2026-07-01;2026-07-01 00:08:38;"1F";16,7;18,1;-1,4;0
2026-07-01 00:30:00;2026-07-01 00:38:38;"1F";16,4;17,8;-1,4;0
2026-07-01 00:45:00;2026-07-01 00:53:37;"1F";16,3;17,8;-1,5;0
2026-07-01 01:00:00;2026-07-01 01:08:37;"1F";16,3;17,9;-1,6;0
2026-07-01 01:15:00;2026-07-01 01:23:36;"1F";16,1;17,8;-1,7;0
2026-07-01 01:30:00;2026-07-01 01:38:35;"1F";16;18;-2;0
2026-07-01 01:45:00;2026-07-01 01:53:40;"1F_SUSPEITO";16,5;18,4;-1,9;0
2026-07-01 02:00:00;2026-07-01 02:08:34;"1F";16,8;18,4;-1,6;0
2026-07-01 02:15:00;2026-07-01 02:23:34;"1F";16,9;18,3;-1,4;0
2026-07-01 02:30:00;2026-07-01 02:38:33;"1F";16,9;18,3;-1,4;0
2026-07-01 02:45:00;2026-07-01 02:53:33;"1F";16,9;18,3;-1,4;0
2026-07-01 03:00:00;2026-07-01 03:08:32;"1F";16,9;18,2;-1,3;0
2026-07-01 03:15:00;2026-07-01 03:23:32;"1F";16,8;18,1;-1,3;0
2026-07-01 03:30:00;2026-07-01 03:38:31;"1F";16,6;17,9;-1,3;0
2026-07-01 03:45:00;2026-07-01 03:53:31;"1F";16,2;17,7;-1,5;0
2026-07-01 04:00:00;2026-07-01 04:08:30;"1F";16;17,8;-1,8;0
2026-07-01 04:15:00;2026-07-01 04:23:29;"1F";16,1;17,7;-1,6;0
2026-07-01 04:30:00;2026-07-01 04:38:29;"1F";16,1;17,6;-1,5;0
2026-07-01 04:45:00;2026-07-01 04:53:32;"1F";16,1;17,4;-1,3;0
2026-07-01 05:00:00;2026-07-01 05:08:27;"1F";15,8;17,2;-1,4;0
2026-07-01 05:15:00;2026-07-01 05:23:28;"1F";15,8;17,3;-1,5;0
2026-07-01 05:30:00;2026-07-01 05:38:27;"1F";15,8;17,1;-1,3;0
2026-07-01 05:45:00;2026-07-01 05:53:26;"1F";15,7;17,2;-1,5;0
2026-07-01 06:00:00;2026-07-01 06:08:25;"1F";15,8;17,3;-1,5;0
2026-07-01 06:15:00;2026-07-01 06:23:25;"1F";15,7;17,3;-1,6;0
2026-07-01 06:30:00;2026-07-01 06:38:25;"1F";15,5;17,4;-1,9;0
2026-07-01 06:45:00;2026-07-01 06:53:23;"1F";15,4;17,6;-2,2;0
2026-07-01 07:00:00;2026-07-01 07:08:23;"1F";15,6;17,7;-2,1;0,125
2026-07-01 07:15:00;2026-07-01 07:23:22;"1F";15,8;17,6;-1,8;5,206
2026-07-01 07:30:00;2026-07-01 07:38:22;"1F";16,2;17,7;-1,5;14,22
2026-07-01 07:45:00;2026-07-01 07:53:21;"1F";17,5;18;-0,5;31,92
2026-07-01 08:00:00;2026-07-01 08:08:21;"1F";19,6;18,8;0,800000000000001;83,9
2026-07-01 08:15:00;2026-07-01 08:23:20;"1F";21,1;19,1;2;126,5
2026-07-01 08:30:00;2026-07-01 08:38:20;"1F";20,9;19,2;1,7;126,4
2026-07-01 08:45:00;2026-07-01 08:53:24;"1F_SUSPEITO";21,4;19,5;1,9;148,7
2026-07-01 09:00:00;2026-07-01 09:08:19;"1F";22,2;20,2;2;162,5
2026-07-01 09:15:00;2026-07-01 09:23:18;"1F";23,7;21;2,7;231,6
2026-07-01 09:30:00;2026-07-01 09:38:19;"1F";26,7;21,8;4,9;318,1
2026-07-01 09:45:00;2026-07-01 09:53:17;"1F_SUSPEITO";28,9;22,1;6,8;323,2
2026-07-01 10:45:00;2026-07-01 10:53:15;"1F";29;23,1;5,9;453
2026-07-01 11:30:00;2026-07-01 11:38:13;"1F";32,2;24,1;8,1;490,3
2026-07-01 12:00:00;2026-07-01 12:08:13;"1F";32,9;24,4;8,5;524,9
2026-07-01 12:15:00;2026-07-01 12:23:11;"1F";32,6;24,5;8,1;529,5
2026-07-01 12:30:00;2026-07-01 12:38:11;"1F";32,8;24,9;7,9;529,6
2026-07-01 12:45:00;2026-07-01 12:53:15;"1F_SUSPEITO";33,1;25,1;8;527
2026-07-01 13:00:00;2026-07-01 13:08:12;"1F";33,2;25,2;8;522,3
2026-07-01 13:15:00;2026-07-01 13:23:08;"1F";33,2;25,4;7,8;514,9
2026-07-01 13:30:00;2026-07-01 13:38:08;"1F";33,4;25,4;8;503,7
2026-07-01 15:00:00;2026-07-01 15:08:10;"1F_SUSPEITO";33,7;25,6;8,1;372,4
2026-07-01 17:15:00;2026-07-01 17:23:01;"1F";26,2;23,3;2,9;45,93
2026-07-01 17:45:00;2026-07-01 17:52:57;"1F";21,2;22,2;-1;5,706
2026-07-01 18:00:00;2026-07-01 18:07:57;"1F";20,3;21,8;-1,5;0,405
2026-07-01 18:30:00;2026-07-01 18:37:56;"1F";19,6;21,7;-2,1;0
2026-07-01 18:45:00;2026-07-01 18:52:55;"1F";19,4;21,3;-1,9;0
2026-07-01 19:00:00;2026-07-01 19:07:54;"1F";19,1;21,1;-2;0
2026-07-01 19:15:00;2026-07-01 19:22:54;"1F";19;21;-2;0
2026-07-01 19:30:00;2026-07-01 19:37:53;"1F";18,9;20,8;-1,9;0
2026-07-01 19:45:00;2026-07-01 19:52:53;"1F";18,8;20,8;-2;0
2026-07-01 20:00:00;2026-07-01 20:07:58;"1F";18,6;20,5;-1,9;0
2026-07-01 20:15:00;2026-07-01 20:22:52;"1F";17,5;19,9;-2,4;0
2026-07-01 20:30:00;2026-07-01 20:37:51;"1F";17,5;19,8;-2,3;0
2026-07-01 20:45:00;2026-07-01 20:52:51;"1F";17;19,4;-2,4;0
2026-07-01 21:00:00;2026-07-01 21:07:50;"1F";16,5;19;-2,5;0
2026-07-01 21:15:00;2026-07-01 21:22:52;"1F";16,1;18,4;-2,3;0
2026-07-01 21:30:00;2026-07-01 21:37:49;"1F";15,6;18,2;-2,6;0
2026-07-01 22:00:00;2026-07-01 22:07:48;"1F";15,6;18,4;-2,8;0
2026-07-01 22:15:00;2026-07-01 22:22:47;"1F";15,7;18,3;-2,6;0
2026-07-01 22:30:00;2026-07-01 22:37:47;"1F";15,4;18,2;-2,8;0
2026-07-01 22:45:00;2026-07-01 22:52:46;"1F";15,3;17,6;-2,3;0
2026-07-01 23:00:00;2026-07-01 23:07:46;"1F";15;17;-2;0
2026-07-01 23:15:00;2026-07-01 23:22:45;"1F";14,4;16,8;-2,4;0
2026-07-01 23:30:00;2026-07-01 23:37:44;"1F";14,3;16,5;-2,2;0
2026-07-01 23:45:00;2026-07-01 23:52:44;"1F";14,1;16,3;-2,2;0
2026-07-02;2026-07-02 00:07:43;"1F";13,9;16,1;-2,2;0
2026-07-02 00:15:00;2026-07-02 00:22:43;"1F";13,7;16;-2,3;0
2026-07-02 00:30:00;2026-07-02 00:37:42;"1F";13,8;16,1;-2,3;0
2026-07-02 00:45:00;2026-07-02 00:52:42;"1F";13,7;15,9;-2,2;0
2026-07-02 01:00:00;2026-07-02 01:07:42;"1F";13,6;15,9;-2,3;0
2026-07-02 01:15:00;2026-07-02 01:22:41;"1F";13,4;15,6;-2,2;0
2026-07-02 01:30:00;2026-07-02 01:37:41;"1F";13,3;15,4;-2,1;0
2026-07-02 01:45:00;2026-07-02 01:52:40;"1F";13,4;15,4;-2;0,031
2026-07-02 02:00:00;2026-07-02 02:07:39;"1F";13,3;15,4;-2,1;0
2026-07-02 02:15:00;2026-07-02 02:22:40;"1F";13,1;15,2;-2,1;0
2026-07-02 02:30:00;2026-07-02 02:37:38;"1F";12,9;15,1;-2,2;0
2026-07-02 02:45:00;2026-07-02 02:52:37;"1F";12,9;14,9;-2;0
2026-07-02 03:00:00;2026-07-02 03:07:37;"1F";12,7;14,9;-2,2;0,062
2026-07-02 03:15:00;2026-07-02 03:22:38;"1F";12,8;15,4;-2,6;0
2026-07-02 03:30:00;2026-07-02 03:37:35;"1F";13,3;16,2;-2,9;0
2026-07-02 03:45:00;2026-07-02 03:52:36;"1F";13,3;15,6;-2,3;0
2026-07-02 04:00:00;2026-07-02 04:07:36;"1F";13,1;15,5;-2,4;0
2026-07-02 04:15:00;2026-07-02 04:22:34;"1F";13,1;15,2;-2,1;0
2026-07-02 04:30:00;2026-07-02 04:37:37;"1F";12,5;14,3;-1,8;0
2026-07-02 04:45:00;2026-07-02 04:52:36;"1F";12,2;14,1;-1,9;0
2026-07-02 05:00:00;2026-07-02 05:07:33;"1F";12,3;14,2;-1,9;0
2026-07-02 05:15:00;2026-07-02 05:22:32;"1F";12,2;14,2;-2;0
2026-07-02 05:30:00;2026-07-02 05:37:32;"1F";12,1;14,1;-2;0
2026-07-02 05:45:00;2026-07-02 05:52:31;"1F";12,3;14,3;-2;0
2026-07-02 06:00:00;2026-07-02 06:07:30;"1F";12,3;14,1;-1,8;0
2026-07-02 06:15:00;2026-07-02 06:22:30;"1F";12,3;14,1;-1,8;0
2026-07-02 06:30:00;2026-07-02 06:37:29;"1F";12,3;14,4;-2,1;0
2026-07-02 06:45:00;2026-07-02 06:52:30;"1F";12,3;14,4;-2,1;0
2026-07-02 07:00:00;2026-07-02 07:07:28;"1F";12,1;14,2;-2,1;0,686
2026-07-02 07:15:00;2026-07-02 07:22:27;"1F";12,3;14,3;-2;3,99
2026-07-02 07:30:00;2026-07-02 07:37:27;"1F";12,5;14,5;-2;9,48
2026-07-02 07:45:00;2026-07-02 07:52:27;"1F";13,2;15,1;-1,9;18,55
2026-07-02 08:00:00;2026-07-02 08:07:26;"1F";16,3;16,8;-0,5;89,1
2026-07-02 08:15:00;2026-07-02 08:22:25;"1F";17,9;17,5;0,399999999999999;127,4
2026-07-02 08:30:00;2026-07-02 08:37:25;"1F";18,7;18,4;0,300000000000001;164,7
2026-07-02 08:45:00;2026-07-02 08:52:24;"1F";19,1;19,2;-0,0999999999999979;202,8
2026-07-02 09:00:00;2026-07-02 09:07:24;"1F";20,3;19,7;0,600000000000001;241,3
2026-07-02 09:30:00;2026-07-02 09:37:23;"1F";26,9;21,8;5,1;313,3
2026-07-02 12:00:00;2026-07-02 12:07:19;"1F_SUSPEITO";31,8;23,9;7,9;525,2
2026-07-02 12:15:00;2026-07-02 12:22:16;"1F";32,1;24,1;8;522,8
2026-07-02 12:30:00;2026-07-02 12:37:15;"1F";32,9;24,2;8,7;519,4
2026-07-02 12:45:00;2026-07-02 12:52:15;"1F_SUSPEITO";34,2;24,7;9,5;539,8
2026-07-02 13:00:00;2026-07-02 13:07:19;"1F_SUSPEITO";33,5;24,3;9,2;538,1
2026-07-02 13:15:00;2026-07-02 13:22:14;"1F";33,4;24,7;8,7;526
2026-07-02 13:30:00;2026-07-02 13:37:17;"1F_SUSPEITO";34;25;9;510,6
2026-07-02 13:45:00;2026-07-02 13:52:12;"1F";33,9;24,9;9;502,2
2026-07-02 14:15:00;2026-07-02 14:22:11;"1F";33,9;25;8,9;461,6
2026-07-02 14:30:00;2026-07-02 14:37:10;"1F";34,2;25,1;9,1;432,8
2026-07-02 14:45:00;2026-07-02 14:52:10;"1F";35;25,3;9,7;404,2
2026-07-02 15:00:00;2026-07-02 15:07:09;"1F";32,2;24,7;7,5;310,9
2026-07-02 16:00:00;2026-07-02 16:07:10;"1F";32,7;25;7,7;241,2
2026-07-02 16:15:00;2026-07-02 16:22:11;"1F_SUSPEITO";32;24,7;7,3;206,2
2026-07-02 16:30:00;2026-07-02 16:37:06;"1F";31,8;24,8;7;162,6
2026-07-02 16:45:00;2026-07-02 16:52:05;"1F";31,4;24,5;6,9;123,3
2026-07-02 17:00:00;2026-07-02 17:07:04;"1F";29,6;24,2;5,4;87,6
2026-07-02 17:15:00;2026-07-02 17:22:04;"1F";27,8;23,6;4,2;49,77
2026-07-02 17:30:00;2026-07-02 17:37:02;"1F";25;23;2;20,27
2026-07-02 17:45:00;2026-07-02 17:52:02;"1F";21,3;22,4;-1,1;4,989
2026-07-02 18:00:00;2026-07-02 18:07:01;"1F";20,1;22;-1,9;1,247
2026-07-02 18:15:00;2026-07-02 18:22:02;"1F";19,6;21,8;-2,2;0
2026-07-02 18:30:00;2026-07-02 18:37:00;"1F";19,7;21,8;-2,1;0
2026-07-02 18:45:00;2026-07-02 18:51:59;"1F";19,7;21,7;-2;0
2026-07-02 19:00:00;2026-07-02 19:07:00;"1F";18,8;20,9;-2,1;0
2026-07-02 19:15:00;2026-07-02 19:21:58;"1F";18,6;20,8;-2,2;0
2026-07-02 19:30:00;2026-07-02 19:36:57;"1F";18,2;20,2;-2;0
2026-07-02 19:45:00;2026-07-02 19:51:57;"1F";18;20;-2;0
2026-07-02 20:00:00;2026-07-02 20:06:56;"1F";17,9;19,9;-2;0
2026-07-02 20:15:00;2026-07-02 20:21:56;"1F";17,6;19,7;-2,1;0
2026-07-02 20:30:00;2026-07-02 20:36:56;"1F";17,1;19,3;-2,2;0
2026-07-02 20:45:00;2026-07-02 20:51:55;"1F";16,9;19,3;-2,4;0
2026-07-02 21:00:00;2026-07-02 21:06:54;"1F";16,5;19,2;-2,7;0
2026-07-02 21:15:00;2026-07-02 21:21:54;"1F";16,7;19,2;-2,5;0
2026-07-02 21:30:00;2026-07-02 21:36:53;"1F";16;18,5;-2,5;0
2026-07-02 21:45:00;2026-07-02 21:51:53;"1F";16,1;18,6;-2,5;0
2026-07-02 22:00:00;2026-07-02 22:06:53;"1F";16,1;18,6;-2,5;0
2026-07-02 22:15:00;2026-07-02 22:21:52;"1F";16,2;18,6;-2,4;0
2026-07-02 22:30:00;2026-07-02 22:36:50;"1F";16,5;18,7;-2,2;0
2026-07-02 22:45:00;2026-07-02 22:51:50;"1F";16,5;18,6;-2,1;0
2026-07-02 23:00:00;2026-07-02 23:06:50;"1F";16,5;18,4;-1,9;0
2026-07-02 23:15:00;2026-07-02 23:21:49;"1F";16,3;18,3;-2;0
2026-07-02 23:30:00;2026-07-02 23:36:48;"1F";16,1;18,3;-2,2;0
2026-07-02 23:45:00;2026-07-02 23:51:48;"1F";16,3;18,3;-2;0
2026-07-03;2026-07-03 00:06:47;"1F";16,4;18,2;-1,8;0
2026-07-03 00:15:00;2026-07-03 00:21:47;"1F";16,2;18;-1,8;0
2026-07-03 00:30:00;2026-07-03 00:36:48;"1F";16,1;17,9;-1,8;0
2026-07-03 00:45:00;2026-07-03 00:51:46;"1F";15,9;17,9;-2;0
2026-07-03 01:00:00;2026-07-03 01:06:45;"1F";15,9;17,7;-1,8;0
2026-07-03 01:15:00;2026-07-03 01:21:45;"1F";15,5;17,5;-2;0
2026-07-03 01:45:00;2026-07-03 01:51:43;"1F";14,6;17,1;-2,5;0
2026-07-03 02:00:00;2026-07-03 02:06:43;"1F";14,9;17,2;-2,3;0
2026-07-03 02:30:00;2026-07-03 02:36:44;"1F";14,6;16,6;-2;0
2026-07-03 02:45:00;2026-07-03 02:51:41;"1F";14,3;16,4;-2,1;0
2026-07-03 03:00:00;2026-07-03 03:06:41;"1F";14,3;16,2;-1,9;0
2026-07-03 03:15:00;2026-07-03 03:21:40;"1F";14,7;16,2;-1,5;0
2026-07-03 03:30:00;2026-07-03 03:36:40;"1F";14,6;16,1;-1,5;0
2026-07-03 03:45:00;2026-07-03 03:51:39;"1F";14,3;15,9;-1,6;0
2026-07-03 04:00:00;2026-07-03 04:06:38;"1F";13,6;15,3;-1,7;0
2026-07-03 04:15:00;2026-07-03 04:21:38;"1F";13,4;15,3;-1,9;0
2026-07-03 04:30:00;2026-07-03 04:36:37;"1F";13,8;15,6;-1,8;0
2026-07-03 04:45:00;2026-07-03 04:51:37;"1F";13,7;15,3;-1,6;0
2026-07-03 05:00:00;2026-07-03 05:06:36;"1F";13,3;15;-1,7;0
2026-07-03 05:15:00;2026-07-03 05:21:36;"1F";13,3;15,1;-1,8;0,031
2026-07-03 05:30:00;2026-07-03 05:36:36;"1F";13,3;15;-1,7;0
2026-07-03 05:45:00;2026-07-03 05:51:34;"1F";13,2;15;-1,8;0
2026-07-03 06:00:00;2026-07-03 06:06:34;"1F";13,2;15,1;-1,9;0,031
2026-07-03 06:15:00;2026-07-03 06:21:33;"1F";13,3;15,1;-1,8;0
2026-07-03 06:30:00;2026-07-03 06:36:33;"1F";13,2;15;-1,8;0
2026-07-03 06:45:00;2026-07-03 06:51:32;"1F";13,2;14,7;-1,5;0
2026-07-03 07:00:00;2026-07-03 07:06:32;"1F";13,1;14,7;-1,6;0,436
2026-07-03 07:15:00;2026-07-03 07:21:31;"1F";13,2;14,9;-1,7;4,115
2026-07-03 07:30:00;2026-07-03 07:36:31;"1F";13,5;15;-1,5;13,16
2026-07-03 07:45:00;2026-07-03 07:51:30;"1F";14,2;15,4;-1,2;24,69
2026-07-03 08:00:00;2026-07-03 08:06:30;"1F";15;15,8;-0,800000000000001;26,59
2026-07-03 08:15:00;2026-07-03 08:21:29;"1F";15,4;16;-0,6;33,3
2026-07-03 08:30:00;2026-07-03 08:36:28;"1F";16,1;16,3;-0,199999999999999;39,84
2026-07-03 08:45:00;2026-07-03 08:51:28;"1F";16,8;16,5;0,300000000000001;53,9
2026-07-03 09:00:00;2026-07-03 09:06:28;"1F";17,1;16,5;0,600000000000001;54,34
2026-07-03 09:15:00;2026-07-03 09:21:27;"1F";17,8;16,7;1,1;59,51
2026-07-03 09:30:00;2026-07-03 09:36:26;"1F";18,3;16,7;1,6;68,74
2026-07-03 09:45:00;2026-07-03 09:51:25;"1F";18,1;16,6;1,5;56,58
2026-07-03 10:00:00;2026-07-03 10:06:25;"1F";18,4;16,5;1,9;76,19
2026-07-03 10:15:00;2026-07-03 10:21:24;"1F";18,4;16,5;1,9;68,43
2026-07-03 10:30:00;2026-07-03 10:36:24;"1F";18,9;16,5;2,4;94,9
2026-07-03 10:45:00;2026-07-03 10:51:23;"1F";19,3;16,6;2,7;100,5
2026-07-03 11:00:00;2026-07-03 11:06:23;"1F";18,9;16,7;2,2;82,3
2026-07-03 11:15:00;2026-07-03 11:21:21;"1F";18,3;16,6;1,7;59,39
2026-07-03 11:30:00;2026-07-03 11:36:21;"1F";18,4;16,7;1,7;72,27
2026-07-03 11:45:00;2026-07-03 11:51:20;"1F";19,1;16,7;2,4;95,7
2026-07-03 12:00:00;2026-07-03 12:06:20;"1F";18,7;16,7;2;71,99
2026-07-03 12:15:00;2026-07-03 12:21:20;"1F";18,5;16,8;1,7;63,1
2026-07-03 12:30:00;2026-07-03 12:36:19;"1F";20,2;17,2;3;134,2
2026-07-03 12:45:00;2026-07-03 12:51:18;"1F";20,3;17,1;3,2;116,1
2026-07-03 13:00:00;2026-07-03 13:06:19;"1F";20,1;17,1;3;112,7
2026-07-03 13:15:00;2026-07-03 13:21:17;"1F";20,4;17,2;3,2;120,8
2026-07-03 13:30:00;2026-07-03 13:36:16;"1F";19,8;17;2,8;95,9
2026-07-03 13:45:00;2026-07-03 13:51:17;"1F";19,5;17;2,5;82,9
2026-07-03 14:00:00;2026-07-03 14:06:15;"1F";19,7;17,2;2,5;109,9
2026-07-03 14:15:00;2026-07-03 14:21:17;"1F";19,7;16,9;2,8;110,7
2026-07-03 14:30:00;2026-07-03 14:36:15;"1F";20,8;16,8;4;125,4
2026-07-03 14:45:00;2026-07-03 14:51:14;"1F";20,8;16,8;4;138,2
2026-07-03 15:00:00;2026-07-03 15:06:13;"1F";20;16,8;3,2;103,6
2026-07-03 15:15:00;2026-07-03 15:21:13;"1F";20,2;16,6;3,6;127,6
2026-07-03 15:30:00;2026-07-03 15:36:12;"1F";18,7;16,5;2,2;67,96
2026-07-03 15:45:00;2026-07-03 15:51:12;"1F";18,2;16,7;1,5;65,44
2026-07-03 16:00:00;2026-07-03 16:06:11;"1F";17,3;16,5;0,800000000000001;29,43
2026-07-03 16:15:00;2026-07-03 16:21:11;"1F";17,3;16,3;1;40,62
2026-07-03 16:30:00;2026-07-03 16:36:10;"1F";17;16,1;0,899999999999999;41,46
2026-07-03 16:45:00;2026-07-03 16:51:09;"1F";16,4;15,8;0,599999999999998;23,35
2026-07-03 17:00:00;2026-07-03 17:06:09;"1F";15,9;15,6;0,300000000000001;12,35
2026-07-03 17:15:00;2026-07-03 17:21:09;"1F";15,4;15,3;0,0999999999999996;8,89
2026-07-03 17:30:00;2026-07-03 17:36:08;"1F";15;15,1;-0,0999999999999996;3,305
2026-07-03 17:45:00;2026-07-03 17:51:07;"1F";14,8;15;-0,199999999999999;0,125
2026-07-03 18:00:00;2026-07-03 18:06:07;"1F";14,6;14,8;-0,200000000000001;0,062
2026-07-03 18:15:00;2026-07-03 18:21:06;"1F";14,4;14,7;-0,299999999999999;0
2026-07-03 18:30:00;2026-07-03 18:36:06;"1F";14,3;14,6;-0,299999999999999;0
2026-07-03 18:45:00;2026-07-03 18:51:05;"1F";14,2;14,5;-0,300000000000001;0
2026-07-03 19:00:00;2026-07-03 19:06:04;"1F";13,9;14,1;-0,199999999999999;0
2026-07-03 19:15:00;2026-07-03 19:21:04;"1F";13,8;14,1;-0,299999999999999;0
2026-07-03 19:30:00;2026-07-03 19:36:03;"1F";13,7;14,1;-0,4;0
2026-07-03 19:45:00;2026-07-03 19:51:02;"1F";13,7;14,1;-0,4;0
2026-07-03 20:00:00;2026-07-03 20:06:02;"1F";13,7;14;-0,300000000000001;0
2026-07-03 20:15:00;2026-07-03 20:21:01;"1F";13,5;13,7;-0,199999999999999;0
2026-07-03 20:30:00;2026-07-03 20:36:01;"1F";13,3;13,6;-0,299999999999999;0
2026-07-03 20:45:00;2026-07-03 20:51:00;"1F";13,3;13,6;-0,299999999999999;0
2026-07-03 21:00:00;2026-07-03 21:06:00;"1F";13,1;13,3;-0,200000000000001;0
2026-07-03 21:15:00;2026-07-03 21:21:00;"1F";12,9;13,1;-0,199999999999999;0
2026-07-03 21:30:00;2026-07-03 21:35:59;"1F";12,7;12,9;-0,200000000000001;0
2026-07-03 21:45:00;2026-07-03 21:50:58;"1F";12,5;12,7;-0,199999999999999;0
2026-07-03 22:00:00;2026-07-03 22:05:57;"1F";12,4;12,7;-0,299999999999999;0
2026-07-03 22:15:00;2026-07-03 22:20:57;"1F";12,3;12,6;-0,299999999999999;0
2026-07-03 22:30:00;2026-07-03 22:35:56;"1F";12,2;12,4;-0,200000000000001;0
2026-07-03 22:45:00;2026-07-03 22:50:56;"1F";11,9;12,3;-0,4;0
2026-07-03 23:00:00;2026-07-03 23:05:56;"1F";11,9;12,3;-0,4;0
2026-07-03 23:15:00;2026-07-03 23:20:55;"1F";11,9;12,3;-0,4;0
2026-07-03 23:30:00;2026-07-03 23:35:54;"1F";11,8;12,3;-0,5;0
2026-07-03 23:45:00;2026-07-03 23:50:54;"1F";11,8;12,2;-0,399999999999999;0
2026-07-04;2026-07-04 00:05:53;"1F";11,7;12,2;-0,5;0
2026-07-04 00:15:00;2026-07-04 00:20:53;"1F";11,7;12,1;-0,4;0
2026-07-04 00:30:00;2026-07-04 00:35:52;"1F";11,6;12,1;-0,5;0
2026-07-04 00:45:00;2026-07-04 00:50:54;"1F";11,6;12,2;-0,6;0
2026-07-04 01:00:00;2026-07-04 01:05:51;"1F";11,6;12,2;-0,6;0
2026-07-04 01:15:00;2026-07-04 01:20:50;"1F";11,7;12,1;-0,4;0
2026-07-04 01:30:00;2026-07-04 01:35:50;"1F";11,6;12;-0,4;0
2026-07-04 01:45:00;2026-07-04 01:50:56;"1F";11,6;11,9;-0,300000000000001;0
2026-07-04 02:00:00;2026-07-04 02:05:49;"1F";11,5;11,8;-0,300000000000001;0
2026-07-04 02:15:00;2026-07-04 02:20:48;"1F";11,4;11,8;-0,4;0
2026-07-04 02:30:00;2026-07-04 02:35:48;"1F";11,4;11,8;-0,4;0,031
2026-07-04 02:45:00;2026-07-04 02:50:47;"1F";11,3;11,6;-0,299999999999999;0
2026-07-04 03:00:00;2026-07-04 03:05:48;"1F";11,3;11,6;-0,299999999999999;0,062
2026-07-04 03:15:00;2026-07-04 03:20:46;"1F";11,3;11,5;-0,199999999999999;0,031
2026-07-04 03:30:00;2026-07-04 03:35:46;"1F";11,2;11,5;-0,300000000000001;0
2026-07-04 03:45:00;2026-07-04 03:50:46;"1F";11,2;11,6;-0,4;0
2026-07-04 04:00:00;2026-07-04 04:05:45;"1F";11,1;11,5;-0,4;0
2026-07-04 04:15:00;2026-07-04 04:20:45;"1F";11;11,4;-0,4;0
2026-07-04 04:30:00;2026-07-04 04:35:44;"1F";10,9;11,3;-0,4;0,031
2026-07-04 04:45:00;2026-07-04 04:50:43;"1F";10,9;11,2;-0,299999999999999;0,031
2026-07-04 05:00:00;2026-07-04 05:05:42;"1F";10,8;11,3;-0,5;0
2026-07-04 05:15:00;2026-07-04 05:20:42;"1F";10,9;11,3;-0,4;0
2026-07-04 05:30:00;2026-07-04 05:35:42;"1F";10,9;11,3;-0,4;0
2026-07-04 05:45:00;2026-07-04 05:50:41;"1F";10,8;11,3;-0,5;0,031
2026-07-04 06:00:00;2026-07-04 06:05:40;"1F";10,8;11,2;-0,399999999999999;0
2026-07-04 06:15:00;2026-07-04 06:20:39;"1F";10,8;11,3;-0,5;0
2026-07-04 06:30:00;2026-07-04 06:35:39;"1F";10,8;11,4;-0,6;0
2026-07-04 06:45:00;2026-07-04 06:50:39;"1F";10,9;11,4;-0,5;0
2026-07-04 07:00:00;2026-07-04 07:05:40;"1F";11;11,4;-0,4;0
2026-07-04 07:15:00;2026-07-04 07:20:37;"1F";11,1;11,4;-0,300000000000001;3,959
2026-07-04 07:30:00;2026-07-04 07:35:37;"1F";11,1;11,3;-0,200000000000001;15,37
2026-07-04 07:45:00;2026-07-04 07:50:36;"1F";11,3;11,3;0;24,82
2026-07-04 08:00:00;2026-07-04 08:05:37;"1F";11,4;11,3;0,0999999999999996;23,85
2026-07-04 08:15:00;2026-07-04 08:20:35;"1F";11,6;11,4;0,199999999999999;32,33
2026-07-04 08:30:00;2026-07-04 08:35:35;"1F";12,1;11,6;0,5;42,87
2026-07-04 08:45:00;2026-07-04 08:50:36;"1F";13,2;12;1,2;78,81
2026-07-04 09:00:00;2026-07-04 09:05:38;"1F_SUSPEITO";14,4;12,2;2,2;96,1
2026-07-04 09:15:00;2026-07-04 09:20:33;"1F";14,7;12,4;2,3;90,1
2026-07-04 09:30:00;2026-07-04 09:35:32;"1F";15,3;12,6;2,7;113,7
2026-07-04 09:45:00;2026-07-04 09:50:34;"1F";15,3;12,6;2,7;109,4
2026-07-04 10:00:00;2026-07-04 10:05:31;"1F";15,5;12,7;2,8;114,3
2026-07-04 10:15:00;2026-07-04 10:20:31;"1F";15,9;12,9;3;143,7
2026-07-04 10:30:00;2026-07-04 10:35:30;"1F";17,7;13,5;4,2;156,6
2026-07-04 10:45:00;2026-07-04 10:50:30;"1F";18,7;13,8;4,9;185,8
2026-07-04 11:00:00;2026-07-04 11:05:29;"1F";18,8;13,9;4,9;176,5
2026-07-04 11:15:00;2026-07-04 11:20:29;"1F";18,8;13,8;5;169,2
2026-07-04 11:30:00;2026-07-04 11:35:28;"1F";17,8;14,1;3,7;120,3
2026-07-04 11:45:00;2026-07-04 11:50:28;"1F";18,3;14,3;4;152,2
2026-07-04 12:00:00;2026-07-04 12:05:27;"1F";18,6;14,6;4;133,5
2026-07-04 12:15:00;2026-07-04 12:20:26;"1F";18,6;14,6;4;136
2026-07-04 12:30:00;2026-07-04 12:35:26;"1F";19,2;14,4;4,8;185,8
2026-07-04 12:45:00;2026-07-04 12:50:25;"1F";20,7;14,5;6,2;272,7
2026-07-04 13:00:00;2026-07-04 13:05:25;"1F";17,5;14;3,5;111,5
2026-07-04 13:15:00;2026-07-04 13:20:24;"1F";16,4;13,8;2,6;79,62
2026-07-04 13:30:00;2026-07-04 13:35:23;"1F";16,2;13,8;2,4;100,7
2026-07-04 13:45:00;2026-07-04 13:50:23;"1F";16,8;14;2,8;117
2026-07-04 14:00:00;2026-07-04 14:05:22;"1F";17,2;14,3;2,9;122
2026-07-04 14:15:00;2026-07-04 14:20:22;"1F";17,4;14,4;3;109,8
2026-07-04 14:30:00;2026-07-04 14:35:21;"1F";17,4;14,6;2,8;94,6
2026-07-04 14:45:00;2026-07-04 14:50:20;"1F";17,7;14,8;2,9;107,7
2026-07-04 15:00:00;2026-07-04 15:05:20;"1F";18;14,7;3,3;96,8
2026-07-04 15:15:00;2026-07-04 15:20:19;"1F";17,2;14,6;2,6;112,7
2026-07-04 15:30:00;2026-07-04 15:35:18;"1F";20,5;14,9;5,6;228,9
2026-07-04 15:45:00;2026-07-04 15:50:19;"1F";22,8;15,5;7,3;251
2026-07-04 16:00:00;2026-07-04 16:05:18;"1F";21,1;15,4;5,7;166,7
2026-07-04 16:15:00;2026-07-04 16:20:17;"1F";17,9;14,8;3,1;76,79
2026-07-04 16:30:00;2026-07-04 16:35:16;"1F";16,5;14,7;1,8;54,4
2026-07-04 16:45:00;2026-07-04 16:50:16;"1F";15,7;14,5;1,2;42,21
2026-07-04 17:00:00;2026-07-04 17:05:16;"1F";15;14,3;0,699999999999999;25,78
2026-07-04 17:15:00;2026-07-04 17:20:15;"1F";14,5;14;0,5;20,14
2026-07-04 17:30:00;2026-07-04 17:35:14;"1F";13,9;13,7;0,200000000000001;10,04
2026-07-04 17:45:00;2026-07-04 17:50:14;"1F";13,4;13,4;0;1,278
2026-07-04 18:00:00;2026-07-04 18:05:13;"1F";13;13,2;-0,199999999999999;0
2026-07-04 18:15:00;2026-07-04 18:20:13;"1F";12,8;13;-0,199999999999999;0
2026-07-04 18:30:00;2026-07-04 18:35:12;"1F";12,7;13;-0,300000000000001;0
2026-07-04 18:45:00;2026-07-04 18:50:11;"1F";12,4;12,7;-0,299999999999999;0
2026-07-04 19:00:00;2026-07-04 19:05:11;"1F";12,3;12,5;-0,199999999999999;0
2026-07-04 19:15:00;2026-07-04 19:20:10;"1F";12,1;12,5;-0,4;0,031
2026-07-04 19:30:00;2026-07-04 19:35:10;"1F";12,1;12,4;-0,300000000000001;0
2026-07-04 19:45:00;2026-07-04 19:50:09;"1F";12,1;12,4;-0,300000000000001;0
2026-07-04 20:00:00;2026-07-04 20:05:09;"1F";11,9;12,3;-0,4;0
2026-07-04 20:15:00;2026-07-04 20:20:08;"1F";11,9;12,2;-0,299999999999999;0
2026-07-04 20:30:00;2026-07-04 20:35:07;"1F";11,9;12,2;-0,299999999999999;0
2026-07-04 20:45:00;2026-07-04 20:50:07;"1F";11,9;12,1;-0,199999999999999;0
2026-07-04 21:00:00;2026-07-04 21:05:07;"1F";11,7;11,9;-0,200000000000001;0
2026-07-04 21:15:00;2026-07-04 21:20:06;"1F";11,6;11,9;-0,300000000000001;0
2026-07-04 21:30:00;2026-07-04 21:35:05;"1F";11,4;11,8;-0,4;0
2026-07-04 21:45:00;2026-07-04 21:50:05;"1F";11,3;11,6;-0,299999999999999;0
2026-07-04 22:00:00;2026-07-04 22:05:04;"1F";11,2;11,5;-0,300000000000001;0
2026-07-04 22:15:00;2026-07-04 22:20:03;"1F";11,1;11,4;-0,300000000000001;0
2026-07-04 22:30:00;2026-07-04 22:35:03;"1F";11;11,4;-0,4;0
2026-07-04 22:45:00;2026-07-04 22:50:02;"1F";11;11,4;-0,4;0
2026-07-04 23:00:00;2026-07-04 23:05:02;"1F";10,9;11,3;-0,4;0
2026-07-04 23:15:00;2026-07-04 23:20:04;"1F";10,9;11,3;-0,4;0
2026-07-04 23:30:00;2026-07-04 23:35:00;"1F";10,9;11,2;-0,299999999999999;0
2026-07-04 23:45:00;2026-07-04 23:50:01;"1F";10,8;11,2;-0,399999999999999;0,031
2026-07-05;2026-07-05 00:05:00;"1F";10,8;11,2;-0,399999999999999;0
2026-07-05 00:15:00;2026-07-05 00:19:59;"1F";10,8;11,2;-0,399999999999999;0
2026-07-05 00:30:00;2026-07-05 00:34:59;"1F";10,9;11,2;-0,299999999999999;0
2026-07-05 00:45:00;2026-07-05 00:49:58;"1F";10,9;11,2;-0,299999999999999;0,031
2026-07-05 01:00:00;2026-07-05 01:04:57;"1F";10,9;11,2;-0,299999999999999;0
2026-07-05 01:15:00;2026-07-05 01:19:57;"1F";10,9;11,2;-0,299999999999999;0
2026-07-05 01:30:00;2026-07-05 01:34:56;"1F";10,8;11,1;-0,299999999999999;0
2026-07-05 01:45:00;2026-07-05 01:49:55;"1F";10,8;11;-0,199999999999999;0
2026-07-05 02:00:00;2026-07-05 02:04:55;"1F";10,7;11;-0,300000000000001;0
2026-07-05 02:15:00;2026-07-05 02:19:55;"1F";10,7;11;-0,300000000000001;0,031
2026-07-05 02:30:00;2026-07-05 02:34:55;"1F";10,7;11;-0,300000000000001;0,031
2026-07-05 02:45:00;2026-07-05 02:49:53;"1F";10,6;11;-0,4;0
2026-07-05 03:00:00;2026-07-05 03:04:53;"1F";10,6;11;-0,4;0,031
2026-07-05 03:15:00;2026-07-05 03:19:54;"1F";10,7;11,1;-0,4;0,031
2026-07-05 03:30:00;2026-07-05 03:34:52;"1F";10,8;11,2;-0,399999999999999;0
2026-07-05 03:45:00;2026-07-05 03:49:51;"1F";10,8;11,3;-0,5;0
2026-07-05 04:00:00;2026-07-05 04:04:53;"1F";10,9;11,3;-0,4;0
2026-07-05 04:15:00;2026-07-05 04:19:50;"1F";11;11,2;-0,199999999999999;0,125
2026-07-05 04:30:00;2026-07-05 04:34:50;"1F";10,8;11;-0,199999999999999;0,031
2026-07-05 04:45:00;2026-07-05 04:49:49;"1F";10,5;10,8;-0,300000000000001;0
2026-07-05 05:00:00;2026-07-05 05:04:48;"1F";10,4;10,8;-0,4;0
2026-07-05 05:15:00;2026-07-05 05:19:48;"1F";10,3;10,7;-0,399999999999999;0
2026-07-05 05:30:00;2026-07-05 05:34:47;"1F";10,3;10,7;-0,399999999999999;0
2026-07-05 05:45:00;2026-07-05 05:49:46;"1F";10,4;10,8;-0,4;0
2026-07-05 06:00:00;2026-07-05 06:04:46;"1F";10,5;11;-0,5;0
2026-07-05 06:15:00;2026-07-05 06:19:45;"1F";10,6;11,1;-0,5;0
2026-07-05 06:30:00;2026-07-05 06:34:45;"1F";10,8;11,2;-0,399999999999999;0
2026-07-05 06:45:00;2026-07-05 06:49:44;"1F";10,8;11,2;-0,399999999999999;0
2026-07-05 07:00:00;2026-07-05 07:04:43;"1F";10,8;11,2;-0,399999999999999;0
2026-07-05 07:15:00;2026-07-05 07:19:43;"1F";10,9;11,3;-0,4;1,715
2026-07-05 07:30:00;2026-07-05 07:34:42;"1F";11,3;11,5;-0,199999999999999;12,94
2026-07-05 07:45:00;2026-07-05 07:49:42;"1F";11,5;11,5;0;17,86
2026-07-05 08:00:00;2026-07-05 08:04:41;"1F";11,6;11,4;0,199999999999999;18,86
2026-07-05 08:15:00;2026-07-05 08:19:40;"1F";11,9;11,4;0,5;36,76
2026-07-05 08:30:00;2026-07-05 08:34:40;"1F";12,4;11,4;1;53,06
2026-07-05 08:45:00;2026-07-05 08:49:40;"1F";13;11,6;1,4;72,39
2026-07-05 09:00:00;2026-07-05 09:04:39;"1F";13,4;11,6;1,8;73,01
2026-07-05 09:15:00;2026-07-05 09:19:38;"1F";13,4;11,7;1,7;60,67
2026-07-05 09:30:00;2026-07-05 09:34:38;"1F";15;11,8;3,2;101,3
2026-07-05 09:45:00;2026-07-05 09:49:37;"1F";17,1;12,5;4,6;137,1
2026-07-05 10:00:00;2026-07-05 10:04:37;"1F";17,9;12,9;5;136,4
2026-07-05 10:15:00;2026-07-05 10:19:36;"1F";18,9;13,8;5,1;155,1
2026-07-05 10:30:00;2026-07-05 10:34:35;"1F";17,5;13,8;3,7;100,9
2026-07-05 10:45:00;2026-07-05 10:49:35;"1F";18,9;13,7;5,2;216,1
2026-07-05 11:00:00;2026-07-05 11:04:34;"1F";21,3;14,4;6,9;230,7
2026-07-05 11:15:00;2026-07-05 11:19:33;"1F";21,8;14,5;7,3;238,2
2026-07-05 11:30:00;2026-07-05 11:34:33;"1F";27,1;15,4;11,7;485,6
2026-07-05 11:45:00;2026-07-05 11:49:33;"1F";27,8;16,2;11,6;412,3
2026-07-05 12:00:00;2026-07-05 12:04:32;"1F";28,8;17;11,8;532,9
2026-07-05 12:15:00;2026-07-05 12:19:32;"1F";30,5;17;13,5;508,2
2026-07-05 12:30:00;2026-07-05 12:34:31;"1F";30,8;18;12,8;491,6
2026-07-05 12:45:00;2026-07-05 12:49:31;"1F";34,8;19;15,8;582,7
2026-07-05 13:00:00;2026-07-05 13:04:30;"1F";33,4;19,7;13,7;487,1
2026-07-05 13:15:00;2026-07-05 13:19:30;"1F";29,7;19,5;10,2;369,7
2026-07-05 13:30:00;2026-07-05 13:34:29;"1F";28;19,2;8,8;257,9
2026-07-05 13:45:00;2026-07-05 13:49:28;"1F";27;19,2;7,8;245,3
2026-07-05 14:00:00;2026-07-05 14:04:28;"1F";26,8;19,3;7,5;273,3
2026-07-05 14:15:00;2026-07-05 14:19:27;"1F";25,8;19,3;6,5;209,1
2026-07-05 14:30:00;2026-07-05 14:34:27;"1F";26,2;19,1;7,1;224
2026-07-05 14:45:00;2026-07-05 14:49:26;"1F";26,2;20;6,2;224,6
2026-07-05 15:00:00;2026-07-05 15:04:25;"1F";27,1;19,8;7,3;202
2026-07-05 15:15:00;2026-07-05 15:19:24;"1F";22,1;16,7;5,4;95,4
2026-07-05 15:30:00;2026-07-05 15:34:24;"1F";18,2;16;2,2;56,53
2026-07-05 15:45:00;2026-07-05 15:49:23;"1F";17,8;15,8;2;94,9
2026-07-05 16:00:00;2026-07-05 16:04:23;"1F";21,7;16,2;5,5;206
2026-07-05 16:15:00;2026-07-05 16:19:22;"1F";22,5;16,2;6,3;189,9
2026-07-05 16:30:00;2026-07-05 16:34:22;"1F";20,8;16,2;4,6;129
2026-07-05 16:45:00;2026-07-05 16:49:21;"1F";18,2;16,1;2,1;68,66
2026-07-05 17:00:00;2026-07-05 17:04:20;"1F";17;16;1;48,21
2026-07-05 17:15:00;2026-07-05 17:19:20;"1F";15,8;15,8;0;27
2026-07-05 17:30:00;2026-07-05 17:34:19;"1F";15;15,7;-0,699999999999999;13,47
2026-07-05 17:45:00;2026-07-05 17:49:19;"1F";14,5;15,5;-1;3,96
2026-07-05 18:00:00;2026-07-05 18:04:18;"1F";13,9;15,3;-1,4;0,218
2026-07-05 18:15:00;2026-07-05 18:19:17;"1F";13,7;15,1;-1,4;0
2026-07-05 18:30:00;2026-07-05 18:34:16;"1F";13,3;14,6;-1,3;0
2026-07-05 18:45:00;2026-07-05 18:49:16;"1F";13,1;14,3;-1,2;0
2026-07-05 19:00:00;2026-07-05 19:04:15;"1F";13;14;-1;0
2026-07-05 19:15:00;2026-07-05 19:19:15;"1F";12,9;13,9;-1;0
2026-07-05 19:30:00;2026-07-05 19:34:14;"1F";12,9;14;-1,1;0
2026-07-05 19:45:00;2026-07-05 19:49:14;"1F";12,9;13,9;-1;0
2026-07-05 20:00:00;2026-07-05 20:04:13;"1F";12,9;13,8;-0,9;0
2026-07-05 20:15:00;2026-07-05 20:19:13;"1F";12,8;13,7;-0,899999999999999;0
2026-07-05 20:30:00;2026-07-05 20:34:13;"1F";12,8;13,6;-0,799999999999999;0
2026-07-05 20:45:00;2026-07-05 20:49:12;"1F";12,6;13,3;-0,700000000000001;0
2026-07-05 21:00:00;2026-07-05 21:04:11;"1F";12,6;13,2;-0,6;0
2026-07-05 21:15:00;2026-07-05 21:19:10;"1F";12,6;13,2;-0,6;0
2026-07-05 21:30:00;2026-07-05 21:34:10;"1F";12,7;13,4;-0,700000000000001;0
2026-07-05 21:45:00;2026-07-05 21:49:09;"1F";12,8;13,4;-0,6;0
2026-07-05 22:00:00;2026-07-05 22:04:08;"1F";12,5;13,4;-0,9;0
2026-07-05 22:15:00;2026-07-05 22:19:08;"1F";12,4;13,5;-1,1;0
2026-07-05 22:30:00;2026-07-05 22:34:07;"1F";12,3;13,3;-1;0
2026-07-05 22:45:00;2026-07-05 22:49:06;"1F";11,9;12,9;-1;0
2026-07-05 23:00:00;2026-07-05 23:04:06;"1F";11,8;12,8;-1;0
2026-07-05 23:15:00;2026-07-05 23:19:05;"1F";11,8;12,9;-1,1;0
2026-07-05 23:30:00;2026-07-05 23:34:13;"1F";11,8;12,9;-1,1;0
2026-07-05 23:45:00;2026-07-05 23:49:04;"1F";11,9;12,9;-1;0
2026-07-06;2026-07-06 00:04:04;"1F";11,8;12,9;-1,1;0
2026-07-06 00:15:00;2026-07-06 00:19:03;"1F";11,8;12,8;-1;0
2026-07-06 00:30:00;2026-07-06 00:34:02;"1F";11,6;12,8;-1,2;0
2026-07-06 00:45:00;2026-07-06 00:49:02;"1F";11,9;12,9;-1;0
2026-07-06 01:00:00;2026-07-06 01:04:02;"1F";12,1;13;-0,9;0
2026-07-06 01:15:00;2026-07-06 01:19:01;"1F";12,3;13;-0,699999999999999;0
2026-07-06 01:30:00;2026-07-06 01:34:00;"1F";12,4;13,1;-0,699999999999999;0
2026-07-06 01:45:00;2026-07-06 01:49:00;"1F";12,6;13,2;-0,6;0
2026-07-06 02:00:00;2026-07-06 02:04:00;"1F";12,8;13,4;-0,6;0
2026-07-06 02:15:00;2026-07-06 02:19:00;"1F";12,9;13,4;-0,5;0,062
2026-07-06 02:30:00;2026-07-06 02:33:58;"1F";12,9;13,2;-0,299999999999999;0
2026-07-06 02:45:00;2026-07-06 02:48:57;"1F";12,8;13,2;-0,399999999999999;0,031
2026-07-06 03:00:00;2026-07-06 03:03:57;"1F";12,7;13;-0,300000000000001;0
2026-07-06 03:15:00;2026-07-06 03:18:56;"1F";12,6;12,9;-0,300000000000001;0
2026-07-06 03:30:00;2026-07-06 03:33:56;"1F";12,3;12,6;-0,299999999999999;0
2026-07-06 03:45:00;2026-07-06 03:49:03;"1F";12,1;12,5;-0,4;0
2026-07-06 04:00:00;2026-07-06 04:03:54;"1F";12,1;12,5;-0,4;0
2026-07-06 04:15:00;2026-07-06 04:18:54;"1F";12,1;12,4;-0,300000000000001;0
2026-07-06 04:30:00;2026-07-06 04:33:54;"1F";12;12,4;-0,4;0
2026-07-06 04:45:00;2026-07-06 04:48:53;"1F";11,9;12,3;-0,4;0
2026-07-06 05:00:00;2026-07-06 05:03:53;"1F";11,9;12,3;-0,4;0
2026-07-06 05:15:00;2026-07-06 05:18:53;"1F";11,9;12,4;-0,5;0
2026-07-06 05:30:00;2026-07-06 05:33:52;"1F";11,9;12,4;-0,5;0
2026-07-06 05:45:00;2026-07-06 05:48:51;"1F";11,9;12,3;-0,4;0
2026-07-06 06:00:00;2026-07-06 06:03:51;"1F";11,9;12,3;-0,4;0
2026-07-06 06:15:00;2026-07-06 06:18:50;"1F";11,9;12,4;-0,5;0
2026-07-06 06:30:00;2026-07-06 06:33:50;"1F";11,9;12,3;-0,4;0
2026-07-06 06:45:00;2026-07-06 06:48:49;"1F";11,9;12,3;-0,4;0
2026-07-06 07:00:00;2026-07-06 07:03:48;"1F";11,8;12,3;-0,5;0,53
2026-07-06 07:15:00;2026-07-06 07:18:47;"1F";11,8;12,3;-0,5;2,868
2026-07-06 07:30:00;2026-07-06 07:33:54;"1F";11,9;12,3;-0,4;7,638
2026-07-06 07:45:00;2026-07-06 07:48:46;"1F";12,1;12,4;-0,300000000000001;15,71
2026-07-06 08:00:00;2026-07-06 08:03:46;"1F";12,6;12,5;0,0999999999999996;34,45
2026-07-06 08:15:00;2026-07-06 08:18:45;"1F";13,8;12,7;1,1;68,18
2026-07-06 08:30:00;2026-07-06 08:33:45;"1F";14,6;12,9;1,7;69,65
2026-07-06 08:45:00;2026-07-06 08:48:44;"1F";15,1;13,2;1,9;71,27
2026-07-06 09:00:00;2026-07-06 09:03:45;"1F";16,4;14,1;2,3;160,7
2026-07-06 09:15:00;2026-07-06 09:18:44;"1F";20,2;15,3;4,9;268,7
2026-07-06 09:30:00;2026-07-06 09:33:43;"1F";24,3;16,4;7,9;338,2
2026-07-06 12:00:00;2026-07-06 12:03:38;"1F";32,1;19,8;12,3;519,3
2026-07-06 12:15:00;2026-07-06 12:18:37;"1F";30,1;20;10,1;425,7
2026-07-06 12:30:00;2026-07-06 12:33:36;"1F";28,2;20;8,2;330,7
2026-07-06 12:45:00;2026-07-06 12:48:36;"1F";29,1;20,5;8,6;406
2026-07-06 14:00:00;2026-07-06 14:03:32;"1F";26,3;20,3;6;190,9
2026-07-06 14:15:00;2026-07-06 14:18:32;"1F";27,3;20,6;6,7;261,1
2026-07-06 14:30:00;2026-07-06 14:33:31;"1F";28;20,8;7,2;270,8
2026-07-06 14:45:00;2026-07-06 14:48:30;"1F";29,1;21;8,1;296,2
2026-07-06 15:00:00;2026-07-06 15:03:32;"1F_SUSPEITO";28,2;20,8;7,4;223,8
2026-07-06 15:15:00;2026-07-06 15:18:31;"1F";28,7;21,1;7,6;263,5
2026-07-06 15:30:00;2026-07-06 15:33:29;"1F";26,3;20,9;5,4;175,7
2026-07-06 15:45:00;2026-07-06 15:48:28;"1F";25,4;20,8;4,6;162,8
2026-07-06 16:00:00;2026-07-06 16:03:27;"1F";23,2;20,3;2,9;98
2026-07-06 17:15:00;2026-07-06 17:18:24;"1F";19,9;19,7;0,199999999999999;21,02
2026-07-06 17:30:00;2026-07-06 17:33:26;"1F";18,9;19,4;-0,5;11,69
2026-07-06 17:45:00;2026-07-06 17:48:23;"1F";18,5;19,4;-0,899999999999999;2,9
2026-07-06 18:00:00;2026-07-06 18:03:23;"1F";18;19;-1;0,031
2026-07-06 18:15:00;2026-07-06 18:18:24;"1F";17,4;18,7;-1,3;0
2026-07-06 18:30:00;2026-07-06 18:33:21;"1F";17,2;18,5;-1,3;0
2026-07-06 18:45:00;2026-07-06 18:48:20;"1F";17;18,3;-1,3;0
2026-07-06 19:00:00;2026-07-06 19:03:20;"1F";16,8;18,1;-1,3;0
2026-07-06 19:15:00;2026-07-06 19:18:22;"1F";16,6;17,9;-1,3;0
2026-07-06 19:30:00;2026-07-06 19:33:19;"1F";16,6;18;-1,4;0
2026-07-06 19:45:00;2026-07-06 19:48:18;"1F";16,5;17,8;-1,3;0
2026-07-06 20:00:00;2026-07-06 20:03:18;"1F";16,3;17,5;-1,2;0
2026-07-06 20:15:00;2026-07-06 20:18:17;"1F";16,2;17,4;-1,2;0
2026-07-06 20:30:00;2026-07-06 20:33:17;"1F";16,2;17,4;-1,2;0
2026-07-06 20:45:00;2026-07-06 20:48:16;"1F";16,3;17,4;-1,1;0
2026-07-06 21:00:00;2026-07-06 21:03:16;"1F";16,3;17,5;-1,2;0
2026-07-06 21:15:00;2026-07-06 21:18:15;"1F";15,7;15,8;-0,100000000000001;0
2026-07-06 21:45:00;2026-07-06 21:48:18;"1F_SUSPEITO";14,8;15,1;-0,299999999999999;0
2026-07-06 22:15:00;2026-07-06 22:18:15;"1F";14,4;15;-0,6;0
2026-07-06 22:30:00;2026-07-06 22:33:14;"1F_SUSPEITO";14,3;14,9;-0,6;0,062
2026-07-06 23:15:00;2026-07-06 23:18:10;"1F";14,1;14,9;-0,800000000000001;0,031
2026-07-06 23:30:00;2026-07-06 23:33:15;"1F_SUSPEITO";14,2;15;-0,800000000000001;0
2026-07-06 23:45:00;2026-07-06 23:48:14;"1F_SUSPEITO";14,3;15,1;-0,799999999999999;0
2026-07-07;2026-07-07 00:03:13;"1F_SUSPEITO";14,4;15,1;-0,699999999999999;0
2026-07-07 02:00:00;2026-07-07 02:03:05;"1F";14,5;15,1;-0,6;0
2026-07-07 02:45:00;2026-07-07 02:48:03;"1F";14,5;15,1;-0,6;0
2026-07-07 03:00:00;2026-07-07 03:03:02;"1F";14,5;15;-0,5;0,031
2026-07-07 03:30:00;2026-07-07 03:33:01;"1F";14,4;14,8;-0,4;0
2026-07-07 04:00:00;2026-07-07 04:02:59;"1F";13,9;14,4;-0,5;0
2026-07-07 04:15:00;2026-07-07 04:17:59;"1F";13,7;14,3;-0,600000000000001;0
2026-07-07 04:30:00;2026-07-07 04:32:58;"1F";13,6;14,3;-0,700000000000001;0
2026-07-07 04:45:00;2026-07-07 04:47:58;"1F";13,6;14,3;-0,700000000000001;0
2026-07-07 05:00:00;2026-07-07 05:02:57;"1F";13,5;14,2;-0,699999999999999;0
2026-07-07 05:15:00;2026-07-07 05:17:56;"1F";13,3;14,1;-0,799999999999999;0
2026-07-07 05:30:00;2026-07-07 05:32:56;"1F";13,2;14,1;-0,9;0
2026-07-07 05:45:00;2026-07-07 05:47:56;"1F";13,1;14;-0,9;0
2026-07-07 06:00:00;2026-07-07 06:02:55;"1F";13,1;14;-0,9;0
2026-07-07 06:15:00;2026-07-07 06:17:55;"1F";13,3;14,1;-0,799999999999999;0
2026-07-07 06:30:00;2026-07-07 06:32:54;"1F";13,3;14,2;-0,899999999999999;0
2026-07-07 06:45:00;2026-07-07 06:47:54;"1F";13,3;14,2;-0,899999999999999;0,031
2026-07-07 07:00:00;2026-07-07 07:02:53;"1F";13,3;14,1;-0,799999999999999;0,436
2026-07-07 07:15:00;2026-07-07 07:17:52;"1F";13,1;14;-0,9;2,494
2026-07-07 07:30:00;2026-07-07 07:32:51;"1F";13,2;14;-0,800000000000001;4,084
2026-07-07 07:45:00;2026-07-07 07:47:50;"1F";13,1;13,5;-0,4;7,264
2026-07-07 08:00:00;2026-07-07 08:02:55;"1F_SUSPEITO";12,9;13,3;-0,4;8,17
2026-07-07 08:15:00;2026-07-07 08:17:51;"1F";12,6;12,8;-0,200000000000001;9,73
2026-07-07 08:30:00;2026-07-07 08:32:49;"1F";12,2;12,6;-0,4;10,32
2026-07-07 08:45:00;2026-07-07 08:47:48;"1F";12,2;12,5;-0,300000000000001;19,67
2026-07-07 09:30:00;2026-07-07 09:32:47;"1F";15,8;13,1;2,7;125,1
