"datahora_local","cs_umidsolo_pct","cs_periodo_us","umidade_plugfild_pct","umidade_azul_pc03_pct"
"2026-09-04 11:15:00-0300",20.97,24.86,12.01,18.2
"2026-09-04 11:16:00-0300",21,24.87,12.01,18.2
"2026-09-04 11:17:00-0300",21,24.87,12.01,18.2
"2026-09-04 11:18:00-0300",21,24.87,12.01,18.2
"2026-09-04 11:19:00-0300",21.01,24.87,12.01,18.2
"2026-09-04 11:20:00-0300",20.98,24.86,12.01,18.2
"2026-09-04 11:21:00-0300",21.01,24.88,12.01,18.2
"2026-09-04 11:22:00-0300",21.01,24.87,12.01,18.2
"2026-09-04 11:23:00-0300",21.02,24.88,12.01,18.2
"2026-09-04 11:24:00-0300",21.02,24.88,12.01,18.2
"2026-09-04 11:25:00-0300",20.99,24.87,12.01,18.2
"2026-09-04 11:26:00-0300",21.02,24.88,12.01,18.2
"2026-09-04 11:27:00-0300",21.02,24.88,12.01,18.2
"2026-09-04 11:28:00-0300",21.02,24.88,12.01,18.1
"2026-09-04 11:29:00-0300",21.02,24.88,12.01,18.2
"2026-09-04 11:30:00-0300",20.99,24.87,12.01,18.2
"2026-09-04 11:31:00-0300",21.02,24.88,12.01,18.2
"2026-09-04 11:32:00-0300",21.02,24.88,12.01,18.2
"2026-09-04 11:33:00-0300",21.02,24.88,12.01,18.2
"2026-09-04 11:34:00-0300",21.03,24.88,12.01,18.2
"2026-09-04 11:35:00-0300",21,24.87,12.01,18.2
"2026-09-04 11:36:00-0300",21.03,24.88,12.01,18.2
"2026-09-04 11:37:00-0300",21.03,24.88,12.01,18.2
"2026-09-04 11:38:00-0300",21.03,24.88,12.01,18.2
"2026-09-04 11:39:00-0300",21.03,24.88,12.01,18.2
"2026-09-04 11:40:00-0300",21,24.87,12.01,18.2
"2026-09-04 11:41:00-0300",21.03,24.88,12.01,18.2
"2026-09-04 11:42:00-0300",21.03,24.88,12.17,18.2
"2026-09-04 11:43:00-0300",21.04,24.88,12.12,18.2
"2026-09-04 11:44:00-0300",21.04,24.89,12.12,18.2
"2026-09-04 11:45:00-0300",21.02,24.88,12.12,18.2
"2026-09-04 11:46:00-0300",21.04,24.88,12.05,18.2
"2026-09-04 11:47:00-0300",21.04,24.88,12.05,18.2
"2026-09-04 11:48:00-0300",21.04,24.88,12.05,18.2
"2026-09-04 11:49:00-0300",21.04,24.89,12.01,18.2
"2026-09-04 11:50:00-0300",21.01,24.88,12.01,18.2
"2026-09-04 11:51:00-0300",21.04,24.89,12.01,18.2
"2026-09-04 11:52:00-0300",21.04,24.89,12.01,18.2
"2026-09-04 11:53:00-0300",21.04,24.89,12.01,18.2
"2026-09-04 11:54:00-0300",21.04,24.89,12.05,18.2
"2026-09-04 11:55:00-0300",21.02,24.88,12.05,18.2
"2026-09-04 11:56:00-0300",21.05,24.89,12.01,18.2
"2026-09-04 11:57:00-0300",21.05,24.89,12.01,18.2
"2026-09-04 11:58:00-0300",21.05,24.89,12.01,18.2
"2026-09-04 11:59:00-0300",21.05,24.89,12.01,18.2
"2026-09-04 12:00:00-0300",21.02,24.88,12.01,18.2
"2026-09-04 12:01:00-0300",21.05,24.89,12.01,18.2
"2026-09-04 12:02:00-0300",21.05,24.89,12.01,18.2
"2026-09-04 12:03:00-0300",21.05,24.89,12.01,18.2
"2026-09-04 12:04:00-0300",21.06,24.89,12.01,18.2
"2026-09-04 12:05:00-0300",21.03,24.88,12.01,18.2
"2026-09-04 12:06:00-0300",21.06,24.89,12.01,18.2
"2026-09-04 12:07:00-0300",21.06,24.89,12.01,18.2
"2026-09-04 12:08:00-0300",21.06,24.89,12.01,18.2
"2026-09-04 12:09:00-0300",21.06,24.89,12.01,18.2
"2026-09-04 12:10:00-0300",21.03,24.88,12.01,18.2
"2026-09-04 12:11:00-0300",21.06,24.89,12.01,18.2
"2026-09-04 12:12:00-0300",21.06,24.89,12.01,18.2
"2026-09-04 12:13:00-0300",21.06,24.89,12.01,18.2
"2026-09-04 12:14:00-0300",21.06,24.89,12.01,18.2
"2026-09-04 12:15:00-0300",21.04,24.88,12.01,18.2
"2026-09-04 12:16:00-0300",21.06,24.89,12.01,18.2
"2026-09-04 12:17:00-0300",21.06,24.89,12.01,18.2
"2026-09-04 12:18:00-0300",21.06,24.89,12.01,18.2
"2026-09-04 12:19:00-0300",21.06,24.89,12.01,18.2
"2026-09-04 12:20:00-0300",21.04,24.88,12.01,18.2
"2026-09-04 12:21:00-0300",21.06,24.89,12.01,18.2
"2026-09-04 12:22:00-0300",21.06,24.89,12.01,18.2
"2026-09-04 12:23:00-0300",21.06,24.89,12.01,18.2
"2026-09-04 12:24:00-0300",21.06,24.89,12.01,18.2
"2026-09-04 12:25:00-0300",21.04,24.88,12.01,18.2
"2026-09-04 12:26:00-0300",21.06,24.89,12.01,18.2
"2026-09-04 12:27:00-0300",21.07,24.89,12.01,18.2
"2026-09-04 12:28:00-0300",21.07,24.89,12.01,18.2
"2026-09-04 12:29:00-0300",21.07,24.89,12.01,18.2
"2026-09-04 12:30:00-0300",21.04,24.88,12.01,18.2
"2026-09-04 12:31:00-0300",21.07,24.89,12.01,18.2
"2026-09-04 12:32:00-0300",21.07,24.89,12.01,18.2
"2026-09-04 12:33:00-0300",21.07,24.9,12.01,18.2
"2026-09-04 12:34:00-0300",21.07,24.89,12.01,18.2
"2026-09-04 12:35:00-0300",21.04,24.89,12.01,18.2
"2026-09-04 12:36:00-0300",21.07,24.89,12.01,18.2
"2026-09-04 12:37:00-0300",21.07,24.9,12.01,18.2
"2026-09-04 12:38:00-0300",21.07,24.9,12.01,18.2
"2026-09-04 12:39:00-0300",21.07,24.9,12.01,18.2
"2026-09-04 12:40:00-0300",21.04,24.89,12.01,18.2
"2026-09-04 12:41:00-0300",21.07,24.9,12.01,18.2
"2026-09-04 12:42:00-0300",21.07,24.9,12.01,18.2
"2026-09-04 12:43:00-0300",21.07,24.9,12.01,18.2
"2026-09-04 12:44:00-0300",21.07,24.9,12.01,18.2
"2026-09-04 12:45:00-0300",21.05,24.89,12.01,18.2
"2026-09-04 12:46:00-0300",21.07,24.9,12.01,18.2
"2026-09-04 12:47:00-0300",21.07,24.9,12.01,18.2
"2026-09-04 12:48:00-0300",21.08,24.9,12.01,18.2
"2026-09-04 12:49:00-0300",21.08,24.9,12.01,18.2
"2026-09-04 12:50:00-0300",21.07,24.9,12.01,18.2
"2026-09-04 12:51:00-0300",21.08,24.9,12.01,18.2
"2026-09-04 12:52:00-0300",21.08,24.9,12.01,18.2
"2026-09-04 12:53:00-0300",21.08,24.9,12.01,18.2
"2026-09-04 12:54:00-0300",21.05,24.89,12.01,18.2
"2026-09-04 12:55:00-0300",21.08,24.9,12.01,18.2
"2026-09-04 12:56:00-0300",21.08,24.9,12.01,18.2
"2026-09-04 12:57:00-0300",21.08,24.9,12.01,18.2
"2026-09-04 12:58:00-0300",21.08,24.9,12.01,18.2
"2026-09-04 12:59:00-0300",21.05,24.89,12.01,18.2
"2026-09-04 13:00:00-0300",21.08,24.9,12.01,18.2
"2026-09-04 13:01:00-0300",21.08,24.9,12.01,18.2
"2026-09-04 13:02:00-0300",21.08,24.9,12.01,18.2
"2026-09-04 13:03:00-0300",21.08,24.9,12.01,18.2
"2026-09-04 13:04:00-0300",21.05,24.89,12.01,18.2
"2026-09-04 13:05:00-0300",21.08,24.9,12.01,18.2
"2026-09-04 13:06:00-0300",21.08,24.9,12.01,18.2
"2026-09-04 13:07:00-0300",21.08,24.9,12.01,18.2
"2026-09-04 13:08:00-0300",21.08,24.9,12.01,18.2
"2026-09-04 13:09:00-0300",21.06,24.89,12.01,18.2
"2026-09-04 13:10:00-0300",21.08,24.9,12.01,18.2
"2026-09-04 13:11:00-0300",21.08,24.9,12.01,18.2
"2026-09-04 13:12:00-0300",21.09,24.9,12.01,18.2
"2026-09-04 13:13:00-0300",21.08,24.9,12.01,18.2
"2026-09-04 13:14:00-0300",21.05,24.89,12.01,18.2
"2026-09-04 13:15:00-0300",21.08,24.9,12.01,18.2
"2026-09-04 13:16:00-0300",21.08,24.9,12.01,18.2
"2026-09-04 13:17:00-0300",21.08,24.9,12.01,18.2
"2026-09-04 13:18:00-0300",21.08,24.9,12.01,18.2
"2026-09-04 13:19:00-0300",21.06,24.89,12.01,18.2
"2026-09-04 13:20:00-0300",21.08,24.9,12.01,18.2
"2026-09-04 13:21:00-0300",21.08,24.9,12.01,18.2
"2026-09-04 13:22:00-0300",21.09,24.9,12.01,18.2
"2026-09-04 13:23:00-0300",21.09,24.9,12.01,18.2
"2026-09-04 13:24:00-0300",21.06,24.89,12.01,18.2
"2026-09-04 13:25:00-0300",21.09,24.9,12.01,18.2
"2026-09-04 13:26:00-0300",21.09,24.9,12.01,18.2
"2026-09-04 13:27:00-0300",21.09,24.9,12.01,18.2
"2026-09-04 13:28:00-0300",21.09,24.9,12.01,18.2
"2026-09-04 13:29:00-0300",21.06,24.89,12.01,18.2
"2026-09-04 13:30:00-0300",21.09,24.9,12.01,18.2
"2026-09-04 13:31:00-0300",21.09,24.9,12.01,18.2
"2026-09-04 13:32:00-0300",21.09,24.9,12.01,18.2
"2026-09-04 13:33:00-0300",21.09,24.9,12.01,18.2
"2026-09-04 13:34:00-0300",21.06,24.89,12.01,18.2
"2026-09-04 13:35:00-0300",21.09,24.9,12.01,18.2
"2026-09-04 13:36:00-0300",21.09,24.9,12.01,18.2
"2026-09-04 13:37:00-0300",21.09,24.9,12.01,18.2
"2026-09-04 13:38:00-0300",21.1,24.9,12.01,18.2
"2026-09-04 13:39:00-0300",21.07,24.89,12.01,18.2
"2026-09-04 13:40:00-0300",21.11,24.91,12.01,18.2
"2026-09-04 13:41:00-0300",21.08,24.9,12.01,18.1
"2026-09-04 13:42:00-0300",21.07,24.89,12.01,18
"2026-09-04 13:43:00-0300",21.03,24.88,12.01,17.9
"2026-09-04 13:44:00-0300",21.02,24.88,12.01,17.9
"2026-09-04 13:45:00-0300",21.06,24.89,12.01,17.9
"2026-09-04 13:46:00-0300",21.07,24.89,12.01,17.9
"2026-09-04 13:47:00-0300",21.07,24.9,12.01,17.9
"2026-09-04 13:48:00-0300",21.09,24.9,12.01,17.9
"2026-09-04 13:49:00-0300",21.01,24.87,12.01,17.9
"2026-09-04 13:50:00-0300",21.03,24.88,12.01,18
"2026-09-04 13:51:00-0300",21.02,24.88,12.01,18
"2026-09-04 13:52:00-0300",21.03,24.88,12.01,18
"2026-09-04 13:53:00-0300",21.03,24.88,12.01,18
"2026-09-04 13:54:00-0300",20.97,24.86,12.01,18
"2026-09-04 13:55:00-0300",21.06,24.89,12.01,18
"2026-09-04 13:56:00-0300",21.02,24.88,12.01,18.2
"2026-09-04 13:57:00-0300",21.02,24.88,12.01,18.6
"2026-09-04 13:58:00-0300",21.02,24.88,12.01,19.7
"2026-09-04 13:59:00-0300",20.98,24.86,12.01,21.8
"2026-09-04 14:00:00-0300",21.02,24.88,12.01,23.3
"2026-09-04 14:01:00-0300",21.03,24.88,12.01,24
"2026-09-04 14:02:00-0300",21.03,24.88,12.01,24.3
"2026-09-04 14:03:00-0300",21.03,24.88,12.01,24.6
"2026-09-04 14:04:00-0300",21,24.87,12.01,24.7
"2026-09-04 14:05:00-0300",21.04,24.88,12.01,24.9
"2026-09-04 14:06:00-0300",21.03,24.88,12.01,25
"2026-09-04 14:07:00-0300",21.04,24.88,12.01,25.3
"2026-09-04 14:08:00-0300",21.04,24.88,12.01,25.3
"2026-09-04 14:09:00-0300",21,24.87,12.01,25.7
"2026-09-04 14:10:00-0300",21.04,24.88,12.01,25.7
"2026-09-04 14:11:00-0300",21.04,24.88,12.01,26
"2026-09-04 14:12:00-0300",21.04,24.88,12.01,26.1
"2026-09-04 14:13:00-0300",21.04,24.89,12.01,26.2
"2026-09-04 14:14:00-0300",21,24.87,12.01,26
"2026-09-04 14:15:00-0300",21.04,24.89,12.01,26.2
"2026-09-04 14:16:00-0300",21.04,24.89,12.01,26.5
"2026-09-04 14:17:00-0300",21.05,24.89,12.01,26.4
"2026-09-04 14:18:00-0300",21.05,24.89,12.01,26.4
"2026-09-04 14:19:00-0300",21.01,24.88,12.01,26.6
"2026-09-04 14:20:00-0300",21.05,24.89,12.01,26.5
"2026-09-04 14:21:00-0300",21.05,24.89,12.01,26.2
"2026-09-04 14:22:00-0300",21.05,24.89,12.01,26.3
"2026-09-04 14:23:00-0300",21.05,24.89,12.01,26.4
"2026-09-04 14:24:00-0300",21.02,24.88,12.01,26.2
"2026-09-04 14:25:00-0300",21.06,24.89,12.01,26.1
"2026-09-04 14:26:00-0300",21.06,24.89,12.01,26
"2026-09-04 14:27:00-0300",21.06,24.89,12.01,25.6
"2026-09-04 14:28:00-0300",21.06,24.89,12.01,25.1
"2026-09-04 14:29:00-0300",21.06,24.89,12.01,25.5
"2026-09-04 14:30:00-0300",21.06,24.89,12.01,25.4
"2026-09-04 14:31:00-0300",21.07,24.89,12.01,25.3
"2026-09-04 14:32:00-0300",21.06,24.89,12.01,25.2
"2026-09-04 14:33:00-0300",21.03,24.88,12.01,24.9
"2026-09-04 14:34:00-0300",21.07,24.89,12.01,24.9
"2026-09-04 14:35:00-0300",21.07,24.89,12.01,24.9
"2026-09-04 14:36:00-0300",21.07,24.89,12.01,24.9
"2026-09-04 14:37:00-0300",21.07,24.9,12.05,24.9
"2026-09-04 14:38:00-0300",21.03,24.88,12.01,24.8
"2026-09-04 14:39:00-0300",21.07,24.9,12.01,24.8
"2026-09-04 14:40:00-0300",21.08,24.9,12.01,24.7
"2026-09-04 14:41:00-0300",21.08,24.9,12.05,24.8
"2026-09-04 14:42:00-0300",21.08,24.9,12.01,24.7
"2026-09-04 14:43:00-0300",21.04,24.89,12.05,24.7
"2026-09-04 14:44:00-0300",21.08,24.9,12.01,24.7
"2026-09-04 14:45:00-0300",21.08,24.9,12.05,24.6
"2026-09-04 14:46:00-0300",21.09,24.9,12.05,24.6
"2026-09-04 14:47:00-0300",21.09,24.9,12.05,24.6
"2026-09-04 14:48:00-0300",21.09,24.9,12.05,24.6
"2026-09-04 14:49:00-0300",21.1,24.9,12.05,24.6
"2026-09-04 14:50:00-0300",21.09,24.9,12.05,24.5
"2026-09-04 14:51:00-0300",21.09,24.9,12.12,24.5
"2026-09-04 14:52:00-0300",21.1,24.9,12.05,24.4
"2026-09-04 14:53:00-0300",21.1,24.9,12.05,24.4
"2026-09-04 14:54:00-0300",21.1,24.9,12.05,24.4
"2026-09-04 14:55:00-0300",21.1,24.91,12.05,24.4
"2026-09-04 14:56:00-0300",21.1,24.91,12.05,24.4
"2026-09-04 14:57:00-0300",21.1,24.91,12.05,24.4
"2026-09-04 14:58:00-0300",21.1,24.91,12.12,24.3
"2026-09-04 14:59:00-0300",21.1,24.91,12.12,24.3
"2026-09-04 15:00:00-0300",21.1,24.91,12.12,24.2
"2026-09-04 15:01:00-0300",21.1,24.91,12.12,24.3
"2026-09-04 15:02:00-0300",21.11,24.91,12.12,24.3
"2026-09-04 15:03:00-0300",21.07,24.89,12.12,24.2
"2026-09-04 15:04:00-0300",21.11,24.91,12.12,24.2
"2026-09-04 15:05:00-0300",21.11,24.91,12.12,24.2
"2026-09-04 15:06:00-0300",21.11,24.91,12.12,24.2
"2026-09-04 15:07:00-0300",21.11,24.91,12.12,24.2
"2026-09-04 15:08:00-0300",21.07,24.89,12.12,24.2
"2026-09-04 15:09:00-0300",21.11,24.91,12.12,24.1
"2026-09-04 15:10:00-0300",21.11,24.91,12.12,24.1
"2026-09-04 15:11:00-0300",21.11,24.91,12.12,24
"2026-09-04 15:12:00-0300",21.11,24.91,12.12,24.1
"2026-09-04 15:13:00-0300",21.07,24.89,12.12,24
"2026-09-04 15:14:00-0300",21.11,24.91,12.12,24
"2026-09-04 15:15:00-0300",21.11,24.91,12.12,24
"2026-09-04 15:16:00-0300",21.11,24.91,12.17,24
"2026-09-04 15:17:00-0300",21.11,24.91,12.12,24
"2026-09-04 15:18:00-0300",21.07,24.9,12.12,23.9
"2026-09-04 15:19:00-0300",21.12,24.91,12.17,23.9
"2026-09-04 15:20:00-0300",21.12,24.91,12.12,23.9
"2026-09-04 15:21:00-0300",21.12,24.91,12.12,23.9
"2026-09-04 15:22:00-0300",21.13,24.92,12.12,23.9
"2026-09-04 15:23:00-0300",21.09,24.9,12.12,23.8
"2026-09-04 15:24:00-0300",21.13,24.92,12.12,23.8
"2026-09-04 15:25:00-0300",21.14,24.92,12.12,23.8
"2026-09-04 15:26:00-0300",21.14,24.92,12.17,23.8
"2026-09-04 15:27:00-0300",21.14,24.92,12.12,23.8
"2026-09-04 15:28:00-0300",21.09,24.9,12.12,23.8
"2026-09-04 15:29:00-0300",21.1,24.91,12.17,23.8
"2026-09-04 15:30:00-0300",21.07,24.9,12.17,23.7
"2026-09-04 15:31:00-0300",21.07,24.89,12.17,23.8
"2026-09-04 15:32:00-0300",21.07,24.9,12.12,23.7
"2026-09-04 15:33:00-0300",21.03,24.88,12.12,23.7
"2026-09-04 15:34:00-0300",21.08,24.9,12.12,23.7
"2026-09-04 15:35:00-0300",21.09,24.9,12.12,23.7
"2026-09-04 15:36:00-0300",21.09,24.9,12.12,23.7
"2026-09-04 15:37:00-0300",21.09,24.9,12.12,23.6
"2026-09-04 15:38:00-0300",21.05,24.89,12.12,23.7
"2026-09-04 15:39:00-0300",21.1,24.9,12.17,23.6
"2026-09-04 15:40:00-0300",21.1,24.91,12.17,23.6
"2026-09-04 15:41:00-0300",21.1,24.91,12.17,23.6
"2026-09-04 15:42:00-0300",21.1,24.91,12.17,23.6
"2026-09-04 15:43:00-0300",21.06,24.89,12.17,23.6
"2026-09-04 15:44:00-0300",21.11,24.91,12.17,23.6
"2026-09-04 15:45:00-0300",21.11,24.91,12.17,23.5
"2026-09-04 15:46:00-0300",21.11,24.91,12.12,23.5
"2026-09-04 15:47:00-0300",21.11,24.91,12.17,23.5
"2026-09-04 15:48:00-0300",21.06,24.89,12.17,23.5
"2026-09-04 15:49:00-0300",21.11,24.91,12.12,23.5
"2026-09-04 15:50:00-0300",21.11,24.91,12.17,23.5
"2026-09-04 15:51:00-0300",21.11,24.91,12.17,23.4
"2026-09-04 15:52:00-0300",21.12,24.91,12.17,23.5
"2026-09-04 15:53:00-0300",21.08,24.9,12.17,23.5
"2026-09-04 15:54:00-0300",21.12,24.91,12.17,23.5
"2026-09-04 15:55:00-0300",21.12,24.91,12.12,23.5
"2026-09-04 15:56:00-0300",21.12,24.91,12.17,23.5
"2026-09-04 15:57:00-0300",21.12,24.91,12.17,23.5
"2026-09-04 15:58:00-0300",21.08,24.9,12.17,23.5
"2026-09-04 15:59:00-0300",21.12,24.91,12.12,23.5
"2026-09-04 16:00:00-0300",21.13,24.92,12.17,23.5
"2026-09-04 16:01:00-0300",21.16,24.93,12.17,23.6
"2026-09-04 16:02:00-0300",21.16,24.93,12.17,23.5
"2026-09-04 16:03:00-0300",21.12,24.91,12.17,23.5
"2026-09-04 16:04:00-0300",21.17,24.93,12.17,23.5
"2026-09-04 16:05:00-0300",21.17,24.93,12.17,23.5
"2026-09-04 16:06:00-0300",21.17,24.93,12.17,23.5
"2026-09-04 16:07:00-0300",21.17,24.93,12.17,23.5
"2026-09-04 16:08:00-0300",21.13,24.92,12.17,23.5
"2026-09-04 16:09:00-0300",21.18,24.93,12.17,23.5
"2026-09-04 16:10:00-0300",21.17,24.93,12.17,23.5
"2026-09-04 16:11:00-0300",21.18,24.93,12.17,23.5
"2026-09-04 16:12:00-0300",21.18,24.93,12.17,23.5
"2026-09-04 16:13:00-0300",21.13,24.92,12.17,23.5
"2026-09-04 16:14:00-0300",21.18,24.93,12.17,23.5
"2026-09-04 16:15:00-0300",21.18,24.94,12.17,23.4
"2026-09-04 16:16:00-0300",21.19,24.94,12.17,23.3
"2026-09-04 16:17:00-0300",21.18,24.94,12.17,23.4
"2026-09-04 16:18:00-0300",21.15,24.92,12.17,23.4
"2026-09-04 16:19:00-0300",21.19,24.94,12.17,23.5
"2026-09-04 16:20:00-0300",21.19,24.94,12.17,23.5
"2026-09-04 16:21:00-0300",21.19,24.94,12.17,23.4
"2026-09-04 16:22:00-0300",21.19,24.94,12.17,23.4
"2026-09-04 16:23:00-0300",21.15,24.92,12.17,23.5
"2026-09-04 16:24:00-0300",21.19,24.94,12.17,23.5
"2026-09-04 16:25:00-0300",21.19,24.94,12.17,23.5
"2026-09-04 16:26:00-0300",21.19,24.94,12.17,23.5
"2026-09-04 16:27:00-0300",21.19,24.94,12.17,23.4
"2026-09-04 16:28:00-0300",21.15,24.92,12.17,23.5
"2026-09-04 16:29:00-0300",21.2,24.94,12.17,23.5
"2026-09-04 16:30:00-0300",21.2,24.94,12.17,23.6
"2026-09-04 16:31:00-0300",21.2,24.94,12.17,23.6
"2026-09-04 16:32:00-0300",21.2,24.94,12.17,23.6
"2026-09-04 16:33:00-0300",21.16,24.93,12.17,23.7
"2026-09-04 16:34:00-0300",21.2,24.94,12.17,23.7
"2026-09-04 16:35:00-0300",21.2,24.94,12.17,23.6
"2026-09-04 16:36:00-0300",21.21,24.94,12.17,23.7
"2026-09-04 16:37:00-0300",21.21,24.94,12.17,23.7
"2026-09-04 16:38:00-0300",21.17,24.93,12.17,23.7
"2026-09-04 16:39:00-0300",21.21,24.95,12.17,23.7
"2026-09-04 16:40:00-0300",21.22,24.95,12.17,23.7
"2026-09-04 16:41:00-0300",21.22,24.95,12.17,23.7
"2026-09-04 16:42:00-0300",21.22,24.95,12.17,23.7
"2026-09-04 16:43:00-0300",21.18,24.93,12.17,23.7
"2026-09-04 16:44:00-0300",21.23,24.95,12.17,23.7
"2026-09-04 16:45:00-0300",21.23,24.95,12.17,23.7
"2026-09-04 16:46:00-0300",21.23,24.95,12.21,23.7
"2026-09-04 16:47:00-0300",21.24,24.95,12.21,23.6
"2026-09-04 16:48:00-0300",21.2,24.94,12.21,23.7
"2026-09-04 16:49:00-0300",21.24,24.96,12.28,23.7
"2026-09-04 16:50:00-0300",21.24,24.96,12.21,23.7
"2026-09-04 16:51:00-0300",21.24,24.96,12.28,23.7
"2026-09-04 16:52:00-0300",21.25,24.96,12.28,23.7
"2026-09-04 16:53:00-0300",21.21,24.94,12.28,23.7
"2026-09-04 16:54:00-0300",21.25,24.96,12.28,23.6
"2026-09-04 16:55:00-0300",21.26,24.96,12.28,23.7
"2026-09-04 16:56:00-0300",21.26,24.96,12.28,23.7
"2026-09-04 16:57:00-0300",21.26,24.96,12.28,23.7
"2026-09-04 16:58:00-0300",21.26,24.96,12.28,23.7
"2026-09-04 16:59:00-0300",21.27,24.97,12.32,23.7
"2026-09-04 17:00:00-0300",21.27,24.97,12.28,23.6
"2026-09-04 17:01:00-0300",21.28,24.97,12.28,23.7
"2026-09-04 17:02:00-0300",21.28,24.97,12.32,23.7
"2026-09-04 17:03:00-0300",21.29,24.97,12.32,23.7
"2026-09-04 17:04:00-0300",21.29,24.97,12.28,23.7
"2026-09-04 17:05:00-0300",21.29,24.97,12.32,23.7
"2026-09-04 17:06:00-0300",21.3,24.97,12.32,23.7
"2026-09-04 17:07:00-0300",21.3,24.98,12.32,23.7
"2026-09-04 17:08:00-0300",21.3,24.98,12.32,23.7
"2026-09-04 17:09:00-0300",21.31,24.98,12.32,23.7
"2026-09-04 17:10:00-0300",21.31,24.98,12.32,23.7
"2026-09-04 17:11:00-0300",21.31,24.98,12.32,23.8
"2026-09-04 17:12:00-0300",21.32,24.98,12.32,23.8
"2026-09-04 17:13:00-0300",21.32,24.98,12.32,23.8
"2026-09-04 17:14:00-0300",21.33,24.99,12.32,23.9
"2026-09-04 17:15:00-0300",21.34,24.99,12.32,24
"2026-09-04 17:16:00-0300",21.34,24.99,12.32,24
"2026-09-04 17:17:00-0300",21.35,24.99,12.37,24.1
"2026-09-04 17:18:00-0300",21.32,24.98,12.43,24.1
"2026-09-04 17:19:00-0300",21.37,25,12.48,24.1
"2026-09-04 17:20:00-0300",21.38,25,12.54,24.2
"2026-09-04 17:21:00-0300",21.39,25.01,12.54,24.2
"2026-09-04 17:22:00-0300",21.4,25.01,12.54,24.3
"2026-09-04 17:23:00-0300",21.38,25,12.54,24.3
"2026-09-04 17:24:00-0300",21.43,25.02,12.59,24.3
"2026-09-04 17:25:00-0300",21.44,25.03,12.7,24.3
"2026-09-04 17:26:00-0300",21.46,25.03,12.7,24.4
"2026-09-04 17:27:00-0300",21.48,25.04,12.7,24.5
"2026-09-04 17:28:00-0300",21.46,25.03,12.85,24.5
"2026-09-04 17:29:00-0300",21.52,25.05,12.85,24.6
"2026-09-04 17:30:00-0300",21.55,25.06,13.05,24.7
"2026-09-04 17:31:00-0300",21.58,25.07,13.16,24.7
"2026-09-04 17:32:00-0300",21.62,25.09,13.36,24.8
"2026-09-04 17:33:00-0300",21.62,25.09,13.57,24.8
"2026-09-04 17:34:00-0300",21.69,25.11,13.73,24.8
"2026-09-04 17:35:00-0300",21.74,25.13,14.09,24.9
"2026-09-04 17:36:00-0300",21.79,25.15,14.44,25
"2026-09-04 17:37:00-0300",21.84,25.16,14.76,25.2
"2026-09-04 17:38:00-0300",21.86,25.17,15.05,25.3
"2026-09-04 17:39:00-0300",21.94,25.2,15.3,25.5
"2026-09-04 17:40:00-0300",21.99,25.21,15.62,25.3
"2026-09-04 17:41:00-0300",22.03,25.23,15.83,25.6
"2026-09-04 17:42:00-0300",22.08,25.25,16.14,25.6
"2026-09-04 17:43:00-0300",22.09,25.25,16.34,25.7
"2026-09-04 17:44:00-0300",22.16,25.27,16.49,25.7
"2026-09-04 17:45:00-0300",22.2,25.29,16.65,25.8
"2026-09-04 17:46:00-0300",22.23,25.3,16.79,25.5
"2026-09-04 17:47:00-0300",22.26,25.31,16.85,25.5
"2026-09-04 17:48:00-0300",22.26,25.31,17,25.6
"2026-09-04 17:49:00-0300",22.31,25.33,17,25.5
"2026-09-04 17:50:00-0300",22.34,25.33,17.16,25.5
"2026-09-04 17:51:00-0300",22.45,25.37,17.16,25.5
"2026-09-04 17:52:00-0300",22.38,25.35,17.26,25.2
"2026-09-04 17:53:00-0300",22.4,25.36,17.36,25.3
"2026-09-04 17:54:00-0300",22.51,25.39,17.36,25.2
"2026-09-04 17:55:00-0300",22.45,25.37,17.4,25.1
"2026-09-04 17:56:00-0300",22.47,25.38,17.46,25.3
"2026-09-04 17:57:00-0300",22.47,25.38,17.5,25.1
"2026-09-04 17:58:00-0300",22.55,25.41,17.5,25.1
"2026-09-04 17:59:00-0300",22.51,25.39,17.5,25.1
"2026-09-04 18:00:00-0300",22.52,25.4,17.56,25
"2026-09-04 18:01:00-0300",22.62,25.43,17.66,24.9
"2026-09-04 18:02:00-0300",22.64,25.44,17.72,25
"2026-09-04 18:03:00-0300",22.57,25.41,17.72,24.9
"2026-09-04 18:04:00-0300",22.58,25.42,17.72,24.9
"2026-09-04 18:05:00-0300",22.59,25.42,17.72,24.9
"2026-09-04 18:06:00-0300",22.71,25.46,17.72,24.9
"2026-09-04 18:07:00-0300",22.69,25.46,17.76,24.9
"2026-09-04 18:08:00-0300",22.63,25.43,17.82,24.8
"2026-09-04 18:09:00-0300",22.72,25.47,17.86,24.9
"2026-09-04 18:10:00-0300",22.65,25.44,17.86,24.8
"2026-09-04 18:11:00-0300",22.81,25.5,17.86,24.8
"2026-09-04 18:12:00-0300",22.65,25.44,17.86,24.8
"2026-09-04 18:13:00-0300",22.68,25.45,17.86,24.6
"2026-09-04 18:14:00-0300",22.69,25.45,17.86,24.8
"2026-09-04 18:15:00-0300",22.71,25.46,17.86,24.8
"2026-09-04 18:16:00-0300",22.72,25.46,17.86,24.8
"2026-09-04 18:17:00-0300",22.78,25.49,17.86,24.8
"2026-09-04 18:18:00-0300",22.73,25.47,17.86,24.8
"2026-09-04 18:19:00-0300",22.75,25.48,17.86,24.8
"2026-09-04 18:20:00-0300",22.81,25.5,17.86,24.8
"2026-09-04 18:21:00-0300",22.87,25.52,17.98,24.8
"2026-09-04 18:22:00-0300",22.76,25.48,17.98,24.8
"2026-09-04 18:23:00-0300",22.85,25.51,18.02,24.8
"2026-09-04 18:24:00-0300",22.81,25.5,18.02,24.8
"2026-09-04 18:25:00-0300",22.82,25.5,18.02,24.8
"2026-09-04 18:26:00-0300",22.89,25.52,18.02,24.6
"2026-09-04 18:27:00-0300",22.82,25.5,18.02,24.7
"2026-09-04 18:28:00-0300",22.85,25.51,18.02,24.7
"2026-09-04 18:29:00-0300",22.86,25.51,18.02,24.7
"2026-09-04 18:30:00-0300",22.88,25.52,18.02,24.7
"2026-09-04 18:31:00-0300",22.92,25.53,18.02,24.7
"2026-09-04 18:32:00-0300",22.99,25.56,18.02,24.7
"2026-09-04 18:33:00-0300",22.9,25.53,18.02,24.7
"2026-09-04 18:34:00-0300",22.91,25.53,18.02,24.7
"2026-09-04 18:35:00-0300",23,25.56,18.02,24.7
"2026-09-04 18:36:00-0300",22.93,25.54,18.02,24.7
"2026-09-04 18:37:00-0300",22.99,25.56,18.02,24.7
"2026-09-04 18:38:00-0300",22.95,25.54,18.02,24.7
"2026-09-04 18:39:00-0300",22.96,25.55,18.02,24.6
"2026-09-04 18:40:00-0300",22.96,25.55,18.02,24.6
"2026-09-04 18:41:00-0300",22.97,25.55,18.02,24.6
"2026-09-04 18:42:00-0300",22.95,25.55,18.02,24.6
"2026-09-04 18:43:00-0300",23.05,25.58,18.02,24.6
"2026-09-04 18:44:00-0300",23.03,25.57,18.02,24.6
"2026-09-04 18:45:00-0300",23.01,25.56,18.02,24.5
"2026-09-04 18:46:00-0300",23.01,25.57,18.02,24.6
"2026-09-04 18:47:00-0300",23.06,25.58,18.02,24.6
"2026-09-04 18:48:00-0300",23.03,25.57,18.02,24.6
"2026-09-04 18:49:00-0300",23.04,25.57,18.02,24.6
"2026-09-04 18:50:00-0300",23.05,25.58,18.02,24.6
"2026-09-04 18:51:00-0300",23.05,25.58,18.02,24.5
"2026-09-04 18:52:00-0300",23.06,25.58,18.02,24.6
"2026-09-04 18:53:00-0300",23.04,25.58,18.02,24.5
"2026-09-04 18:54:00-0300",23.08,25.59,18.02,24.5
"2026-09-04 18:55:00-0300",23.08,25.59,18.02,24.5
"2026-09-04 18:56:00-0300",23.09,25.59,18.02,24.5
"2026-09-04 18:57:00-0300",23.1,25.59,17.98,24.4
"2026-09-04 18:58:00-0300",23.1,25.6,17.98,24.5
"2026-09-04 18:59:00-0300",23.11,25.6,17.98,24.5
"2026-09-04 19:00:00-0300",23.11,25.6,17.98,24.5
"2026-09-04 19:01:00-0300",23.12,25.6,17.98,24.5
"2026-09-04 19:02:00-0300",23.13,25.6,17.98,24.5
"2026-09-04 19:03:00-0300",23.11,25.6,17.98,24.5
"2026-09-04 19:04:00-0300",23.15,25.61,17.98,24.4
"2026-09-04 19:05:00-0300",23.15,25.61,17.92,24.4
"2026-09-04 19:06:00-0300",23.16,25.61,17.98,24.4
"2026-09-04 19:07:00-0300",23.16,25.62,17.92,24.4
"2026-09-04 19:08:00-0300",23.15,25.61,17.92,24.4
"2026-09-04 19:09:00-0300",23.18,25.62,17.86,24.4
"2026-09-04 19:10:00-0300",23.18,25.62,17.86,24.3
"2026-09-04 19:11:00-0300",23.19,25.63,17.86,24.4
"2026-09-04 19:12:00-0300",23.2,25.63,17.86,24.4
"2026-09-04 19:13:00-0300",23.18,25.62,17.86,24.3
"2026-09-04 19:14:00-0300",23.21,25.63,17.86,24.3
"2026-09-04 19:15:00-0300",23.22,25.63,17.86,24.2
"2026-09-04 19:16:00-0300",23.22,25.64,17.86,24.3
"2026-09-04 19:17:00-0300",23.23,25.64,17.86,24.3
"2026-09-04 19:18:00-0300",23.21,25.63,17.86,24.3
"2026-09-04 19:19:00-0300",23.24,25.64,17.86,24.3
"2026-09-04 19:20:00-0300",23.25,25.64,17.86,24.3
"2026-09-04 19:21:00-0300",23.25,25.65,17.86,24.3
"2026-09-04 19:22:00-0300",23.26,25.65,17.86,24.2
"2026-09-04 19:23:00-0300",23.24,25.64,17.86,24.2
"2026-09-04 19:24:00-0300",23.27,25.65,17.86,24.2
"2026-09-04 19:25:00-0300",23.28,25.65,17.86,24.2
"2026-09-04 19:26:00-0300",23.28,25.66,17.86,24.2
"2026-09-04 19:27:00-0300",23.29,25.66,17.86,24.2
"2026-09-04 19:28:00-0300",23.27,25.65,17.86,24.2
"2026-09-04 19:29:00-0300",23.3,25.66,17.82,24
"2026-09-04 19:30:00-0300",23.3,25.66,17.86,24.2
"2026-09-04 19:31:00-0300",23.3,25.66,17.82,24.2
"2026-09-04 19:32:00-0300",23.3,25.66,17.82,24.2
"2026-09-04 19:33:00-0300",23.28,25.66,17.82,24.2
"2026-09-04 19:34:00-0300",23.31,25.67,17.82,24.2
"2026-09-04 19:35:00-0300",23.32,25.67,17.76,24.1
"2026-09-04 19:36:00-0300",23.32,25.67,17.76,24.2
"2026-09-04 19:37:00-0300",23.32,25.67,17.76,24.1
"2026-09-04 19:38:00-0300",23.3,25.66,17.76,24.2
"2026-09-04 19:39:00-0300",23.33,25.67,17.76,24.2
"2026-09-04 19:40:00-0300",23.36,25.68,17.72,24.2
"2026-09-04 19:41:00-0300",23.34,25.68,17.72,24.1
"2026-09-04 19:42:00-0300",23.34,25.68,17.72,24.1
"2026-09-04 19:43:00-0300",23.33,25.67,17.72,24.1
"2026-09-04 19:44:00-0300",23.35,25.68,17.72,24.1
"2026-09-04 19:45:00-0300",23.36,25.68,17.72,24.1
"2026-09-04 19:46:00-0300",23.36,25.68,17.72,24.1
"2026-09-04 19:47:00-0300",23.37,25.68,17.72,24
"2026-09-04 19:48:00-0300",23.35,25.68,17.72,24
"2026-09-04 19:49:00-0300",23.37,25.69,17.72,24.1
"2026-09-04 19:50:00-0300",23.37,25.69,17.72,24.1
"2026-09-04 19:51:00-0300",23.38,25.69,17.72,24.1
"2026-09-04 19:52:00-0300",23.39,25.69,17.72,24.1
"2026-09-04 19:53:00-0300",23.37,25.69,17.72,24.1
"2026-09-04 19:54:00-0300",23.4,25.69,17.72,24.1
"2026-09-04 19:55:00-0300",23.4,25.7,17.72,24
"2026-09-04 19:56:00-0300",23.41,25.7,17.72,24
"2026-09-04 19:57:00-0300",23.42,25.7,17.72,24.1
"2026-09-04 19:58:00-0300",23.4,25.7,17.72,24.1
"2026-09-04 19:59:00-0300",23.43,25.71,17.72,24.1
"2026-09-04 20:00:00-0300",23.43,25.71,17.72,24.1
"2026-09-04 20:01:00-0300",23.44,25.71,17.72,24
"2026-09-04 20:02:00-0300",23.45,25.71,17.72,24
"2026-09-04 20:03:00-0300",23.43,25.71,17.72,24.1
"2026-09-04 20:04:00-0300",23.45,25.71,17.72,24.1
"2026-09-04 20:05:00-0300",23.46,25.72,17.72,24.1
"2026-09-04 20:06:00-0300",23.47,25.72,17.72,24.1
"2026-09-04 20:07:00-0300",23.47,25.72,17.72,24.1
"2026-09-04 20:08:00-0300",23.46,25.71,17.72,24.1
"2026-09-04 20:09:00-0300",23.48,25.72,17.72,24.1
"2026-09-04 20:10:00-0300",23.49,25.72,17.72,24
"2026-09-04 20:11:00-0300",23.49,25.73,17.72,24
"2026-09-04 20:12:00-0300",23.49,25.73,17.72,23.9
"2026-09-04 20:13:00-0300",23.49,25.73,17.72,24
"2026-09-04 20:14:00-0300",23.5,25.73,17.72,23.9
"2026-09-04 20:15:00-0300",23.51,25.73,17.72,23.9
"2026-09-04 20:16:00-0300",23.51,25.73,17.72,24
"2026-09-04 20:17:00-0300",23.52,25.73,17.72,24
"2026-09-04 20:18:00-0300",23.52,25.73,17.72,24
"2026-09-04 20:19:00-0300",23.52,25.74,17.72,24
"2026-09-04 20:20:00-0300",23.52,25.74,17.72,24
"2026-09-04 20:21:00-0300",23.53,25.74,17.72,23.8
"2026-09-04 20:22:00-0300",23.53,25.74,17.72,23.9
"2026-09-04 20:23:00-0300",23.53,25.74,17.72,24
"2026-09-04 20:24:00-0300",23.54,25.74,17.72,24
"2026-09-04 20:25:00-0300",23.54,25.74,17.72,23.9
"2026-09-04 20:26:00-0300",23.54,25.74,17.72,24
"2026-09-04 20:27:00-0300",23.54,25.74,17.72,23.9
"2026-09-04 20:28:00-0300",23.55,25.75,17.72,23.9
"2026-09-04 20:29:00-0300",23.53,25.74,17.72,23.9
"2026-09-04 20:30:00-0300",23.55,25.75,17.72,23.8
"2026-09-04 20:31:00-0300",23.56,25.75,17.72,23.9
"2026-09-04 20:32:00-0300",23.56,25.75,17.72,23.9
"2026-09-04 20:33:00-0300",23.56,25.75,17.72,23.9
"2026-09-04 20:34:00-0300",23.54,25.74,17.72,23.9
"2026-09-04 20:35:00-0300",23.56,25.75,17.72,23.9
"2026-09-04 20:36:00-0300",23.57,25.75,17.72,23.8
"2026-09-04 20:37:00-0300",23.57,25.75,17.72,23.8
"2026-09-04 20:38:00-0300",23.57,25.75,17.72,23.9
"2026-09-04 20:39:00-0300",23.56,25.75,17.72,23.9
"2026-09-04 20:40:00-0300",23.58,25.75,17.72,23.8
"2026-09-04 20:41:00-0300",23.58,25.76,17.72,23.8
"2026-09-04 20:42:00-0300",23.58,25.76,17.72,23.8
"2026-09-04 20:43:00-0300",23.58,25.76,17.72,23.8
"2026-09-04 20:44:00-0300",23.56,25.75,17.72,23.8
"2026-09-04 20:45:00-0300",23.58,25.76,17.72,23.8
"2026-09-04 20:46:00-0300",23.59,25.76,17.72,23.8
"2026-09-04 20:47:00-0300",23.59,25.76,17.72,23.8
"2026-09-04 20:48:00-0300",23.59,25.76,17.72,23.7
"2026-09-04 20:49:00-0300",23.58,25.75,17.72,23.8
"2026-09-04 20:50:00-0300",23.6,25.76,17.66,23.7
"2026-09-04 20:51:00-0300",23.6,25.76,17.66,23.6
"2026-09-04 20:52:00-0300",23.6,25.76,17.66,23.8
"2026-09-04 20:53:00-0300",23.61,25.76,17.66,23.8
"2026-09-04 20:54:00-0300",23.61,25.77,17.66,23.8
"2026-09-04 20:55:00-0300",23.61,25.77,17.66,23.8
"2026-09-04 20:56:00-0300",23.61,25.77,17.66,23.8
"2026-09-04 20:57:00-0300",23.62,25.77,17.62,23.7
"2026-09-04 20:58:00-0300",23.62,25.77,17.62,23.7
"2026-09-04 20:59:00-0300",23.62,25.77,17.62,23.8
"2026-09-04 21:00:00-0300",23.6,25.76,17.62,23.8
"2026-09-04 21:01:00-0300",23.63,25.77,17.56,23.8
"2026-09-04 21:02:00-0300",23.63,25.77,17.56,23.8
"2026-09-04 21:03:00-0300",23.63,25.77,17.56,23.7
"2026-09-04 21:04:00-0300",23.63,25.77,17.5,23.7
"2026-09-04 21:05:00-0300",23.61,25.77,17.56,23.7
"2026-09-04 21:06:00-0300",23.63,25.77,17.5,23.6
"2026-09-04 21:07:00-0300",23.63,25.77,17.5,23.7
"2026-09-04 21:08:00-0300",23.64,25.78,17.5,23.7
"2026-09-04 21:09:00-0300",23.64,25.78,17.5,23.7
"2026-09-04 21:10:00-0300",23.62,25.77,17.5,23.7
"2026-09-04 21:11:00-0300",23.64,25.78,17.5,23.7
"2026-09-04 21:12:00-0300",23.64,25.78,17.5,23.7
"2026-09-04 21:13:00-0300",23.64,25.78,17.5,23.7
"2026-09-04 21:14:00-0300",23.65,25.78,17.5,23.6
"2026-09-04 21:15:00-0300",23.63,25.77,17.5,23.7
"2026-09-04 21:16:00-0300",23.65,25.78,17.5,23.7
"2026-09-04 21:17:00-0300",23.65,25.78,17.5,23.5
"2026-09-04 21:18:00-0300",23.65,25.78,17.5,23.7
"2026-09-04 21:19:00-0300",23.65,25.78,17.5,23.7
"2026-09-04 21:20:00-0300",23.64,25.78,17.5,23.7
"2026-09-04 21:21:00-0300",23.66,25.78,17.5,23.7
"2026-09-04 21:22:00-0300",23.66,25.78,17.5,23.7
"2026-09-04 21:23:00-0300",23.66,25.78,17.5,23.6
"2026-09-04 21:24:00-0300",23.66,25.78,17.5,23.7
"2026-09-04 21:25:00-0300",23.64,25.78,17.5,23.7
"2026-09-04 21:26:00-0300",23.66,25.78,17.5,23.6
"2026-09-04 21:27:00-0300",23.66,25.78,17.5,23.6
"2026-09-04 21:28:00-0300",23.66,25.78,17.5,23.7
"2026-09-04 21:29:00-0300",23.66,25.78,17.5,23.7
"2026-09-04 21:30:00-0300",23.64,25.78,17.5,23.6
"2026-09-04 21:31:00-0300",23.67,25.79,17.5,23.5
"2026-09-04 21:32:00-0300",23.67,25.79,17.5,23.5
"2026-09-04 21:33:00-0300",23.68,25.79,17.5,23.6
"2026-09-04 21:34:00-0300",23.67,25.79,17.5,23.6
"2026-09-04 21:35:00-0300",23.65,25.78,17.5,23.4
"2026-09-04 21:36:00-0300",23.67,25.79,17.5,23.6
"2026-09-04 21:37:00-0300",23.67,25.79,17.5,23.6
"2026-09-04 21:38:00-0300",23.68,25.79,17.5,23.4
"2026-09-04 21:39:00-0300",23.68,25.79,17.5,23.6
"2026-09-04 21:40:00-0300",23.66,25.78,17.5,23.6
"2026-09-04 21:41:00-0300",23.68,25.79,17.5,23.6
"2026-09-04 21:42:00-0300",23.68,25.79,17.5,23.6
"2026-09-04 21:43:00-0300",23.68,25.79,17.46,23.6
"2026-09-04 21:44:00-0300",23.68,25.79,17.5,23.5
"2026-09-04 21:45:00-0300",23.67,25.79,17.5,23.5
"2026-09-04 21:46:00-0300",23.69,25.79,17.46,23.5
"2026-09-04 21:47:00-0300",23.69,25.79,17.5,23.6
"2026-09-04 21:48:00-0300",23.69,25.79,17.46,23.6
"2026-09-04 21:49:00-0300",23.68,25.79,17.46,23.6
"2026-09-04 21:50:00-0300",23.67,25.79,17.46,23.6
"2026-09-04 21:51:00-0300",23.69,25.79,17.46,23.4
"2026-09-04 21:52:00-0300",23.7,25.8,17.46,23.5
"2026-09-04 21:53:00-0300",23.7,25.8,17.4,23.4
"2026-09-04 21:54:00-0300",23.7,25.8,17.4,23.5
"2026-09-04 21:55:00-0300",23.68,25.79,17.46,23.5
"2026-09-04 21:56:00-0300",23.69,25.79,17.4,23.4
"2026-09-04 21:57:00-0300",23.69,25.79,17.4,23.5
"2026-09-04 21:58:00-0300",23.69,25.79,17.4,23.5
"2026-09-04 21:59:00-0300",23.68,25.79,17.4,23.5
"2026-09-04 22:00:00-0300",23.68,25.79,17.4,23.5
"2026-09-04 22:01:00-0300",23.68,25.79,17.4,23.5
"2026-09-04 22:02:00-0300",23.68,25.79,17.36,23.3
"2026-09-04 22:03:00-0300",23.68,25.79,17.36,23.5
"2026-09-04 22:04:00-0300",23.68,25.79,17.36,23.5
"2026-09-04 22:05:00-0300",23.69,25.79,17.36,23.5
"2026-09-04 22:06:00-0300",23.68,25.79,17.36,23.5
"2026-09-04 22:07:00-0300",23.69,25.79,17.36,23.5
"2026-09-04 22:08:00-0300",23.69,25.79,17.36,23.5
"2026-09-04 22:09:00-0300",23.67,25.79,17.36,23.5
"2026-09-04 22:10:00-0300",23.69,25.79,17.36,23.5
"2026-09-04 22:11:00-0300",23.69,25.79,17.36,23.3
"2026-09-04 22:12:00-0300",23.69,25.79,17.36,23.4
"2026-09-04 22:13:00-0300",23.69,25.79,17.36,23.4
"2026-09-04 22:14:00-0300",23.67,25.79,17.36,23.4
"2026-09-04 22:15:00-0300",23.69,25.79,17.36,23.4
"2026-09-04 22:16:00-0300",23.69,25.79,17.36,23.4
"2026-09-04 22:17:00-0300",23.69,25.79,17.36,23.4
"2026-09-04 22:18:00-0300",23.69,25.79,17.36,23.4
"2026-09-04 22:19:00-0300",23.67,25.79,17.36,23.4
"2026-09-04 22:20:00-0300",23.69,25.79,17.36,23.3
"2026-09-04 22:21:00-0300",23.69,25.79,17.36,23.4
"2026-09-04 22:22:00-0300",23.69,25.79,17.36,23.4
"2026-09-04 22:23:00-0300",23.69,25.79,17.36,23.4
"2026-09-04 22:24:00-0300",23.69,25.79,17.36,23.4
"2026-09-04 22:25:00-0300",23.69,25.79,17.36,23.4
"2026-09-04 22:26:00-0300",23.69,25.79,17.36,23.4
"2026-09-04 22:27:00-0300",23.69,25.79,17.36,23.4
"2026-09-04 22:28:00-0300",23.7,25.8,17.36,23.4
"2026-09-04 22:29:00-0300",23.68,25.79,17.36,23.4
"2026-09-04 22:30:00-0300",23.69,25.79,17.36,23.4
"2026-09-04 22:31:00-0300",23.69,25.79,17.36,23.3
"2026-09-04 22:32:00-0300",23.69,25.79,17.36,23.3
"2026-09-04 22:33:00-0300",23.7,25.8,17.36,23.4
"2026-09-04 22:34:00-0300",23.7,25.8,17.36,23.4
"2026-09-04 22:35:00-0300",23.7,25.8,17.36,23.4
"2026-09-04 22:36:00-0300",23.7,25.8,17.36,23.4
"2026-09-04 22:37:00-0300",23.69,25.79,17.3,23.4
"2026-09-04 22:38:00-0300",23.69,25.79,17.36,23.4
"2026-09-04 22:39:00-0300",23.69,25.79,17.36,23.4
"2026-09-04 22:40:00-0300",23.69,25.79,17.36,23.2
"2026-09-04 22:41:00-0300",23.7,25.8,17.3,23.3
"2026-09-04 22:42:00-0300",23.7,25.8,17.3,23.3
"2026-09-04 22:43:00-0300",23.7,25.8,17.36,23.3
"2026-09-04 22:44:00-0300",23.7,25.8,17.36,23.3
"2026-09-04 22:45:00-0300",23.71,25.8,17.36,23.4
"2026-09-04 22:46:00-0300",23.71,25.8,17.3,23.4
"2026-09-04 22:47:00-0300",23.74,25.81,17.36,23.4
"2026-09-04 22:48:00-0300",23.75,25.81,17.36,23.4
"2026-09-04 22:49:00-0300",23.73,25.81,17.36,23.3
"2026-09-04 22:50:00-0300",23.76,25.82,17.36,23.4
"2026-09-04 22:51:00-0300",23.76,25.82,17.36,23.5
"2026-09-04 22:52:00-0300",23.76,25.82,17.36,23.5
"2026-09-04 22:53:00-0300",23.77,25.82,17.36,23.5
"2026-09-04 22:54:00-0300",23.78,25.82,17.36,23.5
"2026-09-04 22:55:00-0300",23.79,25.83,17.4,23.6
"2026-09-04 22:56:00-0300",23.79,25.83,17.4,23.6
"2026-09-04 22:57:00-0300",23.79,25.83,17.46,23.5
"2026-09-04 22:58:00-0300",23.79,25.83,17.5,23.7
"2026-09-04 22:59:00-0300",23.8,25.83,17.5,23.7
"2026-09-04 23:00:00-0300",23.82,25.84,17.5,23.8
"2026-09-04 23:01:00-0300",23.85,25.85,17.62,23.9
"2026-09-04 23:02:00-0300",23.88,25.86,17.72,24.1
"2026-09-04 23:03:00-0300",23.92,25.87,17.82,24.2
"2026-09-04 23:04:00-0300",23.95,25.88,17.86,24.3
"2026-09-04 23:05:00-0300",23.99,25.89,18.02,24.4
"2026-09-04 23:06:00-0300",24.03,25.91,18.22,24.5
"2026-09-04 23:07:00-0300",24.06,25.92,18.28,24.4
"2026-09-04 23:08:00-0300",24.1,25.93,18.37,24.6
"2026-09-04 23:09:00-0300",24.13,25.94,18.53,24.5
"2026-09-04 23:10:00-0300",24.16,25.95,18.75,24.6
"2026-09-04 23:11:00-0300",24.2,25.96,18.79,24.6
"2026-09-04 23:12:00-0300",24.23,25.97,18.9,24.8
"2026-09-04 23:13:00-0300",24.25,25.98,18.9,24.8
"2026-09-04 23:14:00-0300",24.27,25.99,19.04,24.7
"2026-09-04 23:15:00-0300",24.3,26,19.04,24.6
"2026-09-04 23:16:00-0300",24.33,26.01,19.1,24.7
"2026-09-04 23:17:00-0300",24.35,26.01,19.19,24.8
"2026-09-04 23:18:00-0300",24.37,26.02,19.19,24.8
"2026-09-04 23:19:00-0300",24.38,26.02,19.25,24.8
"2026-09-04 23:20:00-0300",24.4,26.03,19.25,24.8
"2026-09-04 23:21:00-0300",24.42,26.04,19.25,24.9
"2026-09-04 23:22:00-0300",24.44,26.04,19.25,24.7
"2026-09-04 23:23:00-0300",24.45,26.05,19.25,24.7
"2026-09-04 23:24:00-0300",24.45,26.05,19.25,24.7
"2026-09-04 23:25:00-0300",24.48,26.06,19.25,24.7
"2026-09-04 23:26:00-0300",24.49,26.06,19.25,24.8
"2026-09-04 23:27:00-0300",24.51,26.07,19.25,24.8
"2026-09-04 23:28:00-0300",24.52,26.07,19.25,24.8
"2026-09-04 23:29:00-0300",24.53,26.07,19.25,24.7
"2026-09-04 23:30:00-0300",24.54,26.08,19.25,24.6
"2026-09-04 23:31:00-0300",24.55,26.08,19.25,24.7
"2026-09-04 23:32:00-0300",24.56,26.08,19.25,24.8
"2026-09-04 23:33:00-0300",24.57,26.09,19.25,24.7
"2026-09-04 23:34:00-0300",24.58,26.09,19.25,24.8
"2026-09-04 23:35:00-0300",24.59,26.09,19.25,24.7
"2026-09-04 23:36:00-0300",24.6,26.1,19.25,24.6
"2026-09-04 23:37:00-0300",24.61,26.1,19.25,24.7
"2026-09-04 23:38:00-0300",24.61,26.1,19.25,24.6
"2026-09-04 23:39:00-0300",24.62,26.1,19.25,24.7
"2026-09-04 23:40:00-0300",24.63,26.11,19.25,24.6
"2026-09-04 23:41:00-0300",24.64,26.11,19.25,24.7
"2026-09-04 23:42:00-0300",24.64,26.11,19.25,24.7
"2026-09-04 23:43:00-0300",24.65,26.11,19.25,24.7
"2026-09-04 23:44:00-0300",24.66,26.12,19.19,24.7
"2026-09-04 23:45:00-0300",24.67,26.12,19.19,24.7
"2026-09-04 23:46:00-0300",24.68,26.12,19.19,24.5
"2026-09-04 23:47:00-0300",24.68,26.12,19.19,24.5
"2026-09-04 23:48:00-0300",24.68,26.12,19.16,24.6
"2026-09-04 23:49:00-0300",24.68,26.12,19.16,24.5
"2026-09-04 23:50:00-0300",24.69,26.13,19.1,24.5
"2026-09-04 23:51:00-0300",24.7,26.13,19.1,24.6
"2026-09-04 23:52:00-0300",24.7,26.13,19.04,24.6
"2026-09-04 23:53:00-0300",24.71,26.13,19.04,24.6
"2026-09-04 23:54:00-0300",24.7,26.13,19.04,24.6
"2026-09-04 23:55:00-0300",24.72,26.13,19.04,24.6
"2026-09-04 23:56:00-0300",24.72,26.14,19.04,24.6
"2026-09-04 23:57:00-0300",24.72,26.14,19.04,24.6
"2026-09-04 23:58:00-0300",24.73,26.14,19.04,24.4
"2026-09-04 23:59:00-0300",24.72,26.14,19.04,24.4
"2026-09-05 00:00:00-0300",24.73,26.14,19.04,24.5
"2026-09-05 00:01:00-0300",24.74,26.14,19.04,24.5
"2026-09-05 00:02:00-0300",24.74,26.14,19.04,24.6
"2026-09-05 00:03:00-0300",24.75,26.14,19.04,24.6
"2026-09-05 00:04:00-0300",24.74,26.14,19.04,24.5
"2026-09-05 00:05:00-0300",24.75,26.15,19.04,24.5
"2026-09-05 00:06:00-0300",24.76,26.15,19.04,24.5
"2026-09-05 00:07:00-0300",24.76,26.15,19.04,24.4
"2026-09-05 00:08:00-0300",24.76,26.15,19.04,24.5
"2026-09-05 00:09:00-0300",24.75,26.15,19,24.5
"2026-09-05 00:10:00-0300",24.77,26.15,18.94,24.3
"2026-09-05 00:11:00-0300",24.77,26.15,18.9,24.4
"2026-09-05 00:12:00-0300",24.77,26.15,18.9,24.5
"2026-09-05 00:13:00-0300",24.78,26.15,18.9,24.5
"2026-09-05 00:14:00-0300",24.78,26.15,18.9,24.5
"2026-09-05 00:15:00-0300",24.77,26.15,18.9,24.5
"2026-09-05 00:16:00-0300",24.78,26.15,18.9,24.3
"2026-09-05 00:17:00-0300",24.78,26.15,18.9,24.4
"2026-09-05 00:18:00-0300",24.77,26.15,18.9,24.4
"2026-09-05 00:19:00-0300",24.78,26.16,18.9,24.4
"2026-09-05 00:20:00-0300",24.78,26.16,18.9,24.4
"2026-09-05 00:21:00-0300",24.78,26.16,18.9,24.4
"2026-09-05 00:22:00-0300",24.78,26.16,18.9,24.2
"2026-09-05 00:23:00-0300",24.78,26.16,18.9,24.3
"2026-09-05 00:24:00-0300",24.79,26.16,18.9,24.3
"2026-09-05 00:25:00-0300",24.79,26.16,18.84,24.4
"2026-09-05 00:26:00-0300",24.79,26.16,18.84,24.3
"2026-09-05 00:27:00-0300",24.79,26.16,18.84,24.4
"2026-09-05 00:28:00-0300",24.79,26.16,18.84,24.4
"2026-09-05 00:29:00-0300",24.79,26.16,18.79,24.3
"2026-09-05 00:30:00-0300",24.79,26.16,18.79,24.3
"2026-09-05 00:31:00-0300",24.8,26.16,18.79,24.2
"2026-09-05 00:32:00-0300",24.8,26.16,18.79,24.2
"2026-09-05 00:33:00-0300",24.79,26.16,18.75,24.3
"2026-09-05 00:34:00-0300",24.8,26.16,18.75,24.2
"2026-09-05 00:35:00-0300",24.79,26.16,18.75,24.3
"2026-09-05 00:36:00-0300",24.8,26.16,18.75,24.3
"2026-09-05 00:37:00-0300",24.8,26.16,18.75,24.3
"2026-09-05 00:38:00-0300",24.79,26.16,18.75,24.3
"2026-09-05 00:39:00-0300",24.8,26.16,18.75,24.3
"2026-09-05 00:40:00-0300",24.8,26.16,18.75,24.3
"2026-09-05 00:41:00-0300",24.8,26.16,18.75,24.3
"2026-09-05 00:42:00-0300",24.8,26.16,18.75,24.3
"2026-09-05 00:43:00-0300",24.79,26.16,18.75,24.3
"2026-09-05 00:44:00-0300",24.8,26.16,18.75,24.1
"2026-09-05 00:45:00-0300",24.8,26.16,18.75,24.2
"2026-09-05 00:46:00-0300",24.8,26.16,18.75,24.1
"2026-09-05 00:47:00-0300",24.8,26.16,18.69,24.1
"2026-09-05 00:48:00-0300",24.79,26.16,18.69,24.1
"2026-09-05 00:49:00-0300",24.8,26.16,18.69,24.2
"2026-09-05 00:50:00-0300",24.8,26.16,18.63,24.2
"2026-09-05 00:51:00-0300",24.8,26.16,18.63,24.2
"2026-09-05 00:52:00-0300",24.8,26.16,18.63,24
"2026-09-05 00:53:00-0300",24.8,26.16,18.63,24
"2026-09-05 00:54:00-0300",24.8,26.16,18.59,24.2
"2026-09-05 00:55:00-0300",24.8,26.16,18.59,24.2
"2026-09-05 00:56:00-0300",24.8,26.16,18.53,24.2
"2026-09-05 00:57:00-0300",24.8,26.16,18.53,24.2
"2026-09-05 00:58:00-0300",24.8,26.16,18.53,24
"2026-09-05 00:59:00-0300",24.79,26.16,18.53,24
"2026-09-05 01:00:00-0300",24.79,26.16,18.53,24.1
"2026-09-05 01:01:00-0300",24.8,26.16,18.53,24.2
"2026-09-05 01:02:00-0300",24.79,26.16,18.53,24.2
"2026-09-05 01:03:00-0300",24.79,26.16,18.53,24.2
"2026-09-05 01:04:00-0300",24.79,26.16,18.53,24.2
"2026-09-05 01:05:00-0300",24.79,26.16,18.53,24
"2026-09-05 01:06:00-0300",24.79,26.16,18.53,24.1
"2026-09-05 01:07:00-0300",24.79,26.16,18.53,23.9
"2026-09-05 01:08:00-0300",24.79,26.16,18.53,24
"2026-09-05 01:09:00-0300",24.79,26.16,18.53,24.1
"2026-09-05 01:10:00-0300",24.79,26.16,18.53,24
"2026-09-05 01:11:00-0300",24.79,26.16,18.53,23.9
"2026-09-05 01:12:00-0300",24.79,26.16,18.53,24.1
"2026-09-05 01:13:00-0300",24.79,26.16,18.53,24.1
"2026-09-05 01:14:00-0300",24.79,26.16,18.47,23.9
"2026-09-05 01:15:00-0300",24.79,26.16,18.47,24
"2026-09-05 01:16:00-0300",24.78,26.16,18.47,24.1
"2026-09-05 01:17:00-0300",24.79,26.16,18.47,24
"2026-09-05 01:18:00-0300",24.79,26.16,18.47,24.1
"2026-09-05 01:19:00-0300",24.79,26.16,18.47,24.1
"2026-09-05 01:20:00-0300",24.79,26.16,18.47,24.1
"2026-09-05 01:21:00-0300",24.78,26.16,18.47,23.9
"2026-09-05 01:22:00-0300",24.79,26.16,18.47,24
"2026-09-05 01:23:00-0300",24.79,26.16,18.43,24.1
"2026-09-05 01:24:00-0300",24.79,26.16,18.43,24
"2026-09-05 01:25:00-0300",24.79,26.16,18.37,23.8
"2026-09-05 01:26:00-0300",24.78,26.15,18.37,24.1
"2026-09-05 01:27:00-0300",24.79,26.16,18.37,23.9
"2026-09-05 01:28:00-0300",24.79,26.16,18.37,23.9
"2026-09-05 01:29:00-0300",24.78,26.16,18.37,23.8
"2026-09-05 01:30:00-0300",24.78,26.16,18.37,24
"2026-09-05 01:31:00-0300",24.77,26.15,18.37,23.9
"2026-09-05 01:32:00-0300",24.78,26.16,18.37,24
"2026-09-05 01:33:00-0300",24.78,26.16,18.37,24
"2026-09-05 01:34:00-0300",24.79,26.16,18.37,24
"2026-09-05 01:35:00-0300",24.78,26.16,18.37,24
"2026-09-05 01:36:00-0300",24.77,26.15,18.37,23.9
"2026-09-05 01:37:00-0300",24.78,26.16,18.37,23.8
"2026-09-05 01:38:00-0300",24.78,26.15,18.37,23.8
"2026-09-05 01:39:00-0300",24.78,26.16,18.37,23.8
"2026-09-05 01:40:00-0300",24.78,26.15,18.37,23.9
"2026-09-05 01:41:00-0300",24.78,26.15,18.37,23.9
"2026-09-05 01:42:00-0300",24.78,26.16,18.37,23.8
"2026-09-05 01:43:00-0300",24.78,26.16,18.37,23.9
"2026-09-05 01:44:00-0300",24.78,26.15,18.37,23.9
"2026-09-05 01:45:00-0300",24.76,26.15,18.34,23.9
"2026-09-05 01:46:00-0300",24.77,26.15,18.34,23.9
"2026-09-05 01:47:00-0300",24.77,26.15,18.37,23.7
"2026-09-05 01:48:00-0300",24.77,26.15,18.34,23.8
"2026-09-05 01:49:00-0300",24.77,26.15,18.34,23.7
"2026-09-05 01:50:00-0300",24.76,26.15,18.34,23.7
"2026-09-05 01:51:00-0300",24.77,26.15,18.34,23.8
"2026-09-05 01:52:00-0300",24.77,26.15,18.34,23.7
"2026-09-05 01:53:00-0300",24.77,26.15,18.34,23.8
"2026-09-05 01:54:00-0300",24.77,26.15,18.28,23.8
"2026-09-05 01:55:00-0300",24.77,26.15,18.28,23.8
"2026-09-05 01:56:00-0300",24.77,26.15,18.22,23.8
"2026-09-05 01:57:00-0300",24.77,26.15,18.22,23.8
"2026-09-05 01:58:00-0300",24.76,26.15,18.22,23.7
"2026-09-05 01:59:00-0300",24.76,26.15,18.22,23.7
"2026-09-05 02:00:00-0300",24.77,26.15,18.22,23.9
"2026-09-05 02:01:00-0300",24.76,26.15,18.22,23.7
"2026-09-05 02:02:00-0300",24.76,26.15,18.22,23.7
"2026-09-05 02:03:00-0300",24.76,26.15,18.22,23.8
"2026-09-05 02:04:00-0300",24.76,26.15,18.22,23.7
"2026-09-05 02:05:00-0300",24.76,26.15,18.22,23.8
"2026-09-05 02:06:00-0300",24.76,26.15,18.22,23.7
"2026-09-05 02:07:00-0300",24.75,26.15,18.22,23.7
"2026-09-05 02:08:00-0300",24.75,26.15,18.22,23.8
"2026-09-05 02:09:00-0300",24.76,26.15,18.22,23.8
"2026-09-05 02:10:00-0300",24.75,26.15,18.22,23.6
"2026-09-05 02:11:00-0300",24.75,26.15,18.22,23.7
"2026-09-05 02:12:00-0300",24.75,26.15,18.22,23.7
"2026-09-05 02:13:00-0300",24.74,26.14,18.22,23.8
"2026-09-05 02:14:00-0300",24.75,26.14,18.22,23.8
"2026-09-05 02:15:00-0300",24.75,26.15,18.22,23.8
"2026-09-05 02:16:00-0300",24.75,26.15,18.22,23.6
"2026-09-05 02:17:00-0300",24.75,26.15,18.22,23.8
"2026-09-05 02:18:00-0300",24.74,26.14,18.22,23.8
"2026-09-05 02:19:00-0300",24.74,26.14,18.22,23.6
"2026-09-05 02:20:00-0300",24.74,26.14,18.22,23.8
"2026-09-05 02:21:00-0300",24.74,26.14,18.22,23.8
"2026-09-05 02:22:00-0300",24.74,26.14,18.22,23.6
"2026-09-05 02:23:00-0300",24.74,26.14,18.18,23.7
"2026-09-05 02:24:00-0300",24.74,26.14,18.18,23.7
"2026-09-05 02:25:00-0300",24.74,26.14,18.18,23.7
"2026-09-05 02:26:00-0300",24.74,26.14,18.22,23.8
"2026-09-05 02:27:00-0300",24.73,26.14,18.22,23.8
"2026-09-05 02:28:00-0300",24.74,26.14,18.18,23.6
"2026-09-05 02:29:00-0300",24.73,26.14,18.18,23.6
"2026-09-05 02:30:00-0300",24.73,26.14,18.18,23.7
"2026-09-05 02:31:00-0300",24.74,26.14,18.18,23.7
"2026-09-05 02:32:00-0300",24.74,26.14,18.12,23.7
"2026-09-05 02:33:00-0300",24.74,26.14,18.12,23.7
"2026-09-05 02:34:00-0300",24.73,26.14,18.12,23.7
"2026-09-05 02:35:00-0300",24.73,26.14,18.08,23.6
"2026-09-05 02:36:00-0300",24.73,26.14,18.12,23.7
"2026-09-05 02:37:00-0300",24.72,26.14,18.08,23.7
"2026-09-05 02:38:00-0300",24.73,26.14,18.08,23.7
"2026-09-05 02:39:00-0300",24.72,26.14,18.08,23.7
"2026-09-05 02:40:00-0300",24.73,26.14,18.08,23.7
"2026-09-05 02:41:00-0300",24.72,26.14,18.08,23.5
"2026-09-05 02:42:00-0300",24.71,26.13,18.02,23.7
"2026-09-05 02:43:00-0300",24.72,26.14,18.02,23.7
"2026-09-05 02:44:00-0300",24.72,26.14,18.02,23.6
"2026-09-05 02:45:00-0300",24.72,26.14,18.02,23.6
"2026-09-05 02:46:00-0300",24.72,26.13,18.02,23.7
"2026-09-05 02:47:00-0300",24.7,26.13,18.02,23.7
"2026-09-05 02:48:00-0300",24.71,26.13,18.02,23.7
"2026-09-05 02:49:00-0300",24.71,26.13,18.02,23.7
"2026-09-05 02:50:00-0300",24.71,26.13,18.02,23.7
"2026-09-05 02:51:00-0300",24.71,26.13,18.02,23.7
"2026-09-05 02:52:00-0300",24.71,26.13,18.02,23.4
"2026-09-05 02:53:00-0300",24.71,26.13,18.02,23.6
"2026-09-05 02:54:00-0300",24.71,26.13,18.02,23.6
"2026-09-05 02:55:00-0300",24.71,26.13,18.02,23.5
"2026-09-05 02:56:00-0300",24.7,26.13,18.02,23.6
"2026-09-05 02:57:00-0300",24.71,26.13,18.02,23.4
"2026-09-05 02:58:00-0300",24.7,26.13,18.02,23.5
"2026-09-05 02:59:00-0300",24.7,26.13,18.02,23.6
"2026-09-05 03:00:00-0300",24.7,26.13,18.02,23.5
"2026-09-05 03:01:00-0300",24.69,26.13,18.02,23.6
"2026-09-05 03:02:00-0300",24.7,26.13,18.02,23.6
"2026-09-05 03:03:00-0300",24.7,26.13,18.02,23.5
"2026-09-05 03:04:00-0300",24.7,26.13,18.02,23.6
"2026-09-05 03:05:00-0300",24.7,26.13,18.02,23.6
"2026-09-05 03:06:00-0300",24.69,26.13,18.02,23.6
"2026-09-05 03:07:00-0300",24.7,26.13,18.02,23.6
"2026-09-05 03:08:00-0300",24.7,26.13,18.02,23.6
"2026-09-05 03:09:00-0300",24.69,26.13,17.98,23.5
"2026-09-05 03:10:00-0300",24.69,26.13,17.98,23.6
"2026-09-05 03:11:00-0300",24.69,26.13,17.98,23.6
"2026-09-05 03:12:00-0300",24.69,26.13,17.98,23.4
"2026-09-05 03:13:00-0300",24.69,26.12,17.98,23.5
"2026-09-05 03:14:00-0300",24.69,26.12,17.98,23.6
"2026-09-05 03:15:00-0300",24.67,26.12,17.98,23.6
"2026-09-05 03:16:00-0300",24.68,26.12,17.98,23.6
"2026-09-05 03:17:00-0300",24.68,26.12,17.98,23.7
"2026-09-05 03:18:00-0300",24.68,26.12,17.98,23.6
"2026-09-05 03:19:00-0300",24.68,26.12,17.98,23.5
"2026-09-05 03:20:00-0300",24.67,26.12,17.98,23.7
"2026-09-05 03:21:00-0300",24.68,26.12,17.98,23.6
"2026-09-05 03:22:00-0300",24.68,26.12,17.92,23.7
"2026-09-05 03:23:00-0300",24.68,26.12,17.98,23.5
"2026-09-05 03:24:00-0300",24.68,26.12,17.98,23.6
"2026-09-05 03:25:00-0300",24.66,26.12,17.92,23.6
"2026-09-05 03:26:00-0300",24.67,26.12,17.92,23.5
"2026-09-05 03:27:00-0300",24.67,26.12,17.92,23.4
"2026-09-05 03:28:00-0300",24.67,26.12,17.92,23.5
"2026-09-05 03:29:00-0300",24.67,26.12,17.86,23.6
"2026-09-05 03:30:00-0300",24.67,26.12,17.86,23.5
"2026-09-05 03:31:00-0300",24.67,26.12,17.86,23.6
"2026-09-05 03:32:00-0300",24.67,26.12,17.86,23.6
"2026-09-05 03:33:00-0300",24.67,26.12,17.86,23.6
"2026-09-05 03:34:00-0300",24.66,26.12,17.86,23.5
"2026-09-05 03:35:00-0300",24.67,26.12,17.86,23.6
"2026-09-05 03:36:00-0300",24.66,26.12,17.86,23.6
"2026-09-05 03:37:00-0300",24.67,26.12,17.86,23.6
"2026-09-05 03:38:00-0300",24.67,26.12,17.86,23.4
"2026-09-05 03:39:00-0300",24.66,26.11,17.86,23.5
"2026-09-05 03:40:00-0300",24.66,26.12,17.86,23.5
"2026-09-05 03:41:00-0300",24.66,26.12,17.86,23.5
"2026-09-05 03:42:00-0300",24.66,26.12,17.86,23.6
"2026-09-05 03:43:00-0300",24.67,26.12,17.86,23.6
"2026-09-05 03:44:00-0300",24.65,26.11,17.86,23.5
"2026-09-05 03:45:00-0300",24.66,26.12,17.86,23.5
"2026-09-05 03:46:00-0300",24.67,26.12,17.86,23.6
"2026-09-05 03:47:00-0300",24.67,26.12,17.86,23.4
"2026-09-05 03:48:00-0300",24.67,26.12,17.86,23.4
"2026-09-05 03:49:00-0300",24.66,26.11,17.86,23.5
"2026-09-05 03:50:00-0300",24.67,26.12,17.86,23.5
"2026-09-05 03:51:00-0300",24.67,26.12,17.86,23.5
"2026-09-05 03:52:00-0300",24.66,26.12,17.86,23.6
"2026-09-05 03:53:00-0300",24.66,26.12,17.86,23.5
"2026-09-05 03:54:00-0300",24.66,26.12,17.86,23.6
"2026-09-05 03:55:00-0300",24.66,26.12,17.86,23.5
"2026-09-05 03:56:00-0300",24.66,26.12,17.86,23.4
"2026-09-05 03:57:00-0300",24.67,26.12,17.86,23.5
"2026-09-05 03:58:00-0300",24.66,26.12,17.86,23.5
"2026-09-05 03:59:00-0300",24.69,26.12,17.86,23.5
"2026-09-05 04:00:00-0300",24.69,26.13,17.86,23.5
"2026-09-05 04:01:00-0300",24.69,26.13,17.86,23.5
"2026-09-05 04:02:00-0300",24.7,26.13,17.86,23.4
"2026-09-05 04:03:00-0300",24.69,26.13,17.86,23.5
"2026-09-05 04:04:00-0300",24.7,26.13,17.82,23.5
"2026-09-05 04:05:00-0300",24.7,26.13,17.86,23.4
"2026-09-05 04:06:00-0300",24.71,26.13,17.82,23.5
"2026-09-05 04:07:00-0300",24.72,26.14,17.82,23.4
"2026-09-05 04:08:00-0300",24.73,26.14,17.86,23.4
"2026-09-05 04:09:00-0300",24.73,26.14,17.86,23.4
"2026-09-05 04:10:00-0300",24.72,26.14,17.82,23.3
"2026-09-05 04:11:00-0300",24.71,26.13,17.82,23.4
"2026-09-05 04:12:00-0300",24.68,26.12,17.82,23.4
"2026-09-05 04:13:00-0300",24.67,26.12,17.82,23.5
"2026-09-05 04:14:00-0300",24.66,26.12,17.82,23.5
"2026-09-05 04:15:00-0300",24.65,26.11,17.82,23.3
"2026-09-05 04:16:00-0300",24.65,26.11,17.82,23.4
"2026-09-05 04:17:00-0300",24.65,26.11,17.76,23.4
"2026-09-05 04:18:00-0300",24.64,26.11,17.76,23.4
"2026-09-05 04:19:00-0300",24.64,26.11,17.76,23.5
"2026-09-05 04:20:00-0300",24.64,26.11,17.72,23.5
"2026-09-05 04:21:00-0300",24.63,26.11,17.72,23.5
"2026-09-05 04:22:00-0300",24.63,26.11,17.72,23.3
"2026-09-05 04:23:00-0300",24.63,26.11,17.72,23.5
"2026-09-05 04:24:00-0300",24.63,26.11,17.72,23.5
"2026-09-05 04:25:00-0300",24.64,26.11,17.72,23.4
"2026-09-05 04:26:00-0300",24.62,26.1,17.72,23.3
"2026-09-05 04:27:00-0300",24.63,26.11,17.72,23.4
"2026-09-05 04:28:00-0300",24.63,26.11,17.72,23.5
"2026-09-05 04:29:00-0300",24.63,26.1,17.72,23.5
"2026-09-05 04:30:00-0300",24.63,26.1,17.72,23.4
"2026-09-05 04:31:00-0300",24.63,26.11,17.72,23.4
"2026-09-05 04:32:00-0300",24.63,26.1,17.72,23.3
"2026-09-05 04:33:00-0300",24.62,26.1,17.72,23.4
"2026-09-05 04:34:00-0300",24.62,26.1,17.72,23.4
"2026-09-05 04:35:00-0300",24.62,26.1,17.72,23.4
"2026-09-05 04:36:00-0300",24.62,26.1,17.72,23.4
"2026-09-05 04:37:00-0300",24.62,26.1,17.72,23.4
"2026-09-05 04:38:00-0300",24.63,26.11,17.72,23.4
"2026-09-05 04:39:00-0300",24.63,26.11,17.72,23.2
"2026-09-05 04:40:00-0300",24.59,26.09,17.72,23.4
"2026-09-05 04:41:00-0300",24.6,26.1,17.72,23.3
"2026-09-05 04:42:00-0300",24.6,26.1,17.72,23.4
"2026-09-05 04:43:00-0300",24.6,26.1,17.72,23.4
"2026-09-05 04:44:00-0300",24.59,26.09,17.72,23.4
"2026-09-05 04:45:00-0300",24.59,26.09,17.72,23.4
"2026-09-05 04:46:00-0300",24.59,26.09,17.72,23.2
"2026-09-05 04:47:00-0300",24.59,26.09,17.72,23.3
"2026-09-05 04:48:00-0300",24.59,26.09,17.72,23.4
"2026-09-05 04:49:00-0300",24.58,26.09,17.72,23.2
"2026-09-05 04:50:00-0300",24.59,26.09,17.72,23.3
"2026-09-05 04:51:00-0300",24.59,26.09,17.72,23.4
"2026-09-05 04:52:00-0300",24.59,26.09,17.72,23.2
"2026-09-05 04:53:00-0300",24.58,26.09,17.72,23.4
"2026-09-05 04:54:00-0300",24.58,26.09,17.72,23.4
"2026-09-05 04:55:00-0300",24.58,26.09,17.72,23.3
"2026-09-05 04:56:00-0300",24.58,26.09,17.72,23.4
"2026-09-05 04:57:00-0300",24.58,26.09,17.72,23.4
"2026-09-05 04:58:00-0300",24.57,26.09,17.72,23.2
"2026-09-05 04:59:00-0300",24.58,26.09,17.72,23.2
"2026-09-05 05:00:00-0300",24.57,26.09,17.72,23.3
"2026-09-05 05:01:00-0300",24.58,26.09,17.72,23.3
"2026-09-05 05:02:00-0300",24.57,26.09,17.72,23.4
"2026-09-05 05:03:00-0300",24.56,26.08,17.72,23.3
"2026-09-05 05:04:00-0300",24.57,26.09,17.72,23.4
"2026-09-05 05:05:00-0300",24.57,26.09,17.72,23.4
"2026-09-05 05:06:00-0300",24.57,26.09,17.72,23.4
"2026-09-05 05:07:00-0300",24.56,26.08,17.72,23.3
"2026-09-05 05:08:00-0300",24.57,26.09,17.72,23.2
"2026-09-05 05:09:00-0300",24.56,26.08,17.66,23.3
"2026-09-05 05:10:00-0300",24.56,26.08,17.72,23.2
"2026-09-05 05:11:00-0300",24.56,26.08,17.72,23.3
"2026-09-05 05:12:00-0300",24.55,26.08,17.66,23.3
"2026-09-05 05:13:00-0300",24.56,26.08,17.66,23.3
"2026-09-05 05:14:00-0300",24.56,26.08,17.72,23.3
"2026-09-05 05:15:00-0300",24.56,26.08,17.66,23.1
"2026-09-05 05:16:00-0300",24.55,26.08,17.66,23.2
"2026-09-05 05:17:00-0300",24.56,26.08,17.66,23.2
"2026-09-05 05:18:00-0300",24.55,26.08,17.66,23.3
"2026-09-05 05:19:00-0300",24.56,26.08,17.66,23.3
"2026-09-05 05:20:00-0300",24.55,26.08,17.62,23.3
"2026-09-05 05:21:00-0300",24.54,26.08,17.66,23.3
"2026-09-05 05:22:00-0300",24.55,26.08,17.62,23.1
"2026-09-05 05:23:00-0300",24.55,26.08,17.66,23.1
"2026-09-05 05:24:00-0300",24.55,26.08,17.62,23.2
"2026-09-05 05:25:00-0300",24.55,26.08,17.62,23.2
"2026-09-05 05:26:00-0300",24.55,26.08,17.56,23.2
"2026-09-05 05:27:00-0300",24.55,26.08,17.62,23.3
"2026-09-05 05:28:00-0300",24.55,26.08,17.62,23.1
"2026-09-05 05:29:00-0300",24.55,26.08,17.56,23.1
"2026-09-05 05:30:00-0300",24.54,26.07,17.56,23.3
"2026-09-05 05:31:00-0300",24.55,26.08,17.56,23.1
"2026-09-05 05:32:00-0300",24.54,26.08,17.56,23.3
"2026-09-05 05:33:00-0300",24.54,26.08,17.56,23.1
"2026-09-05 05:34:00-0300",24.54,26.08,17.56,23.2
"2026-09-05 05:35:00-0300",24.54,26.08,17.5,23.2
"2026-09-05 05:36:00-0300",24.54,26.08,17.5,23.1
"2026-09-05 05:37:00-0300",24.54,26.08,17.5,23.1
"2026-09-05 05:38:00-0300",24.54,26.08,17.56,23.2
"2026-09-05 05:39:00-0300",24.53,26.07,17.5,23.2
"2026-09-05 05:40:00-0300",24.54,26.08,17.5,23.1
"2026-09-05 05:41:00-0300",24.54,26.08,17.5,23.2
"2026-09-05 05:42:00-0300",24.54,26.08,17.5,23.2
"2026-09-05 05:43:00-0300",24.54,26.07,17.5,23.3
"2026-09-05 05:44:00-0300",24.53,26.07,17.5,23.1
"2026-09-05 05:45:00-0300",24.54,26.07,17.5,23.1
"2026-09-05 05:46:00-0300",24.53,26.07,17.5,23.1
"2026-09-05 05:47:00-0300",24.53,26.07,17.5,23.2
"2026-09-05 05:48:00-0300",24.53,26.07,17.5,23.2
"2026-09-05 05:49:00-0300",24.52,26.07,17.5,23.2
"2026-09-05 05:50:00-0300",24.53,26.07,17.5,23.1
"2026-09-05 05:51:00-0300",24.53,26.07,17.5,23.2
"2026-09-05 05:52:00-0300",24.53,26.07,17.5,23.4
"2026-09-05 05:53:00-0300",24.53,26.07,17.5,23.4
"2026-09-05 05:54:00-0300",24.53,26.07,17.5,23.3
"2026-09-05 05:55:00-0300",24.53,26.07,17.5,23.3
"2026-09-05 05:56:00-0300",24.53,26.07,17.5,23.3
"2026-09-05 05:57:00-0300",24.52,26.07,17.5,23.3
"2026-09-05 05:58:00-0300",24.51,26.07,17.5,23.1
"2026-09-05 05:59:00-0300",24.52,26.07,17.5,23.2
"2026-09-05 06:00:00-0300",24.52,26.07,17.5,23.3
"2026-09-05 06:01:00-0300",24.52,26.07,17.5,23.1
"2026-09-05 06:02:00-0300",24.52,26.07,17.5,23.3
"2026-09-05 06:03:00-0300",24.51,26.07,17.5,23.2
"2026-09-05 06:04:00-0300",24.52,26.07,17.5,23.3
"2026-09-05 06:05:00-0300",24.52,26.07,17.5,23.3
"2026-09-05 06:06:00-0300",24.52,26.07,17.5,23.3
"2026-09-05 06:07:00-0300",24.52,26.07,17.5,23.3
"2026-09-05 06:08:00-0300",24.51,26.07,17.5,23.3
"2026-09-05 06:09:00-0300",24.52,26.07,17.5,23.2
"2026-09-05 06:10:00-0300",24.52,26.07,17.5,23.3
"2026-09-05 06:11:00-0300",24.51,26.07,17.5,23.3
"2026-09-05 06:12:00-0300",24.51,26.07,17.5,23.1
"2026-09-05 06:13:00-0300",24.51,26.07,17.5,23.1
"2026-09-05 06:14:00-0300",24.51,26.07,17.5,23
"2026-09-05 06:15:00-0300",24.51,26.07,17.5,23
"2026-09-05 06:16:00-0300",24.51,26.07,17.5,23
"2026-09-05 06:17:00-0300",24.5,26.06,17.5,23
"2026-09-05 06:18:00-0300",24.51,26.07,17.5,23
"2026-09-05 06:19:00-0300",24.51,26.07,17.5,22.9
"2026-09-05 06:20:00-0300",24.51,26.07,17.5,22.9
"2026-09-05 06:21:00-0300",24.5,26.06,17.5,22.9
"2026-09-05 06:22:00-0300",24.49,26.06,17.5,22.9
"2026-09-05 06:23:00-0300",24.5,26.06,17.5,23
"2026-09-05 06:24:00-0300",24.5,26.06,17.5,23
"2026-09-05 06:25:00-0300",24.5,26.06,17.5,23
"2026-09-05 06:26:00-0300",24.5,26.06,17.5,23.1
"2026-09-05 06:27:00-0300",24.49,26.06,17.5,23
"2026-09-05 06:28:00-0300",24.5,26.06,17.5,22.9
"2026-09-05 06:29:00-0300",24.5,26.06,17.5,23
"2026-09-05 06:30:00-0300",24.5,26.06,17.5,23
"2026-09-05 06:31:00-0300",24.5,26.06,17.5,22.9
"2026-09-05 06:32:00-0300",24.49,26.06,17.5,23
"2026-09-05 06:33:00-0300",24.49,26.06,17.5,23
"2026-09-05 06:34:00-0300",24.49,26.06,17.5,23
"2026-09-05 06:35:00-0300",24.49,26.06,17.46,23.1
"2026-09-05 06:36:00-0300",24.49,26.06,17.5,23
"2026-09-05 06:37:00-0300",24.49,26.06,17.5,23
"2026-09-05 06:38:00-0300",24.49,26.06,17.5,23.1
"2026-09-05 06:39:00-0300",24.49,26.06,17.5,23.1
"2026-09-05 06:40:00-0300",24.49,26.06,17.46,23.1
"2026-09-05 06:41:00-0300",24.48,26.06,17.46,23.1
"2026-09-05 06:42:00-0300",24.49,26.06,17.46,23.1
"2026-09-05 06:43:00-0300",24.49,26.06,17.46,23
"2026-09-05 06:44:00-0300",24.49,26.06,17.46,23.1
"2026-09-05 06:45:00-0300",24.49,26.06,17.46,23.1
"2026-09-05 06:46:00-0300",24.47,26.05,17.46,23.1
"2026-09-05 06:47:00-0300",24.48,26.06,17.46,23.1
"2026-09-05 06:48:00-0300",24.48,26.06,17.46,23
"2026-09-05 06:49:00-0300",24.48,26.06,17.46,23
"2026-09-05 06:50:00-0300",24.48,26.06,17.46,22.9
"2026-09-05 06:51:00-0300",24.47,26.05,17.46,22.9
"2026-09-05 06:52:00-0300",24.48,26.06,17.46,22.8
"2026-09-05 06:53:00-0300",24.47,26.05,17.46,22.8
"2026-09-05 06:54:00-0300",24.47,26.05,17.4,22.8
"2026-09-05 06:55:00-0300",24.47,26.05,17.4,22.7
"2026-09-05 06:56:00-0300",24.46,26.05,17.46,22.9
"2026-09-05 06:57:00-0300",24.47,26.05,17.4,22.9
"2026-09-05 06:58:00-0300",24.47,26.05,17.4,22.9
"2026-09-05 06:59:00-0300",24.47,26.05,17.4,22.9
"2026-09-05 07:00:00-0300",24.47,26.05,17.4,22.7
"2026-09-05 07:01:00-0300",24.47,26.05,17.4,22.7
"2026-09-05 07:02:00-0300",24.47,26.05,17.4,22.7
"2026-09-05 07:03:00-0300",24.47,26.05,17.4,22.9
"2026-09-05 07:04:00-0300",24.47,26.05,17.4,22.9
"2026-09-05 07:05:00-0300",24.47,26.05,17.4,22.9
"2026-09-05 07:06:00-0300",24.52,26.07,17.4,23
"2026-09-05 07:07:00-0300",24.46,26.05,17.4,23.1
"2026-09-05 07:08:00-0300",24.48,26.06,17.5,30.3
"2026-09-05 07:09:00-0300",24.63,26.11,17.72,77
"2026-09-05 07:10:00-0300",25.11,26.26,19.19,72.7
"2026-09-05 07:11:00-0300",26.14,26.6,22.91,67.7
"2026-09-05 07:12:00-0300",26.97,26.87,24.73,67.2
"2026-09-05 07:13:00-0300",27.53,27.04,25.17,65.7
"2026-09-05 07:14:00-0300",27.93,27.17,25.22,64
"2026-09-05 07:15:00-0300",28.25,27.27,25.12,62.2
"2026-09-05 07:16:00-0300",28.46,27.34,25.07,61
"2026-09-05 07:17:00-0300",28.67,27.4,24.9,60
"2026-09-05 07:18:00-0300",28.83,27.45,24.73,56.7
"2026-09-05 07:19:00-0300",28.94,27.49,24.58,57
"2026-09-05 07:20:00-0300",29.04,27.52,24.53,55.7
"2026-09-05 07:21:00-0300",29.11,27.54,24.36,56.5
"2026-09-05 07:22:00-0300",29.16,27.56,24.2,53.7
"2026-09-05 07:23:00-0300",29.2,27.57,24.15,54.5
"2026-09-05 07:24:00-0300",29.24,27.58,24.03,52.5
"2026-09-05 07:25:00-0300",29.26,27.59,23.82,50.5
"2026-09-05 07:26:00-0300",29.27,27.59,23.82,48.3
"2026-09-05 07:27:00-0300",29.28,27.59,23.67,46.6
"2026-09-05 07:28:00-0300",29.29,27.6,23.62,44.8
"2026-09-05 07:29:00-0300",29.3,27.6,23.44,43.6
"2026-09-05 07:30:00-0300",29.3,27.6,23.44,42.5
"2026-09-05 07:31:00-0300",29.3,27.6,23.28,41.6
"2026-09-05 07:32:00-0300",29.3,27.6,23.28,38.5
"2026-09-05 07:33:00-0300",29.3,27.6,23.18,37.6
"2026-09-05 07:34:00-0300",29.29,27.6,23.13,37.9
"2026-09-05 07:35:00-0300",29.28,27.59,23.07,37
"2026-09-05 07:36:00-0300",29.27,27.59,22.91,36.1
"2026-09-05 07:37:00-0300",29.27,27.59,22.91,34.7
"2026-09-05 07:38:00-0300",29.25,27.58,22.81,34.5
"2026-09-05 07:39:00-0300",29.24,27.58,22.75,33.1
"2026-09-05 07:40:00-0300",29.23,27.58,22.75,33.6
"2026-09-05 07:41:00-0300",29.22,27.57,22.59,33.5
"2026-09-05 07:42:00-0300",29.21,27.57,22.49,32.8
"2026-09-05 07:43:00-0300",29.19,27.57,22.38,31.5
"2026-09-05 07:44:00-0300",29.18,27.56,22.38,31.2
"2026-09-05 07:45:00-0300",29.17,27.56,22.33,31.2
"2026-09-05 07:46:00-0300",29.16,27.55,22.22,31.8
"2026-09-05 07:47:00-0300",29.14,27.55,22.22,31.6
"2026-09-05 07:48:00-0300",29.13,27.54,22.22,31.3
"2026-09-05 07:49:00-0300",29.11,27.54,22.13,31.7
"2026-09-05 07:50:00-0300",29.1,27.54,22.07,31.2
"2026-09-05 07:51:00-0300",29.08,27.53,22.07,31.1
"2026-09-05 07:52:00-0300",29.07,27.53,22.07,31.1
"2026-09-05 07:53:00-0300",29.06,27.52,22.02,30.3
"2026-09-05 07:54:00-0300",29.04,27.52,21.91,30.2
"2026-09-05 07:55:00-0300",29.02,27.51,21.86,28.7
"2026-09-05 07:56:00-0300",29.01,27.51,21.86,29
"2026-09-05 07:57:00-0300",29,27.5,21.86,28.7
"2026-09-05 07:58:00-0300",28.98,27.5,21.8,28.8
"2026-09-05 07:59:00-0300",28.97,27.5,21.75,29
"2026-09-05 08:00:00-0300",28.94,27.49,21.69,28.8
"2026-09-05 08:01:00-0300",28.94,27.49,21.69,28.7
"2026-09-05 08:02:00-0300",28.93,27.48,21.69,27.6
"2026-09-05 08:03:00-0300",28.91,27.48,21.66,28.5
"2026-09-05 08:04:00-0300",28.88,27.47,21.6,27.7
"2026-09-05 08:05:00-0300",28.88,27.47,21.49,27.6
"2026-09-05 08:06:00-0300",28.87,27.47,21.49,27.6
"2026-09-05 08:07:00-0300",28.85,27.46,21.49,28.2
"2026-09-05 08:08:00-0300",28.84,27.46,21.49,28.2
"2026-09-05 08:09:00-0300",28.83,27.45,21.49,28.1
"2026-09-05 08:10:00-0300",28.81,27.45,21.38,27.8
"2026-09-05 08:11:00-0300",28.8,27.44,21.33,27.1
"2026-09-05 08:12:00-0300",28.79,27.44,21.33,27.6
"2026-09-05 08:13:00-0300",28.73,27.42,21.33,27.4
"2026-09-05 08:14:00-0300",28.76,27.43,21.33,26.2
"2026-09-05 08:15:00-0300",28.75,27.43,21.29,26.5
"2026-09-05 08:16:00-0300",28.74,27.42,21.23,26.5
"2026-09-05 08:17:00-0300",28.66,27.4,21.23,26.8
"2026-09-05 08:18:00-0300",28.71,27.42,21.18,26.7
"2026-09-05 08:19:00-0300",28.7,27.41,21.18,26.6
"2026-09-05 08:20:00-0300",28.69,27.41,21.18,25.5
"2026-09-05 08:21:00-0300",28.68,27.4,21.18,26.4
"2026-09-05 08:22:00-0300",28.55,27.36,21.18,26.3
"2026-09-05 08:23:00-0300",28.66,27.4,21.12,25.3
"2026-09-05 08:24:00-0300",28.66,27.4,21.12,25.8
"2026-09-05 08:25:00-0300",28.65,27.4,21.18,26
"2026-09-05 08:26:00-0300",28.48,27.34,21.12,25.7
"2026-09-05 08:27:00-0300",28.65,27.4,21.12,25.6
"2026-09-05 08:28:00-0300",28.65,27.39,21.12,25.7
"2026-09-05 08:29:00-0300",28.64,27.39,21.12,25.8
"2026-09-05 08:30:00-0300",28.63,27.39,21.07,25.8
"2026-09-05 08:31:00-0300",28.62,27.39,21.01,25.6
"2026-09-05 08:32:00-0300",28.62,27.39,21.12,25.2
"2026-09-05 08:33:00-0300",28.73,27.42,21.23,26.4
"2026-09-05 08:34:00-0300",28.86,27.46,21.49,27.3
"2026-09-05 08:35:00-0300",28.96,27.49,21.8,28.3
"2026-09-05 08:36:00-0300",29.04,27.52,21.91,28.8
"2026-09-05 08:37:00-0300",29.1,27.54,22.07,29.3
"2026-09-05 08:38:00-0300",29.14,27.55,22.07,28.5
"2026-09-05 08:39:00-0300",29.17,27.56,22.18,29
"2026-09-05 08:40:00-0300",29.2,27.57,22.22,29.1
"2026-09-05 08:41:00-0300",29.21,27.57,22.18,29.3
"2026-09-05 08:42:00-0300",29.23,27.58,22.18,29.4
"2026-09-05 08:43:00-0300",29.24,27.58,22.18,29.5
"2026-09-05 08:44:00-0300",29.25,27.58,22.18,28.5
"2026-09-05 08:45:00-0300",29.25,27.58,22.13,29.2
"2026-09-05 08:46:00-0300",29.25,27.58,22.07,29.2
"2026-09-05 08:47:00-0300",29.25,27.58,22.07,28.1
"2026-09-05 08:48:00-0300",29.25,27.58,22.07,28.4
"2026-09-05 08:49:00-0300",29.25,27.58,22.07,28
"2026-09-05 08:50:00-0300",29.24,27.58,22.07,28.6
"2026-09-05 08:51:00-0300",29.23,27.58,22.02,28.5
"2026-09-05 08:52:00-0300",29.23,27.58,22.02,28.6
"2026-09-05 08:53:00-0300",29.22,27.57,21.91,27.5
"2026-09-05 08:54:00-0300",29.21,27.57,21.86,27.5
"2026-09-05 08:55:00-0300",29.21,27.57,21.86,27.6
"2026-09-05 08:56:00-0300",29.2,27.57,21.86,27.2
"2026-09-05 08:57:00-0300",29.19,27.56,21.86,28.1
"2026-09-05 08:58:00-0300",29.18,27.56,21.8,27.8
"2026-09-05 08:59:00-0300",29.17,27.56,21.8,27
"2026-09-05 09:00:00-0300",29.16,27.56,21.75,27.1
"2026-09-05 09:01:00-0300",29.15,27.55,21.69,26.6
"2026-09-05 09:02:00-0300",29.15,27.55,21.69,27.1
"2026-09-05 09:03:00-0300",29.13,27.55,21.69,26.5
"2026-09-05 09:04:00-0300",29.12,27.54,21.69,27
"2026-09-05 09:05:00-0300",29.11,27.54,21.69,27.1
"2026-09-05 09:06:00-0300",29.1,27.54,21.66,27
"2026-09-05 09:07:00-0300",29.08,27.53,21.6,26.8
"2026-09-05 09:08:00-0300",29.08,27.53,21.55,26.8
"2026-09-05 09:09:00-0300",29.07,27.53,21.49,26.7
"2026-09-05 09:10:00-0300",29.06,27.52,21.49,26.5
"2026-09-05 09:11:00-0300",29.05,27.52,21.49,26.6
"2026-09-05 09:12:00-0300",29.04,27.52,21.49,26.4
"2026-09-05 09:13:00-0300",29.02,27.51,21.44,25.4
"2026-09-05 09:14:00-0300",29.02,27.51,21.44,26
"2026-09-05 09:15:00-0300",29.02,27.51,21.49,26
"2026-09-05 09:16:00-0300",29.02,27.51,21.49,25.8
"2026-09-05 09:17:00-0300",29.04,27.52,21.49,25.4
"2026-09-05 09:18:00-0300",29.08,27.53,21.55,26.1
"2026-09-05 09:19:00-0300",29.12,27.54,21.69,25.7
"2026-09-05 09:20:00-0300",29.17,27.56,21.8,26.7
"2026-09-05 09:21:00-0300",29.3,27.6,22.07,27.1
"2026-09-05 09:22:00-0300",29.44,27.64,22.38,28.4
"2026-09-05 09:23:00-0300",29.57,27.68,22.7,30
"2026-09-05 09:24:00-0300",29.71,27.73,22.91,31.3
"2026-09-05 09:25:00-0300",29.84,27.77,23.28,31.7
"2026-09-05 09:26:00-0300",29.96,27.8,23.49,33
"2026-09-05 09:27:00-0300",30.05,27.83,23.67,34.3
"2026-09-05 09:28:00-0300",30.12,27.85,23.77,35
"2026-09-05 09:29:00-0300",30.18,27.87,23.82,35.8
"2026-09-05 09:30:00-0300",30.26,27.89,23.82,36.1
"2026-09-05 09:31:00-0300",30.28,27.9,23.82,34.5
"2026-09-05 09:32:00-0300",30.33,27.91,23.82,35
"2026-09-05 09:33:00-0300",30.36,27.93,23.82,35
"2026-09-05 09:34:00-0300",30.39,27.93,23.82,35
"2026-09-05 09:35:00-0300",30.43,27.95,23.82,34.2
"2026-09-05 09:36:00-0300",30.42,27.94,23.82,34.5
"2026-09-05 09:37:00-0300",30.42,27.94,23.72,33.2
"2026-09-05 09:38:00-0300",30.42,27.94,23.67,33.3
"2026-09-05 09:39:00-0300",30.42,27.94,23.67,32.8
"2026-09-05 09:40:00-0300",30.41,27.94,23.49,33
"2026-09-05 09:41:00-0300",30.4,27.94,23.44,33
"2026-09-05 09:42:00-0300",30.39,27.93,23.44,32.7
"2026-09-05 09:43:00-0300",30.38,27.93,23.28,32.5
"2026-09-05 09:44:00-0300",30.39,27.93,23.28,32.3
"2026-09-05 09:45:00-0300",30.35,27.92,23.18,32.1
"2026-09-05 09:46:00-0300",30.33,27.91,23.13,30.8
"2026-09-05 09:47:00-0300",30.31,27.91,23.07,31.1
"2026-09-05 09:48:00-0300",30.29,27.9,23.02,30.3
"2026-09-05 09:49:00-0300",30.28,27.9,22.91,30.2
"2026-09-05 09:50:00-0300",30.25,27.89,22.91,30.2
"2026-09-05 09:51:00-0300",30.23,27.88,22.91,30.5
"2026-09-05 09:52:00-0300",30.21,27.88,22.75,30.5
"2026-09-05 09:53:00-0300",30.2,27.88,22.75,30.2
"2026-09-05 09:54:00-0300",30.15,27.86,22.7,29.8
"2026-09-05 09:55:00-0300",30.13,27.85,22.65,29.3
"2026-09-05 09:56:00-0300",30.11,27.85,22.59,29.6
"2026-09-05 09:57:00-0300",30.09,27.84,22.59,29.4
"2026-09-05 09:58:00-0300",30.09,27.84,22.59,29.4
"2026-09-05 09:59:00-0300",30.04,27.83,22.38,29.1
"2026-09-05 10:00:00-0300",30.02,27.82,22.38,28.7
"2026-09-05 10:01:00-0300",30,27.82,22.38,29.1
"2026-09-05 10:02:00-0300",30,27.81,22.38,28
"2026-09-05 10:03:00-0300",29.96,27.8,22.33,27.8
"2026-09-05 10:04:00-0300",29.94,27.8,22.22,28.7
"2026-09-05 10:05:00-0300",29.92,27.79,22.22,27.5
"2026-09-05 10:06:00-0300",29.91,27.79,22.22,28.5
"2026-09-05 10:07:00-0300",29.91,27.79,22.22,28.3
"2026-09-05 10:08:00-0300",29.87,27.77,22.13,27.1
"2026-09-05 10:09:00-0300",29.85,27.77,22.07,28
"2026-09-05 10:10:00-0300",29.83,27.76,22.07,27.8
"2026-09-05 10:11:00-0300",29.82,27.76,22.07,27.6
"2026-09-05 10:12:00-0300",29.79,27.75,22.02,27.5
"2026-09-05 10:13:00-0300",29.78,27.75,22.02,26.5
"2026-09-05 10:14:00-0300",29.76,27.74,21.91,26.6
"2026-09-05 10:15:00-0300",29.74,27.73,21.86,26.7
"2026-09-05 10:16:00-0300",29.72,27.73,21.86,26.8
"2026-09-05 10:17:00-0300",29.7,27.72,21.86,27
"2026-09-05 10:18:00-0300",29.69,27.72,21.8,26.8
"2026-09-05 10:19:00-0300",29.68,27.72,21.8,26.7
"2026-09-05 10:20:00-0300",29.69,27.72,21.75,26.6
"2026-09-05 10:21:00-0300",29.65,27.71,21.69,26.6
"2026-09-05 10:22:00-0300",29.61,27.69,21.69,25.5
"2026-09-05 10:23:00-0300",29.59,27.69,21.69,25.8
"2026-09-05 10:24:00-0300",29.6,27.69,21.69,26
"2026-09-05 10:25:00-0300",29.62,27.7,21.66,25.8
"2026-09-05 10:26:00-0300",29.59,27.69,21.66,25.7
"2026-09-05 10:27:00-0300",29.58,27.68,21.6,25.7
"2026-09-05 10:28:00-0300",29.56,27.68,21.49,25.8
"2026-09-05 10:29:00-0300",29.54,27.67,21.49,25.7
"2026-09-05 10:30:00-0300",29.52,27.67,21.49,25.7
"2026-09-05 10:31:00-0300",29.5,27.66,21.49,24.9
"2026-09-05 10:32:00-0300",29.49,27.66,21.49,25
"2026-09-05 10:33:00-0300",29.51,27.66,21.49,25.2
"2026-09-05 10:34:00-0300",29.49,27.66,21.38,25.2
"2026-09-05 10:35:00-0300",29.47,27.65,21.33,25.2
"2026-09-05 10:36:00-0300",29.5,27.66,21.33,25.2
"2026-09-05 10:37:00-0300",29.48,27.65,21.33,24.8
"2026-09-05 10:38:00-0300",29.42,27.63,21.33,24.8
"2026-09-05 10:39:00-0300",29.37,27.62,21.33,24.9
"2026-09-05 10:40:00-0300",29.36,27.62,21.29,24.9
"2026-09-05 10:41:00-0300",29.34,27.61,21.29,24.9
"2026-09-05 10:42:00-0300",29.32,27.61,21.23,24.9
"2026-09-05 10:43:00-0300",29.31,27.6,21.18,24.9
"2026-09-05 10:44:00-0300",29.3,27.6,21.18,24.9
"2026-09-05 10:45:00-0300",29.29,27.6,21.18,24.8
"2026-09-05 10:46:00-0300",29.27,27.59,21.18,24.8
"2026-09-05 10:47:00-0300",29.26,27.59,21.18,24.8
"2026-09-05 10:48:00-0300",29.25,27.58,21.18,24.8
"2026-09-05 10:49:00-0300",29.24,27.58,21.12,24.8
"2026-09-05 10:50:00-0300",29.23,27.58,21.12,24.6
"2026-09-05 10:51:00-0300",29.21,27.57,21.07,24.6
"2026-09-05 10:52:00-0300",29.2,27.57,20.97,24.6
"2026-09-05 10:53:00-0300",29.18,27.56,20.97,24.6
"2026-09-05 10:54:00-0300",29.14,27.55,20.97,24.6
"2026-09-05 10:55:00-0300",29.13,27.54,20.97,24.7
"2026-09-05 10:56:00-0300",29.12,27.54,20.97,24.7
"2026-09-05 10:57:00-0300",29.1,27.54,20.97,24.8
"2026-09-05 10:58:00-0300",29.09,27.53,20.97,24.7
"2026-09-05 10:59:00-0300",29.08,27.53,20.97,24.7
"2026-09-05 11:00:00-0300",29.07,27.53,20.97,24.7
"2026-09-05 11:01:00-0300",29.05,27.52,20.92,24.7
"2026-09-05 11:02:00-0300",29.03,27.51,20.86,24.7
"2026-09-05 11:03:00-0300",29.03,27.51,20.81,24.7
"2026-09-05 11:04:00-0300",29.02,27.51,20.81,24.6
"2026-09-05 11:05:00-0300",29.01,27.51,20.81,24.7
"2026-09-05 11:06:00-0300",29,27.51,20.81,24.6
"2026-09-05 11:07:00-0300",28.97,27.5,20.75,24.6
"2026-09-05 11:08:00-0300",28.97,27.5,20.81,24.6
"2026-09-05 11:09:00-0300",28.97,27.5,20.81,24.6
"2026-09-05 11:10:00-0300",28.96,27.49,20.75,24.5
"2026-09-05 11:11:00-0300",28.95,27.49,20.75,24.4
"2026-09-05 11:12:00-0300",28.91,27.48,20.71,24.4
"2026-09-05 11:13:00-0300",28.92,27.48,20.71,24.4
"2026-09-05 11:14:00-0300",28.91,27.48,20.66,24.6
"2026-09-05 11:15:00-0300",28.9,27.48,20.66,24.6
"2026-09-05 11:16:00-0300",28.89,27.47,20.66,24.6
"2026-09-05 11:17:00-0300",28.85,27.46,20.66,24.6
"2026-09-05 11:18:00-0300",28.87,27.47,20.66,24.6
"2026-09-05 11:19:00-0300",28.86,27.46,20.66,24.6
"2026-09-05 11:20:00-0300",28.85,27.46,20.66,24.6
"2026-09-05 11:21:00-0300",28.84,27.46,20.6,24.5
"2026-09-05 11:22:00-0300",28.83,27.45,20.6,24.3
"2026-09-05 11:23:00-0300",28.82,27.45,20.6,24.5
"2026-09-05 11:24:00-0300",28.81,27.45,20.55,24.5
"2026-09-05 11:25:00-0300",28.8,27.44,20.49,24.5
"2026-09-05 11:26:00-0300",28.79,27.44,20.49,24.5
"2026-09-05 11:27:00-0300",28.78,27.44,20.45,24.5
"2026-09-05 11:28:00-0300",28.77,27.44,20.45,24.5
"2026-09-05 11:29:00-0300",28.76,27.43,20.45,24.5
"2026-09-05 11:30:00-0300",28.76,27.43,20.45,24.4
"2026-09-05 11:31:00-0300",28.68,27.41,20.45,24.4
"2026-09-05 11:32:00-0300",28.74,27.43,20.45,24.4
"2026-09-05 11:33:00-0300",28.73,27.42,20.45,24.4
"2026-09-05 11:34:00-0300",28.72,27.42,20.45,24.4
"2026-09-05 11:35:00-0300",28.72,27.42,20.45,24.4
"2026-09-05 11:36:00-0300",28.59,27.38,20.4,24.3
"2026-09-05 11:37:00-0300",28.7,27.41,20.4,24.4
"2026-09-05 11:38:00-0300",28.69,27.41,20.4,24.4
"2026-09-05 11:39:00-0300",28.68,27.41,20.4,24.4
"2026-09-05 11:40:00-0300",28.67,27.4,20.4,24.4
"2026-09-05 11:41:00-0300",28.43,27.33,20.4,24.4
"2026-09-05 11:42:00-0300",28.65,27.4,20.28,24.4
"2026-09-05 11:43:00-0300",28.65,27.4,20.28,24.2
"2026-09-05 11:44:00-0300",28.64,27.39,20.28,24.3
"2026-09-05 11:45:00-0300",28.63,27.39,20.28,24.4
"2026-09-05 11:46:00-0300",28.41,27.32,20.28,24.3
"2026-09-05 11:47:00-0300",28.62,27.39,20.28,24.4
"2026-09-05 11:48:00-0300",28.61,27.38,20.28,24.3
"2026-09-05 11:49:00-0300",28.61,27.38,20.24,24.3
"2026-09-05 11:50:00-0300",28.6,27.38,20.28,24.3
"2026-09-05 11:51:00-0300",28.59,27.38,20.28,24.3
"2026-09-05 11:52:00-0300",28.58,27.38,20.24,24.3
"2026-09-05 11:53:00-0300",28.58,27.37,20.24,24.3
"2026-09-05 11:54:00-0300",28.57,27.37,20.24,24.3
"2026-09-05 11:55:00-0300",28.56,27.37,20.24,24.2
"2026-09-05 11:56:00-0300",28.56,27.37,20.19,24.2
"2026-09-05 11:57:00-0300",28.55,27.36,20.19,24.3
"2026-09-05 11:58:00-0300",28.54,27.36,20.13,24.3
"2026-09-05 11:59:00-0300",28.54,27.36,20.13,24.3
"2026-09-05 12:00:00-0300",28.41,27.32,20.13,24.1
"2026-09-05 12:01:00-0300",28.53,27.36,20.13,24.3
"2026-09-05 12:02:00-0300",28.53,27.36,20.13,24.2
"2026-09-05 12:03:00-0300",28.52,27.36,20.13,24.3
"2026-09-05 12:04:00-0300",28.52,27.36,20.13,24.2
"2026-09-05 12:05:00-0300",28.41,27.32,20.13,24.2
"2026-09-05 12:06:00-0300",28.55,27.36,20.28,24.4
"2026-09-05 12:07:00-0300",28.59,27.38,20.28,24.5
"2026-09-05 12:08:00-0300",28.75,27.43,20.45,24.6
"2026-09-05 12:09:00-0300",28.82,27.45,20.66,24.5
"2026-09-05 12:10:00-0300",28.97,27.5,20.97,24.6
"2026-09-05 12:11:00-0300",29.17,27.56,21.33,26.2
"2026-09-05 12:12:00-0300",29.31,27.6,21.69,28.4
"2026-09-05 12:13:00-0300",29.4,27.63,21.86,29.8
"2026-09-05 12:14:00-0300",29.48,27.65,22.02,30.6
"2026-09-05 12:15:00-0300",29.54,27.67,22.07,30.7
"2026-09-05 12:16:00-0300",29.59,27.69,22.13,31
"2026-09-05 12:17:00-0300",29.63,27.7,22.18,31.1
"2026-09-05 12:18:00-0300",29.66,27.71,22.22,31
"2026-09-05 12:19:00-0300",29.7,27.72,22.22,30.5
"2026-09-05 12:20:00-0300",29.7,27.72,22.18,30.6
"2026-09-05 12:21:00-0300",29.71,27.73,22.18,30.5
"2026-09-05 12:22:00-0300",29.73,27.73,22.13,30.5
"2026-09-05 12:23:00-0300",29.73,27.73,22.07,30.3
"2026-09-05 12:24:00-0300",29.76,27.74,22.07,30.2
"2026-09-05 12:25:00-0300",29.74,27.73,22.07,30
"2026-09-05 12:26:00-0300",29.74,27.73,22.07,28.7
"2026-09-05 12:27:00-0300",29.73,27.73,22.07,29.1
"2026-09-05 12:28:00-0300",29.73,27.73,22.02,29.3
"2026-09-05 12:29:00-0300",29.74,27.74,21.96,29.1
"2026-09-05 12:30:00-0300",29.72,27.73,21.91,29.2
"2026-09-05 12:31:00-0300",29.71,27.73,21.86,28.8
"2026-09-05 12:32:00-0300",29.71,27.72,21.86,28
"2026-09-05 12:33:00-0300",29.7,27.72,21.86,28.5
"2026-09-05 12:34:00-0300",29.69,27.72,21.86,28.4
"2026-09-05 12:35:00-0300",29.68,27.72,21.8,28.4
"2026-09-05 12:36:00-0300",29.67,27.71,21.8,28.5
"2026-09-05 12:37:00-0300",29.66,27.71,21.69,27.4
"2026-09-05 12:38:00-0300",29.65,27.71,21.69,27.3
"2026-09-05 12:39:00-0300",29.63,27.7,21.69,27.5
"2026-09-05 12:40:00-0300",29.62,27.7,21.69,27
"2026-09-05 12:41:00-0300",29.61,27.7,21.69,27.4
"2026-09-05 12:42:00-0300",29.6,27.69,21.66,27.3
"2026-09-05 12:43:00-0300",29.61,27.69,21.66,27.5
"2026-09-05 12:44:00-0300",29.58,27.68,21.55,27.5
"2026-09-05 12:45:00-0300",29.57,27.68,21.49,27.3
"2026-09-05 12:46:00-0300",29.56,27.68,21.49,26.3
"2026-09-05 12:47:00-0300",29.55,27.67,21.49,26.6
"2026-09-05 12:48:00-0300",29.55,27.68,21.49,26.8
"2026-09-05 12:49:00-0300",29.52,27.67,21.49,26.8
"2026-09-05 12:50:00-0300",29.51,27.66,21.49,26.2
"2026-09-05 12:51:00-0300",29.5,27.66,21.38,26.5
"2026-09-05 12:52:00-0300",29.49,27.66,21.33,26.7
"2026-09-05 12:53:00-0300",29.49,27.66,21.33,26.6
"2026-09-05 12:54:00-0300",29.46,27.65,21.33,26.5
"2026-09-05 12:55:00-0300",29.45,27.65,21.33,25.5
"2026-09-05 12:56:00-0300",29.44,27.64,21.33,26
"2026-09-05 12:57:00-0300",29.43,27.64,21.29,26
"2026-09-05 12:58:00-0300",29.43,27.64,21.29,26
"2026-09-05 12:59:00-0300",29.4,27.63,21.29,25.8
"2026-09-05 13:00:00-0300",29.39,27.63,21.23,25.8
"2026-09-05 13:01:00-0300",29.38,27.62,21.18,25
"2026-09-05 13:02:00-0300",29.37,27.62,21.18,25.8
"2026-09-05 13:03:00-0300",29.37,27.62,21.18,25.7
"2026-09-05 13:04:00-0300",29.35,27.61,21.18,24.9
"2026-09-05 13:05:00-0300",29.34,27.61,21.18,25.5
"2026-09-05 13:06:00-0300",29.33,27.61,21.18,24.9
"2026-09-05 13:07:00-0300",29.32,27.6,21.18,24.9
"2026-09-05 13:08:00-0300",29.31,27.6,21.12,24.9
"2026-09-05 13:09:00-0300",29.3,27.6,21.12,24.8
"2026-09-05 13:10:00-0300",29.29,27.59,21.07,24.9
"2026-09-05 13:11:00-0300",29.28,27.59,21.01,25
"2026-09-05 13:12:00-0300",29.27,27.59,20.97,24.9
"2026-09-05 13:13:00-0300",29.26,27.59,20.97,25.1
"2026-09-05 13:14:00-0300",29.25,27.58,20.97,25.1
"2026-09-05 13:15:00-0300",29.24,27.58,20.97,24.8
"2026-09-05 13:16:00-0300",29.23,27.58,20.97,24.7
"2026-09-05 13:17:00-0300",29.22,27.57,20.97,NA
"2026-09-05 13:18:00-0300",29.21,27.57,20.97,24.9
"2026-09-05 13:19:00-0300",29.2,27.57,20.97,24.7
"2026-09-05 13:20:00-0300",29.19,27.56,20.97,24.8
"2026-09-05 13:21:00-0300",29.18,27.56,20.92,24.8
"2026-09-05 13:22:00-0300",29.16,27.56,20.86,24.9
"2026-09-05 13:23:00-0300",29.15,27.55,20.81,24.8
"2026-09-05 13:24:00-0300",29.15,27.55,20.81,24.8
"2026-09-05 13:25:00-0300",29.13,27.55,20.81,24.6
"2026-09-05 13:26:00-0300",29.12,27.54,20.81,24.7
"2026-09-05 13:27:00-0300",29.11,27.54,20.81,24.7
"2026-09-05 13:28:00-0300",29.1,27.54,20.81,24.7
"2026-09-05 13:29:00-0300",29.09,27.53,20.75,24.8
"2026-09-05 13:30:00-0300",29.08,27.53,20.81,24.7
"2026-09-05 13:31:00-0300",29.07,27.53,20.75,24.7
"2026-09-05 13:32:00-0300",29.05,27.52,20.75,24.7
"2026-09-05 13:33:00-0300",29.05,27.52,20.71,24.7
"2026-09-05 13:34:00-0300",29.05,27.52,20.71,24.6
"2026-09-05 13:35:00-0300",29.04,27.52,20.71,24.7
"2026-09-05 13:36:00-0300",29.04,27.52,20.71,24.8
"2026-09-05 13:37:00-0300",29.04,27.52,20.75,24.7
"2026-09-05 13:38:00-0300",29.06,27.52,20.81,24.8
"2026-09-05 13:39:00-0300",29.19,27.56,20.97,24.7
"2026-09-05 13:40:00-0300",29.5,27.66,21.18,27.2
"2026-09-05 13:41:00-0300",29.8,27.75,21.66,32.1
"2026-09-05 13:42:00-0300",30.03,27.82,22.02,41.3
"2026-09-05 13:43:00-0300",30.17,27.87,22.22,45.3
"2026-09-05 13:44:00-0300",30.28,27.9,22.38,47.3
"2026-09-05 13:45:00-0300",30.37,27.93,22.59,48.3
"2026-09-05 13:46:00-0300",30.44,27.95,22.59,47.3
"2026-09-05 13:47:00-0300",30.51,27.97,22.65,46.3
"2026-09-05 13:48:00-0300",30.53,27.98,22.7,45.5
"2026-09-05 13:49:00-0300",30.56,27.99,22.7,44.3
"2026-09-05 13:50:00-0300",30.58,27.99,22.65,41.8
"2026-09-05 13:51:00-0300",30.59,28,22.65,42.5
"2026-09-05 13:52:00-0300",30.63,28,22.65,41.5
"2026-09-05 13:53:00-0300",30.6,28,22.59,38.8
"2026-09-05 13:54:00-0300",30.6,28,22.59,38.2
"2026-09-05 13:55:00-0300",30.6,28,22.59,38.2
"2026-09-05 13:56:00-0300",30.59,27.99,22.59,37.3
"2026-09-05 13:57:00-0300",30.58,27.99,22.54,34.6
"2026-09-05 13:58:00-0300",30.57,27.99,22.49,35
"2026-09-05 13:59:00-0300",30.56,27.98,22.38,34
"2026-09-05 14:00:00-0300",30.54,27.98,22.38,34
"2026-09-05 14:01:00-0300",30.55,27.98,22.38,33.1
"2026-09-05 14:02:00-0300",30.51,27.97,22.33,33
"2026-09-05 14:03:00-0300",30.49,27.96,22.33,32.1
"2026-09-05 14:04:00-0300",30.48,27.96,22.27,32.5
"2026-09-05 14:05:00-0300",30.46,27.95,22.22,32.2
"2026-09-05 14:06:00-0300",30.46,27.95,22.22,32.1
"2026-09-05 14:07:00-0300",30.42,27.94,22.22,31
"2026-09-05 14:08:00-0300",30.4,27.94,22.18,31.3
"2026-09-05 14:09:00-0300",30.39,27.93,22.18,31.3
"2026-09-05 14:10:00-0300",30.38,27.93,22.13,31.2
"2026-09-05 14:11:00-0300",30.39,27.93,22.07,30.7
"2026-09-05 14:12:00-0300",30.36,27.92,22.07,29.8
"2026-09-05 14:13:00-0300",30.35,27.92,22.07,30.1
"2026-09-05 14:14:00-0300",30.34,27.92,22.07,30.5
"2026-09-05 14:15:00-0300",30.33,27.92,22.07,30.6
"2026-09-05 14:16:00-0300",30.32,27.91,22.07,30.5
"2026-09-05 14:17:00-0300",30.32,27.91,22.07,30
"2026-09-05 14:18:00-0300",30.31,27.91,22.07,30.2
"2026-09-05 14:19:00-0300",30.29,27.9,22.07,30
"2026-09-05 14:20:00-0300",30.28,27.9,22.07,28.8
"2026-09-05 14:21:00-0300",30.27,27.9,22.07,29.6
"2026-09-05 14:22:00-0300",30.26,27.89,22.02,29.7
"2026-09-05 14:23:00-0300",30.24,27.89,22.02,28.7
"2026-09-05 14:24:00-0300",30.24,27.89,22.02,29.1
"2026-09-05 14:25:00-0300",30.24,27.89,21.96,29.1
"2026-09-05 14:26:00-0300",30.26,27.89,22.02,28.8
"2026-09-05 14:27:00-0300",30.29,27.9,22.07,29.5
"2026-09-05 14:28:00-0300",30.34,27.92,22.18,29.8
"2026-09-05 14:29:00-0300",30.4,27.94,22.22,29.2
"2026-09-05 14:30:00-0300",30.48,27.96,22.38,30.3
"2026-09-05 14:31:00-0300",30.56,27.98,22.59,31.5
"2026-09-05 14:32:00-0300",30.65,28.01,22.75,31.1
"2026-09-05 14:33:00-0300",30.72,28.03,22.91,32.3
"2026-09-05 14:34:00-0300",30.79,28.05,22.97,33.3
"2026-09-05 14:35:00-0300",30.84,28.07,23.13,33.7
"2026-09-05 14:36:00-0300",30.88,28.08,23.18,34.1
"2026-09-05 14:37:00-0300",30.9,28.09,23.18,34
"2026-09-05 14:38:00-0300",30.92,28.09,23.28,34.1
"2026-09-05 14:39:00-0300",30.93,28.1,23.23,34
"2026-09-05 14:40:00-0300",30.94,28.1,23.18,34
"2026-09-05 14:41:00-0300",30.94,28.1,23.13,33.7
"2026-09-05 14:42:00-0300",30.93,28.1,23.13,33.5
"2026-09-05 14:43:00-0300",30.92,28.1,23.13,33.5
"2026-09-05 14:44:00-0300",30.92,28.09,23.13,33.2
"2026-09-05 14:45:00-0300",30.9,28.09,23.07,32.2
"2026-09-05 14:46:00-0300",30.91,28.09,22.91,31.8
"2026-09-05 14:47:00-0300",30.87,28.08,22.91,32
"2026-09-05 14:48:00-0300",30.85,28.07,22.91,32.1
"2026-09-05 14:49:00-0300",30.83,28.07,22.91,32.2
"2026-09-05 14:50:00-0300",30.81,28.06,22.75,32.1
"2026-09-05 14:51:00-0300",30.82,28.06,22.75,31.8
"2026-09-05 14:52:00-0300",30.77,28.05,22.75,30.6
"2026-09-05 14:53:00-0300",30.74,28.04,22.7,31.1
"2026-09-05 14:54:00-0300",30.72,28.03,22.59,31.1
"2026-09-05 14:55:00-0300",30.7,28.03,22.59,30.6
"2026-09-05 14:56:00-0300",30.68,28.02,22.59,30.8
"2026-09-05 14:57:00-0300",30.65,28.01,22.59,30.7
"2026-09-05 14:58:00-0300",30.63,28.01,22.43,30.5
"2026-09-05 14:59:00-0300",30.61,28,22.38,30.5
"2026-09-05 15:00:00-0300",30.59,27.99,22.38,29.3
"2026-09-05 15:01:00-0300",30.56,27.99,22.38,29.2
"2026-09-05 15:02:00-0300",30.55,27.98,22.33,29.4
"2026-09-05 15:03:00-0300",30.53,27.98,22.27,28.8
"2026-09-05 15:04:00-0300",30.51,27.97,22.22,29.3
"2026-09-05 15:05:00-0300",30.52,27.97,22.22,29.3
"2026-09-05 15:06:00-0300",30.48,27.96,22.22,29.1
"2026-09-05 15:07:00-0300",30.46,27.95,22.18,29.3
"2026-09-05 15:08:00-0300",30.44,27.95,22.07,29.2
"2026-09-05 15:09:00-0300",30.42,27.94,22.07,28.8
"2026-09-05 15:10:00-0300",30.39,27.93,22.07,28.6
"2026-09-05 15:11:00-0300",30.37,27.93,22.07,28.3
"2026-09-05 15:12:00-0300",30.36,27.92,22.07,28.5
"2026-09-05 15:13:00-0300",30.34,27.92,21.96,28.5
"2026-09-05 15:14:00-0300",30.32,27.91,21.91,27.5
"2026-09-05 15:15:00-0300",30.3,27.91,21.86,27.8
"2026-09-05 15:16:00-0300",30.28,27.9,21.86,27.6
"2026-09-05 15:17:00-0300",30.26,27.89,21.86,27.5
"2026-09-05 15:18:00-0300",30.24,27.89,21.86,27.4
"2026-09-05 15:19:00-0300",30.22,27.88,21.86,27.7
"2026-09-05 15:20:00-0300",30.2,27.88,21.8,27.6
"2026-09-05 15:21:00-0300",30.18,27.87,21.75,27.2
"2026-09-05 15:22:00-0300",30.17,27.87,21.69,27.5
"2026-09-05 15:23:00-0300",30.15,27.86,21.69,27.4
"2026-09-05 15:24:00-0300",30.14,27.86,21.69,27.3
"2026-09-05 15:25:00-0300",30.14,27.86,21.69,27.2
"2026-09-05 15:26:00-0300",30.1,27.84,21.69,26.6
"2026-09-05 15:27:00-0300",30.08,27.84,21.69,26.6
"2026-09-05 15:28:00-0300",30.07,27.83,21.6,27
"2026-09-05 15:29:00-0300",30.05,27.83,21.55,27
"2026-09-05 15:30:00-0300",30.05,27.83,21.55,26.8
"2026-09-05 15:31:00-0300",30.02,27.82,21.49,25.8
"2026-09-05 15:32:00-0300",30,27.81,21.49,26.2
"2026-09-05 15:33:00-0300",29.99,27.81,21.49,25.6
"2026-09-05 15:34:00-0300",29.97,27.8,21.49,25.6
"2026-09-05 15:35:00-0300",29.97,27.81,21.49,26.5
"2026-09-05 15:36:00-0300",29.94,27.79,21.44,25.4
"2026-09-05 15:37:00-0300",29.93,27.79,21.38,26.2
"2026-09-05 15:38:00-0300",29.91,27.79,21.33,25.3
"2026-09-05 15:39:00-0300",29.9,27.78,21.33,25.6
"2026-09-05 15:40:00-0300",29.9,27.78,21.33,26
"2026-09-05 15:41:00-0300",29.87,27.77,21.33,25.8
"2026-09-05 15:42:00-0300",29.85,27.77,21.33,26
"2026-09-05 15:43:00-0300",29.84,27.76,21.33,25.8
"2026-09-05 15:44:00-0300",29.82,27.76,21.33,24.9
"2026-09-05 15:45:00-0300",29.82,27.76,21.29,25.3
"2026-09-05 15:46:00-0300",29.79,27.75,21.23,24.9
"2026-09-05 15:47:00-0300",29.78,27.75,21.23,25.4
"2026-09-05 15:48:00-0300",29.76,27.74,21.18,25.3
"2026-09-05 15:49:00-0300",29.75,27.74,21.18,25.2
"2026-09-05 15:50:00-0300",29.76,27.74,21.18,25.3
"2026-09-05 15:51:00-0300",29.72,27.73,21.18,25.4
"2026-09-05 15:52:00-0300",29.71,27.72,21.18,25.4
"2026-09-05 15:53:00-0300",29.69,27.72,21.18,24.8
"2026-09-05 15:54:00-0300",29.68,27.72,21.12,25.2
"2026-09-05 15:55:00-0300",29.69,27.72,21.12,25
"2026-09-05 15:56:00-0300",29.66,27.71,21.01,25.2
"2026-09-05 15:57:00-0300",29.64,27.7,21.01,25.2
"2026-09-05 15:58:00-0300",29.63,27.7,20.97,24.8
"2026-09-05 15:59:00-0300",29.62,27.7,20.97,24.9
"2026-09-05 16:00:00-0300",29.6,27.69,20.97,25.1
"2026-09-05 16:01:00-0300",29.59,27.69,20.97,24.7
"2026-09-05 16:02:00-0300",29.57,27.68,20.97,24.7
"2026-09-05 16:03:00-0300",29.56,27.68,20.97,24.9
"2026-09-05 16:04:00-0300",29.55,27.67,20.97,24.9
"2026-09-05 16:05:00-0300",29.54,27.67,20.97,24.9
"2026-09-05 16:06:00-0300",29.52,27.67,20.97,24.9
"2026-09-05 16:07:00-0300",29.52,27.67,20.92,24.9
"2026-09-05 16:08:00-0300",29.5,27.66,20.92,24.8
"2026-09-05 16:09:00-0300",29.49,27.66,20.86,24.9
"2026-09-05 16:10:00-0300",29.48,27.66,20.81,24.8
"2026-09-05 16:11:00-0300",29.47,27.65,20.81,24.8
"2026-09-05 16:12:00-0300",29.46,27.65,20.81,24.8
"2026-09-05 16:13:00-0300",29.45,27.65,20.81,24.8
"2026-09-05 16:14:00-0300",29.45,27.65,20.81,24.6
"2026-09-05 16:15:00-0300",29.43,27.64,20.81,24.6
"2026-09-05 16:16:00-0300",29.43,27.64,20.81,24.7
"2026-09-05 16:17:00-0300",29.42,27.63,20.81,24.6
"2026-09-05 16:18:00-0300",29.41,27.63,20.81,24.8
"2026-09-05 16:19:00-0300",29.4,27.63,20.81,24.7
"2026-09-05 16:20:00-0300",29.38,27.62,20.75,24.8
"2026-09-05 16:21:00-0300",29.37,27.62,20.75,24.8
"2026-09-05 16:22:00-0300",29.36,27.62,20.71,24.6
"2026-09-05 16:23:00-0300",29.35,27.61,20.71,24.7
"2026-09-05 16:24:00-0300",29.34,27.61,20.71,24.7
"2026-09-05 16:25:00-0300",29.33,27.61,20.66,24.6
"2026-09-05 16:26:00-0300",29.32,27.6,20.66,24.6
"2026-09-05 16:27:00-0300",29.31,27.6,20.66,24.5
"2026-09-05 16:28:00-0300",29.3,27.6,20.66,24.6
"2026-09-05 16:29:00-0300",29.29,27.59,20.66,24.6
"2026-09-05 16:30:00-0300",29.28,27.59,20.66,24.6
"2026-09-05 16:31:00-0300",29.27,27.59,20.66,24.7
"2026-09-05 16:32:00-0300",29.26,27.59,20.66,24.6
"2026-09-05 16:33:00-0300",29.25,27.58,20.66,24.6
"2026-09-05 16:34:00-0300",29.24,27.58,20.6,24.4
"2026-09-05 16:35:00-0300",29.23,27.58,20.66,24.5
"2026-09-05 16:36:00-0300",29.21,27.57,20.66,24.6
"2026-09-05 16:37:00-0300",29.2,27.57,20.6,24.6
"2026-09-05 16:38:00-0300",29.2,27.57,20.6,24.6
"2026-09-05 16:39:00-0300",29.19,27.56,20.55,24.6
"2026-09-05 16:40:00-0300",29.18,27.56,20.49,24.6
"2026-09-05 16:41:00-0300",29.17,27.56,20.49,24.5
"2026-09-05 16:42:00-0300",29.15,27.55,20.45,24.5
"2026-09-05 16:43:00-0300",29.15,27.55,20.45,24.5
"2026-09-05 16:44:00-0300",29.14,27.55,20.45,24.6
"2026-09-05 16:45:00-0300",29.13,27.55,20.45,24.6
"2026-09-05 16:46:00-0300",29.12,27.54,20.45,24.4
"2026-09-05 16:47:00-0300",29.1,27.54,20.45,24.6
"2026-09-05 16:48:00-0300",29.1,27.54,20.45,24.5
"2026-09-05 16:49:00-0300",29.09,27.53,20.45,24.5
"2026-09-05 16:50:00-0300",29.08,27.53,20.45,24.6
"2026-09-05 16:51:00-0300",29.07,27.53,20.45,24.5
"2026-09-05 16:52:00-0300",29.06,27.53,20.45,24.5
"2026-09-05 16:53:00-0300",29.05,27.52,20.4,24.5
"2026-09-05 16:54:00-0300",29.04,27.52,20.45,24.4
"2026-09-05 16:55:00-0300",29.03,27.52,20.4,24.5
"2026-09-05 16:56:00-0300",29.01,27.51,20.4,24.5
"2026-09-05 16:57:00-0300",29.02,27.51,20.4,24.4
"2026-09-05 16:58:00-0300",29.01,27.51,20.34,24.5
"2026-09-05 16:59:00-0300",29,27.51,20.34,24.5
"2026-09-05 17:00:00-0300",28.99,27.5,20.34,24.5
"2026-09-05 17:01:00-0300",28.97,27.5,20.28,24.5
"2026-09-05 17:02:00-0300",28.97,27.5,20.28,24.5
"2026-09-05 17:03:00-0300",28.97,27.5,20.28,24.5
"2026-09-05 17:04:00-0300",28.96,27.49,20.28,24.5
"2026-09-05 17:05:00-0300",28.95,27.49,20.28,24.3
"2026-09-05 17:06:00-0300",28.94,27.49,20.28,24.4
"2026-09-05 17:07:00-0300",28.94,27.49,20.28,24.5
"2026-09-05 17:08:00-0300",28.93,27.48,20.28,24.3
"2026-09-05 17:09:00-0300",28.92,27.48,20.28,24.3
"2026-09-05 17:10:00-0300",28.89,27.47,20.28,24.5
"2026-09-05 17:11:00-0300",28.91,27.48,20.28,24.4
"2026-09-05 17:12:00-0300",28.91,27.48,20.28,24.4
"2026-09-05 17:13:00-0300",28.91,27.48,20.28,24.4
"2026-09-05 17:14:00-0300",28.92,27.48,20.28,24.3
"2026-09-05 17:15:00-0300",28.92,27.48,20.28,24.5
"2026-09-05 17:16:00-0300",28.96,27.49,20.45,24.6
"2026-09-05 17:17:00-0300",28.98,27.5,20.45,24.6
"2026-09-05 17:18:00-0300",29,27.5,20.45,24.6
"2026-09-05 17:19:00-0300",29.01,27.51,20.6,24.6
"2026-09-05 17:20:00-0300",29.02,27.51,20.66,24.6
"2026-09-05 17:21:00-0300",29.03,27.52,20.66,24.6
"2026-09-05 17:22:00-0300",29.05,27.52,20.71,24.7
"2026-09-05 17:23:00-0300",29.07,27.53,20.75,24.6
"2026-09-05 17:24:00-0300",29.1,27.54,20.81,24.8
"2026-09-05 17:25:00-0300",29.15,27.55,20.97,24.7
"2026-09-05 17:26:00-0300",29.19,27.56,20.97,24.9
"2026-09-05 17:27:00-0300",29.23,27.58,21.12,25
"2026-09-05 17:28:00-0300",29.26,27.59,21.18,24.9
"2026-09-05 17:29:00-0300",29.29,27.59,21.23,25
"2026-09-05 17:30:00-0300",29.31,27.6,21.29,25.2
"2026-09-05 17:31:00-0300",29.33,27.61,21.33,25.2
"2026-09-05 17:32:00-0300",29.34,27.61,21.33,25.5
"2026-09-05 17:33:00-0300",29.35,27.61,21.33,25.3
"2026-09-05 17:34:00-0300",29.36,27.62,21.33,25.8
"2026-09-05 17:35:00-0300",29.37,27.62,21.33,26
"2026-09-05 17:36:00-0300",29.38,27.62,21.33,25.1
"2026-09-05 17:37:00-0300",29.38,27.62,21.33,26.1
"2026-09-05 17:38:00-0300",29.39,27.63,21.33,25.1
"2026-09-05 17:39:00-0300",29.38,27.62,21.33,25.1
"2026-09-05 17:40:00-0300",29.38,27.62,21.29,25.4
"2026-09-05 17:41:00-0300",29.38,27.62,21.33,25.6
"2026-09-05 17:42:00-0300",29.38,27.62,21.29,25.2
"2026-09-05 17:43:00-0300",29.38,27.62,21.29,25.2
"2026-09-05 17:44:00-0300",29.37,27.62,21.29,25.6
"2026-09-05 17:45:00-0300",29.37,27.62,21.23,25.5
"2026-09-05 17:46:00-0300",29.36,27.62,21.23,25.6
"2026-09-05 17:47:00-0300",29.37,27.62,21.18,24.9
"2026-09-05 17:48:00-0300",29.35,27.61,21.18,25.4
"2026-09-05 17:49:00-0300",29.35,27.61,21.18,25.2
"2026-09-05 17:50:00-0300",29.34,27.61,21.18,25.4
"2026-09-05 17:51:00-0300",29.34,27.61,21.18,25.4
"2026-09-05 17:52:00-0300",29.34,27.61,21.18,25.3
"2026-09-05 17:53:00-0300",29.32,27.61,21.12,25.3
"2026-09-05 17:54:00-0300",29.32,27.6,21.12,24.9
"2026-09-05 17:55:00-0300",29.31,27.6,21.12,25.1
"2026-09-05 17:56:00-0300",29.3,27.6,21.07,24.9
"2026-09-05 17:57:00-0300",29.29,27.6,21.01,25.1
"2026-09-05 17:58:00-0300",29.29,27.59,20.97,24.9
"2026-09-05 17:59:00-0300",29.28,27.59,20.97,24.8
"2026-09-05 18:00:00-0300",29.27,27.59,20.97,24.9
"2026-09-05 18:01:00-0300",29.27,27.59,20.97,24.9
"2026-09-05 18:02:00-0300",29.26,27.58,20.97,24.9
"2026-09-05 18:03:00-0300",29.25,27.58,20.97,25
"2026-09-05 18:04:00-0300",29.24,27.58,20.97,24.9
"2026-09-05 18:05:00-0300",29.23,27.58,20.97,24.8
"2026-09-05 18:06:00-0300",29.23,27.58,20.97,24.8
"2026-09-05 18:07:00-0300",29.22,27.57,20.97,24.7
"2026-09-05 18:08:00-0300",29.21,27.57,20.92,24.8
"2026-09-05 18:09:00-0300",29.2,27.57,20.86,24.9
"2026-09-05 18:10:00-0300",29.2,27.57,20.97,24.9
"2026-09-05 18:11:00-0300",29.19,27.56,20.92,24.9
"2026-09-05 18:12:00-0300",29.18,27.56,20.81,24.9
"2026-09-05 18:13:00-0300",29.17,27.56,20.81,24.9
"2026-09-05 18:14:00-0300",29.16,27.56,20.81,24.7
"2026-09-05 18:15:00-0300",29.15,27.55,20.81,24.7
"2026-09-05 18:16:00-0300",29.15,27.55,20.81,24.8
"2026-09-05 18:17:00-0300",29.14,27.55,20.81,24.7
"2026-09-05 18:18:00-0300",29.13,27.55,20.81,24.8
"2026-09-05 18:19:00-0300",29.12,27.54,20.75,24.8
"2026-09-05 18:20:00-0300",29.11,27.54,20.75,24.8
"2026-09-05 18:21:00-0300",29.11,27.54,20.75,24.8
"2026-09-05 18:22:00-0300",29.1,27.54,20.71,24.8
"2026-09-05 18:23:00-0300",29.09,27.53,20.71,24.8
"2026-09-05 18:24:00-0300",29.08,27.53,20.71,24.8
"2026-09-05 18:25:00-0300",29.07,27.53,20.66,24.8
"2026-09-05 18:26:00-0300",29.07,27.53,20.66,24.6
"2026-09-05 18:27:00-0300",29.06,27.52,20.66,24.7
"2026-09-05 18:28:00-0300",29.05,27.52,20.66,24.7
"2026-09-05 18:29:00-0300",29.03,27.52,20.66,24.7
"2026-09-05 18:30:00-0300",29.04,27.52,20.66,24.6
"2026-09-05 18:31:00-0300",29.03,27.51,20.66,24.7
"2026-09-05 18:32:00-0300",29.02,27.51,20.66,24.7
"2026-09-05 18:33:00-0300",29.01,27.51,20.6,24.6
"2026-09-05 18:34:00-0300",29,27.51,20.66,24.6
"2026-09-05 18:35:00-0300",28.99,27.5,20.6,24.7
"2026-09-05 18:36:00-0300",28.98,27.5,20.6,24.7
"2026-09-05 18:37:00-0300",28.98,27.5,20.6,24.7
"2026-09-05 18:38:00-0300",28.95,27.49,20.55,24.5
"2026-09-05 18:39:00-0300",28.96,27.49,20.55,24.7
"2026-09-05 18:40:00-0300",28.96,27.49,20.49,24.5
"2026-09-05 18:41:00-0300",28.95,27.49,20.45,24.5
"2026-09-05 18:42:00-0300",28.94,27.49,20.45,24.6
"2026-09-05 18:43:00-0300",28.91,27.48,20.45,24.6
"2026-09-05 18:44:00-0300",28.92,27.48,20.45,24.4
"2026-09-05 18:45:00-0300",28.92,27.48,20.45,24.5
"2026-09-05 18:46:00-0300",28.91,27.48,20.45,24.6
"2026-09-05 18:47:00-0300",28.91,27.48,20.45,24.6
"2026-09-05 18:48:00-0300",28.9,27.47,20.45,24.6
"2026-09-05 18:49:00-0300",28.89,27.47,20.45,24.6
"2026-09-05 18:50:00-0300",28.88,27.47,20.45,24.6
"2026-09-05 18:51:00-0300",28.87,27.47,20.45,24.6
"2026-09-05 18:52:00-0300",28.84,27.45,20.4,24.4
"2026-09-05 18:53:00-0300",28.86,27.46,20.45,24.4
"2026-09-05 18:54:00-0300",28.85,27.46,20.45,24.4
"2026-09-05 18:55:00-0300",28.84,27.46,20.4,24.4
"2026-09-05 18:56:00-0300",28.83,27.45,20.4,24.5
"2026-09-05 18:57:00-0300",28.79,27.44,20.34,24.6
"2026-09-05 18:58:00-0300",28.82,27.45,20.34,24.4
"2026-09-05 18:59:00-0300",28.81,27.45,20.28,24.5
"2026-09-05 19:00:00-0300",28.81,27.45,20.28,24.5
"2026-09-05 19:01:00-0300",28.8,27.44,20.28,24.4
"2026-09-05 19:02:00-0300",28.79,27.44,20.28,24.4
"2026-09-05 19:03:00-0300",28.78,27.44,20.28,24.5
"2026-09-05 19:04:00-0300",28.78,27.44,20.28,24.5
"2026-09-05 19:05:00-0300",28.77,27.43,20.28,24.6
"2026-09-05 19:06:00-0300",28.71,27.42,20.28,24.5
"2026-09-05 19:07:00-0300",28.76,27.43,20.28,24.3
"2026-09-05 19:08:00-0300",28.75,27.43,20.28,24.5
"2026-09-05 19:09:00-0300",28.75,27.43,20.28,24.5
"2026-09-05 19:10:00-0300",28.74,27.42,20.28,24.3
"2026-09-05 19:11:00-0300",28.66,27.4,20.28,24.4
"2026-09-05 19:12:00-0300",28.73,27.42,20.28,24.5
"2026-09-05 19:13:00-0300",28.73,27.42,20.24,24.5
"2026-09-05 19:14:00-0300",28.72,27.42,20.28,24.5
"2026-09-05 19:15:00-0300",28.72,27.42,20.28,24.5
"2026-09-05 19:16:00-0300",28.73,27.42,20.28,24.5
"2026-09-05 19:17:00-0300",28.72,27.42,20.28,24.5
"2026-09-05 19:18:00-0300",28.72,27.42,20.28,24.3
"2026-09-05 19:19:00-0300",28.72,27.42,20.28,24.5
"2026-09-05 19:20:00-0300",28.62,27.39,20.28,24.3
"2026-09-05 19:21:00-0300",28.71,27.42,20.28,24.5
"2026-09-05 19:22:00-0300",28.71,27.42,20.28,24.5
"2026-09-05 19:23:00-0300",28.71,27.42,20.28,24.3
"2026-09-05 19:24:00-0300",28.71,27.42,20.28,24.4
"2026-09-05 19:25:00-0300",28.71,27.41,20.28,24.3
"2026-09-05 19:26:00-0300",28.7,27.41,20.28,24.3
"2026-09-05 19:27:00-0300",28.7,27.41,20.28,24.4
"2026-09-05 19:28:00-0300",28.7,27.41,20.28,24.4
"2026-09-05 19:29:00-0300",28.58,27.38,20.28,24.5
"2026-09-05 19:30:00-0300",28.69,27.41,20.28,24.5
"2026-09-05 19:31:00-0300",28.69,27.41,20.28,24.5
"2026-09-05 19:32:00-0300",28.68,27.41,20.28,24.5
"2026-09-05 19:33:00-0300",28.68,27.41,20.28,24.5
"2026-09-05 19:34:00-0300",28.55,27.36,20.28,24.5
"2026-09-05 19:35:00-0300",28.68,27.41,20.28,24.5
"2026-09-05 19:36:00-0300",28.68,27.41,20.28,24.5
"2026-09-05 19:37:00-0300",28.68,27.41,20.28,24.3
"2026-09-05 19:38:00-0300",28.56,27.37,20.28,24.4
"2026-09-05 19:39:00-0300",28.68,27.41,20.28,24.5
"2026-09-05 19:40:00-0300",28.68,27.41,20.28,24.6
"2026-09-05 19:41:00-0300",28.68,27.41,20.28,24.3
"2026-09-05 19:42:00-0300",28.68,27.41,20.28,24.5
"2026-09-05 19:43:00-0300",28.58,27.37,20.28,24.5
"2026-09-05 19:44:00-0300",28.68,27.41,20.28,24.5
"2026-09-05 19:45:00-0300",28.68,27.41,20.34,24.6
"2026-09-05 19:46:00-0300",28.68,27.41,20.28,24.6
"2026-09-05 19:47:00-0300",28.58,27.37,20.28,24.6
"2026-09-05 19:48:00-0300",28.68,27.41,20.28,24.6
"2026-09-05 19:49:00-0300",28.68,27.41,20.28,24.6
"2026-09-05 19:50:00-0300",28.68,27.4,20.28,24.4
"2026-09-05 19:51:00-0300",28.67,27.4,20.28,24.5
"2026-09-05 19:52:00-0300",28.54,27.36,20.28,24.6
"2026-09-05 19:53:00-0300",28.67,27.4,20.28,24.5
"2026-09-05 19:54:00-0300",28.67,27.4,20.34,24.5
"2026-09-05 19:55:00-0300",28.67,27.4,20.28,24.6
"2026-09-05 19:56:00-0300",28.67,27.4,20.34,24.6
"2026-09-05 19:57:00-0300",28.67,27.4,20.34,24.6
"2026-09-05 19:58:00-0300",28.67,27.4,20.34,24.6
"2026-09-05 19:59:00-0300",28.67,27.4,20.34,24.5
"2026-09-05 20:00:00-0300",28.67,27.4,20.34,24.5
"2026-09-05 20:01:00-0300",28.52,27.36,20.34,24.6
"2026-09-05 20:02:00-0300",28.67,27.4,20.34,24.6
"2026-09-05 20:03:00-0300",28.67,27.4,20.4,24.6
"2026-09-05 20:04:00-0300",28.67,27.4,20.34,24.6
"2026-09-05 20:05:00-0300",28.67,27.4,20.34,24.5
"2026-09-05 20:06:00-0300",28.53,27.36,20.34,24.5
"2026-09-05 20:07:00-0300",28.67,27.4,20.4,24.5
"2026-09-05 20:08:00-0300",28.66,27.4,20.4,24.6
"2026-09-05 20:09:00-0300",28.66,27.4,20.4,24.6
"2026-09-05 20:10:00-0300",28.67,27.4,20.4,24.6
"2026-09-05 20:11:00-0300",28.57,27.37,20.4,24.6
"2026-09-05 20:12:00-0300",28.67,27.4,20.34,24.6
"2026-09-05 20:13:00-0300",28.66,27.4,20.34,24.5
"2026-09-05 20:14:00-0300",28.66,27.4,20.34,24.6
"2026-09-05 20:15:00-0300",28.66,27.4,20.34,24.6
"2026-09-05 20:16:00-0300",28.65,27.4,20.34,24.4
"2026-09-05 20:17:00-0300",28.65,27.4,20.28,24.6
"2026-09-05 20:18:00-0300",28.65,27.4,20.28,24.6
"2026-09-05 20:19:00-0300",28.65,27.4,20.28,24.4
"2026-09-05 20:20:00-0300",28.42,27.32,20.28,24.5
"2026-09-05 20:21:00-0300",28.64,27.39,20.28,24.6
"2026-09-05 20:22:00-0300",28.64,27.39,20.28,24.6
"2026-09-05 20:23:00-0300",28.63,27.39,20.28,24.6
"2026-09-05 20:24:00-0300",28.63,27.39,20.28,24.6
"2026-09-05 20:25:00-0300",28.63,27.39,20.28,24.6
"2026-09-05 20:26:00-0300",28.63,27.39,20.28,24.5
"2026-09-05 20:27:00-0300",28.63,27.39,20.28,24.6
"2026-09-05 20:28:00-0300",28.62,27.39,20.28,24.6
"2026-09-05 20:29:00-0300",28.41,27.32,20.28,24.6
"2026-09-05 20:30:00-0300",28.63,27.39,20.28,24.6
"2026-09-05 20:31:00-0300",28.63,27.39,20.28,24.4
"2026-09-05 20:32:00-0300",28.64,27.39,20.28,24.6
"2026-09-05 20:33:00-0300",28.64,27.39,20.28,24.6
"2026-09-05 20:34:00-0300",28.41,27.32,20.28,24.4
"2026-09-05 20:35:00-0300",28.62,27.39,20.28,24.6
"2026-09-05 20:36:00-0300",28.62,27.39,20.28,24.4
"2026-09-05 20:37:00-0300",28.61,27.39,20.28,24.5
"2026-09-05 20:38:00-0300",28.61,27.39,20.28,24.6
"2026-09-05 20:39:00-0300",28.62,27.39,20.28,24.6
"2026-09-05 20:40:00-0300",28.61,27.38,20.28,24.6
"2026-09-05 20:41:00-0300",28.61,27.38,20.28,24.6
"2026-09-05 20:42:00-0300",28.61,27.38,20.28,24.6
"2026-09-05 20:43:00-0300",28.41,27.32,20.28,24.6
"2026-09-05 20:44:00-0300",28.6,27.38,20.28,24.4
"2026-09-05 20:45:00-0300",28.6,27.38,20.28,24.5
"2026-09-05 20:46:00-0300",28.6,27.38,20.28,24.6
"2026-09-05 20:47:00-0300",28.6,27.38,20.28,24.5
"2026-09-05 20:48:00-0300",28.59,27.38,20.28,24.6
"2026-09-05 20:49:00-0300",28.59,27.38,20.28,24.4
"2026-09-05 20:50:00-0300",28.59,27.38,20.28,24.5
"2026-09-05 20:51:00-0300",28.59,27.38,20.28,24.6
"2026-09-05 20:52:00-0300",28.41,27.32,20.28,24.5
"2026-09-05 20:53:00-0300",28.58,27.38,20.28,24.5
"2026-09-05 20:54:00-0300",28.58,27.38,20.28,24.6
"2026-09-05 20:55:00-0300",28.58,27.38,20.28,24.6
"2026-09-05 20:56:00-0300",28.59,27.38,20.28,24.6
"2026-09-05 20:57:00-0300",28.41,27.32,20.28,24.6
"2026-09-05 20:58:00-0300",28.59,27.38,20.28,24.6
"2026-09-05 20:59:00-0300",28.6,27.38,20.28,24.6
"2026-09-05 21:00:00-0300",28.6,27.38,20.28,24.5
"2026-09-05 21:01:00-0300",28.61,27.38,20.28,24.6
"2026-09-05 21:02:00-0300",28.62,27.39,20.28,24.6
"2026-09-05 21:03:00-0300",28.63,27.39,20.28,24.5
"2026-09-05 21:04:00-0300",28.64,27.39,20.34,24.6
"2026-09-05 21:05:00-0300",28.64,27.39,20.4,24.6
"2026-09-05 21:06:00-0300",28.49,27.35,20.4,24.7
"2026-09-05 21:07:00-0300",28.66,27.4,20.45,24.7
"2026-09-05 21:08:00-0300",28.67,27.4,20.45,24.7
"2026-09-05 21:09:00-0300",28.68,27.4,20.45,24.6
"2026-09-05 21:10:00-0300",28.68,27.41,20.45,24.6
"2026-09-05 21:11:00-0300",28.58,27.38,20.45,24.6
"2026-09-05 21:12:00-0300",28.69,27.41,20.45,24.7
"2026-09-05 21:13:00-0300",28.7,27.41,20.45,24.7
"2026-09-05 21:14:00-0300",28.7,27.41,20.45,24.8
"2026-09-05 21:15:00-0300",28.7,27.41,20.45,24.6
"2026-09-05 21:16:00-0300",28.62,27.39,20.45,24.6
"2026-09-05 21:17:00-0300",28.7,27.41,20.45,24.6
"2026-09-05 21:18:00-0300",28.7,27.41,20.45,24.7
"2026-09-05 21:19:00-0300",28.7,27.41,20.45,24.7
"2026-09-05 21:20:00-0300",28.7,27.41,20.45,24.7
"2026-09-05 21:21:00-0300",28.7,27.41,20.45,24.7
"2026-09-05 21:22:00-0300",28.7,27.41,20.45,24.6
"2026-09-05 21:23:00-0300",28.7,27.41,20.45,24.6
"2026-09-05 21:24:00-0300",28.7,27.41,20.45,24.7
"2026-09-05 21:25:00-0300",28.61,27.38,20.45,24.7
"2026-09-05 21:26:00-0300",28.69,27.41,20.45,24.7
"2026-09-05 21:27:00-0300",28.69,27.41,20.45,24.7
"2026-09-05 21:28:00-0300",28.68,27.41,20.45,24.7
"2026-09-05 21:29:00-0300",28.68,27.41,20.45,24.7
"2026-09-05 21:30:00-0300",28.58,27.37,20.45,24.7
"2026-09-05 21:31:00-0300",28.68,27.41,20.4,24.6
"2026-09-05 21:32:00-0300",28.68,27.41,20.45,24.6
"2026-09-05 21:33:00-0300",28.69,27.41,20.45,24.7
"2026-09-05 21:34:00-0300",28.69,27.41,20.45,24.7
"2026-09-05 21:35:00-0300",28.71,27.41,20.45,24.7
"2026-09-05 21:36:00-0300",28.73,27.42,20.45,24.8
"2026-09-05 21:37:00-0300",28.76,27.43,20.49,24.8
"2026-09-05 21:38:00-0300",28.8,27.44,20.66,24.7
"2026-09-05 21:39:00-0300",28.82,27.45,20.66,24.9
"2026-09-05 21:40:00-0300",28.9,27.47,20.81,24.8
"2026-09-05 21:41:00-0300",28.95,27.49,20.86,24.9
"2026-09-05 21:42:00-0300",29.01,27.51,20.97,25.6
"2026-09-05 21:43:00-0300",29.06,27.52,21.12,26.3
"2026-09-05 21:44:00-0300",29.1,27.54,21.18,26.7
"2026-09-05 21:45:00-0300",29.14,27.55,21.33,27.1
"2026-09-05 21:46:00-0300",29.18,27.56,21.33,26.5
"2026-09-05 21:47:00-0300",29.21,27.57,21.49,27.3
"2026-09-05 21:48:00-0300",29.24,27.58,21.49,27.1
"2026-09-05 21:49:00-0300",29.27,27.59,21.49,27.2
"2026-09-05 21:50:00-0300",29.29,27.59,21.55,27.8
"2026-09-05 21:51:00-0300",29.31,27.6,21.6,28.1
"2026-09-05 21:52:00-0300",29.32,27.61,21.66,28.3
"2026-09-05 21:53:00-0300",29.34,27.61,21.66,28.3
"2026-09-05 21:54:00-0300",29.35,27.61,21.66,28.4
"2026-09-05 21:55:00-0300",29.36,27.62,21.66,27.5
"2026-09-05 21:56:00-0300",29.36,27.62,21.66,28.4
"2026-09-05 21:57:00-0300",29.38,27.62,21.66,28.3
"2026-09-05 21:58:00-0300",29.37,27.62,21.69,28.3
"2026-09-05 21:59:00-0300",29.38,27.62,21.66,28.3
"2026-09-05 22:00:00-0300",29.38,27.62,21.66,27.4
"2026-09-05 22:01:00-0300",29.39,27.62,21.6,28
"2026-09-05 22:02:00-0300",29.39,27.63,21.55,28.2
"2026-09-05 22:03:00-0300",29.39,27.63,21.6,27.3
"2026-09-05 22:04:00-0300",29.39,27.63,21.55,28.2
"2026-09-05 22:05:00-0300",29.4,27.63,21.49,28.2
"2026-09-05 22:06:00-0300",29.41,27.63,21.49,28.1
"2026-09-05 22:07:00-0300",29.4,27.63,21.49,27.7
"2026-09-05 22:08:00-0300",29.4,27.63,21.49,28.1
"2026-09-05 22:09:00-0300",29.4,27.63,21.49,28
"2026-09-05 22:10:00-0300",29.39,27.63,21.49,27.1
"2026-09-05 22:11:00-0300",29.39,27.63,21.49,27
"2026-09-05 22:12:00-0300",29.39,27.63,21.49,27.4
"2026-09-05 22:13:00-0300",29.39,27.63,21.49,27.6
"2026-09-05 22:14:00-0300",29.38,27.62,21.49,27.4
"2026-09-05 22:15:00-0300",29.39,27.63,21.49,27.7
"2026-09-05 22:16:00-0300",29.38,27.62,21.44,27.3
"2026-09-05 22:17:00-0300",29.38,27.62,21.38,27.6
"2026-09-05 22:18:00-0300",29.37,27.62,21.44,27.6
"2026-09-05 22:19:00-0300",29.36,27.62,21.33,26.6
"2026-09-05 22:20:00-0300",29.36,27.62,21.33,26.6
"2026-09-05 22:21:00-0300",29.35,27.62,21.33,27.4
"2026-09-05 22:22:00-0300",29.35,27.61,21.33,26.4
"2026-09-05 22:23:00-0300",29.35,27.61,21.33,26.5
"2026-09-05 22:24:00-0300",29.35,27.61,21.33,26.4
"2026-09-05 22:25:00-0300",29.34,27.61,21.33,26.3
"2026-09-05 22:26:00-0300",29.34,27.61,21.33,27.2
"2026-09-05 22:27:00-0300",29.34,27.61,21.33,26.3
"2026-09-05 22:28:00-0300",29.35,27.61,21.33,27.2
"2026-09-05 22:29:00-0300",29.36,27.62,21.33,27.1
"2026-09-05 22:30:00-0300",29.37,27.62,21.33,26.3
"2026-09-05 22:31:00-0300",29.37,27.62,21.33,26.8
"2026-09-05 22:32:00-0300",29.38,27.62,21.33,27.2
"2026-09-05 22:33:00-0300",29.39,27.63,21.38,27.1
"2026-09-05 22:34:00-0300",29.4,27.63,21.44,27
"2026-09-05 22:35:00-0300",29.41,27.63,21.44,26.4
"2026-09-05 22:36:00-0300",29.41,27.63,21.49,26.5
"2026-09-05 22:37:00-0300",29.41,27.63,21.49,27.2
"2026-09-05 22:38:00-0300",29.43,27.64,21.49,27.3
"2026-09-05 22:39:00-0300",29.42,27.64,21.49,27.4
"2026-09-05 22:40:00-0300",29.43,27.64,21.49,27.3
"2026-09-05 22:41:00-0300",29.43,27.64,21.49,27.4
"2026-09-05 22:42:00-0300",29.44,27.64,21.49,27.4
"2026-09-05 22:43:00-0300",29.44,27.64,21.49,27.3
"2026-09-05 22:44:00-0300",29.44,27.64,21.49,26.5
"2026-09-05 22:45:00-0300",29.44,27.64,21.49,27.3
"2026-09-05 22:46:00-0300",29.43,27.64,21.49,26.4
"2026-09-05 22:47:00-0300",29.44,27.64,21.49,26.4
"2026-09-05 22:48:00-0300",29.42,27.64,21.49,26.8
"2026-09-05 22:49:00-0300",29.42,27.64,21.44,27
"2026-09-05 22:50:00-0300",29.42,27.63,21.38,27.2
"2026-09-05 22:51:00-0300",29.41,27.63,21.44,27.2
"2026-09-05 22:52:00-0300",29.4,27.63,21.33,27.2
"2026-09-05 22:53:00-0300",29.4,27.63,21.33,26.2
"2026-09-05 22:54:00-0300",29.39,27.63,21.33,26.4
"2026-09-05 22:55:00-0300",29.38,27.62,21.33,26.8
"2026-09-05 22:56:00-0300",29.38,27.62,21.33,26.6
"2026-09-05 22:57:00-0300",29.37,27.62,21.33,26.1
"2026-09-05 22:58:00-0300",29.36,27.62,21.33,26.6
"2026-09-05 22:59:00-0300",29.35,27.62,21.33,26.8
"2026-09-05 23:00:00-0300",29.35,27.61,21.29,26.8
"2026-09-05 23:01:00-0300",29.34,27.61,21.29,26.7
"2026-09-05 23:02:00-0300",29.33,27.61,21.23,26.7
"2026-09-05 23:03:00-0300",29.33,27.61,21.23,26.5
"2026-09-05 23:04:00-0300",29.32,27.6,21.23,26.6
"2026-09-05 23:05:00-0300",29.32,27.6,21.18,26.6
"2026-09-05 23:06:00-0300",29.3,27.6,21.18,26.4
"2026-09-05 23:07:00-0300",29.3,27.6,21.18,26.4
"2026-09-05 23:08:00-0300",29.29,27.6,21.18,26.2
"2026-09-05 23:09:00-0300",29.28,27.59,21.18,26.4
"2026-09-05 23:10:00-0300",29.28,27.59,21.18,26.3
"2026-09-05 23:11:00-0300",29.27,27.59,21.18,26.2
"2026-09-05 23:12:00-0300",29.26,27.59,21.18,25.3
"2026-09-05 23:13:00-0300",29.25,27.58,21.12,25.3
"2026-09-05 23:14:00-0300",29.25,27.58,21.12,25.6
"2026-09-05 23:15:00-0300",29.24,27.58,21.07,25.3
"2026-09-05 23:16:00-0300",29.23,27.58,21.01,25.2
"2026-09-05 23:17:00-0300",29.22,27.57,20.97,25.8
"2026-09-05 23:18:00-0300",29.21,27.57,20.97,25.8
"2026-09-05 23:19:00-0300",29.2,27.57,20.97,25.8
"2026-09-05 23:20:00-0300",29.19,27.57,20.97,25.8
"2026-09-05 23:21:00-0300",29.19,27.56,20.97,24.9
"2026-09-05 23:22:00-0300",29.18,27.56,20.97,25.3
"2026-09-05 23:23:00-0300",29.17,27.56,20.97,25.2
"2026-09-05 23:24:00-0300",29.16,27.56,20.97,25.2
"2026-09-05 23:25:00-0300",29.16,27.55,20.97,25.6
"2026-09-05 23:26:00-0300",29.15,27.55,20.97,25.5
"2026-09-05 23:27:00-0300",29.14,27.55,20.92,25.5
"2026-09-05 23:28:00-0300",29.14,27.55,20.86,25.4
"2026-09-05 23:29:00-0300",29.13,27.54,20.86,25.4
"2026-09-05 23:30:00-0300",29.12,27.54,20.81,24.9
"2026-09-05 23:31:00-0300",29.11,27.54,20.81,25
"2026-09-05 23:32:00-0300",29.11,27.54,20.81,25
"2026-09-05 23:33:00-0300",29.1,27.54,20.81,25.2
"2026-09-05 23:34:00-0300",29.1,27.54,20.81,25.2
"2026-09-05 23:35:00-0300",29.09,27.53,20.81,25.3
"2026-09-05 23:36:00-0300",29.08,27.53,20.81,24.8
"2026-09-05 23:37:00-0300",29.07,27.53,20.81,25.3
"2026-09-05 23:38:00-0300",29.07,27.53,20.81,24.8
"2026-09-05 23:39:00-0300",29.06,27.52,20.81,24.9
"2026-09-05 23:40:00-0300",29.06,27.52,20.81,24.9
"2026-09-05 23:41:00-0300",29.05,27.52,20.81,24.9
"2026-09-05 23:42:00-0300",29.05,27.52,20.81,25
"2026-09-05 23:43:00-0300",29.04,27.52,20.81,25.2
"2026-09-05 23:44:00-0300",29.05,27.52,20.81,25.2
"2026-09-05 23:45:00-0300",29.04,27.52,20.81,24.8
"2026-09-05 23:46:00-0300",29.05,27.52,20.81,24.8
"2026-09-05 23:47:00-0300",29.04,27.52,20.81,24.8
"2026-09-05 23:48:00-0300",29.04,27.52,20.81,24.9
"2026-09-05 23:49:00-0300",29.04,27.52,20.81,25.1
"2026-09-05 23:50:00-0300",29.04,27.52,20.81,25.1
"2026-09-05 23:51:00-0300",29.04,27.52,20.81,25.1
"2026-09-05 23:52:00-0300",29.03,27.51,20.81,24.8
"2026-09-05 23:53:00-0300",29.03,27.51,20.81,24.9
"2026-09-05 23:54:00-0300",29.02,27.51,20.81,24.8
"2026-09-05 23:55:00-0300",29.02,27.51,20.81,24.9
"2026-09-05 23:56:00-0300",29.02,27.51,20.75,25
"2026-09-05 23:57:00-0300",29.01,27.51,20.71,24.9
"2026-09-05 23:58:00-0300",29.01,27.51,20.75,25
"2026-09-05 23:59:00-0300",29.02,27.51,20.71,25
"2026-09-06 00:00:00-0300",29.02,27.51,20.71,24.9
"2026-09-06 00:01:00-0300",29.02,27.51,20.75,25
"2026-09-06 00:02:00-0300",29.02,27.51,20.75,25
"2026-09-06 00:03:00-0300",29.01,27.51,20.71,24.9
"2026-09-06 00:04:00-0300",29.02,27.51,20.71,24.9
"2026-09-06 00:05:00-0300",29.01,27.51,20.71,24.9
"2026-09-06 00:06:00-0300",29.01,27.51,20.71,24.9
"2026-09-06 00:07:00-0300",28.99,27.5,20.71,24.9
"2026-09-06 00:08:00-0300",28.99,27.5,20.71,24.9
"2026-09-06 00:09:00-0300",28.99,27.5,20.71,24.7
"2026-09-06 00:10:00-0300",28.99,27.5,20.66,24.8
"2026-09-06 00:11:00-0300",28.98,27.5,20.66,24.9
"2026-09-06 00:12:00-0300",28.98,27.5,20.66,24.9
"2026-09-06 00:13:00-0300",28.97,27.5,20.66,24.9
"2026-09-06 00:14:00-0300",28.96,27.49,20.66,24.9
"2026-09-06 00:15:00-0300",28.96,27.49,20.66,24.9
"2026-09-06 00:16:00-0300",28.94,27.49,20.66,24.9
"2026-09-06 00:17:00-0300",28.95,27.49,20.66,24.8
"2026-09-06 00:18:00-0300",28.94,27.49,20.66,24.8
"2026-09-06 00:19:00-0300",28.94,27.49,20.66,24.9
"2026-09-06 00:20:00-0300",28.92,27.48,20.66,24.9
"2026-09-06 00:21:00-0300",28.93,27.48,20.66,24.9
"2026-09-06 00:22:00-0300",28.92,27.48,20.66,24.9
"2026-09-06 00:23:00-0300",28.91,27.48,20.66,24.8
"2026-09-06 00:24:00-0300",28.9,27.48,20.6,24.8
"2026-09-06 00:25:00-0300",28.9,27.47,20.6,24.8
"2026-09-06 00:26:00-0300",28.89,27.47,20.55,24.8
"2026-09-06 00:27:00-0300",28.89,27.47,20.6,24.8
"2026-09-06 00:28:00-0300",28.88,27.47,20.49,24.8
"2026-09-06 00:29:00-0300",28.85,27.46,20.49,24.8
"2026-09-06 00:30:00-0300",28.87,27.46,20.45,24.7
"2026-09-06 00:31:00-0300",28.84,27.46,20.45,24.8
"2026-09-06 00:32:00-0300",28.84,27.45,20.45,24.8
"2026-09-06 00:33:00-0300",28.83,27.45,20.45,24.8
"2026-09-06 00:34:00-0300",28.82,27.45,20.45,24.8
"2026-09-06 00:35:00-0300",28.82,27.45,20.45,24.8
"2026-09-06 00:36:00-0300",28.81,27.45,20.45,24.7
"2026-09-06 00:37:00-0300",28.81,27.45,20.45,24.6
"2026-09-06 00:38:00-0300",28.76,27.43,20.45,24.8
"2026-09-06 00:39:00-0300",28.79,27.44,20.45,24.7
"2026-09-06 00:40:00-0300",28.8,27.44,20.45,24.7
"2026-09-06 00:41:00-0300",28.79,27.44,20.45,24.8
"2026-09-06 00:42:00-0300",28.78,27.44,20.45,24.8
"2026-09-06 00:43:00-0300",28.79,27.44,20.45,24.8
"2026-09-06 00:44:00-0300",28.79,27.44,20.45,24.8
"2026-09-06 00:45:00-0300",28.79,27.44,20.45,24.7
"2026-09-06 00:46:00-0300",28.8,27.44,20.45,24.7
"2026-09-06 00:47:00-0300",28.76,27.43,20.45,24.7
"2026-09-06 00:48:00-0300",28.8,27.44,20.45,24.8
"2026-09-06 00:49:00-0300",28.8,27.44,20.45,24.7
"2026-09-06 00:50:00-0300",28.8,27.44,20.45,24.8
"2026-09-06 00:51:00-0300",28.79,27.44,20.45,24.8
"2026-09-06 00:52:00-0300",28.79,27.44,20.45,24.7
"2026-09-06 00:53:00-0300",28.79,27.44,20.45,24.8
"2026-09-06 00:54:00-0300",28.79,27.44,20.45,24.8
"2026-09-06 00:55:00-0300",28.79,27.44,20.45,24.8
"2026-09-06 00:56:00-0300",28.76,27.43,20.45,24.6
"2026-09-06 00:57:00-0300",28.79,27.44,20.45,24.7
"2026-09-06 00:58:00-0300",28.8,27.44,20.45,24.7
"2026-09-06 00:59:00-0300",28.82,27.45,20.45,24.6
"2026-09-06 01:00:00-0300",28.81,27.45,20.49,24.7
"2026-09-06 01:01:00-0300",28.84,27.46,20.55,24.8
"2026-09-06 01:02:00-0300",28.85,27.46,20.6,24.8
"2026-09-06 01:03:00-0300",28.87,27.46,20.66,24.8
"2026-09-06 01:04:00-0300",28.88,27.47,20.66,24.6
"2026-09-06 01:05:00-0300",28.9,27.47,20.66,24.8
"2026-09-06 01:06:00-0300",28.9,27.48,20.66,24.7
"2026-09-06 01:07:00-0300",28.91,27.48,20.66,24.8
"2026-09-06 01:08:00-0300",28.92,27.48,20.66,24.9
"2026-09-06 01:09:00-0300",28.92,27.48,20.66,24.9
"2026-09-06 01:10:00-0300",28.94,27.49,20.66,24.9
"2026-09-06 01:11:00-0300",28.95,27.49,20.66,24.7
"2026-09-06 01:12:00-0300",28.95,27.49,20.66,24.8
"2026-09-06 01:13:00-0300",28.95,27.49,20.66,24.8
"2026-09-06 01:14:00-0300",28.95,27.49,20.66,24.9
"2026-09-06 01:15:00-0300",28.95,27.49,20.66,24.9
"2026-09-06 01:16:00-0300",28.94,27.49,20.66,24.9
"2026-09-06 01:17:00-0300",28.94,27.49,20.66,24.7
"2026-09-06 01:18:00-0300",28.92,27.48,20.66,24.8
"2026-09-06 01:19:00-0300",28.94,27.49,20.66,24.8
"2026-09-06 01:20:00-0300",28.92,27.48,20.66,24.8
"2026-09-06 01:21:00-0300",28.93,27.48,20.66,24.9
"2026-09-06 01:22:00-0300",28.92,27.48,20.66,24.9
"2026-09-06 01:23:00-0300",28.92,27.48,20.66,24.9
"2026-09-06 01:24:00-0300",28.91,27.48,20.66,24.9
"2026-09-06 01:25:00-0300",28.91,27.48,20.66,24.7
"2026-09-06 01:26:00-0300",28.92,27.48,20.66,24.9
"2026-09-06 01:27:00-0300",28.89,27.47,20.66,24.7
"2026-09-06 01:28:00-0300",28.9,27.47,20.66,24.7
"2026-09-06 01:29:00-0300",28.9,27.47,20.66,24.8
"2026-09-06 01:30:00-0300",28.89,27.47,20.6,24.9
"2026-09-06 01:31:00-0300",28.87,27.46,20.66,24.8
"2026-09-06 01:32:00-0300",28.88,27.47,20.6,24.8
"2026-09-06 01:33:00-0300",28.88,27.47,20.6,24.8
"2026-09-06 01:34:00-0300",28.88,27.47,20.6,24.8
"2026-09-06 01:35:00-0300",28.87,27.47,20.6,24.6
"2026-09-06 01:36:00-0300",28.87,27.46,20.6,24.8
"2026-09-06 01:37:00-0300",28.87,27.46,20.55,24.8
"2026-09-06 01:38:00-0300",28.87,27.46,20.6,24.9
"2026-09-06 01:39:00-0300",28.86,27.46,20.55,24.7
"2026-09-06 01:40:00-0300",28.84,27.46,20.6,24.7
"2026-09-06 01:41:00-0300",28.87,27.46,20.6,24.8
"2026-09-06 01:42:00-0300",28.87,27.46,20.6,24.8
"2026-09-06 01:43:00-0300",28.87,27.47,20.6,24.9
"2026-09-06 01:44:00-0300",28.87,27.46,20.66,24.9
"2026-09-06 01:45:00-0300",28.86,27.46,20.6,24.9
"2026-09-06 01:46:00-0300",28.86,27.46,20.6,24.7
"2026-09-06 01:47:00-0300",28.86,27.46,20.6,24.9
"2026-09-06 01:48:00-0300",28.85,27.46,20.66,24.7
"2026-09-06 01:49:00-0300",28.85,27.46,20.6,24.8
"2026-09-06 01:50:00-0300",28.85,27.46,20.6,24.8
"2026-09-06 01:51:00-0300",28.85,27.46,20.6,24.8
"2026-09-06 01:52:00-0300",28.85,27.46,20.55,24.8
"2026-09-06 01:53:00-0300",28.82,27.45,20.55,24.8
"2026-09-06 01:54:00-0300",28.84,27.46,20.55,24.7
"2026-09-06 01:55:00-0300",28.83,27.45,20.49,24.7
"2026-09-06 01:56:00-0300",28.84,27.45,20.49,24.8
"2026-09-06 01:57:00-0300",28.8,27.44,20.45,24.8
"2026-09-06 01:58:00-0300",28.84,27.45,20.45,24.8
"2026-09-06 01:59:00-0300",28.82,27.45,20.45,24.8
"2026-09-06 02:00:00-0300",28.82,27.45,20.45,24.6
"2026-09-06 02:01:00-0300",28.82,27.45,20.45,24.7
"2026-09-06 02:02:00-0300",28.82,27.45,20.45,24.7
"2026-09-06 02:03:00-0300",28.81,27.45,20.45,24.7
"2026-09-06 02:04:00-0300",28.79,27.44,20.45,24.7
"2026-09-06 02:05:00-0300",28.8,27.44,20.45,24.8
"2026-09-06 02:06:00-0300",28.76,27.43,20.45,24.7
"2026-09-06 02:07:00-0300",28.79,27.44,20.45,24.8
"2026-09-06 02:08:00-0300",28.78,27.44,20.45,24.8
"2026-09-06 02:09:00-0300",28.78,27.44,20.45,24.8
"2026-09-06 02:10:00-0300",28.73,27.42,20.45,24.8
"2026-09-06 02:11:00-0300",28.76,27.43,20.45,24.8
"2026-09-06 02:12:00-0300",28.75,27.43,20.45,24.7
"2026-09-06 02:13:00-0300",28.74,27.43,20.4,24.8
"2026-09-06 02:14:00-0300",28.73,27.42,20.4,24.7
"2026-09-06 02:15:00-0300",28.68,27.4,20.4,24.7
"2026-09-06 02:16:00-0300",28.73,27.42,20.4,24.7
"2026-09-06 02:17:00-0300",28.71,27.42,20.34,24.7
"2026-09-06 02:18:00-0300",28.71,27.41,20.34,24.6
"2026-09-06 02:19:00-0300",28.63,27.39,20.34,24.7
"2026-09-06 02:20:00-0300",28.69,27.41,20.28,24.7
"2026-09-06 02:21:00-0300",28.69,27.41,20.28,24.7
"2026-09-06 02:22:00-0300",28.68,27.41,20.28,24.7
"2026-09-06 02:23:00-0300",28.68,27.41,20.28,24.6
"2026-09-06 02:24:00-0300",28.67,27.4,20.28,24.6
"2026-09-06 02:25:00-0300",28.67,27.4,20.28,24.7
"2026-09-06 02:26:00-0300",28.66,27.4,20.28,24.7
"2026-09-06 02:27:00-0300",28.65,27.4,20.28,24.7
"2026-09-06 02:28:00-0300",28.46,27.34,20.28,24.7
"2026-09-06 02:29:00-0300",28.64,27.39,20.28,24.5
"2026-09-06 02:30:00-0300",28.63,27.39,20.24,24.6
"2026-09-06 02:31:00-0300",28.63,27.39,20.28,24.6
"2026-09-06 02:32:00-0300",28.62,27.39,20.28,24.7
"2026-09-06 02:33:00-0300",28.62,27.39,20.24,24.5
"2026-09-06 02:34:00-0300",28.61,27.39,20.24,24.7
"2026-09-06 02:35:00-0300",28.61,27.38,20.24,24.6
"2026-09-06 02:36:00-0300",28.6,27.38,20.24,24.5
"2026-09-06 02:37:00-0300",28.41,27.32,20.24,24.5
"2026-09-06 02:38:00-0300",28.59,27.38,20.24,24.6
"2026-09-06 02:39:00-0300",28.59,27.38,20.19,24.5
"2026-09-06 02:40:00-0300",28.58,27.38,20.13,24.6
"2026-09-06 02:41:00-0300",28.41,27.32,20.13,24.6
"2026-09-06 02:42:00-0300",28.57,27.37,20.13,24.6
"2026-09-06 02:43:00-0300",28.57,27.37,20.13,24.6
"2026-09-06 02:44:00-0300",28.56,27.37,20.13,24.6
"2026-09-06 02:45:00-0300",28.55,27.37,20.13,24.6
"2026-09-06 02:46:00-0300",28.41,27.32,20.13,24.6
"2026-09-06 02:47:00-0300",28.54,27.36,20.13,24.5
"2026-09-06 02:48:00-0300",28.54,27.36,20.13,24.6
"2026-09-06 02:49:00-0300",28.53,27.36,20.13,24.6
"2026-09-06 02:50:00-0300",28.41,27.32,20.13,24.6
"2026-09-06 02:51:00-0300",28.52,27.36,20.13,24.6
"2026-09-06 02:52:00-0300",28.52,27.36,20.13,24.4
"2026-09-06 02:53:00-0300",28.51,27.35,20.13,24.4
"2026-09-06 02:54:00-0300",28.51,27.35,20.13,24.6
"2026-09-06 02:55:00-0300",28.5,27.35,20.13,24.5
"2026-09-06 02:56:00-0300",28.5,27.35,20.13,24.6
"2026-09-06 02:57:00-0300",28.49,27.35,20.13,24.6
"2026-09-06 02:58:00-0300",28.49,27.35,20.13,24.6
"2026-09-06 02:59:00-0300",28.37,27.31,20.07,24.5
"2026-09-06 03:00:00-0300",28.48,27.34,20.07,24.5
"2026-09-06 03:01:00-0300",28.47,27.34,20.07,24.5
"2026-09-06 03:02:00-0300",28.47,27.34,20.07,24.5
"2026-09-06 03:03:00-0300",28.46,27.34,20.07,24.5
"2026-09-06 03:04:00-0300",28.46,27.34,20.04,24.6
"2026-09-06 03:05:00-0300",28.45,27.33,20.04,24.6
"2026-09-06 03:06:00-0300",28.45,27.33,20.04,24.4
"2026-09-06 03:07:00-0300",28.44,27.33,19.98,24.5
"2026-09-06 03:08:00-0300",28.37,27.31,19.98,24.3
"2026-09-06 03:09:00-0300",28.43,27.33,19.98,24.4
"2026-09-06 03:10:00-0300",28.43,27.33,19.98,24.5
"2026-09-06 03:11:00-0300",28.42,27.33,19.92,24.5
"2026-09-06 03:12:00-0300",28.42,27.32,19.92,24.5
"2026-09-06 03:13:00-0300",28.41,27.32,19.92,24.5
"2026-09-06 03:14:00-0300",28.41,27.32,19.92,24.5
"2026-09-06 03:15:00-0300",28.4,27.32,19.92,24.5
"2026-09-06 03:16:00-0300",28.4,27.32,19.92,24.5
"2026-09-06 03:17:00-0300",28.37,27.31,19.92,24.5
"2026-09-06 03:18:00-0300",28.38,27.31,19.92,24.5
"2026-09-06 03:19:00-0300",28.38,27.31,19.92,24.5
"2026-09-06 03:20:00-0300",28.38,27.31,19.92,24.4
"2026-09-06 03:21:00-0300",28.37,27.31,19.92,24.5
"2026-09-06 03:22:00-0300",28.36,27.31,19.92,24.5
"2026-09-06 03:23:00-0300",28.36,27.31,19.92,24.4
"2026-09-06 03:24:00-0300",28.36,27.3,19.92,24.4
"2026-09-06 03:25:00-0300",28.36,27.3,19.92,24.4
"2026-09-06 03:26:00-0300",28.37,27.31,19.92,24.4
"2026-09-06 03:27:00-0300",28.35,27.3,19.87,24.4
"2026-09-06 03:28:00-0300",28.34,27.3,19.92,24.4
"2026-09-06 03:29:00-0300",28.34,27.3,19.87,24.4
"2026-09-06 03:30:00-0300",28.33,27.3,19.87,24.2
"2026-09-06 03:31:00-0300",28.33,27.3,19.87,24.4
"2026-09-06 03:32:00-0300",28.32,27.29,19.87,24.4
"2026-09-06 03:33:00-0300",28.32,27.29,19.87,24.4
"2026-09-06 03:34:00-0300",28.31,27.29,19.87,24.3
"2026-09-06 03:35:00-0300",28.37,27.31,19.87,24.4
"2026-09-06 03:36:00-0300",28.3,27.29,19.87,24.4
"2026-09-06 03:37:00-0300",28.3,27.29,19.87,24.4
"2026-09-06 03:38:00-0300",28.29,27.29,19.87,24.4
"2026-09-06 03:39:00-0300",28.29,27.28,19.83,24.2
"2026-09-06 03:40:00-0300",28.28,27.28,19.83,24.4
"2026-09-06 03:41:00-0300",28.28,27.28,19.77,24.3
"2026-09-06 03:42:00-0300",28.28,27.28,19.77,24.3
"2026-09-06 03:43:00-0300",28.27,27.28,19.77,24.4
"2026-09-06 03:44:00-0300",28.37,27.31,19.77,24.4
"2026-09-06 03:45:00-0300",28.26,27.28,19.77,24.4
"2026-09-06 03:46:00-0300",28.26,27.27,19.77,24.4
"2026-09-06 03:47:00-0300",28.27,27.28,19.77,24.2
"2026-09-06 03:48:00-0300",28.27,27.28,19.77,24.3
"2026-09-06 03:49:00-0300",28.27,27.28,19.77,24.3
"2026-09-06 03:50:00-0300",28.26,27.27,19.77,24.3
"2026-09-06 03:51:00-0300",28.25,27.27,19.77,24.4
"2026-09-06 03:52:00-0300",28.24,27.27,19.77,24.2
"2026-09-06 03:53:00-0300",28.37,27.31,19.77,24.3
"2026-09-06 03:54:00-0300",28.23,27.26,19.77,24.3
"2026-09-06 03:55:00-0300",28.22,27.26,19.77,24.3
"2026-09-06 03:56:00-0300",28.21,27.26,19.77,24.3
"2026-09-06 03:57:00-0300",28.21,27.26,19.77,24.2
"2026-09-06 03:58:00-0300",28.21,27.26,19.77,24.3
"2026-09-06 03:59:00-0300",28.2,27.26,19.77,24.2
"2026-09-06 04:00:00-0300",28.2,27.26,19.77,24.3
"2026-09-06 04:01:00-0300",28.19,27.25,19.77,24.3
"2026-09-06 04:02:00-0300",28.26,27.28,19.77,24.3
"2026-09-06 04:03:00-0300",28.19,27.25,19.77,24.3
"2026-09-06 04:04:00-0300",28.18,27.25,19.71,24.3
"2026-09-06 04:05:00-0300",28.18,27.25,19.77,24.3
"2026-09-06 04:06:00-0300",28.17,27.25,19.71,24.3
"2026-09-06 04:07:00-0300",28.17,27.25,19.71,24.3
"2026-09-06 04:08:00-0300",28.17,27.25,19.71,24.2
"2026-09-06 04:09:00-0300",28.16,27.24,19.71,24.2
"2026-09-06 04:10:00-0300",28.16,27.24,19.67,24.3
"2026-09-06 04:11:00-0300",28.2,27.26,19.67,24.3
"2026-09-06 04:12:00-0300",28.15,27.24,19.67,24.3
"2026-09-06 04:13:00-0300",28.14,27.24,19.67,24.3
"2026-09-06 04:14:00-0300",28.14,27.24,19.62,24.3
"2026-09-06 04:15:00-0300",28.13,27.23,19.62,24.3
"2026-09-06 04:16:00-0300",28.19,27.25,19.62,24.3
"2026-09-06 04:17:00-0300",28.13,27.23,19.62,24.2
"2026-09-06 04:18:00-0300",28.12,27.23,19.62,24.2
"2026-09-06 04:19:00-0300",28.12,27.23,19.62,24.2
"2026-09-06 04:20:00-0300",28.12,27.23,19.62,24.3
"2026-09-06 04:21:00-0300",28.11,27.23,19.62,24.2
"2026-09-06 04:22:00-0300",28.11,27.23,19.62,24.2
"2026-09-06 04:23:00-0300",28.1,27.23,19.62,24.2
"2026-09-06 04:24:00-0300",28.1,27.22,19.62,24.2
"2026-09-06 04:25:00-0300",28.15,27.24,19.62,24.2
"2026-09-06 04:26:00-0300",28.09,27.22,19.62,24.2
"2026-09-06 04:27:00-0300",28.09,27.22,19.62,24.2
"2026-09-06 04:28:00-0300",28.08,27.22,19.62,24.2
"2026-09-06 04:29:00-0300",28.08,27.22,19.62,24.2
"2026-09-06 04:30:00-0300",28.07,27.22,19.62,24.2
"2026-09-06 04:31:00-0300",28.07,27.22,19.62,24.2
"2026-09-06 04:32:00-0300",28.07,27.21,19.62,24.2
"2026-09-06 04:33:00-0300",28.06,27.21,19.62,24.2
"2026-09-06 04:34:00-0300",28.11,27.23,19.62,24.2
"2026-09-06 04:35:00-0300",28.06,27.21,19.62,24.1
"2026-09-06 04:36:00-0300",28.05,27.21,19.62,24.2
"2026-09-06 04:37:00-0300",28.05,27.21,19.62,24.2
"2026-09-06 04:38:00-0300",28.05,27.21,19.62,24.2
"2026-09-06 04:39:00-0300",28.04,27.21,19.56,24.2
"2026-09-06 04:40:00-0300",28.04,27.21,19.62,24.2
"2026-09-06 04:41:00-0300",28.04,27.2,19.62,24.2
"2026-09-06 04:42:00-0300",28.04,27.2,19.62,24.2
"2026-09-06 04:43:00-0300",28.07,27.22,19.62,24
"2026-09-06 04:44:00-0300",28.02,27.2,19.62,24.2
"2026-09-06 04:45:00-0300",28.02,27.2,19.56,24.2
"2026-09-06 04:46:00-0300",28.02,27.2,19.62,24.2
"2026-09-06 04:47:00-0300",28.01,27.2,19.56,24.1
"2026-09-06 04:48:00-0300",28.01,27.2,19.56,24
"2026-09-06 04:49:00-0300",28.01,27.2,19.56,24.1
"2026-09-06 04:50:00-0300",28,27.19,19.56,24.2
"2026-09-06 04:51:00-0300",28,27.19,19.52,24.2
"2026-09-06 04:52:00-0300",28.03,27.2,19.56,24.2
"2026-09-06 04:53:00-0300",27.99,27.19,19.56,24.1
"2026-09-06 04:54:00-0300",27.99,27.19,19.52,24.1
"2026-09-06 04:55:00-0300",27.98,27.19,19.52,24.2
"2026-09-06 04:56:00-0300",27.98,27.19,19.46,24.1
"2026-09-06 04:57:00-0300",27.98,27.19,19.52,24.1
"2026-09-06 04:58:00-0300",27.97,27.18,19.41,24
"2026-09-06 04:59:00-0300",27.97,27.18,19.46,24.1
"2026-09-06 05:00:00-0300",27.97,27.18,19.46,24.1
"2026-09-06 05:01:00-0300",27.99,27.19,19.41,24.1
"2026-09-06 05:02:00-0300",27.96,27.18,19.46,24.1
"2026-09-06 05:03:00-0300",27.95,27.18,19.41,24.1
"2026-09-06 05:04:00-0300",27.95,27.18,19.41,24.1
"2026-09-06 05:05:00-0300",27.98,27.19,19.41,24.1
"2026-09-06 05:06:00-0300",27.94,27.17,19.41,24.1
"2026-09-06 05:07:00-0300",27.94,27.17,19.41,24
"2026-09-06 05:08:00-0300",27.93,27.17,19.41,24.1
"2026-09-06 05:09:00-0300",27.93,27.17,19.41,24.1
"2026-09-06 05:10:00-0300",27.93,27.17,19.41,24
"2026-09-06 05:11:00-0300",27.93,27.17,19.41,24.1
"2026-09-06 05:12:00-0300",27.92,27.17,19.41,24.1
"2026-09-06 05:13:00-0300",27.92,27.17,19.41,24.1
"2026-09-06 05:14:00-0300",27.95,27.18,19.41,23.9
"2026-09-06 05:15:00-0300",27.91,27.16,19.41,24.1
"2026-09-06 05:16:00-0300",27.91,27.16,19.41,24
"2026-09-06 05:17:00-0300",27.9,27.16,19.41,24
"2026-09-06 05:18:00-0300",27.9,27.16,19.41,24.1
"2026-09-06 05:19:00-0300",27.9,27.16,19.41,24.1
"2026-09-06 05:20:00-0300",27.89,27.16,19.41,24.1
"2026-09-06 05:21:00-0300",27.89,27.16,19.41,24.1
"2026-09-06 05:22:00-0300",27.89,27.16,19.41,24
"2026-09-06 05:23:00-0300",27.92,27.17,19.35,24
"2026-09-06 05:24:00-0300",27.89,27.16,19.41,24
"2026-09-06 05:25:00-0300",27.88,27.16,19.41,24
"2026-09-06 05:26:00-0300",27.88,27.16,19.41,24.1
"2026-09-06 05:27:00-0300",27.88,27.16,19.41,24.1
"2026-09-06 05:28:00-0300",27.88,27.16,19.41,24.1
"2026-09-06 05:29:00-0300",27.89,27.16,19.35,23.9
"2026-09-06 05:30:00-0300",27.89,27.16,19.35,24
"2026-09-06 05:31:00-0300",27.9,27.16,19.41,24
"2026-09-06 05:32:00-0300",27.94,27.17,19.35,24
"2026-09-06 05:33:00-0300",27.91,27.16,19.35,23.9
"2026-09-06 05:34:00-0300",27.91,27.16,19.35,23.9
"2026-09-06 05:35:00-0300",27.89,27.16,19.35,24
"2026-09-06 05:36:00-0300",27.85,27.15,19.35,23.9
"2026-09-06 05:37:00-0300",27.83,27.14,19.31,24
"2026-09-06 05:38:00-0300",27.81,27.13,19.35,24
"2026-09-06 05:39:00-0300",27.8,27.13,19.31,23.8
"2026-09-06 05:40:00-0300",27.79,27.13,19.31,23.9
"2026-09-06 05:41:00-0300",27.81,27.13,19.31,23.9
"2026-09-06 05:42:00-0300",27.78,27.12,19.31,23.9
"2026-09-06 05:43:00-0300",27.78,27.12,19.31,24
"2026-09-06 05:44:00-0300",27.78,27.12,19.31,24
"2026-09-06 05:45:00-0300",27.77,27.12,19.31,24
"2026-09-06 05:46:00-0300",27.77,27.12,19.31,24
"2026-09-06 05:47:00-0300",27.77,27.12,19.31,23.8
"2026-09-06 05:48:00-0300",27.76,27.12,19.31,24
"2026-09-06 05:49:00-0300",27.76,27.12,19.25,23.8
"2026-09-06 05:50:00-0300",27.78,27.12,19.31,24
"2026-09-06 05:51:00-0300",27.76,27.12,19.25,24
"2026-09-06 05:52:00-0300",27.75,27.12,19.25,24
"2026-09-06 05:53:00-0300",27.76,27.12,19.25,23.9
"2026-09-06 05:54:00-0300",27.76,27.12,19.25,23.9
"2026-09-06 05:55:00-0300",27.76,27.12,19.25,23.9
"2026-09-06 05:56:00-0300",27.75,27.11,19.25,24
"2026-09-06 05:57:00-0300",27.75,27.11,19.25,24
"2026-09-06 05:58:00-0300",27.75,27.11,19.25,24
"2026-09-06 05:59:00-0300",27.76,27.12,19.25,24
"2026-09-06 06:00:00-0300",27.74,27.11,19.25,23.9
"2026-09-06 06:01:00-0300",27.74,27.11,19.25,24
"2026-09-06 06:02:00-0300",27.74,27.11,19.25,23.9
"2026-09-06 06:03:00-0300",27.73,27.11,19.25,23.9
"2026-09-06 06:04:00-0300",27.75,27.11,19.25,23.9
"2026-09-06 06:05:00-0300",27.73,27.11,19.25,23.9
"2026-09-06 06:06:00-0300",27.72,27.11,19.25,23.9
"2026-09-06 06:07:00-0300",27.72,27.1,19.25,23.8
"2026-09-06 06:08:00-0300",27.74,27.11,19.25,23.9
"2026-09-06 06:09:00-0300",27.71,27.1,19.25,23.9
"2026-09-06 06:10:00-0300",27.71,27.1,19.25,23.9
"2026-09-06 06:11:00-0300",27.71,27.1,19.25,23.9
"2026-09-06 06:12:00-0300",27.71,27.1,19.25,23.9
"2026-09-06 06:13:00-0300",27.72,27.11,19.25,23.9
"2026-09-06 06:14:00-0300",27.7,27.1,19.25,23.9
"2026-09-06 06:15:00-0300",27.7,27.1,19.25,23.9
"2026-09-06 06:16:00-0300",27.69,27.1,19.25,23.8
"2026-09-06 06:17:00-0300",27.69,27.1,19.25,23.9
"2026-09-06 06:18:00-0300",27.69,27.09,19.25,23.9
"2026-09-06 06:19:00-0300",27.68,27.09,19.25,23.9
"2026-09-06 06:20:00-0300",27.68,27.09,19.25,23.9
"2026-09-06 06:21:00-0300",27.68,27.09,19.25,23.9
"2026-09-06 06:22:00-0300",27.69,27.1,19.25,23.9
"2026-09-06 06:23:00-0300",27.67,27.09,19.25,23.7
"2026-09-06 06:24:00-0300",27.67,27.09,19.25,23.9
"2026-09-06 06:25:00-0300",27.67,27.09,19.25,23.9
"2026-09-06 06:26:00-0300",27.67,27.09,19.25,23.9
"2026-09-06 06:27:00-0300",27.66,27.09,19.25,23.9
"2026-09-06 06:28:00-0300",27.66,27.09,19.19,23.9
"2026-09-06 06:29:00-0300",27.66,27.08,19.19,23.8
"2026-09-06 06:30:00-0300",27.65,27.08,19.25,23.8
"2026-09-06 06:31:00-0300",27.65,27.08,19.19,23.9
"2026-09-06 06:32:00-0300",27.65,27.08,19.19,23.9
"2026-09-06 06:33:00-0300",27.64,27.08,19.19,23.9
"2026-09-06 06:34:00-0300",27.64,27.08,19.19,23.9
"2026-09-06 06:35:00-0300",27.64,27.08,19.19,23.9
"2026-09-06 06:36:00-0300",27.66,27.08,19.16,23.9
"2026-09-06 06:37:00-0300",27.64,27.08,19.16,23.9
"2026-09-06 06:38:00-0300",27.64,27.08,19.16,23.8
"2026-09-06 06:39:00-0300",27.63,27.08,19.16,23.8
"2026-09-06 06:40:00-0300",27.63,27.08,19.16,23.9
"2026-09-06 06:41:00-0300",27.63,27.08,19.16,23.9
"2026-09-06 06:42:00-0300",27.62,27.07,19.16,23.9
"2026-09-06 06:43:00-0300",27.62,27.07,19.1,23.7
"2026-09-06 06:44:00-0300",27.62,27.07,19.1,23.8
"2026-09-06 06:45:00-0300",27.63,27.08,19.1,23.8
"2026-09-06 06:46:00-0300",27.61,27.07,19.1,23.8
"2026-09-06 06:47:00-0300",27.61,27.07,19.1,23.9
"2026-09-06 06:48:00-0300",27.61,27.07,19.1,23.9
"2026-09-06 06:49:00-0300",27.61,27.07,19.04,23.9
"2026-09-06 06:50:00-0300",27.6,27.07,19.1,23.8
"2026-09-06 06:51:00-0300",27.6,27.07,19.04,23.9
"2026-09-06 06:52:00-0300",27.6,27.07,19.04,23.8
"2026-09-06 06:53:00-0300",27.59,27.06,19.04,23.8
"2026-09-06 06:54:00-0300",27.61,27.07,19.04,23.8
"2026-09-06 06:55:00-0300",27.59,27.06,19.04,23.8
"2026-09-06 06:56:00-0300",27.59,27.06,19.04,23.8
"2026-09-06 06:57:00-0300",27.58,27.06,19.04,23.8
"2026-09-06 06:58:00-0300",27.6,27.07,19.04,23.8
"2026-09-06 06:59:00-0300",27.58,27.06,19.04,23.8
"2026-09-06 07:00:00-0300",27.57,27.06,19.04,23.8
"2026-09-06 07:01:00-0300",27.57,27.06,19.04,23.8
"2026-09-06 07:02:00-0300",27.57,27.06,19.04,23.7
"2026-09-06 07:03:00-0300",27.58,27.06,19.04,23.8
"2026-09-06 07:04:00-0300",27.57,27.06,19.04,23.8
"2026-09-06 07:05:00-0300",27.56,27.06,19.04,23.8
"2026-09-06 07:06:00-0300",27.56,27.05,19.04,23.8
"2026-09-06 07:07:00-0300",27.57,27.06,19.04,23.8
"2026-09-06 07:08:00-0300",27.55,27.05,19.04,23.7
"2026-09-06 07:09:00-0300",27.55,27.05,19.04,23.6
"2026-09-06 07:10:00-0300",27.55,27.05,19.04,23.8
"2026-09-06 07:11:00-0300",27.55,27.05,19.04,23.8
"2026-09-06 07:12:00-0300",27.55,27.05,19.04,23.8
"2026-09-06 07:13:00-0300",27.54,27.05,19.04,23.8
"2026-09-06 07:14:00-0300",27.56,27.05,19.04,23.6
"2026-09-06 07:15:00-0300",27.56,27.05,19.04,23.7
"2026-09-06 07:16:00-0300",27.58,27.06,19.04,23.7
"2026-09-06 07:17:00-0300",27.58,27.06,19.04,23.7
"2026-09-06 07:18:00-0300",27.6,27.07,19.04,23.8
"2026-09-06 07:19:00-0300",27.62,27.07,19.04,23.8
"2026-09-06 07:20:00-0300",27.63,27.07,19.04,23.8
"2026-09-06 07:21:00-0300",27.61,27.07,19.04,23.8
"2026-09-06 07:22:00-0300",27.61,27.07,19.04,23.8
"2026-09-06 07:23:00-0300",27.6,27.07,19.04,23.8
"2026-09-06 07:24:00-0300",27.6,27.07,19.04,23.8
"2026-09-06 07:25:00-0300",27.6,27.07,19.04,23.8
"2026-09-06 07:26:00-0300",27.61,27.07,19.04,23.8
"2026-09-06 07:27:00-0300",27.61,27.07,19.04,23.7
"2026-09-06 07:28:00-0300",27.61,27.07,19.04,23.8
"2026-09-06 07:29:00-0300",27.62,27.07,19.04,23.7
"2026-09-06 07:30:00-0300",27.61,27.07,19.04,23.8
"2026-09-06 07:31:00-0300",27.61,27.07,19.04,23.8
"2026-09-06 07:32:00-0300",27.6,27.07,19.04,23.8
"2026-09-06 07:33:00-0300",27.62,27.07,19.04,23.7
"2026-09-06 07:34:00-0300",27.6,27.07,19.04,23.8
"2026-09-06 07:35:00-0300",27.6,27.07,19.04,23.6
"2026-09-06 07:36:00-0300",27.6,27.07,19.04,23.7
"2026-09-06 07:37:00-0300",27.59,27.06,19.04,23.7
"2026-09-06 07:38:00-0300",27.59,27.06,19.04,23.8
"2026-09-06 07:39:00-0300",27.59,27.06,19.04,23.7
"2026-09-06 07:40:00-0300",27.58,27.06,19.04,23.7
"2026-09-06 07:41:00-0300",27.58,27.06,19.04,23.7
"2026-09-06 07:42:00-0300",27.57,27.06,19.04,23.7
"2026-09-06 07:43:00-0300",27.56,27.05,19.04,23.8
"2026-09-06 07:44:00-0300",27.56,27.05,19.04,23.8
"2026-09-06 07:45:00-0300",27.56,27.05,19,23.6
"2026-09-06 07:46:00-0300",27.57,27.06,19.04,23.7
"2026-09-06 07:47:00-0300",27.56,27.05,19,23.7
"2026-09-06 07:48:00-0300",27.55,27.05,19,23.7
"2026-09-06 07:49:00-0300",27.54,27.05,19,23.7
"2026-09-06 07:50:00-0300",27.56,27.06,19,23.7
"2026-09-06 07:51:00-0300",27.55,27.05,19,23.7
"2026-09-06 07:52:00-0300",27.55,27.05,18.94,23.8
"2026-09-06 07:53:00-0300",27.55,27.05,19,23.7
"2026-09-06 07:54:00-0300",27.55,27.05,18.94,23.7
"2026-09-06 07:55:00-0300",27.56,27.05,18.94,23.7
"2026-09-06 07:56:00-0300",27.54,27.05,18.94,23.7
"2026-09-06 07:57:00-0300",27.54,27.05,18.94,23.6
"2026-09-06 07:58:00-0300",27.53,27.04,18.94,23.7
"2026-09-06 07:59:00-0300",27.51,27.04,18.9,23.7
"2026-09-06 08:00:00-0300",27.5,27.03,18.94,23.6
"2026-09-06 08:01:00-0300",27.5,27.03,18.9,23.6
"2026-09-06 08:02:00-0300",27.5,27.03,18.94,23.7
"2026-09-06 08:03:00-0300",27.5,27.03,18.9,23.7
"2026-09-06 08:04:00-0300",27.49,27.03,18.9,23.7
"2026-09-06 08:05:00-0300",27.49,27.03,18.9,23.5
"2026-09-06 08:06:00-0300",27.49,27.03,18.9,23.6
"2026-09-06 08:07:00-0300",27.48,27.03,18.9,23.6
"2026-09-06 08:08:00-0300",27.49,27.03,18.9,23.6
"2026-09-06 08:09:00-0300",27.48,27.03,18.9,23.7
"2026-09-06 08:10:00-0300",27.48,27.03,18.9,23.7
"2026-09-06 08:11:00-0300",27.48,27.03,18.9,23.7
"2026-09-06 08:12:00-0300",27.49,27.03,18.9,23.6
"2026-09-06 08:13:00-0300",27.5,27.03,18.9,23.6
"2026-09-06 08:14:00-0300",27.49,27.03,18.9,23.7
"2026-09-06 08:15:00-0300",27.49,27.03,18.9,23.6
"2026-09-06 08:16:00-0300",27.48,27.03,18.9,23.7
"2026-09-06 08:17:00-0300",27.48,27.03,18.9,23.7
"2026-09-06 08:18:00-0300",27.46,27.02,18.9,23.6
"2026-09-06 08:19:00-0300",27.45,27.02,18.9,23.6
"2026-09-06 08:20:00-0300",27.47,27.03,18.9,23.6
"2026-09-06 08:21:00-0300",27.49,27.03,18.9,23.6
"2026-09-06 08:22:00-0300",27.47,27.02,18.9,23.7
"2026-09-06 08:23:00-0300",27.47,27.03,18.9,23.6
"2026-09-06 08:24:00-0300",27.47,27.03,18.9,23.5
"2026-09-06 08:25:00-0300",27.48,27.03,18.9,23.6
"2026-09-06 08:26:00-0300",27.48,27.03,18.9,23.6
"2026-09-06 08:27:00-0300",27.46,27.02,18.9,23.6
"2026-09-06 08:28:00-0300",27.45,27.02,18.9,23.6
"2026-09-06 08:29:00-0300",27.43,27.01,18.9,23.6
"2026-09-06 08:30:00-0300",27.44,27.01,18.9,23.6
"2026-09-06 08:31:00-0300",27.41,27.01,18.9,23.6
"2026-09-06 08:32:00-0300",27.39,27,18.9,23.5
"2026-09-06 08:33:00-0300",27.38,27,18.9,23.6
"2026-09-06 08:34:00-0300",27.39,27,18.9,23.6
"2026-09-06 08:35:00-0300",27.41,27.01,18.9,23.5
"2026-09-06 08:36:00-0300",27.4,27,18.9,23.6
"2026-09-06 08:37:00-0300",27.39,27,18.9,23.6
"2026-09-06 08:38:00-0300",27.38,27,18.9,23.6
"2026-09-06 08:39:00-0300",27.39,27,18.9,23.6
"2026-09-06 08:40:00-0300",27.39,27,18.9,23.6
"2026-09-06 08:41:00-0300",27.4,27,18.9,23.5
"2026-09-06 08:42:00-0300",27.4,27,18.9,23.5
"2026-09-06 08:43:00-0300",27.4,27,18.9,23.6
"2026-09-06 08:44:00-0300",27.41,27.01,18.9,23.6
"2026-09-06 08:45:00-0300",27.38,27,18.9,23.6
"2026-09-06 08:46:00-0300",27.37,26.99,18.9,23.6
"2026-09-06 08:47:00-0300",27.36,26.99,18.9,23.4
"2026-09-06 08:48:00-0300",27.37,26.99,18.9,23.5
"2026-09-06 08:49:00-0300",27.36,26.99,18.84,23.4
"2026-09-06 08:50:00-0300",27.34,26.98,18.84,23.5
"2026-09-06 08:51:00-0300",27.33,26.98,18.84,23.5
"2026-09-06 08:52:00-0300",27.33,26.98,18.84,23.6
"2026-09-06 08:53:00-0300",27.34,26.98,18.9,23.6
"2026-09-06 08:54:00-0300",27.33,26.98,18.84,23.6
"2026-09-06 08:55:00-0300",27.32,26.98,18.9,23.6
"2026-09-06 08:56:00-0300",27.32,26.98,18.84,23.6
"2026-09-06 08:57:00-0300",27.32,26.98,18.84,23.5
"2026-09-06 08:58:00-0300",27.32,26.98,18.84,23.4
"2026-09-06 08:59:00-0300",27.32,26.98,18.84,23.4
"2026-09-06 09:00:00-0300",27.33,26.98,18.79,23.5
"2026-09-06 09:01:00-0300",27.33,26.98,18.84,23.5
"2026-09-06 09:02:00-0300",27.33,26.98,18.84,23.5
"2026-09-06 09:03:00-0300",27.31,26.97,18.84,23.5
"2026-09-06 09:04:00-0300",27.31,26.97,18.84,23.5
"2026-09-06 09:05:00-0300",27.3,26.97,18.84,23.5
"2026-09-06 09:06:00-0300",27.3,26.97,18.79,23.5
"2026-09-06 09:07:00-0300",27.31,26.97,18.79,23.5
"2026-09-06 09:08:00-0300",27.29,26.97,18.79,23.5
"2026-09-06 09:09:00-0300",27.29,26.97,18.79,23.5
"2026-09-06 09:10:00-0300",27.29,26.97,18.79,23.5
"2026-09-06 09:11:00-0300",27.3,26.97,18.79,23.3
"2026-09-06 09:12:00-0300",27.28,26.97,18.79,23.5
"2026-09-06 09:13:00-0300",27.29,26.97,18.79,23.4
"2026-09-06 09:14:00-0300",27.28,26.97,18.79,23.5
"2026-09-06 09:15:00-0300",27.28,26.97,18.79,23.5
"2026-09-06 09:16:00-0300",27.29,26.97,18.79,23.5
"2026-09-06 09:17:00-0300",27.28,26.96,18.79,23.5
"2026-09-06 09:18:00-0300",27.28,26.96,18.79,23.5
"2026-09-06 09:19:00-0300",27.27,26.96,18.75,23.3
"2026-09-06 09:20:00-0300",27.27,26.96,18.79,23.5
"2026-09-06 09:21:00-0300",27.27,26.96,18.75,23.5
"2026-09-06 09:22:00-0300",27.27,26.96,18.79,23.5
"2026-09-06 09:23:00-0300",27.27,26.96,18.75,23.5
"2026-09-06 09:24:00-0300",27.27,26.96,18.75,23.5
"2026-09-06 09:25:00-0300",27.27,26.96,18.75,23.5
"2026-09-06 09:26:00-0300",27.26,26.96,18.75,23.4
"2026-09-06 09:27:00-0300",27.26,26.96,18.75,23.4
"2026-09-06 09:28:00-0300",27.26,26.96,18.75,23.5
"2026-09-06 09:29:00-0300",27.27,26.96,18.75,23.5
"2026-09-06 09:30:00-0300",27.25,26.96,18.75,23.5
"2026-09-06 09:31:00-0300",27.25,26.96,18.75,23.3
"2026-09-06 09:32:00-0300",27.25,26.95,18.75,23.4
"2026-09-06 09:33:00-0300",27.24,26.95,18.75,23.4
"2026-09-06 09:34:00-0300",27.24,26.95,18.75,23.4
"2026-09-06 09:35:00-0300",27.24,26.95,18.75,23.5
"2026-09-06 09:36:00-0300",27.24,26.95,18.75,23.5
"2026-09-06 09:37:00-0300",27.23,26.95,18.75,23.4
"2026-09-06 09:38:00-0300",27.24,26.95,18.75,23.5
"2026-09-06 09:39:00-0300",27.23,26.95,18.75,23.4
"2026-09-06 09:40:00-0300",27.23,26.95,18.75,23.4
"2026-09-06 09:41:00-0300",27.22,26.95,18.75,23.4
"2026-09-06 09:42:00-0300",27.22,26.95,18.75,23.4
"2026-09-06 09:43:00-0300",27.23,26.95,18.75,23.3
"2026-09-06 09:44:00-0300",27.22,26.95,18.75,23.4
"2026-09-06 09:45:00-0300",27.22,26.94,18.75,23.4
"2026-09-06 09:46:00-0300",27.21,26.94,18.75,23.4
"2026-09-06 09:47:00-0300",27.22,26.95,18.75,23.4
"2026-09-06 09:48:00-0300",27.21,26.94,18.75,23.4
"2026-09-06 09:49:00-0300",27.21,26.94,18.75,23.4
"2026-09-06 09:50:00-0300",27.2,26.94,18.75,23.4
"2026-09-06 09:51:00-0300",27.2,26.94,18.75,23.5
"2026-09-06 09:52:00-0300",27.2,26.94,18.75,23.4
"2026-09-06 09:53:00-0300",27.2,26.94,18.75,23.3
"2026-09-06 09:54:00-0300",27.2,26.94,18.75,23.4
"2026-09-06 09:55:00-0300",27.2,26.94,18.75,23.4
"2026-09-06 09:56:00-0300",27.2,26.94,18.69,23.4
"2026-09-06 09:57:00-0300",27.19,26.94,18.75,23.4
"2026-09-06 09:58:00-0300",27.19,26.94,18.75,23.4
"2026-09-06 09:59:00-0300",27.19,26.94,18.69,23.4
"2026-09-06 10:00:00-0300",27.18,26.93,18.75,23.4
"2026-09-06 10:01:00-0300",27.18,26.93,18.75,23.4
"2026-09-06 10:02:00-0300",27.18,26.93,18.75,23.4
"2026-09-06 10:03:00-0300",27.17,26.93,18.75,23.4
"2026-09-06 10:04:00-0300",27.17,26.93,18.75,23.4
"2026-09-06 10:05:00-0300",27.18,26.93,18.69,23.4
"2026-09-06 10:06:00-0300",27.17,26.93,18.69,23.4
"2026-09-06 10:07:00-0300",27.17,26.93,18.75,23.3
"2026-09-06 10:08:00-0300",27.17,26.93,18.69,23.4
"2026-09-06 10:09:00-0300",27.17,26.93,18.69,23.4
"2026-09-06 10:10:00-0300",27.16,26.93,18.69,23.4
"2026-09-06 10:11:00-0300",27.16,26.93,18.69,23.4
"2026-09-06 10:12:00-0300",27.16,26.93,18.69,23.3
"2026-09-06 10:13:00-0300",27.16,26.93,18.69,23.4
"2026-09-06 10:14:00-0300",27.16,26.93,18.69,23.3
"2026-09-06 10:15:00-0300",27.15,26.92,18.69,23.4
"2026-09-06 10:16:00-0300",27.15,26.92,18.69,23.4
"2026-09-06 10:17:00-0300",27.15,26.92,18.63,23.4
"2026-09-06 10:18:00-0300",27.15,26.92,18.63,23.4
"2026-09-06 10:19:00-0300",27.14,26.92,18.63,23.4
"2026-09-06 10:20:00-0300",27.14,26.92,18.63,23.4
"2026-09-06 10:21:00-0300",27.14,26.92,18.63,23.4
"2026-09-06 10:22:00-0300",27.14,26.92,18.63,23.3
"2026-09-06 10:23:00-0300",27.13,26.92,18.59,23.3
"2026-09-06 10:24:00-0300",27.13,26.92,18.59,23.3
"2026-09-06 10:25:00-0300",27.13,26.92,18.59,23.4
"2026-09-06 10:26:00-0300",27.13,26.92,18.53,23.4
"2026-09-06 10:27:00-0300",27.13,26.92,18.59,23.2
"2026-09-06 10:28:00-0300",27.12,26.91,18.53,23.4
"2026-09-06 10:29:00-0300",27.12,26.91,18.59,23.3
"2026-09-06 10:30:00-0300",27.12,26.91,18.53,23.4
"2026-09-06 10:31:00-0300",27.12,26.91,18.53,23.4
"2026-09-06 10:32:00-0300",27.12,26.92,18.59,23.4
"2026-09-06 10:33:00-0300",27.12,26.91,18.53,23.3
"2026-09-06 10:34:00-0300",27.11,26.91,18.53,23.4
"2026-09-06 10:35:00-0300",27.11,26.91,18.53,23.2
"2026-09-06 10:36:00-0300",27.11,26.91,18.53,23.3
"2026-09-06 10:37:00-0300",27.11,26.91,18.53,23.3
"2026-09-06 10:38:00-0300",27.1,26.91,18.53,23.3
"2026-09-06 10:39:00-0300",27.1,26.91,18.53,23.3
"2026-09-06 10:40:00-0300",27.1,26.91,18.53,23.4
"2026-09-06 10:41:00-0300",27.1,26.91,18.53,23.4
"2026-09-06 10:42:00-0300",27.1,26.91,18.53,23.4
"2026-09-06 10:43:00-0300",27.09,26.91,18.53,23.4
"2026-09-06 10:44:00-0300",27.09,26.9,18.53,23.4
"2026-09-06 10:45:00-0300",27.09,26.91,18.53,23.3
"2026-09-06 10:46:00-0300",27.08,26.9,18.53,23.2
"2026-09-06 10:47:00-0300",27.08,26.9,18.53,23.3
"2026-09-06 10:48:00-0300",27.08,26.9,18.53,23.3
"2026-09-06 10:49:00-0300",27.08,26.9,18.53,23.4
"2026-09-06 10:50:00-0300",27.08,26.9,18.53,23.4
"2026-09-06 10:51:00-0300",27.08,26.9,18.53,23.4
"2026-09-06 10:52:00-0300",27.07,26.9,18.53,23.3
"2026-09-06 10:53:00-0300",27.07,26.9,18.53,23.3
"2026-09-06 10:54:00-0300",27.07,26.9,18.53,23.4
"2026-09-06 10:55:00-0300",27.07,26.9,18.53,23.4
"2026-09-06 10:56:00-0300",27.07,26.9,18.53,23.4
"2026-09-06 10:57:00-0300",27.06,26.9,18.53,23.2
"2026-09-06 10:58:00-0300",27.06,26.9,18.53,23.2
"2026-09-06 10:59:00-0300",27.06,26.9,18.53,23.3
"2026-09-06 11:00:00-0300",27.05,26.89,18.53,23.3
"2026-09-06 11:01:00-0300",27.05,26.89,18.53,23.3
"2026-09-06 11:02:00-0300",27.05,26.89,18.53,23.3
"2026-09-06 11:03:00-0300",27.05,26.89,18.53,23.4
"2026-09-06 11:04:00-0300",27.05,26.89,18.53,23.3
"2026-09-06 11:05:00-0300",27.04,26.89,18.53,23.3
"2026-09-06 11:06:00-0300",27.04,26.89,18.53,23.3
"2026-09-06 11:07:00-0300",27.04,26.89,18.53,23.3
"2026-09-06 11:08:00-0300",27.04,26.89,18.53,23.2
"2026-09-06 11:09:00-0300",27.03,26.89,18.47,23.3
"2026-09-06 11:10:00-0300",27.03,26.89,18.53,23.3
"2026-09-06 11:11:00-0300",27.03,26.89,18.53,23.1
"2026-09-06 11:12:00-0300",27.03,26.88,18.53,23.3
"2026-09-06 11:13:00-0300",27.04,26.89,18.53,23.3
"2026-09-06 11:14:00-0300",27.02,26.88,18.53,23.4
"2026-09-06 11:15:00-0300",27.02,26.88,18.53,23.1
"2026-09-06 11:16:00-0300",27.02,26.88,18.47,23.3
"2026-09-06 11:17:00-0300",27.02,26.88,18.53,23.3
"2026-09-06 11:18:00-0300",27.02,26.88,18.47,23.3
"2026-09-06 11:19:00-0300",27.01,26.88,18.47,23.3
"2026-09-06 11:20:00-0300",27.01,26.88,18.47,23.2
"2026-09-06 11:21:00-0300",27.01,26.88,18.47,23.2
"2026-09-06 11:22:00-0300",27,26.88,18.47,23.3
"2026-09-06 11:23:00-0300",27,26.88,18.47,23.3
"2026-09-06 11:24:00-0300",27,26.88,18.47,23.3
"2026-09-06 11:25:00-0300",27,26.88,18.47,23.3
"2026-09-06 11:26:00-0300",27,26.87,18.47,23.2
"2026-09-06 11:27:00-0300",27,26.87,18.47,23.3
"2026-09-06 11:28:00-0300",26.99,26.87,18.47,23.3
"2026-09-06 11:29:00-0300",26.99,26.87,18.47,23.3
"2026-09-06 11:30:00-0300",26.99,26.87,18.47,23.3
"2026-09-06 11:31:00-0300",26.99,26.87,18.47,23.2
"2026-09-06 11:32:00-0300",26.99,26.87,18.43,23.3
"2026-09-06 11:33:00-0300",26.98,26.87,18.43,23.3
"2026-09-06 11:34:00-0300",26.98,26.87,18.43,23.1
"2026-09-06 11:35:00-0300",26.98,26.87,18.47,23.3
"2026-09-06 11:36:00-0300",26.98,26.87,18.37,23.3
"2026-09-06 11:37:00-0300",26.98,26.87,18.43,23.3
"2026-09-06 11:38:00-0300",26.97,26.87,18.43,23.3
"2026-09-06 11:39:00-0300",26.97,26.87,18.37,23.3
"2026-09-06 11:40:00-0300",26.96,26.86,18.43,23.2
"2026-09-06 11:41:00-0300",26.96,26.86,18.37,23.3
"2026-09-06 11:42:00-0300",26.95,26.86,18.37,23.3
"2026-09-06 11:43:00-0300",26.95,26.86,18.37,23.3
"2026-09-06 11:44:00-0300",26.95,26.86,18.37,23.3
"2026-09-06 11:45:00-0300",26.95,26.86,18.37,23.1
"2026-09-06 11:46:00-0300",26.95,26.86,18.37,23.2
"2026-09-06 11:47:00-0300",26.96,26.86,18.37,23.3
"2026-09-06 11:48:00-0300",26.94,26.86,18.37,23.3
"2026-09-06 11:49:00-0300",26.94,26.86,18.37,23.2
"2026-09-06 11:50:00-0300",26.94,26.86,18.37,23.3
"2026-09-06 11:51:00-0300",26.94,26.86,18.37,23.3
"2026-09-06 11:52:00-0300",26.95,26.86,18.37,23.3
"2026-09-06 11:53:00-0300",26.93,26.85,18.37,23.3
"2026-09-06 11:54:00-0300",26.93,26.85,18.37,23.3
"2026-09-06 11:55:00-0300",26.92,26.85,18.37,23.3
"2026-09-06 11:56:00-0300",26.92,26.85,18.37,23.3
"2026-09-06 11:57:00-0300",26.93,26.85,18.37,23.3
"2026-09-06 11:58:00-0300",26.92,26.85,18.37,23.3
"2026-09-06 11:59:00-0300",26.92,26.85,18.37,23.1
"2026-09-06 12:00:00-0300",26.91,26.85,18.37,23.2
"2026-09-06 12:01:00-0300",26.91,26.85,18.37,23.3
"2026-09-06 12:02:00-0300",26.91,26.85,18.37,23.2
"2026-09-06 12:03:00-0300",26.91,26.85,18.37,23.2
"2026-09-06 12:04:00-0300",26.91,26.85,18.37,23.3
"2026-09-06 12:05:00-0300",26.91,26.85,18.37,23.3
"2026-09-06 12:06:00-0300",26.91,26.85,18.37,23.2
"2026-09-06 12:07:00-0300",26.9,26.84,18.37,23.2
"2026-09-06 12:08:00-0300",26.9,26.84,18.37,23.3
"2026-09-06 12:09:00-0300",26.89,26.84,18.37,23.3
"2026-09-06 12:10:00-0300",26.89,26.84,18.37,23.3
"2026-09-06 12:11:00-0300",26.9,26.84,18.37,23.3
"2026-09-06 12:12:00-0300",26.89,26.84,18.37,23.3
"2026-09-06 12:13:00-0300",26.88,26.84,18.37,23.2
"2026-09-06 12:14:00-0300",26.88,26.84,18.37,23.1
"2026-09-06 12:15:00-0300",26.88,26.84,18.34,23.2
"2026-09-06 12:16:00-0300",26.88,26.84,18.34,23.2
"2026-09-06 12:17:00-0300",26.87,26.84,18.37,23.3
"2026-09-06 12:18:00-0300",26.87,26.83,18.37,23.3
"2026-09-06 12:19:00-0300",26.87,26.83,18.37,23.3
"2026-09-06 12:20:00-0300",26.87,26.84,18.37,23.1
"2026-09-06 12:21:00-0300",26.86,26.83,18.34,23.1
"2026-09-06 12:22:00-0300",26.86,26.83,18.34,23.2
"2026-09-06 12:23:00-0300",26.85,26.83,18.37,23.1
"2026-09-06 12:24:00-0300",26.85,26.83,18.34,23.2
"2026-09-06 12:25:00-0300",26.85,26.83,18.34,23.2
"2026-09-06 12:26:00-0300",26.85,26.83,18.34,23.2
"2026-09-06 12:27:00-0300",26.85,26.83,18.34,23.3
"2026-09-06 12:28:00-0300",26.84,26.83,18.34,23.3
"2026-09-06 12:29:00-0300",26.85,26.83,18.34,23.1
"2026-09-06 12:30:00-0300",26.84,26.82,18.34,23.1
"2026-09-06 12:31:00-0300",26.83,26.82,18.34,23.1
"2026-09-06 12:32:00-0300",26.83,26.82,18.28,23.3
"2026-09-06 12:33:00-0300",26.83,26.82,18.28,23.3
"2026-09-06 12:34:00-0300",26.83,26.82,18.28,23.2
"2026-09-06 12:35:00-0300",26.83,26.82,18.28,23.2
"2026-09-06 12:36:00-0300",26.83,26.82,18.28,23.3
"2026-09-06 12:37:00-0300",26.82,26.82,18.28,23.2
"2026-09-06 12:38:00-0300",26.82,26.82,18.28,23.2
"2026-09-06 12:39:00-0300",26.82,26.82,18.28,23.1
"2026-09-06 12:40:00-0300",26.82,26.82,18.28,23.2
"2026-09-06 12:41:00-0300",26.82,26.82,18.22,23.2
"2026-09-06 12:42:00-0300",26.82,26.82,18.22,23.1
"2026-09-06 12:43:00-0300",26.81,26.82,18.22,23.1
"2026-09-06 12:44:00-0300",26.81,26.82,18.28,23.1
"2026-09-06 12:45:00-0300",26.81,26.81,18.22,23.2
"2026-09-06 12:46:00-0300",26.81,26.81,18.22,23.3
"2026-09-06 12:47:00-0300",26.8,26.81,18.22,23.3
"2026-09-06 12:48:00-0300",26.81,26.82,18.22,23
"2026-09-06 12:49:00-0300",26.8,26.81,18.22,23.1
"2026-09-06 12:50:00-0300",26.79,26.81,18.22,23.1
"2026-09-06 12:51:00-0300",26.79,26.81,18.22,23.2
"2026-09-06 12:52:00-0300",26.79,26.81,18.22,23.3
"2026-09-06 12:53:00-0300",26.79,26.81,18.22,23.3
"2026-09-06 12:54:00-0300",26.78,26.81,18.22,23.3
"2026-09-06 12:55:00-0300",26.78,26.81,18.22,23.1
"2026-09-06 12:56:00-0300",26.78,26.8,18.22,23.1
"2026-09-06 12:57:00-0300",26.78,26.8,18.22,23.2
"2026-09-06 12:58:00-0300",26.78,26.8,18.22,23.2
"2026-09-06 12:59:00-0300",26.77,26.8,18.22,23.2
"2026-09-06 13:00:00-0300",26.76,26.8,18.22,23.1
"2026-09-06 13:01:00-0300",26.76,26.8,18.22,23.2
"2026-09-06 13:02:00-0300",26.76,26.8,18.22,23.2
"2026-09-06 13:03:00-0300",26.76,26.8,18.22,23.2
"2026-09-06 13:04:00-0300",26.75,26.8,18.22,23.2
"2026-09-06 13:05:00-0300",26.75,26.8,18.22,23.2
"2026-09-06 13:06:00-0300",26.75,26.8,18.22,23.2
"2026-09-06 13:07:00-0300",26.76,26.8,18.22,23.2
"2026-09-06 13:08:00-0300",26.75,26.79,18.22,23.1
"2026-09-06 13:09:00-0300",26.75,26.79,18.22,23.2
"2026-09-06 13:10:00-0300",26.74,26.79,18.22,23.2
"2026-09-06 13:11:00-0300",26.74,26.79,18.22,23.2
"2026-09-06 13:12:00-0300",26.75,26.79,18.22,23.3
"2026-09-06 13:13:00-0300",26.74,26.79,18.22,23.2
"2026-09-06 13:14:00-0300",26.74,26.79,18.22,23.2
"2026-09-06 13:15:00-0300",26.73,26.79,18.22,23
"2026-09-06 13:16:00-0300",26.73,26.79,18.22,23.1
"2026-09-06 13:17:00-0300",26.73,26.79,18.22,23.1
"2026-09-06 13:18:00-0300",26.73,26.79,18.22,23
"2026-09-06 13:19:00-0300",26.72,26.79,18.22,23.2
"2026-09-06 13:20:00-0300",26.72,26.79,18.22,23.2
"2026-09-06 13:21:00-0300",26.72,26.79,18.22,23
"2026-09-06 13:22:00-0300",26.71,26.78,18.22,23
"2026-09-06 13:23:00-0300",26.71,26.78,18.22,23
"2026-09-06 13:24:00-0300",26.71,26.78,18.18,23.2
"2026-09-06 13:25:00-0300",26.7,26.78,18.18,23.2
"2026-09-06 13:26:00-0300",26.71,26.78,18.22,23.2
"2026-09-06 13:27:00-0300",26.7,26.78,18.18,23.2
"2026-09-06 13:28:00-0300",26.7,26.78,18.22,23
"2026-09-06 13:29:00-0300",26.69,26.78,18.22,23.1
"2026-09-06 13:30:00-0300",26.69,26.78,18.22,23.2
"2026-09-06 13:31:00-0300",26.69,26.78,18.22,23.2
"2026-09-06 13:32:00-0300",26.68,26.77,18.22,23.2
"2026-09-06 13:33:00-0300",26.68,26.77,18.22,23.2
"2026-09-06 13:34:00-0300",26.68,26.77,18.18,23.2
"2026-09-06 13:35:00-0300",26.68,26.77,18.18,23.2
"2026-09-06 13:36:00-0300",26.67,26.77,18.18,23.2
"2026-09-06 13:37:00-0300",26.67,26.77,18.18,23
"2026-09-06 13:38:00-0300",26.67,26.77,18.18,23.1
"2026-09-06 13:39:00-0300",26.67,26.77,18.18,23
"2026-09-06 13:40:00-0300",26.67,26.77,18.18,23
"2026-09-06 13:41:00-0300",26.66,26.77,18.12,23.1
"2026-09-06 13:42:00-0300",26.66,26.77,18.12,23.2
"2026-09-06 13:43:00-0300",26.66,26.77,18.18,23.1
"2026-09-06 13:44:00-0300",26.66,26.77,18.12,23.1
"2026-09-06 13:45:00-0300",26.66,26.77,18.12,23.2
"2026-09-06 13:46:00-0300",26.65,26.76,18.12,23.2
"2026-09-06 13:47:00-0300",26.65,26.76,18.12,23.2
"2026-09-06 13:48:00-0300",26.65,26.76,18.12,23
"2026-09-06 13:49:00-0300",26.64,26.76,18.08,23.1
"2026-09-06 13:50:00-0300",26.64,26.76,18.12,23
"2026-09-06 13:51:00-0300",26.64,26.76,18.08,23
"2026-09-06 13:52:00-0300",26.63,26.76,18.08,23.1
"2026-09-06 13:53:00-0300",26.63,26.76,18.08,23
"2026-09-06 13:54:00-0300",26.63,26.76,18.08,23.1
"2026-09-06 13:55:00-0300",26.63,26.76,18.02,23.1
"2026-09-06 13:56:00-0300",26.63,26.76,18.02,23.1
"2026-09-06 13:57:00-0300",26.63,26.76,18.02,23.2
"2026-09-06 13:58:00-0300",26.62,26.76,18.02,23.2
"2026-09-06 13:59:00-0300",26.62,26.76,18.02,23.2
"2026-09-06 14:00:00-0300",26.62,26.75,18.02,23.1
"2026-09-06 14:01:00-0300",26.62,26.75,18.02,23.1
"2026-09-06 14:02:00-0300",26.62,26.75,18.02,23
"2026-09-06 14:03:00-0300",26.61,26.75,18.02,23
"2026-09-06 14:04:00-0300",26.61,26.75,18.02,23.1
"2026-09-06 14:05:00-0300",26.61,26.75,18.02,23
"2026-09-06 14:06:00-0300",26.61,26.75,18.02,23
"2026-09-06 14:07:00-0300",26.6,26.75,18.02,23.1
"2026-09-06 14:08:00-0300",26.6,26.75,18.02,23.1
"2026-09-06 14:09:00-0300",26.6,26.75,18.02,23
"2026-09-06 14:10:00-0300",26.6,26.75,18.02,23.1
"2026-09-06 14:11:00-0300",26.59,26.75,18.02,23.1
"2026-09-06 14:12:00-0300",26.59,26.74,18.02,23.1
"2026-09-06 14:13:00-0300",26.6,26.75,18.02,23
"2026-09-06 14:14:00-0300",26.59,26.74,18.02,23
"2026-09-06 14:15:00-0300",26.59,26.74,18.02,23
"2026-09-06 14:16:00-0300",26.58,26.74,18.02,23
"2026-09-06 14:17:00-0300",26.58,26.74,18.02,23.1
"2026-09-06 14:18:00-0300",26.58,26.74,18.02,23
"2026-09-06 14:19:00-0300",26.57,26.74,18.02,22.9
"2026-09-06 14:20:00-0300",26.57,26.74,18.02,23
"2026-09-06 14:21:00-0300",26.57,26.74,18.02,23
"2026-09-06 14:22:00-0300",26.57,26.74,18.02,23
"2026-09-06 14:23:00-0300",26.57,26.74,18.02,23.1
"2026-09-06 14:24:00-0300",26.56,26.74,18.02,22.9
"2026-09-06 14:25:00-0300",26.56,26.74,18.02,23
"2026-09-06 14:26:00-0300",26.56,26.74,18.02,22.9
"2026-09-06 14:27:00-0300",26.56,26.73,18.02,22.9
"2026-09-06 14:28:00-0300",26.56,26.73,18.02,23
"2026-09-06 14:29:00-0300",26.55,26.73,18.02,23
"2026-09-06 14:30:00-0300",26.55,26.73,18.02,23.1
"2026-09-06 14:31:00-0300",26.55,26.73,18.02,23.1
"2026-09-06 14:32:00-0300",26.55,26.73,18.02,22.9
"2026-09-06 14:33:00-0300",26.55,26.73,18.02,23.1
"2026-09-06 14:34:00-0300",26.54,26.73,18.02,22.9
"2026-09-06 14:35:00-0300",26.54,26.73,18.02,23.1
"2026-09-06 14:36:00-0300",26.54,26.73,18.02,23.1
"2026-09-06 14:37:00-0300",26.54,26.73,18.02,23.1
"2026-09-06 14:38:00-0300",26.54,26.73,18.02,23
"2026-09-06 14:39:00-0300",26.53,26.73,17.98,22.9
"2026-09-06 14:40:00-0300",26.53,26.73,18.02,23
"2026-09-06 14:41:00-0300",26.53,26.72,17.98,23
"2026-09-06 14:42:00-0300",26.53,26.72,17.98,23
"2026-09-06 14:43:00-0300",26.52,26.72,18.02,23.1
"2026-09-06 14:44:00-0300",26.52,26.72,18.02,23.1
"2026-09-06 14:45:00-0300",26.51,26.72,18.02,23
"2026-09-06 14:46:00-0300",26.51,26.72,17.98,23
"2026-09-06 14:47:00-0300",26.51,26.72,17.98,23
"2026-09-06 14:48:00-0300",26.51,26.72,17.98,23
"2026-09-06 14:49:00-0300",26.51,26.72,17.98,23
"2026-09-06 14:50:00-0300",26.5,26.72,17.98,23.1
"2026-09-06 14:51:00-0300",26.5,26.72,17.98,23.1
"2026-09-06 14:52:00-0300",26.5,26.72,17.98,23.1
"2026-09-06 14:53:00-0300",26.5,26.71,17.98,23.1
"2026-09-06 14:54:00-0300",26.49,26.71,17.98,23
"2026-09-06 14:55:00-0300",26.49,26.71,17.98,23
"2026-09-06 14:56:00-0300",26.49,26.71,17.98,23
"2026-09-06 14:57:00-0300",26.49,26.71,17.98,23
"2026-09-06 14:58:00-0300",26.49,26.71,17.98,23.1
"2026-09-06 14:59:00-0300",26.48,26.71,17.98,23.1
"2026-09-06 15:00:00-0300",26.48,26.71,17.98,22.9
"2026-09-06 15:01:00-0300",26.48,26.71,17.98,23.1
"2026-09-06 15:02:00-0300",26.47,26.71,17.92,22.9
"2026-09-06 15:03:00-0300",26.47,26.71,17.92,23
"2026-09-06 15:04:00-0300",26.47,26.71,17.98,23
"2026-09-06 15:05:00-0300",26.47,26.71,17.98,23
"2026-09-06 15:06:00-0300",26.47,26.71,17.92,23
"2026-09-06 15:07:00-0300",26.46,26.7,17.98,22.9
"2026-09-06 15:08:00-0300",26.46,26.7,17.92,23
"2026-09-06 15:09:00-0300",26.46,26.7,17.92,23
"2026-09-06 15:10:00-0300",26.46,26.7,17.92,23
"2026-09-06 15:11:00-0300",26.45,26.7,17.92,23
"2026-09-06 15:12:00-0300",26.45,26.7,17.92,22.9
"2026-09-06 15:13:00-0300",26.45,26.7,17.92,23
"2026-09-06 15:14:00-0300",26.45,26.7,17.86,23
"2026-09-06 15:15:00-0300",26.45,26.7,17.92,22.9
"2026-09-06 15:16:00-0300",26.44,26.7,17.86,23
"2026-09-06 15:17:00-0300",26.44,26.7,17.86,23
"2026-09-06 15:18:00-0300",26.44,26.7,17.86,23
"2026-09-06 15:19:00-0300",26.44,26.7,17.86,23
"2026-09-06 15:20:00-0300",26.43,26.69,17.86,23
"2026-09-06 15:21:00-0300",26.43,26.69,17.86,23
"2026-09-06 15:22:00-0300",26.43,26.69,17.86,22.8
"2026-09-06 15:23:00-0300",26.43,26.69,17.86,22.9
"2026-09-06 15:24:00-0300",26.43,26.69,17.86,23
"2026-09-06 15:25:00-0300",26.42,26.69,17.86,22.9
"2026-09-06 15:26:00-0300",26.42,26.69,17.86,23
"2026-09-06 15:27:00-0300",26.42,26.69,17.86,23
"2026-09-06 15:28:00-0300",26.42,26.69,17.86,22.8
"2026-09-06 15:29:00-0300",26.42,26.69,17.86,22.8
"2026-09-06 15:30:00-0300",26.41,26.69,17.86,22.9
"2026-09-06 15:31:00-0300",26.41,26.69,17.86,22.9
"2026-09-06 15:32:00-0300",26.41,26.69,17.86,23
"2026-09-06 15:33:00-0300",26.41,26.69,17.86,23
"2026-09-06 15:34:00-0300",26.41,26.69,17.86,23
"2026-09-06 15:35:00-0300",26.4,26.68,17.86,23
"2026-09-06 15:36:00-0300",26.4,26.68,17.86,23
"2026-09-06 15:37:00-0300",26.4,26.68,17.86,22.8
"2026-09-06 15:38:00-0300",26.4,26.68,17.86,22.9
"2026-09-06 15:39:00-0300",26.39,26.68,17.86,22.8
"2026-09-06 15:40:00-0300",26.39,26.68,17.86,22.9
"2026-09-06 15:41:00-0300",26.39,26.68,17.86,23
"2026-09-06 15:42:00-0300",26.39,26.68,17.86,23
"2026-09-06 15:43:00-0300",26.39,26.68,17.86,23
"2026-09-06 15:44:00-0300",26.38,26.68,17.86,22.8
"2026-09-06 15:45:00-0300",26.38,26.68,17.86,22.9
"2026-09-06 15:46:00-0300",26.38,26.68,17.86,23
"2026-09-06 15:47:00-0300",26.37,26.68,17.86,22.9
"2026-09-06 15:48:00-0300",26.37,26.68,17.86,22.9
"2026-09-06 15:49:00-0300",26.37,26.67,17.86,22.8
"2026-09-06 15:50:00-0300",26.37,26.67,17.86,23
"2026-09-06 15:51:00-0300",26.37,26.67,17.86,23
"2026-09-06 15:52:00-0300",26.37,26.67,17.86,22.8
"2026-09-06 15:53:00-0300",26.36,26.67,17.86,23
"2026-09-06 15:54:00-0300",26.36,26.67,17.86,22.9
"2026-09-06 15:55:00-0300",26.36,26.67,17.86,22.9
"2026-09-06 15:56:00-0300",26.35,26.67,17.86,22.9
"2026-09-06 15:57:00-0300",26.35,26.67,17.86,22.9
"2026-09-06 15:58:00-0300",26.35,26.67,17.86,22.9
"2026-09-06 15:59:00-0300",26.35,26.67,17.86,22.9
"2026-09-06 16:00:00-0300",26.35,26.67,17.82,22.8
"2026-09-06 16:01:00-0300",26.34,26.66,17.86,22.9
"2026-09-06 16:02:00-0300",26.34,26.66,17.86,22.9
"2026-09-06 16:03:00-0300",26.34,26.66,17.86,22.9
"2026-09-06 16:04:00-0300",26.33,26.66,17.86,22.9
"2026-09-06 16:05:00-0300",26.34,26.66,17.86,22.7
"2026-09-06 16:06:00-0300",26.33,26.66,17.86,22.9
"2026-09-06 16:07:00-0300",26.33,26.66,17.86,22.9
"2026-09-06 16:08:00-0300",26.33,26.66,17.82,22.7
"2026-09-06 16:09:00-0300",26.32,26.66,17.86,22.8
"2026-09-06 16:10:00-0300",26.32,26.66,17.82,22.9
"2026-09-06 16:11:00-0300",26.32,26.66,17.86,22.8
"2026-09-06 16:12:00-0300",26.32,26.66,17.82,22.8
"2026-09-06 16:13:00-0300",26.31,26.66,17.82,22.9
"2026-09-06 16:14:00-0300",26.31,26.66,17.86,22.8
"2026-09-06 16:15:00-0300",26.31,26.65,17.82,23
"2026-09-06 16:16:00-0300",26.31,26.65,17.82,22.9
"2026-09-06 16:17:00-0300",26.3,26.65,17.82,22.9
"2026-09-06 16:18:00-0300",26.3,26.65,17.82,22.8
"2026-09-06 16:19:00-0300",26.3,26.65,17.82,22.9
"2026-09-06 16:20:00-0300",26.3,26.65,17.82,22.9
"2026-09-06 16:21:00-0300",26.3,26.65,17.82,22.9
"2026-09-06 16:22:00-0300",26.29,26.65,17.82,22.9
"2026-09-06 16:23:00-0300",26.29,26.65,17.82,22.9
"2026-09-06 16:24:00-0300",26.29,26.65,17.82,22.9
"2026-09-06 16:25:00-0300",26.29,26.65,17.82,22.9
"2026-09-06 16:26:00-0300",26.28,26.65,17.76,22.9
"2026-09-06 16:27:00-0300",26.28,26.64,17.76,22.9
"2026-09-06 16:28:00-0300",26.28,26.64,17.76,22.7
"2026-09-06 16:29:00-0300",26.28,26.64,17.76,22.9
"2026-09-06 16:30:00-0300",26.27,26.64,17.76,22.7
"2026-09-06 16:31:00-0300",26.27,26.64,17.76,22.9
"2026-09-06 16:32:00-0300",26.27,26.64,17.76,22.9
"2026-09-06 16:33:00-0300",26.27,26.64,17.72,22.7
"2026-09-06 16:34:00-0300",26.26,26.64,17.76,22.8
"2026-09-06 16:35:00-0300",26.26,26.64,17.72,22.9
"2026-09-06 16:36:00-0300",26.26,26.64,17.72,22.7
"2026-09-06 16:37:00-0300",26.26,26.64,17.72,22.7
"2026-09-06 16:38:00-0300",26.26,26.64,17.72,22.9
"2026-09-06 16:39:00-0300",26.25,26.64,17.72,22.9
"2026-09-06 16:40:00-0300",26.25,26.64,17.72,22.9
"2026-09-06 16:41:00-0300",26.25,26.64,17.72,22.8
"2026-09-06 16:42:00-0300",26.25,26.63,17.72,22.9
"2026-09-06 16:43:00-0300",26.25,26.63,17.72,22.9
"2026-09-06 16:44:00-0300",26.24,26.63,17.72,22.7
"2026-09-06 16:45:00-0300",26.24,26.63,17.72,22.9
"2026-09-06 16:46:00-0300",26.24,26.63,17.72,22.8
"2026-09-06 16:47:00-0300",26.24,26.63,17.72,22.9
"2026-09-06 16:48:00-0300",26.24,26.63,17.72,22.9
"2026-09-06 16:49:00-0300",26.23,26.63,17.72,22.9
"2026-09-06 16:50:00-0300",26.23,26.63,17.72,22.9
"2026-09-06 16:51:00-0300",26.23,26.63,17.72,22.9
"2026-09-06 16:52:00-0300",26.22,26.63,17.72,22.9
"2026-09-06 16:53:00-0300",26.22,26.63,17.72,22.9
"2026-09-06 16:54:00-0300",26.22,26.63,17.72,22.7
"2026-09-06 16:55:00-0300",26.22,26.62,17.72,22.9
"2026-09-06 16:56:00-0300",26.22,26.62,17.72,22.9
"2026-09-06 16:57:00-0300",26.21,26.62,17.72,22.8
"2026-09-06 16:58:00-0300",26.21,26.62,17.72,22.8
"2026-09-06 16:59:00-0300",26.21,26.62,17.72,22.8
"2026-09-06 17:00:00-0300",26.21,26.62,17.72,22.8
"2026-09-06 17:01:00-0300",26.21,26.62,17.72,22.9
"2026-09-06 17:02:00-0300",26.21,26.62,17.72,22.9
"2026-09-06 17:03:00-0300",26.2,26.62,17.72,22.9
"2026-09-06 17:04:00-0300",26.2,26.62,17.72,22.7
"2026-09-06 17:05:00-0300",26.2,26.62,17.72,22.9
"2026-09-06 17:06:00-0300",26.19,26.62,17.72,22.8
"2026-09-06 17:07:00-0300",26.19,26.62,17.72,22.8
"2026-09-06 17:08:00-0300",26.19,26.62,17.72,22.8
"2026-09-06 17:09:00-0300",26.19,26.62,17.72,22.8
"2026-09-06 17:10:00-0300",26.18,26.61,17.72,22.8
"2026-09-06 17:11:00-0300",26.18,26.61,17.72,22.7
"2026-09-06 17:12:00-0300",26.18,26.61,17.72,22.9
"2026-09-06 17:13:00-0300",26.18,26.61,17.72,22.7
"2026-09-06 17:14:00-0300",26.18,26.61,17.72,22.9
"2026-09-06 17:15:00-0300",26.18,26.61,17.72,22.8
"2026-09-06 17:16:00-0300",26.17,26.61,17.72,22.7
"2026-09-06 17:17:00-0300",26.17,26.61,17.72,22.8
"2026-09-06 17:18:00-0300",26.17,26.61,17.72,22.8
"2026-09-06 17:19:00-0300",26.17,26.61,17.72,22.8
"2026-09-06 17:20:00-0300",26.16,26.61,17.72,22.8
"2026-09-06 17:21:00-0300",26.16,26.61,17.72,22.8
"2026-09-06 17:22:00-0300",26.16,26.61,17.72,22.8
"2026-09-06 17:23:00-0300",26.16,26.6,17.72,22.9
"2026-09-06 17:24:00-0300",26.15,26.6,17.72,22.9
"2026-09-06 17:25:00-0300",26.15,26.6,17.72,22.7
"2026-09-06 17:26:00-0300",26.15,26.6,17.72,22.7
"2026-09-06 17:27:00-0300",26.15,26.6,17.72,22.8
"2026-09-06 17:28:00-0300",26.15,26.6,17.72,22.7
"2026-09-06 17:29:00-0300",26.14,26.6,17.72,22.9
"2026-09-06 17:30:00-0300",26.14,26.6,17.72,22.9
"2026-09-06 17:31:00-0300",26.14,26.6,17.72,22.8
"2026-09-06 17:32:00-0300",26.14,26.6,17.72,22.8
"2026-09-06 17:33:00-0300",26.14,26.6,17.72,22.7
"2026-09-06 17:34:00-0300",26.13,26.6,17.72,22.7
"2026-09-06 17:35:00-0300",26.13,26.6,17.72,22.8
"2026-09-06 17:36:00-0300",26.13,26.6,17.72,22.9
"2026-09-06 17:37:00-0300",26.13,26.6,17.72,22.8
"2026-09-06 17:38:00-0300",26.12,26.59,17.72,22.9
"2026-09-06 17:39:00-0300",26.12,26.59,17.72,22.9
"2026-09-06 17:40:00-0300",26.12,26.59,17.72,22.9
"2026-09-06 17:41:00-0300",26.12,26.59,17.72,22.8
"2026-09-06 17:42:00-0300",26.11,26.59,17.72,22.9
"2026-09-06 17:43:00-0300",26.11,26.59,17.72,22.8
"2026-09-06 17:44:00-0300",26.11,26.59,17.72,22.9
"2026-09-06 17:45:00-0300",26.11,26.59,17.72,22.7
"2026-09-06 17:46:00-0300",26.1,26.59,17.72,22.8
"2026-09-06 17:47:00-0300",26.1,26.59,17.72,22.8
"2026-09-06 17:48:00-0300",26.1,26.59,17.66,22.8
"2026-09-06 17:49:00-0300",26.1,26.59,17.72,22.8
"2026-09-06 17:50:00-0300",26.1,26.59,17.72,22.8
"2026-09-06 17:51:00-0300",26.1,26.59,17.72,22.9
"2026-09-06 17:52:00-0300",26.1,26.59,17.72,22.9
"2026-09-06 17:53:00-0300",26.09,26.58,17.72,22.7
"2026-09-06 17:54:00-0300",26.09,26.58,17.72,22.7
"2026-09-06 17:55:00-0300",26.09,26.58,17.66,22.7
"2026-09-06 17:56:00-0300",26.08,26.58,17.72,22.8
"2026-09-06 17:57:00-0300",26.08,26.58,17.66,22.7
"2026-09-06 17:58:00-0300",26.08,26.58,17.72,22.7
"2026-09-06 17:59:00-0300",26.08,26.58,17.72,22.8
"2026-09-06 18:00:00-0300",26.08,26.58,17.66,22.8
"2026-09-06 18:01:00-0300",26.07,26.58,17.66,22.8
"2026-09-06 18:02:00-0300",26.07,26.58,17.66,22.6
"2026-09-06 18:03:00-0300",26.07,26.58,17.66,22.7
"2026-09-06 18:04:00-0300",26.07,26.58,17.72,22.7
"2026-09-06 18:05:00-0300",26.06,26.58,17.66,22.7
"2026-09-06 18:06:00-0300",26.06,26.57,17.66,22.7
"2026-09-06 18:07:00-0300",26.06,26.57,17.72,22.6
"2026-09-06 18:08:00-0300",26.06,26.57,17.66,22.7
"2026-09-06 18:09:00-0300",26.05,26.57,17.66,22.6
"2026-09-06 18:10:00-0300",26.05,26.57,17.66,22.6
"2026-09-06 18:11:00-0300",26.05,26.57,17.66,22.7
"2026-09-06 18:12:00-0300",26.05,26.57,17.66,22.8
"2026-09-06 18:13:00-0300",26.05,26.57,17.66,22.7
"2026-09-06 18:14:00-0300",26.04,26.57,17.66,22.6
"2026-09-06 18:15:00-0300",26.04,26.57,17.66,22.6
"2026-09-06 18:16:00-0300",26.04,26.57,17.62,22.7
"2026-09-06 18:17:00-0300",26.04,26.57,17.66,22.7
"2026-09-06 18:18:00-0300",26.04,26.57,17.62,22.8
"2026-09-06 18:19:00-0300",26.03,26.57,17.66,22.8
"2026-09-06 18:20:00-0300",26.03,26.56,17.66,22.8
"2026-09-06 18:21:00-0300",26.03,26.56,17.66,22.7
"2026-09-06 18:22:00-0300",26.03,26.56,17.62,22.8
"2026-09-06 18:23:00-0300",26.03,26.56,17.66,22.8
"2026-09-06 18:24:00-0300",26.02,26.56,17.66,22.8
"2026-09-06 18:25:00-0300",26.02,26.56,17.62,22.8
"2026-09-06 18:26:00-0300",26.02,26.56,17.62,22.8
"2026-09-06 18:27:00-0300",26.02,26.56,17.62,22.7
"2026-09-06 18:28:00-0300",26.01,26.56,17.66,22.8
"2026-09-06 18:29:00-0300",26.01,26.56,17.62,22.8
"2026-09-06 18:30:00-0300",26.01,26.56,17.62,22.8
"2026-09-06 18:31:00-0300",26.01,26.56,17.62,22.8
"2026-09-06 18:32:00-0300",26.01,26.56,17.62,22.8
"2026-09-06 18:33:00-0300",26.01,26.56,17.62,22.8
"2026-09-06 18:34:00-0300",26.01,26.56,17.62,22.8
"2026-09-06 18:35:00-0300",26.01,26.56,17.56,22.8
"2026-09-06 18:36:00-0300",26,26.55,17.62,22.7
"2026-09-06 18:37:00-0300",26,26.55,17.62,22.6
"2026-09-06 18:38:00-0300",26,26.55,17.56,22.8
"2026-09-06 18:39:00-0300",25.99,26.55,17.56,22.6
"2026-09-06 18:40:00-0300",25.99,26.55,17.56,22.7
"2026-09-06 18:41:00-0300",25.99,26.55,17.56,22.8
"2026-09-06 18:42:00-0300",25.99,26.55,17.56,22.7
"2026-09-06 18:43:00-0300",25.99,26.55,17.62,22.7
"2026-09-06 18:44:00-0300",25.98,26.55,17.56,22.8
"2026-09-06 18:45:00-0300",25.98,26.55,17.56,22.8
"2026-09-06 18:46:00-0300",25.98,26.55,17.62,22.8
"2026-09-06 18:47:00-0300",25.98,26.55,17.56,22.8
"2026-09-06 18:48:00-0300",25.98,26.55,17.5,22.7
"2026-09-06 18:49:00-0300",25.97,26.55,17.56,22.8
"2026-09-06 18:50:00-0300",25.97,26.54,17.56,22.8
"2026-09-06 18:51:00-0300",25.97,26.54,17.56,22.8
"2026-09-06 18:52:00-0300",25.97,26.54,17.5,22.6
"2026-09-06 18:53:00-0300",25.97,26.54,17.5,22.7
"2026-09-06 18:54:00-0300",25.96,26.54,17.5,22.7
"2026-09-06 18:55:00-0300",25.96,26.54,17.5,22.7
"2026-09-06 18:56:00-0300",25.96,26.54,17.5,22.8
"2026-09-06 18:57:00-0300",25.96,26.54,17.5,22.8
"2026-09-06 18:58:00-0300",25.95,26.54,17.5,22.8
"2026-09-06 18:59:00-0300",25.95,26.54,17.56,22.8
"2026-09-06 19:00:00-0300",25.95,26.54,17.5,22.6
"2026-09-06 19:01:00-0300",25.95,26.54,17.5,22.7
"2026-09-06 19:02:00-0300",25.94,26.54,17.5,22.7
"2026-09-06 19:03:00-0300",25.94,26.54,17.5,22.6
"2026-09-06 19:04:00-0300",25.94,26.53,17.5,22.8
"2026-09-06 19:05:00-0300",25.94,26.53,17.5,22.6
"2026-09-06 19:06:00-0300",25.94,26.53,17.5,22.7
"2026-09-06 19:07:00-0300",25.93,26.53,17.5,22.7
"2026-09-06 19:08:00-0300",25.93,26.53,17.5,22.7
"2026-09-06 19:09:00-0300",25.93,26.53,17.5,22.8
"2026-09-06 19:10:00-0300",25.93,26.53,17.5,22.8
"2026-09-06 19:11:00-0300",25.93,26.53,17.5,22.7
"2026-09-06 19:12:00-0300",25.92,26.53,17.5,22.6
"2026-09-06 19:13:00-0300",25.92,26.53,17.5,22.7
"2026-09-06 19:14:00-0300",25.92,26.53,17.5,22.8
"2026-09-06 19:15:00-0300",25.92,26.53,17.5,22.7
"2026-09-06 19:16:00-0300",25.92,26.53,17.5,22.6
"2026-09-06 19:17:00-0300",25.91,26.53,17.5,22.7
"2026-09-06 19:18:00-0300",25.91,26.52,17.5,22.7
"2026-09-06 19:19:00-0300",25.91,26.53,17.5,22.7
"2026-09-06 19:20:00-0300",25.91,26.52,17.5,22.7
"2026-09-06 19:21:00-0300",25.91,26.52,17.5,22.7
"2026-09-06 19:22:00-0300",25.9,26.52,17.5,22.8
"2026-09-06 19:23:00-0300",25.9,26.52,17.5,22.6
"2026-09-06 19:24:00-0300",25.9,26.52,17.5,22.7
"2026-09-06 19:25:00-0300",25.9,26.52,17.5,22.7
"2026-09-06 19:26:00-0300",25.89,26.52,17.5,22.7
"2026-09-06 19:27:00-0300",25.89,26.52,17.5,22.8
"2026-09-06 19:28:00-0300",25.89,26.52,17.5,22.7
"2026-09-06 19:29:00-0300",25.89,26.52,17.5,22.7
"2026-09-06 19:30:00-0300",25.89,26.52,17.5,22.7
"2026-09-06 19:31:00-0300",25.88,26.52,17.5,22.7
"2026-09-06 19:32:00-0300",25.88,26.52,17.5,22.7
"2026-09-06 19:33:00-0300",25.88,26.52,17.5,22.7
"2026-09-06 19:34:00-0300",25.88,26.52,17.5,22.6
"2026-09-06 19:35:00-0300",25.88,26.52,17.5,22.7
"2026-09-06 19:36:00-0300",25.88,26.51,17.5,22.7
"2026-09-06 19:37:00-0300",25.88,26.51,17.5,22.6
"2026-09-06 19:38:00-0300",25.87,26.51,17.5,22.6
"2026-09-06 19:39:00-0300",25.87,26.51,17.5,22.7
"2026-09-06 19:40:00-0300",25.87,26.51,17.5,22.7
"2026-09-06 19:41:00-0300",25.87,26.51,17.5,22.7
"2026-09-06 19:42:00-0300",25.87,26.51,17.5,22.7
"2026-09-06 19:43:00-0300",25.87,26.51,17.5,22.7
"2026-09-06 19:44:00-0300",25.86,26.51,17.5,22.6
"2026-09-06 19:45:00-0300",25.86,26.51,17.5,22.7
"2026-09-06 19:46:00-0300",25.86,26.51,17.5,22.7
"2026-09-06 19:47:00-0300",25.85,26.51,17.5,22.7
"2026-09-06 19:48:00-0300",25.85,26.51,17.5,22.7
"2026-09-06 19:49:00-0300",25.85,26.51,17.5,22.7
"2026-09-06 19:50:00-0300",25.85,26.51,17.5,22.7
"2026-09-06 19:51:00-0300",25.84,26.5,17.5,22.7
"2026-09-06 19:52:00-0300",25.84,26.5,17.5,22.5
"2026-09-06 19:53:00-0300",25.84,26.5,17.5,22.7
"2026-09-06 19:54:00-0300",25.84,26.5,17.5,22.7
"2026-09-06 19:55:00-0300",25.83,26.5,17.5,22.7
"2026-09-06 19:56:00-0300",25.83,26.5,17.5,22.7
"2026-09-06 19:57:00-0300",25.83,26.5,17.5,22.7
"2026-09-06 19:58:00-0300",25.83,26.5,17.5,22.6
"2026-09-06 19:59:00-0300",25.83,26.5,17.5,22.7
"2026-09-06 20:00:00-0300",25.83,26.5,17.5,22.7
"2026-09-06 20:01:00-0300",25.82,26.5,17.5,22.7
"2026-09-06 20:02:00-0300",25.82,26.5,17.5,22.7
"2026-09-06 20:03:00-0300",25.82,26.5,17.5,22.6
"2026-09-06 20:04:00-0300",25.82,26.5,17.5,22.7
"2026-09-06 20:05:00-0300",25.82,26.5,17.5,22.6
"2026-09-06 20:06:00-0300",25.82,26.5,17.5,22.6
"2026-09-06 20:07:00-0300",25.81,26.49,17.5,22.6
"2026-09-06 20:08:00-0300",25.81,26.49,17.5,22.7
"2026-09-06 20:09:00-0300",25.81,26.49,17.5,22.6
"2026-09-06 20:10:00-0300",25.81,26.49,17.5,22.7
"2026-09-06 20:11:00-0300",25.81,26.49,17.5,22.7
"2026-09-06 20:12:00-0300",25.8,26.49,17.5,22.7
"2026-09-06 20:13:00-0300",25.81,26.49,17.5,22.7
"2026-09-06 20:14:00-0300",25.8,26.49,17.5,22.7
"2026-09-06 20:15:00-0300",25.8,26.49,17.5,22.7
"2026-09-06 20:16:00-0300",25.8,26.49,17.5,22.7
"2026-09-06 20:17:00-0300",25.8,26.49,17.5,22.7
"2026-09-06 20:18:00-0300",25.79,26.49,17.5,22.6
"2026-09-06 20:19:00-0300",25.79,26.49,17.5,22.7
"2026-09-06 20:20:00-0300",25.79,26.49,17.5,22.7
"2026-09-06 20:21:00-0300",25.79,26.49,17.5,22.7
"2026-09-06 20:22:00-0300",25.78,26.48,17.5,22.7
"2026-09-06 20:23:00-0300",25.79,26.48,17.5,22.7
"2026-09-06 20:24:00-0300",25.78,26.48,17.5,22.6
"2026-09-06 20:25:00-0300",25.78,26.48,17.5,22.7
"2026-09-06 20:26:00-0300",25.78,26.48,17.5,22.7
"2026-09-06 20:27:00-0300",25.78,26.48,17.5,22.7
"2026-09-06 20:28:00-0300",25.78,26.48,17.5,22.7
"2026-09-06 20:29:00-0300",25.77,26.48,17.5,22.6
"2026-09-06 20:30:00-0300",25.77,26.48,17.5,22.6
"2026-09-06 20:31:00-0300",25.77,26.48,17.5,22.6
"2026-09-06 20:32:00-0300",25.77,26.48,17.5,22.6
"2026-09-06 20:33:00-0300",25.76,26.48,17.5,22.7
"2026-09-06 20:34:00-0300",25.76,26.48,17.5,22.7
"2026-09-06 20:35:00-0300",25.76,26.48,17.5,22.6
"2026-09-06 20:36:00-0300",25.76,26.48,17.5,22.6
"2026-09-06 20:37:00-0300",25.76,26.48,17.5,22.6
"2026-09-06 20:38:00-0300",25.76,26.48,17.5,22.7
"2026-09-06 20:39:00-0300",25.75,26.47,17.5,22.7
"2026-09-06 20:40:00-0300",25.75,26.47,17.5,22.7
"2026-09-06 20:41:00-0300",25.75,26.47,17.5,22.7
"2026-09-06 20:42:00-0300",25.75,26.47,17.5,22.7
"2026-09-06 20:43:00-0300",25.75,26.47,17.5,22.6
"2026-09-06 20:44:00-0300",25.74,26.47,17.5,22.6
"2026-09-06 20:45:00-0300",25.74,26.47,17.5,22.7
"2026-09-06 20:46:00-0300",25.74,26.47,17.5,22.7
"2026-09-06 20:47:00-0300",25.74,26.47,17.5,22.7
"2026-09-06 20:48:00-0300",25.73,26.47,17.46,22.5
"2026-09-06 20:49:00-0300",25.74,26.47,17.5,22.7
"2026-09-06 20:50:00-0300",25.74,26.47,17.46,22.7
"2026-09-06 20:51:00-0300",25.73,26.47,17.5,22.5
"2026-09-06 20:52:00-0300",25.73,26.47,17.46,22.6
"2026-09-06 20:53:00-0300",25.73,26.47,17.5,22.7
"2026-09-06 20:54:00-0300",25.73,26.47,17.5,22.7
"2026-09-06 20:55:00-0300",25.73,26.47,17.5,22.7
"2026-09-06 20:56:00-0300",25.73,26.47,17.5,22.7
"2026-09-06 20:57:00-0300",25.72,26.46,17.5,22.7
"2026-09-06 20:58:00-0300",25.72,26.46,17.5,22.7
"2026-09-06 20:59:00-0300",25.72,26.46,17.46,22.7
"2026-09-06 21:00:00-0300",25.72,26.46,17.46,22.6
"2026-09-06 21:01:00-0300",25.71,26.46,17.5,22.6
"2026-09-06 21:02:00-0300",25.72,26.46,17.46,22.6
"2026-09-06 21:03:00-0300",25.71,26.46,17.5,22.7
"2026-09-06 21:04:00-0300",25.71,26.46,17.46,22.7
"2026-09-06 21:05:00-0300",25.71,26.46,17.5,22.7
"2026-09-06 21:06:00-0300",25.71,26.46,17.5,22.7
"2026-09-06 21:07:00-0300",25.71,26.46,17.46,22.7
"2026-09-06 21:08:00-0300",25.7,26.46,17.46,22.6
"2026-09-06 21:09:00-0300",25.7,26.46,17.5,22.5
"2026-09-06 21:10:00-0300",25.7,26.46,17.46,22.6
"2026-09-06 21:11:00-0300",25.7,26.46,17.46,22.6
"2026-09-06 21:12:00-0300",25.7,26.46,17.46,22.6
"2026-09-06 21:13:00-0300",25.7,26.46,17.46,22.7
"2026-09-06 21:14:00-0300",25.69,26.45,17.46,22.5
"2026-09-06 21:15:00-0300",25.69,26.45,17.46,22.5
"2026-09-06 21:16:00-0300",25.69,26.45,17.46,22.6
"2026-09-06 21:17:00-0300",25.69,26.45,17.46,22.6
"2026-09-06 21:18:00-0300",25.69,26.45,17.46,22.6
"2026-09-06 21:19:00-0300",25.69,26.45,17.46,22.5
"2026-09-06 21:20:00-0300",25.68,26.45,17.46,22.6
"2026-09-06 21:21:00-0300",25.68,26.45,17.46,22.6
"2026-09-06 21:22:00-0300",25.68,26.45,17.46,22.7
"2026-09-06 21:23:00-0300",25.68,26.45,17.46,22.6
"2026-09-06 21:24:00-0300",25.68,26.45,17.46,22.7
"2026-09-06 21:25:00-0300",25.68,26.45,17.46,22.5
"2026-09-06 21:26:00-0300",25.67,26.45,17.46,22.7
"2026-09-06 21:27:00-0300",25.67,26.45,17.46,22.6
"2026-09-06 21:28:00-0300",25.67,26.45,17.46,22.6
"2026-09-06 21:29:00-0300",25.67,26.45,17.4,22.6
"2026-09-06 21:30:00-0300",25.67,26.45,17.46,22.6
"2026-09-06 21:31:00-0300",25.66,26.44,17.46,22.6
"2026-09-06 21:32:00-0300",25.67,26.45,17.46,22.6
"2026-09-06 21:33:00-0300",25.66,26.45,17.46,22.6
"2026-09-06 21:34:00-0300",25.66,26.45,17.46,22.6
"2026-09-06 21:35:00-0300",25.66,26.44,17.4,22.7
"2026-09-06 21:36:00-0300",25.66,26.44,17.4,22.6
"2026-09-06 21:37:00-0300",25.66,26.44,17.4,22.5
"2026-09-06 21:38:00-0300",25.66,26.44,17.4,22.6
"2026-09-06 21:39:00-0300",25.66,26.44,17.4,22.6
"2026-09-06 21:40:00-0300",25.65,26.44,17.4,22.6
"2026-09-06 21:41:00-0300",25.65,26.44,17.4,22.6
"2026-09-06 21:42:00-0300",25.65,26.44,17.4,22.7
"2026-09-06 21:43:00-0300",25.65,26.44,17.46,22.5
"2026-09-06 21:44:00-0300",25.65,26.44,17.46,22.6
"2026-09-06 21:45:00-0300",25.65,26.44,17.4,22.6
"2026-09-06 21:46:00-0300",25.64,26.44,17.4,22.6
"2026-09-06 21:47:00-0300",25.64,26.44,17.46,22.6
"2026-09-06 21:48:00-0300",25.64,26.44,17.4,22.7
"2026-09-06 21:49:00-0300",25.64,26.44,17.4,22.6
"2026-09-06 21:50:00-0300",25.64,26.44,17.4,22.6
"2026-09-06 21:51:00-0300",25.64,26.44,17.46,22.6
"2026-09-06 21:52:00-0300",25.64,26.44,17.4,22.6
"2026-09-06 21:53:00-0300",25.63,26.44,17.4,22.6
"2026-09-06 21:54:00-0300",25.64,26.44,17.4,22.6
"2026-09-06 21:55:00-0300",25.65,26.44,17.4,22.6
"2026-09-06 21:56:00-0300",25.65,26.44,17.4,22.6
"2026-09-06 21:57:00-0300",25.64,26.44,17.4,22.5
"2026-09-06 21:58:00-0300",25.64,26.44,17.4,22.6
"2026-09-06 21:59:00-0300",25.64,26.44,17.4,22.5
"2026-09-06 22:00:00-0300",25.64,26.44,17.4,22.6
"2026-09-06 22:01:00-0300",25.64,26.44,17.4,22.6
"2026-09-06 22:02:00-0300",25.64,26.44,17.4,22.5
"2026-09-06 22:03:00-0300",25.64,26.44,17.4,22.5
"2026-09-06 22:04:00-0300",25.64,26.44,17.4,22.4
"2026-09-06 22:05:00-0300",25.64,26.44,17.4,22.5
"2026-09-06 22:06:00-0300",25.63,26.44,17.4,22.6
"2026-09-06 22:07:00-0300",25.63,26.43,17.4,22.5
"2026-09-06 22:08:00-0300",25.63,26.43,17.4,22.6
"2026-09-06 22:09:00-0300",25.63,26.43,17.4,22.6
"2026-09-06 22:10:00-0300",25.63,26.43,17.4,22.6
"2026-09-06 22:11:00-0300",25.62,26.43,17.4,22.5
"2026-09-06 22:12:00-0300",25.63,26.43,17.36,22.5
"2026-09-06 22:13:00-0300",25.63,26.43,17.4,22.6
"2026-09-06 22:14:00-0300",25.63,26.43,17.4,22.4
"2026-09-06 22:15:00-0300",25.62,26.43,17.4,22.6
"2026-09-06 22:16:00-0300",25.62,26.43,17.36,22.6
"2026-09-06 22:17:00-0300",25.62,26.43,17.4,22.6
"2026-09-06 22:18:00-0300",25.61,26.43,17.36,22.6
"2026-09-06 22:19:00-0300",25.61,26.43,17.36,22.6
"2026-09-06 22:20:00-0300",25.61,26.43,17.4,22.6
"2026-09-06 22:21:00-0300",25.61,26.43,17.4,22.6
"2026-09-06 22:22:00-0300",25.61,26.43,17.36,22.6
"2026-09-06 22:23:00-0300",25.61,26.43,17.36,22.6
"2026-09-06 22:24:00-0300",25.6,26.43,17.36,22.6
"2026-09-06 22:25:00-0300",25.6,26.42,17.36,22.6
"2026-09-06 22:26:00-0300",25.6,26.43,17.36,22.5
"2026-09-06 22:27:00-0300",25.6,26.42,17.36,22.6
"2026-09-06 22:28:00-0300",25.6,26.42,17.36,22.6
"2026-09-06 22:29:00-0300",25.6,26.42,17.36,22.6
"2026-09-06 22:30:00-0300",25.59,26.42,17.36,22.6
"2026-09-06 22:31:00-0300",25.59,26.42,17.36,22.6
"2026-09-06 22:32:00-0300",25.59,26.42,17.36,22.6
"2026-09-06 22:33:00-0300",25.59,26.42,17.36,22.4
"2026-09-06 22:34:00-0300",25.58,26.42,17.36,22.6
"2026-09-06 22:35:00-0300",25.58,26.42,17.36,22.5
"2026-09-06 22:36:00-0300",25.58,26.42,17.36,22.5
"2026-09-06 22:37:00-0300",25.58,26.42,17.36,22.6
"2026-09-06 22:38:00-0300",25.58,26.42,17.36,22.6
"2026-09-06 22:39:00-0300",25.58,26.42,17.36,22.6
"2026-09-06 22:40:00-0300",25.58,26.42,17.36,22.6
"2026-09-06 22:41:00-0300",25.57,26.42,17.36,22.6
"2026-09-06 22:42:00-0300",25.57,26.41,17.36,22.6
"2026-09-06 22:43:00-0300",25.56,26.41,17.36,22.6
"2026-09-06 22:44:00-0300",25.57,26.41,17.36,22.6
"2026-09-06 22:45:00-0300",25.57,26.41,17.36,22.6
"2026-09-06 22:46:00-0300",25.56,26.41,17.36,22.4
"2026-09-06 22:47:00-0300",25.56,26.41,17.36,22.6
"2026-09-06 22:48:00-0300",25.57,26.41,17.36,22.6
"2026-09-06 22:49:00-0300",25.56,26.41,17.36,22.6
"2026-09-06 22:50:00-0300",25.56,26.41,17.36,22.6
"2026-09-06 22:51:00-0300",25.56,26.41,17.36,22.6
"2026-09-06 22:52:00-0300",25.56,26.41,17.36,22.6
"2026-09-06 22:53:00-0300",25.55,26.41,17.36,22.5
"2026-09-06 22:54:00-0300",25.56,26.41,17.36,22.6
"2026-09-06 22:55:00-0300",25.56,26.41,17.36,22.5
"2026-09-06 22:56:00-0300",25.55,26.41,17.36,22.5
"2026-09-06 22:57:00-0300",25.55,26.41,17.36,22.6
"2026-09-06 22:58:00-0300",25.55,26.41,17.36,22.6
"2026-09-06 22:59:00-0300",25.55,26.41,17.36,22.6
"2026-09-06 23:00:00-0300",25.54,26.41,17.36,22.6
"2026-09-06 23:01:00-0300",25.54,26.41,17.36,22.6
"2026-09-06 23:02:00-0300",25.54,26.41,17.36,22.7
"2026-09-06 23:03:00-0300",25.54,26.4,17.36,22.6
"2026-09-06 23:04:00-0300",25.54,26.4,17.36,22.6
"2026-09-06 23:05:00-0300",25.52,26.4,17.36,22.6
"2026-09-06 23:06:00-0300",25.52,26.4,17.36,22.5
"2026-09-06 23:07:00-0300",25.52,26.4,17.36,22.5
"2026-09-06 23:08:00-0300",25.52,26.4,17.36,22.6
"2026-09-06 23:09:00-0300",25.51,26.4,17.36,22.6
"2026-09-06 23:10:00-0300",25.52,26.4,17.36,22.6
"2026-09-06 23:11:00-0300",25.51,26.4,17.36,22.6
"2026-09-06 23:12:00-0300",25.51,26.4,17.36,22.5
"2026-09-06 23:13:00-0300",25.51,26.4,17.36,22.6
"2026-09-06 23:14:00-0300",25.51,26.4,17.36,22.5
"2026-09-06 23:15:00-0300",25.51,26.39,17.36,22.6
"2026-09-06 23:16:00-0300",25.51,26.4,17.36,22.6
"2026-09-06 23:17:00-0300",25.51,26.4,17.36,22.6
"2026-09-06 23:18:00-0300",25.5,26.39,17.36,22.6
"2026-09-06 23:19:00-0300",25.51,26.39,17.36,22.6
"2026-09-06 23:20:00-0300",25.51,26.39,17.36,22.5
"2026-09-06 23:21:00-0300",25.51,26.39,17.36,22.6
"2026-09-06 23:22:00-0300",25.5,26.39,17.36,22.6
"2026-09-06 23:23:00-0300",25.5,26.39,17.36,22.6
"2026-09-06 23:24:00-0300",25.5,26.39,17.36,22.6
"2026-09-06 23:25:00-0300",25.5,26.39,17.36,22.6
"2026-09-06 23:26:00-0300",25.49,26.39,17.36,22.6
"2026-09-06 23:27:00-0300",25.49,26.39,17.36,22.6
"2026-09-06 23:28:00-0300",25.49,26.39,17.36,22.6
"2026-09-06 23:29:00-0300",25.49,26.39,17.36,22.6
"2026-09-06 23:30:00-0300",25.49,26.39,17.36,22.6
"2026-09-06 23:31:00-0300",25.49,26.39,17.36,22.6
"2026-09-06 23:32:00-0300",25.49,26.39,17.36,22.6
"2026-09-06 23:33:00-0300",25.49,26.39,17.36,22.6
"2026-09-06 23:34:00-0300",25.49,26.39,17.36,22.5
"2026-09-06 23:35:00-0300",25.49,26.39,17.36,22.5
"2026-09-06 23:36:00-0300",25.49,26.39,17.36,22.5
"2026-09-06 23:37:00-0300",25.49,26.39,17.36,22.5
"2026-09-06 23:38:00-0300",25.48,26.39,17.36,22.6
"2026-09-06 23:39:00-0300",25.48,26.39,17.36,22.5
"2026-09-06 23:40:00-0300",25.48,26.39,17.36,22.6
"2026-09-06 23:41:00-0300",25.48,26.38,17.36,22.5
"2026-09-06 23:42:00-0300",25.48,26.38,17.36,22.4
"2026-09-06 23:43:00-0300",25.47,26.38,17.36,22.5
"2026-09-06 23:44:00-0300",25.47,26.38,17.36,22.6
"2026-09-06 23:45:00-0300",25.47,26.38,17.36,22.5
"2026-09-06 23:46:00-0300",25.47,26.38,17.36,22.5
"2026-09-06 23:47:00-0300",25.47,26.38,17.3,22.6
"2026-09-06 23:48:00-0300",25.47,26.38,17.36,22.6
"2026-09-06 23:49:00-0300",25.47,26.38,17.36,22.6
"2026-09-06 23:50:00-0300",25.47,26.38,17.36,22.6
"2026-09-06 23:51:00-0300",25.47,26.38,17.36,22.4
"2026-09-06 23:52:00-0300",25.46,26.38,17.36,22.5
"2026-09-06 23:53:00-0300",25.47,26.38,17.36,22.6
"2026-09-06 23:54:00-0300",25.47,26.38,17.36,22.6
"2026-09-06 23:55:00-0300",25.47,26.38,17.36,22.4
"2026-09-06 23:56:00-0300",25.47,26.38,17.36,22.6
"2026-09-06 23:57:00-0300",25.45,26.38,17.36,22.6
"2026-09-06 23:58:00-0300",25.46,26.38,17.36,22.6
"2026-09-06 23:59:00-0300",25.47,26.38,17.36,22.6
"2026-09-07 00:00:00-0300",25.46,26.38,17.36,22.6
"2026-09-07 00:01:00-0300",25.45,26.38,17.36,22.5
"2026-09-07 00:02:00-0300",25.46,26.38,17.36,22.4
"2026-09-07 00:03:00-0300",25.46,26.38,17.3,22.6
"2026-09-07 00:04:00-0300",25.45,26.38,17.36,22.6
"2026-09-07 00:05:00-0300",25.45,26.37,17.36,22.6
"2026-09-07 00:06:00-0300",25.45,26.38,17.36,22.6
"2026-09-07 00:07:00-0300",25.45,26.37,17.36,22.4
"2026-09-07 00:08:00-0300",25.45,26.37,17.36,22.5
"2026-09-07 00:09:00-0300",25.44,26.37,17.36,22.6
"2026-09-07 00:10:00-0300",25.44,26.37,17.36,22.6
"2026-09-07 00:11:00-0300",25.44,26.37,17.36,22.5
"2026-09-07 00:12:00-0300",25.43,26.37,17.36,22.6
"2026-09-07 00:13:00-0300",25.43,26.37,17.36,22.5
"2026-09-07 00:14:00-0300",25.43,26.37,17.36,22.6
"2026-09-07 00:15:00-0300",25.44,26.37,17.36,22.5
"2026-09-07 00:16:00-0300",25.44,26.37,17.36,22.6
"2026-09-07 00:17:00-0300",25.43,26.37,17.36,22.5
"2026-09-07 00:18:00-0300",25.43,26.37,17.36,22.6
"2026-09-07 00:19:00-0300",25.43,26.37,17.3,22.6
"2026-09-07 00:20:00-0300",25.43,26.37,17.36,22.6
"2026-09-07 00:21:00-0300",25.43,26.37,17.3,22.4
"2026-09-07 00:22:00-0300",25.43,26.37,17.36,22.5
"2026-09-07 00:23:00-0300",25.42,26.37,17.36,22.4
"2026-09-07 00:24:00-0300",25.42,26.37,17.36,22.5
"2026-09-07 00:25:00-0300",25.42,26.37,17.36,22.6
"2026-09-07 00:26:00-0300",25.42,26.37,17.36,22.6
"2026-09-07 00:27:00-0300",25.42,26.37,17.36,22.6
"2026-09-07 00:28:00-0300",25.42,26.37,17.36,22.6
"2026-09-07 00:29:00-0300",25.41,26.36,17.36,22.6
"2026-09-07 00:30:00-0300",25.42,26.36,17.36,22.6
"2026-09-07 00:31:00-0300",25.41,26.36,17.36,22.6
"2026-09-07 00:32:00-0300",25.41,26.36,17.3,22.6
"2026-09-07 00:33:00-0300",25.41,26.36,17.3,22.6
"2026-09-07 00:34:00-0300",25.4,26.36,17.36,22.6
"2026-09-07 00:35:00-0300",25.4,26.36,17.36,22.6
"2026-09-07 00:36:00-0300",25.4,26.36,17.36,22.6
"2026-09-07 00:37:00-0300",25.4,26.36,17.36,22.5
"2026-09-07 00:38:00-0300",25.4,26.36,17.36,22.6
"2026-09-07 00:39:00-0300",25.4,26.36,17.36,22.6
"2026-09-07 00:40:00-0300",25.39,26.35,17.3,22.4
"2026-09-07 00:41:00-0300",25.39,26.35,17.36,22.4
"2026-09-07 00:42:00-0300",25.39,26.35,17.36,22.5
"2026-09-07 00:43:00-0300",25.39,26.36,17.36,22.6
"2026-09-07 00:44:00-0300",25.38,26.35,17.3,22.5
"2026-09-07 00:45:00-0300",25.37,26.35,17.3,22.5
"2026-09-07 00:46:00-0300",25.38,26.35,17.36,22.5
"2026-09-07 00:47:00-0300",25.37,26.35,17.36,22.5
"2026-09-07 00:48:00-0300",25.36,26.35,17.3,22.6
"2026-09-07 00:49:00-0300",25.36,26.35,17.36,22.5
"2026-09-07 00:50:00-0300",25.36,26.35,17.3,22.6
"2026-09-07 00:51:00-0300",25.36,26.35,17.3,22.5
"2026-09-07 00:52:00-0300",25.36,26.35,17.3,22.4
"2026-09-07 00:53:00-0300",25.36,26.35,17.3,22.5
"2026-09-07 00:54:00-0300",25.36,26.34,17.3,22.5
"2026-09-07 00:55:00-0300",25.35,26.34,17.3,22.6
"2026-09-07 00:56:00-0300",25.36,26.34,17.3,22.4
"2026-09-07 00:57:00-0300",25.35,26.34,17.3,22.5
"2026-09-07 00:58:00-0300",25.35,26.34,17.3,22.6
"2026-09-07 00:59:00-0300",25.35,26.34,17.3,22.5
"2026-09-07 01:00:00-0300",25.35,26.34,17.3,22.5
"2026-09-07 01:01:00-0300",25.34,26.34,17.36,22.5
"2026-09-07 01:02:00-0300",25.34,26.34,17.3,22.5
"2026-09-07 01:03:00-0300",25.34,26.34,17.3,22.5
"2026-09-07 01:04:00-0300",25.34,26.34,17.3,22.5
"2026-09-07 01:05:00-0300",25.34,26.34,17.36,22.5
"2026-09-07 01:06:00-0300",25.34,26.34,17.36,22.4
"2026-09-07 01:07:00-0300",25.34,26.34,17.36,22.5
"2026-09-07 01:08:00-0300",25.33,26.34,17.3,22.5
"2026-09-07 01:09:00-0300",25.33,26.34,17.3,22.5
"2026-09-07 01:10:00-0300",25.33,26.34,17.3,22.5
"2026-09-07 01:11:00-0300",25.33,26.34,17.36,22.6
"2026-09-07 01:12:00-0300",25.33,26.34,17.3,22.5
"2026-09-07 01:13:00-0300",25.32,26.33,17.3,22.5
"2026-09-07 01:14:00-0300",25.33,26.34,17.3,22.5
"2026-09-07 01:15:00-0300",25.33,26.34,17.3,22.5
"2026-09-07 01:16:00-0300",25.33,26.34,17.3,22.5
"2026-09-07 01:17:00-0300",25.32,26.33,17.3,22.5
"2026-09-07 01:18:00-0300",25.32,26.33,17.36,22.5
"2026-09-07 01:19:00-0300",25.32,26.33,17.3,22.5
"2026-09-07 01:20:00-0300",25.32,26.33,17.3,22.5
"2026-09-07 01:21:00-0300",25.32,26.33,17.3,22.4
"2026-09-07 01:22:00-0300",25.32,26.33,17.3,22.4
"2026-09-07 01:23:00-0300",25.32,26.33,17.26,22.5
"2026-09-07 01:24:00-0300",25.32,26.33,17.3,22.5
"2026-09-07 01:25:00-0300",25.32,26.33,17.3,22.5
"2026-09-07 01:26:00-0300",25.31,26.33,17.3,22.5
"2026-09-07 01:27:00-0300",25.31,26.33,17.3,22.5
"2026-09-07 01:28:00-0300",25.31,26.33,17.26,22.4
"2026-09-07 01:29:00-0300",25.31,26.33,17.3,22.5
"2026-09-07 01:30:00-0300",25.31,26.33,17.3,22.5
"2026-09-07 01:31:00-0300",25.31,26.33,17.3,22.5
"2026-09-07 01:32:00-0300",25.31,26.33,17.3,22.5
"2026-09-07 01:33:00-0300",25.31,26.33,17.26,22.5
"2026-09-07 01:34:00-0300",25.3,26.33,17.3,22.5
"2026-09-07 01:35:00-0300",25.3,26.33,17.26,22.4
"2026-09-07 01:36:00-0300",25.3,26.33,17.3,22.5
"2026-09-07 01:37:00-0300",25.3,26.33,17.26,22.5
"2026-09-07 01:38:00-0300",25.29,26.32,17.26,22.5
"2026-09-07 01:39:00-0300",25.3,26.33,17.26,22.5
"2026-09-07 01:40:00-0300",25.3,26.33,17.26,22.5
"2026-09-07 01:41:00-0300",25.29,26.32,17.26,22.5
"2026-09-07 01:42:00-0300",25.29,26.32,17.26,22.3
"2026-09-07 01:43:00-0300",25.29,26.32,17.26,22.5
"2026-09-07 01:44:00-0300",25.29,26.32,17.26,22.4
"2026-09-07 01:45:00-0300",25.29,26.32,17.26,22.5
"2026-09-07 01:46:00-0300",25.29,26.32,17.3,22.5
"2026-09-07 01:47:00-0300",25.29,26.32,17.26,22.5
"2026-09-07 01:48:00-0300",25.29,26.32,17.26,22.5
"2026-09-07 01:49:00-0300",25.29,26.32,17.26,22.5
"2026-09-07 01:50:00-0300",25.28,26.32,17.26,22.3
"2026-09-07 01:51:00-0300",25.28,26.32,17.2,22.4
"2026-09-07 01:52:00-0300",25.28,26.32,17.26,22.3
"2026-09-07 01:53:00-0300",25.28,26.32,17.26,22.5
"2026-09-07 01:54:00-0300",25.28,26.32,17.26,22.5
"2026-09-07 01:55:00-0300",25.27,26.32,17.26,22.5
"2026-09-07 01:56:00-0300",25.28,26.32,17.2,22.5
"2026-09-07 01:57:00-0300",25.28,26.32,17.2,22.5
"2026-09-07 01:58:00-0300",25.27,26.32,17.2,22.5
"2026-09-07 01:59:00-0300",25.27,26.32,17.26,22.4
"2026-09-07 02:00:00-0300",25.27,26.32,17.2,22.3
"2026-09-07 02:01:00-0300",25.27,26.32,17.2,22.5
"2026-09-07 02:02:00-0300",25.27,26.32,17.2,22.5
"2026-09-07 02:03:00-0300",25.27,26.32,17.26,22.5
"2026-09-07 02:04:00-0300",25.27,26.32,17.16,22.5
"2026-09-07 02:05:00-0300",25.27,26.32,17.2,22.5
"2026-09-07 02:06:00-0300",25.26,26.31,17.16,22.5
"2026-09-07 02:07:00-0300",25.27,26.32,17.2,22.5
"2026-09-07 02:08:00-0300",25.26,26.31,17.2,22.5
"2026-09-07 02:09:00-0300",25.26,26.31,17.2,22.4
"2026-09-07 02:10:00-0300",25.26,26.31,17.2,22.4
"2026-09-07 02:11:00-0300",25.26,26.31,17.2,22.5
"2026-09-07 02:12:00-0300",25.25,26.31,17.16,22.5
"2026-09-07 02:13:00-0300",25.26,26.31,17.2,22.5
"2026-09-07 02:14:00-0300",25.25,26.31,17.16,22.5
"2026-09-07 02:15:00-0300",25.25,26.31,17.2,22.3
"2026-09-07 02:16:00-0300",25.25,26.31,17.2,22.4
"2026-09-07 02:17:00-0300",25.25,26.31,17.2,22.4
"2026-09-07 02:18:00-0300",25.25,26.31,17.16,22.5
"2026-09-07 02:19:00-0300",25.25,26.31,17.16,22.5
"2026-09-07 02:20:00-0300",25.24,26.31,17.16,22.5
"2026-09-07 02:21:00-0300",25.24,26.31,17.2,22.5
"2026-09-07 02:22:00-0300",25.24,26.31,17.16,22.3
"2026-09-07 02:23:00-0300",25.24,26.31,17.16,22.5
"2026-09-07 02:24:00-0300",25.24,26.31,17.16,22.5
"2026-09-07 02:25:00-0300",25.23,26.31,17.16,22.4
"2026-09-07 02:26:00-0300",25.24,26.31,17.16,22.4
"2026-09-07 02:27:00-0300",25.24,26.31,17.16,22.5
"2026-09-07 02:28:00-0300",25.23,26.31,17.16,22.4
"2026-09-07 02:29:00-0300",25.23,26.31,17.16,22.5
"2026-09-07 02:30:00-0300",25.23,26.3,17.16,22.5
"2026-09-07 02:31:00-0300",25.23,26.3,17.16,22.5
"2026-09-07 02:32:00-0300",25.23,26.3,17.16,22.3
"2026-09-07 02:33:00-0300",25.23,26.3,17.16,22.4
"2026-09-07 02:34:00-0300",25.22,26.3,17.16,22.3
"2026-09-07 02:35:00-0300",25.23,26.3,17.16,22.4
"2026-09-07 02:36:00-0300",25.23,26.3,17.16,22.5
"2026-09-07 02:37:00-0300",25.23,26.3,17.16,22.4
"2026-09-07 02:38:00-0300",25.22,26.3,17.16,22.5
"2026-09-07 02:39:00-0300",25.23,26.3,17.16,22.4
"2026-09-07 02:40:00-0300",25.22,26.3,17.16,22.5
"2026-09-07 02:41:00-0300",25.22,26.3,17.16,22.3
"2026-09-07 02:42:00-0300",25.22,26.3,17.16,22.4
"2026-09-07 02:43:00-0300",25.22,26.3,17.16,22.3
"2026-09-07 02:44:00-0300",25.22,26.3,17.16,22.3
"2026-09-07 02:45:00-0300",25.22,26.3,17.16,22.3
"2026-09-07 02:46:00-0300",25.22,26.3,17.16,22.4
"2026-09-07 02:47:00-0300",25.22,26.3,17.16,22.4
"2026-09-07 02:48:00-0300",25.22,26.3,17.16,22.3
"2026-09-07 02:49:00-0300",25.22,26.3,17.16,22.4
"2026-09-07 02:50:00-0300",25.21,26.3,17.16,22.4
"2026-09-07 02:51:00-0300",25.21,26.3,17.16,22.5
"2026-09-07 02:52:00-0300",25.21,26.3,17.16,22.5
"2026-09-07 02:53:00-0300",25.21,26.3,17.16,22.3
"2026-09-07 02:54:00-0300",25.21,26.3,17.16,22.4
"2026-09-07 02:55:00-0300",25.2,26.3,17.16,22.3
"2026-09-07 02:56:00-0300",25.21,26.3,17.16,22.4
"2026-09-07 02:57:00-0300",25.21,26.3,17.16,22.4
"2026-09-07 02:58:00-0300",25.21,26.3,17.16,22.4
"2026-09-07 02:59:00-0300",25.2,26.29,17.16,22.4
"2026-09-07 03:00:00-0300",25.2,26.3,17.16,22.4
"2026-09-07 03:01:00-0300",25.2,26.29,17.16,22.4
"2026-09-07 03:02:00-0300",25.2,26.29,17.16,22.5
"2026-09-07 03:03:00-0300",25.2,26.29,17.16,22.3
"2026-09-07 03:04:00-0300",25.2,26.29,17.16,22.3
"2026-09-07 03:05:00-0300",25.2,26.29,17.16,22.4
"2026-09-07 03:06:00-0300",25.2,26.29,17.16,22.4
"2026-09-07 03:07:00-0300",25.2,26.29,17.16,22.4
"2026-09-07 03:08:00-0300",25.2,26.29,17.16,22.5
"2026-09-07 03:09:00-0300",25.19,26.29,17.16,22.5
"2026-09-07 03:10:00-0300",25.19,26.29,17.16,22.3
"2026-09-07 03:11:00-0300",25.19,26.29,17.16,22.4
"2026-09-07 03:12:00-0300",25.18,26.29,17.16,22.4
"2026-09-07 03:13:00-0300",25.19,26.29,17.16,22.4
"2026-09-07 03:14:00-0300",25.19,26.29,17.16,22.5
"2026-09-07 03:15:00-0300",25.18,26.29,17.16,22.5
"2026-09-07 03:16:00-0300",25.18,26.29,17.16,22.3
"2026-09-07 03:17:00-0300",25.19,26.29,17.16,22.3
"2026-09-07 03:18:00-0300",25.18,26.29,17.16,22.3
"2026-09-07 03:19:00-0300",25.18,26.29,17.16,22.4
"2026-09-07 03:20:00-0300",25.17,26.28,17.16,22.4
"2026-09-07 03:21:00-0300",25.18,26.29,17.16,22.4
"2026-09-07 03:22:00-0300",25.18,26.29,17.16,22.4
"2026-09-07 03:23:00-0300",25.18,26.29,17.16,22.4
"2026-09-07 03:24:00-0300",25.17,26.28,17.16,22.4
"2026-09-07 03:25:00-0300",25.17,26.29,17.16,22.4
"2026-09-07 03:26:00-0300",25.17,26.29,17.16,22.4
"2026-09-07 03:27:00-0300",25.17,26.28,17.16,22.3
"2026-09-07 03:28:00-0300",25.16,26.28,17.16,22.3
"2026-09-07 03:29:00-0300",25.17,26.28,17.16,22.3
"2026-09-07 03:30:00-0300",25.17,26.28,17.16,22.4
"2026-09-07 03:31:00-0300",25.17,26.28,17.16,22.4
"2026-09-07 03:32:00-0300",25.17,26.28,17.16,22.4
"2026-09-07 03:33:00-0300",25.17,26.28,17.16,22.4
"2026-09-07 03:34:00-0300",25.17,26.28,17.16,22.4
"2026-09-07 03:35:00-0300",25.16,26.28,17.16,22.3
"2026-09-07 03:36:00-0300",25.16,26.28,17.16,22.4
"2026-09-07 03:37:00-0300",25.16,26.28,17.16,22.4
"2026-09-07 03:38:00-0300",25.16,26.28,17.16,22.4
"2026-09-07 03:39:00-0300",25.16,26.28,17.16,22.4
"2026-09-07 03:40:00-0300",25.16,26.28,17.16,22.4
"2026-09-07 03:41:00-0300",25.15,26.28,17.16,22.5
"2026-09-07 03:42:00-0300",25.16,26.28,17.16,22.3
"2026-09-07 03:43:00-0300",25.16,26.28,17.16,22.3
"2026-09-07 03:44:00-0300",25.15,26.28,17.16,22.4
"2026-09-07 03:45:00-0300",25.14,26.28,17.16,22.4
"2026-09-07 03:46:00-0300",25.15,26.28,17.16,22.4
"2026-09-07 03:47:00-0300",25.15,26.28,17.16,22.4
"2026-09-07 03:48:00-0300",25.15,26.28,17.16,22.3
"2026-09-07 03:49:00-0300",25.14,26.28,17.16,22.3
"2026-09-07 03:50:00-0300",25.15,26.28,17.16,22.4
"2026-09-07 03:51:00-0300",25.15,26.28,17.16,22.4
"2026-09-07 03:52:00-0300",25.15,26.28,17.16,22.4
"2026-09-07 03:53:00-0300",25.14,26.27,17.16,22.4
"2026-09-07 03:54:00-0300",25.15,26.28,17.16,22.4
"2026-09-07 03:55:00-0300",25.14,26.28,17.16,22.4
"2026-09-07 03:56:00-0300",25.14,26.27,17.16,22.4
"2026-09-07 03:57:00-0300",25.13,26.27,17.16,22.3
"2026-09-07 03:58:00-0300",25.14,26.27,17.16,22.3
"2026-09-07 03:59:00-0300",25.14,26.27,17.16,22.4
"2026-09-07 04:00:00-0300",25.14,26.27,17.16,22.4
"2026-09-07 04:01:00-0300",25.13,26.27,17.16,22.4
"2026-09-07 04:02:00-0300",25.13,26.27,17.16,22.4
"2026-09-07 04:03:00-0300",25.13,26.27,17.16,22.2
"2026-09-07 04:04:00-0300",25.13,26.27,17.16,22.4
"2026-09-07 04:05:00-0300",25.13,26.27,17.16,22.4
"2026-09-07 04:06:00-0300",25.13,26.27,17.16,22.4
"2026-09-07 04:07:00-0300",25.13,26.27,17.16,22.4
"2026-09-07 04:08:00-0300",25.13,26.27,17.16,22.4
"2026-09-07 04:09:00-0300",25.12,26.27,17.16,22.3
"2026-09-07 04:10:00-0300",25.13,26.27,17.16,22.2
"2026-09-07 04:11:00-0300",25.13,26.27,17.16,22.4
"2026-09-07 04:12:00-0300",25.12,26.27,17.16,22.3
"2026-09-07 04:13:00-0300",25.12,26.27,17.16,22.3
"2026-09-07 04:14:00-0300",25.12,26.27,17.16,22.3
"2026-09-07 04:15:00-0300",25.12,26.27,17.16,22.4
"2026-09-07 04:16:00-0300",25.12,26.27,17.16,22.4
"2026-09-07 04:17:00-0300",25.12,26.27,17.16,22.2
"2026-09-07 04:18:00-0300",25.12,26.27,17.16,22.4
"2026-09-07 04:19:00-0300",25.12,26.27,17.16,22.3
"2026-09-07 04:20:00-0300",25.12,26.27,17.16,22.4
"2026-09-07 04:21:00-0300",25.12,26.27,17.16,22.4
"2026-09-07 04:22:00-0300",25.12,26.27,17.16,22.3
"2026-09-07 04:23:00-0300",25.12,26.27,17.16,22.4
"2026-09-07 04:24:00-0300",25.12,26.27,17.16,22.4
"2026-09-07 04:25:00-0300",25.12,26.27,17.16,22.4
"2026-09-07 04:26:00-0300",25.12,26.27,17.16,22.4
"2026-09-07 04:27:00-0300",25.11,26.27,17.16,22.4
"2026-09-07 04:28:00-0300",25.11,26.27,17.16,22.3
"2026-09-07 04:29:00-0300",25.11,26.27,17.16,22.3
"2026-09-07 04:30:00-0300",25.1,26.26,17.16,22.4
"2026-09-07 04:31:00-0300",25.11,26.26,17.16,22.2
"2026-09-07 04:32:00-0300",25.11,26.26,17.16,22.3
"2026-09-07 04:33:00-0300",25.11,26.26,17.16,22.4
"2026-09-07 04:34:00-0300",25.1,26.26,17.16,22.4
"2026-09-07 04:35:00-0300",25.11,26.26,17.16,22.4
"2026-09-07 04:36:00-0300",25.11,26.26,17.16,22.4
"2026-09-07 04:37:00-0300",25.11,26.26,17.16,22.3
"2026-09-07 04:38:00-0300",25.09,26.26,17.16,22.3
"2026-09-07 04:39:00-0300",25.1,26.26,17.16,22.3
"2026-09-07 04:40:00-0300",25.1,26.26,17.16,22.3
"2026-09-07 04:41:00-0300",25.1,26.26,17.16,22.4
"2026-09-07 04:42:00-0300",25.1,26.26,17.16,22.2
"2026-09-07 04:43:00-0300",25.1,26.26,17.16,22.4
"2026-09-07 04:44:00-0300",25.1,26.26,17.16,22.3
"2026-09-07 04:45:00-0300",25.1,26.26,17.16,22.4
"2026-09-07 04:46:00-0300",25.09,26.26,17.16,22.3
"2026-09-07 04:47:00-0300",25.09,26.26,17.16,22.3
"2026-09-07 04:48:00-0300",25.09,26.26,17.16,22.3
"2026-09-07 04:49:00-0300",25.09,26.26,17.16,22.3
"2026-09-07 04:50:00-0300",25.09,26.26,17.16,22.4
"2026-09-07 04:51:00-0300",25.08,26.26,17.16,22.3
"2026-09-07 04:52:00-0300",25.09,26.26,17.16,22.4
"2026-09-07 04:53:00-0300",25.09,26.26,17.16,22.4
"2026-09-07 04:54:00-0300",25.09,26.26,17.16,22.4
"2026-09-07 04:55:00-0300",25.08,26.25,17.16,22.4
"2026-09-07 04:56:00-0300",25.09,26.26,17.16,22.3
"2026-09-07 04:57:00-0300",25.09,26.26,17.16,22.3
"2026-09-07 04:58:00-0300",25.08,26.26,17.16,22.3
"2026-09-07 04:59:00-0300",25.07,26.25,17.16,22.4
"2026-09-07 05:00:00-0300",25.08,26.25,17.16,22.4
"2026-09-07 05:01:00-0300",25.08,26.25,17.16,22.3
"2026-09-07 05:02:00-0300",25.08,26.25,17.16,22.3
"2026-09-07 05:03:00-0300",25.07,26.25,17.16,22.3
"2026-09-07 05:04:00-0300",25.08,26.25,17.16,22.3
"2026-09-07 05:05:00-0300",25.08,26.25,17.16,22.4
"2026-09-07 05:06:00-0300",25.07,26.25,17.16,22.3
"2026-09-07 05:07:00-0300",25.07,26.25,17.16,22.3
"2026-09-07 05:08:00-0300",25.07,26.25,17.16,22.3
"2026-09-07 05:09:00-0300",25.07,26.25,17.16,22.2
"2026-09-07 05:10:00-0300",25.07,26.25,17.16,22.3
"2026-09-07 05:11:00-0300",25.07,26.25,17.16,22.3
"2026-09-07 05:12:00-0300",25.07,26.25,17.16,22.3
"2026-09-07 05:13:00-0300",25.07,26.25,17.16,22.3
"2026-09-07 05:14:00-0300",25.07,26.25,17.16,22.4
"2026-09-07 05:15:00-0300",25.07,26.25,17.16,22.2
"2026-09-07 05:16:00-0300",25.06,26.25,17.16,22.3
"2026-09-07 05:17:00-0300",25.07,26.25,17.16,22.3
"2026-09-07 05:18:00-0300",25.06,26.25,17.16,22.3
"2026-09-07 05:19:00-0300",25.06,26.25,17.16,22.3
"2026-09-07 05:20:00-0300",25.06,26.25,17.16,22.4
"2026-09-07 05:21:00-0300",25.06,26.25,17.16,22.3
"2026-09-07 05:22:00-0300",25.06,26.25,17.16,22.3
"2026-09-07 05:23:00-0300",25.06,26.25,17.16,22.3
"2026-09-07 05:24:00-0300",25.06,26.25,17.16,22.2
"2026-09-07 05:25:00-0300",25.06,26.25,17.16,22.2
"2026-09-07 05:26:00-0300",25.06,26.25,17.16,22.3
"2026-09-07 05:27:00-0300",25.06,26.25,17.16,22.3
"2026-09-07 05:28:00-0300",25.05,26.25,17.16,22.3
"2026-09-07 05:29:00-0300",25.05,26.24,17.16,22.3
"2026-09-07 05:30:00-0300",25.05,26.25,17.16,22.3
"2026-09-07 05:31:00-0300",25.05,26.25,17.16,22.2
"2026-09-07 05:32:00-0300",25.05,26.25,17.16,22.3
"2026-09-07 05:33:00-0300",25.04,26.24,17.16,22.3
"2026-09-07 05:34:00-0300",25.05,26.24,17.16,22.2
"2026-09-07 05:35:00-0300",25.05,26.24,17.16,22.3
"2026-09-07 05:36:00-0300",25.05,26.24,17.16,22.3
"2026-09-07 05:37:00-0300",25.05,26.24,17.16,22.3
"2026-09-07 05:38:00-0300",25.05,26.24,17.16,22.3
"2026-09-07 05:39:00-0300",25.05,26.24,17.16,22.2
"2026-09-07 05:40:00-0300",25.04,26.24,17.16,22.2
"2026-09-07 05:41:00-0300",25.04,26.24,17.16,22.3
"2026-09-07 05:42:00-0300",25.03,26.24,17.16,22.3
"2026-09-07 05:43:00-0300",25.04,26.24,17.16,22.3
"2026-09-07 05:44:00-0300",25.04,26.24,17.16,22.3
"2026-09-07 05:45:00-0300",25.04,26.24,17.16,22.1
"2026-09-07 05:46:00-0300",25.03,26.24,17.16,22.2
"2026-09-07 05:47:00-0300",25.04,26.24,17.16,22.3
"2026-09-07 05:48:00-0300",25.04,26.24,17.16,22.3
"2026-09-07 05:49:00-0300",25.04,26.24,17.16,22.3
"2026-09-07 05:50:00-0300",25.04,26.24,17.16,22.3
"2026-09-07 05:51:00-0300",25.03,26.24,17.16,22.3
"2026-09-07 05:52:00-0300",25.03,26.24,17.16,22.3
"2026-09-07 05:53:00-0300",25.03,26.24,17.16,22.3
"2026-09-07 05:54:00-0300",25.03,26.24,17.16,22.3
"2026-09-07 05:55:00-0300",25.03,26.24,17.16,22.3
"2026-09-07 05:56:00-0300",25.03,26.24,17.16,22.3
"2026-09-07 05:57:00-0300",25.03,26.24,17.16,22.3
"2026-09-07 05:58:00-0300",25.03,26.24,17.16,22.3
"2026-09-07 05:59:00-0300",25.02,26.23,17.16,22.3
"2026-09-07 06:00:00-0300",25.03,26.24,17.1,22.3
"2026-09-07 06:01:00-0300",25.02,26.24,17.16,22.3
"2026-09-07 06:02:00-0300",25.02,26.24,17.16,22.3
"2026-09-07 06:03:00-0300",25.01,26.23,17.16,22.2
"2026-09-07 06:04:00-0300",25.02,26.23,17.1,22.3
"2026-09-07 06:05:00-0300",25.02,26.23,17.16,22.3
"2026-09-07 06:06:00-0300",25.02,26.23,17.16,22.2
"2026-09-07 06:07:00-0300",25.01,26.23,17.16,22.3
"2026-09-07 06:08:00-0300",25.02,26.23,17.16,22.3
"2026-09-07 06:09:00-0300",25.02,26.23,17.16,22.3
"2026-09-07 06:10:00-0300",25.02,26.23,17.16,22.3
"2026-09-07 06:11:00-0300",25.02,26.23,17.1,22.3
"2026-09-07 06:12:00-0300",25.01,26.23,17.1,22.1
"2026-09-07 06:13:00-0300",25.01,26.23,17.16,22.2
"2026-09-07 06:14:00-0300",25.01,26.23,17.1,22.3
"2026-09-07 06:15:00-0300",25.01,26.23,17.16,22.3
"2026-09-07 06:16:00-0300",25.01,26.23,17.16,22.2
"2026-09-07 06:17:00-0300",25.01,26.23,17.16,22.3
"2026-09-07 06:18:00-0300",25.01,26.23,17.1,22.2
"2026-09-07 06:19:00-0300",25.01,26.23,17.1,22.3
"2026-09-07 06:20:00-0300",25,26.23,17.16,22.1
"2026-09-07 06:21:00-0300",25,26.23,17.1,22.2
"2026-09-07 06:22:00-0300",25,26.23,17.16,22.3
"2026-09-07 06:23:00-0300",25,26.23,17.1,22.3
"2026-09-07 06:24:00-0300",24.99,26.23,17.1,22.3
"2026-09-07 06:25:00-0300",25,26.23,17.1,22.3
"2026-09-07 06:26:00-0300",25,26.23,17.1,22.3
"2026-09-07 06:27:00-0300",25,26.23,17.1,22.2
"2026-09-07 06:28:00-0300",24.99,26.23,17.1,22.1
"2026-09-07 06:29:00-0300",25,26.23,17.1,22.3
"2026-09-07 06:30:00-0300",25,26.23,17.1,22.3
"2026-09-07 06:31:00-0300",24.99,26.23,17.1,22.3
"2026-09-07 06:32:00-0300",24.99,26.22,17.16,22.3
"2026-09-07 06:33:00-0300",24.99,26.23,17.1,22.3
"2026-09-07 06:34:00-0300",24.99,26.23,17.1,22.3
"2026-09-07 06:35:00-0300",24.99,26.23,17.1,22.3
"2026-09-07 06:36:00-0300",24.99,26.23,17.1,22.2
"2026-09-07 06:37:00-0300",24.99,26.23,17.1,22.2
"2026-09-07 06:38:00-0300",24.99,26.22,17.06,22.2
"2026-09-07 06:39:00-0300",24.99,26.22,17.16,22.3
"2026-09-07 06:40:00-0300",24.99,26.22,17.06,22.3
"2026-09-07 06:41:00-0300",24.99,26.22,17.1,22.3
"2026-09-07 06:42:00-0300",24.98,26.22,17.06,22.1
"2026-09-07 06:43:00-0300",24.99,26.22,17.1,22.2
"2026-09-07 06:44:00-0300",24.98,26.22,17.1,22.3
"2026-09-07 06:45:00-0300",24.98,26.22,17.1,22.2
"2026-09-07 06:46:00-0300",24.98,26.22,17.06,22.3
"2026-09-07 06:47:00-0300",24.98,26.22,17.1,22.3
"2026-09-07 06:48:00-0300",24.98,26.22,17.06,22.3
"2026-09-07 06:49:00-0300",24.97,26.22,17.1,22.1
"2026-09-07 06:50:00-0300",24.98,26.22,17.06,22.3
"2026-09-07 06:51:00-0300",24.98,26.22,17.06,22.3
"2026-09-07 06:52:00-0300",24.98,26.22,17.06,22.3
"2026-09-07 06:53:00-0300",24.98,26.22,17.1,22.3
"2026-09-07 06:54:00-0300",24.98,26.22,17.1,22.3
"2026-09-07 06:55:00-0300",24.98,26.22,17.1,22.2
"2026-09-07 06:56:00-0300",24.98,26.22,17.1,22.3
"2026-09-07 06:57:00-0300",24.97,26.22,17.06,22.3
"2026-09-07 06:58:00-0300",24.97,26.22,17.06,22.2
"2026-09-07 06:59:00-0300",24.97,26.22,17.06,22.2
"2026-09-07 07:00:00-0300",24.97,26.22,17.06,22.3
"2026-09-07 07:01:00-0300",24.97,26.22,17.1,22.3
"2026-09-07 07:02:00-0300",24.97,26.22,17.06,22.3
"2026-09-07 07:03:00-0300",24.97,26.22,17.06,22.3
"2026-09-07 07:04:00-0300",24.97,26.22,17.1,22.2
"2026-09-07 07:05:00-0300",24.96,26.22,17.06,22.3
"2026-09-07 07:06:00-0300",24.97,26.22,17.06,22.1
"2026-09-07 07:07:00-0300",24.97,26.22,17.06,22.3
"2026-09-07 07:08:00-0300",24.97,26.22,17.06,22.1
"2026-09-07 07:09:00-0300",24.96,26.21,17.1,22.3
"2026-09-07 07:10:00-0300",24.96,26.22,17.06,22.2
"2026-09-07 07:11:00-0300",24.96,26.22,17.06,22.3
"2026-09-07 07:12:00-0300",24.96,26.22,17.06,22.2
"2026-09-07 07:13:00-0300",24.95,26.21,17.06,22.2
"2026-09-07 07:14:00-0300",24.96,26.22,17.06,22.3
"2026-09-07 07:15:00-0300",24.96,26.21,17,22.3
"2026-09-07 07:16:00-0300",24.96,26.21,17.06,22.2
"2026-09-07 07:17:00-0300",24.95,26.21,17.1,22.2
"2026-09-07 07:18:00-0300",24.96,26.21,17.06,22.3
"2026-09-07 07:19:00-0300",24.96,26.21,17.06,22.3
"2026-09-07 07:20:00-0300",24.96,26.21,17.06,22.3
"2026-09-07 07:21:00-0300",24.95,26.21,17.06,22.3
"2026-09-07 07:22:00-0300",24.95,26.21,17.06,22.3
"2026-09-07 07:23:00-0300",24.95,26.21,17.06,22.3
"2026-09-07 07:24:00-0300",24.95,26.21,17.06,22.1
"2026-09-07 07:25:00-0300",24.94,26.21,17.06,22.2
"2026-09-07 07:26:00-0300",24.95,26.21,17.06,22.2
"2026-09-07 07:27:00-0300",24.95,26.21,17.06,22.3
"2026-09-07 07:28:00-0300",24.95,26.21,17.06,22.3
"2026-09-07 07:29:00-0300",24.94,26.21,17.06,22.3
"2026-09-07 07:30:00-0300",24.95,26.21,17.06,22.3
"2026-09-07 07:31:00-0300",24.95,26.21,17.06,22.3
"2026-09-07 07:32:00-0300",24.95,26.21,17.06,22.2
"2026-09-07 07:33:00-0300",24.94,26.21,17,22.2
"2026-09-07 07:34:00-0300",24.94,26.21,17,22.3
"2026-09-07 07:35:00-0300",24.94,26.21,17.06,22.3
"2026-09-07 07:36:00-0300",24.94,26.21,17.06,22.3
"2026-09-07 07:37:00-0300",24.93,26.21,17.06,22.3
"2026-09-07 07:38:00-0300",24.94,26.21,17,22.3
"2026-09-07 07:39:00-0300",24.94,26.21,17,22.2
"2026-09-07 07:40:00-0300",24.94,26.21,17,22.3
"2026-09-07 07:41:00-0300",24.93,26.21,17.06,22.2
"2026-09-07 07:42:00-0300",24.94,26.21,17,22.3
"2026-09-07 07:43:00-0300",24.94,26.21,17,22.3
"2026-09-07 07:44:00-0300",24.94,26.21,17,22.3
"2026-09-07 07:45:00-0300",24.93,26.2,17.06,22.3
"2026-09-07 07:46:00-0300",24.93,26.21,17,22.3
"2026-09-07 07:47:00-0300",24.94,26.21,17,22.2
"2026-09-07 07:48:00-0300",24.93,26.21,17,22.2
"2026-09-07 07:49:00-0300",24.92,26.2,17,22.2
"2026-09-07 07:50:00-0300",24.93,26.21,17,22.2
"2026-09-07 07:51:00-0300",24.93,26.21,17,22.2
"2026-09-07 07:52:00-0300",24.93,26.21,17.06,22.3
"2026-09-07 07:53:00-0300",24.93,26.21,17,22.3
"2026-09-07 07:54:00-0300",24.93,26.2,17,22.3
"2026-09-07 07:55:00-0300",24.93,26.2,17,22.3
"2026-09-07 07:56:00-0300",24.93,26.2,17.06,22.2
"2026-09-07 07:57:00-0300",24.93,26.2,17,22.2
"2026-09-07 07:58:00-0300",24.93,26.2,17,22.2
"2026-09-07 07:59:00-0300",24.93,26.2,17,22.3
"2026-09-07 08:00:00-0300",24.93,26.2,17,22.3
"2026-09-07 08:01:00-0300",24.92,26.2,17,22.3
"2026-09-07 08:02:00-0300",24.92,26.2,17,22.3
"2026-09-07 08:03:00-0300",24.92,26.2,17,22.2
"2026-09-07 08:04:00-0300",24.92,26.2,17,22.3
"2026-09-07 08:05:00-0300",24.92,26.2,17,22.2
"2026-09-07 08:06:00-0300",24.92,26.2,17,22.2
"2026-09-07 08:07:00-0300",24.92,26.2,17,22.3
"2026-09-07 08:08:00-0300",24.92,26.2,17,22.2
"2026-09-07 08:09:00-0300",24.92,26.2,17,22.2
"2026-09-07 08:10:00-0300",24.91,26.2,17,22.2
"2026-09-07 08:11:00-0300",24.92,26.2,17,22.2
"2026-09-07 08:12:00-0300",24.92,26.2,17,22.3
"2026-09-07 08:13:00-0300",24.92,26.2,17,22.3
"2026-09-07 08:14:00-0300",24.91,26.2,17.06,22.1
"2026-09-07 08:15:00-0300",24.92,26.2,17,22.2
"2026-09-07 08:16:00-0300",24.92,26.2,17,22.2
"2026-09-07 08:17:00-0300",24.92,26.2,17,22.3
"2026-09-07 08:18:00-0300",24.91,26.2,17,22.3
"2026-09-07 08:19:00-0300",24.91,26.2,17,22.2
"2026-09-07 08:20:00-0300",24.91,26.2,17,22.1
"2026-09-07 08:21:00-0300",24.91,26.2,17,22.1
"2026-09-07 08:22:00-0300",24.91,26.2,17,22.2
"2026-09-07 08:23:00-0300",24.91,26.2,17,22.2
"2026-09-07 08:24:00-0300",24.91,26.2,17,22.2
"2026-09-07 08:25:00-0300",24.91,26.2,17,22.3
"2026-09-07 08:26:00-0300",24.91,26.2,17,22.1
"2026-09-07 08:27:00-0300",24.91,26.2,17,22.2
"2026-09-07 08:28:00-0300",24.91,26.2,17,22.1
"2026-09-07 08:29:00-0300",24.91,26.2,17,22.2
"2026-09-07 08:30:00-0300",24.91,26.2,17,22.1
"2026-09-07 08:31:00-0300",24.9,26.2,17,22.2
"2026-09-07 08:32:00-0300",24.91,26.2,17,22.2
"2026-09-07 08:33:00-0300",24.91,26.2,17,22.2
"2026-09-07 08:34:00-0300",24.9,26.2,17,22.2
"2026-09-07 08:35:00-0300",24.9,26.19,17,22.2
"2026-09-07 08:36:00-0300",24.9,26.2,17,22.2
"2026-09-07 08:37:00-0300",24.9,26.2,17,22.2
"2026-09-07 08:38:00-0300",24.9,26.2,17,22.2
"2026-09-07 08:39:00-0300",24.9,26.2,17,22.2
"2026-09-07 08:40:00-0300",24.9,26.2,17,22.2
"2026-09-07 08:41:00-0300",24.9,26.2,17,22.2
"2026-09-07 08:42:00-0300",24.9,26.2,17,22.2
"2026-09-07 08:43:00-0300",24.9,26.2,17,22.2
"2026-09-07 08:44:00-0300",24.9,26.2,17,22.2
"2026-09-07 08:45:00-0300",24.9,26.2,17,22.2
"2026-09-07 08:46:00-0300",24.9,26.2,17,22
"2026-09-07 08:47:00-0300",24.9,26.19,17,22
"2026-09-07 08:48:00-0300",24.9,26.2,17,22.1
"2026-09-07 08:49:00-0300",24.9,26.19,17,22.2
"2026-09-07 08:50:00-0300",24.9,26.19,17,22.2
"2026-09-07 08:51:00-0300",24.9,26.19,17,22.2
"2026-09-07 08:52:00-0300",24.89,26.19,17,22.2
"2026-09-07 08:53:00-0300",24.9,26.19,17,22.2
"2026-09-07 08:54:00-0300",24.89,26.19,17,22.2
"2026-09-07 08:55:00-0300",24.9,26.19,17,22.2
"2026-09-07 08:56:00-0300",24.89,26.19,17,22
"2026-09-07 08:57:00-0300",24.89,26.19,17,22.1
"2026-09-07 08:58:00-0300",24.89,26.19,17,22.2
"2026-09-07 08:59:00-0300",24.89,26.19,17,22.2
"2026-09-07 09:00:00-0300",24.89,26.19,17,22.2
"2026-09-07 09:01:00-0300",24.89,26.19,17,22.2
"2026-09-07 09:02:00-0300",24.89,26.19,17,22.2
"2026-09-07 09:03:00-0300",24.89,26.19,17,22.1
"2026-09-07 09:04:00-0300",24.89,26.19,17,22.2
"2026-09-07 09:05:00-0300",24.88,26.19,17,22.2
"2026-09-07 09:06:00-0300",24.89,26.19,17,22
"2026-09-07 09:07:00-0300",24.89,26.19,17,22.2
"2026-09-07 09:08:00-0300",24.89,26.19,17,22.2
"2026-09-07 09:09:00-0300",24.88,26.19,17,22.2
"2026-09-07 09:10:00-0300",24.89,26.19,17,22.2
"2026-09-07 09:11:00-0300",24.89,26.19,17,22.2
"2026-09-07 09:12:00-0300",24.89,26.19,17,22.1
"2026-09-07 09:13:00-0300",24.89,26.19,17,22.1
"2026-09-07 09:14:00-0300",24.89,26.19,17,22.2
"2026-09-07 09:15:00-0300",24.89,26.19,17,22.2
"2026-09-07 09:16:00-0300",24.88,26.19,17,22.2
"2026-09-07 09:17:00-0300",24.88,26.19,17,22.2
"2026-09-07 09:18:00-0300",24.88,26.19,17,22.2
"2026-09-07 09:19:00-0300",24.88,26.19,17,22.1
"2026-09-07 09:20:00-0300",24.88,26.19,17,22.1
"2026-09-07 09:21:00-0300",24.88,26.19,17,22.2
"2026-09-07 09:22:00-0300",24.88,26.19,17,22.2
"2026-09-07 09:23:00-0300",24.88,26.19,17,22.2
"2026-09-07 09:24:00-0300",24.88,26.19,17,22.2
"2026-09-07 09:25:00-0300",24.88,26.19,17,22.1
"2026-09-07 09:26:00-0300",24.88,26.19,17,22
"2026-09-07 09:27:00-0300",24.88,26.19,17,22
"2026-09-07 09:28:00-0300",24.88,26.19,17,22
"2026-09-07 09:29:00-0300",24.88,26.19,17,22.2
"2026-09-07 09:30:00-0300",24.88,26.19,17,22.2
"2026-09-07 09:31:00-0300",24.88,26.19,17,22
"2026-09-07 09:32:00-0300",24.88,26.19,17,22.1
"2026-09-07 09:33:00-0300",24.88,26.19,17,22.1
"2026-09-07 09:34:00-0300",24.88,26.19,17,22.2
"2026-09-07 09:35:00-0300",24.87,26.19,17,22.2
"2026-09-07 09:36:00-0300",24.88,26.19,17,22.1
"2026-09-07 09:37:00-0300",24.88,26.19,17,22.1
"2026-09-07 09:38:00-0300",24.88,26.19,17,22.1
"2026-09-07 09:39:00-0300",24.88,26.19,17,22.1
"2026-09-07 09:40:00-0300",24.88,26.19,17,22.1
"2026-09-07 09:41:00-0300",24.87,26.19,17,22.1
"2026-09-07 09:42:00-0300",24.87,26.19,17,22
"2026-09-07 09:43:00-0300",24.87,26.19,17,22.1
"2026-09-07 09:44:00-0300",24.87,26.19,17,22.1
"2026-09-07 09:45:00-0300",24.87,26.19,17,22.1
"2026-09-07 09:46:00-0300",24.87,26.19,17,22.1
"2026-09-07 09:47:00-0300",24.87,26.19,17,22.1
"2026-09-07 09:48:00-0300",24.87,26.18,17,22.1
"2026-09-07 09:49:00-0300",24.87,26.19,17,22.1
"2026-09-07 09:50:00-0300",24.87,26.19,17,22.1
"2026-09-07 09:51:00-0300",24.87,26.19,17,22.1
"2026-09-07 09:52:00-0300",24.86,26.18,17,21.9
"2026-09-07 09:53:00-0300",24.87,26.19,17,22.1
"2026-09-07 09:54:00-0300",24.87,26.19,17,22.2
"2026-09-07 09:55:00-0300",24.87,26.19,17,22.1
"2026-09-07 09:56:00-0300",24.86,26.18,17,22.1
"2026-09-07 09:57:00-0300",24.87,26.19,17,22
"2026-09-07 09:58:00-0300",24.87,26.19,17,22.1
"2026-09-07 09:59:00-0300",24.87,26.19,17,22.1
"2026-09-07 10:00:00-0300",24.86,26.18,17,22.1
"2026-09-07 10:01:00-0300",24.87,26.18,17,22.1
"2026-09-07 10:02:00-0300",24.87,26.18,17,22.1
"2026-09-07 10:03:00-0300",24.87,26.18,17,22.1
"2026-09-07 10:04:00-0300",24.87,26.18,17,21.9
"2026-09-07 10:05:00-0300",24.87,26.18,17,22.1
"2026-09-07 10:06:00-0300",24.87,26.18,17,22.1
"2026-09-07 10:07:00-0300",24.87,26.18,17,22.1
"2026-09-07 10:08:00-0300",24.86,26.18,17,22.1
"2026-09-07 10:09:00-0300",24.86,26.18,17,22.1
"2026-09-07 10:10:00-0300",24.86,26.18,17,22.1
"2026-09-07 10:11:00-0300",24.86,26.18,17,22.1
"2026-09-07 10:12:00-0300",24.86,26.18,17,22.1
"2026-09-07 10:13:00-0300",24.86,26.18,17,22.1
"2026-09-07 10:14:00-0300",24.86,26.18,17,22.1
"2026-09-07 10:15:00-0300",24.86,26.18,17,21.9
"2026-09-07 10:16:00-0300",24.86,26.18,16.96,22.1
"2026-09-07 10:17:00-0300",24.86,26.18,17,22.1
"2026-09-07 10:18:00-0300",24.86,26.18,17,22.1
"2026-09-07 10:19:00-0300",24.86,26.18,17,22
"2026-09-07 10:20:00-0300",24.86,26.18,17,22.1
"2026-09-07 10:21:00-0300",24.86,26.18,17,22.1
"2026-09-07 10:22:00-0300",24.86,26.18,17,22.1
"2026-09-07 10:23:00-0300",24.86,26.18,17,22.1
"2026-09-07 10:24:00-0300",24.86,26.18,17,22
"2026-09-07 10:25:00-0300",24.86,26.18,17,22.1
"2026-09-07 10:26:00-0300",24.86,26.18,17,22.1
"2026-09-07 10:27:00-0300",24.86,26.18,17,22.1
"2026-09-07 10:28:00-0300",24.86,26.18,17,22.1
"2026-09-07 10:29:00-0300",24.86,26.18,17,22.1
"2026-09-07 10:30:00-0300",24.86,26.18,17,22.1
"2026-09-07 10:31:00-0300",24.86,26.18,17,22.1
"2026-09-07 10:32:00-0300",24.86,26.18,17,21.9
"2026-09-07 10:33:00-0300",24.86,26.18,17,21.9
"2026-09-07 10:34:00-0300",24.85,26.18,16.96,22
"2026-09-07 10:35:00-0300",24.86,26.18,16.96,22.1
"2026-09-07 10:36:00-0300",24.86,26.18,17,22
"2026-09-07 10:37:00-0300",24.86,26.18,17,22
"2026-09-07 10:38:00-0300",24.85,26.18,17,22
"2026-09-07 10:39:00-0300",24.85,26.18,17,22.1
"2026-09-07 10:40:00-0300",24.86,26.18,17,22.1
"2026-09-07 10:41:00-0300",24.85,26.18,16.96,22.1
"2026-09-07 10:42:00-0300",24.85,26.18,17,22.1
"2026-09-07 10:43:00-0300",24.85,26.18,17,22.1
"2026-09-07 10:44:00-0300",24.85,26.18,17,22.1
"2026-09-07 10:45:00-0300",24.85,26.18,17,22
"2026-09-07 10:46:00-0300",24.85,26.18,17,21.9
"2026-09-07 10:47:00-0300",24.84,26.18,16.96,22.1
"2026-09-07 10:48:00-0300",24.85,26.18,16.96,22
"2026-09-07 10:49:00-0300",24.85,26.18,17,21.9
"2026-09-07 10:50:00-0300",24.85,26.18,17,22
"2026-09-07 10:51:00-0300",24.85,26.18,17,21.9
"2026-09-07 10:52:00-0300",24.85,26.18,17,22.1
"2026-09-07 10:53:00-0300",24.85,26.18,17,22
"2026-09-07 10:54:00-0300",24.85,26.18,17,22
"2026-09-07 10:55:00-0300",24.85,26.18,16.96,22
"2026-09-07 10:56:00-0300",24.84,26.18,16.96,22
"2026-09-07 10:57:00-0300",24.85,26.18,17,21.9
"2026-09-07 10:58:00-0300",24.85,26.18,16.96,22
"2026-09-07 10:59:00-0300",24.85,26.18,16.96,22
"2026-09-07 11:00:00-0300",24.84,26.18,17,22
"2026-09-07 11:01:00-0300",24.85,26.18,16.96,22.1
"2026-09-07 11:02:00-0300",24.85,26.18,17,22
"2026-09-07 11:03:00-0300",24.85,26.18,16.96,21.9
"2026-09-07 11:04:00-0300",24.85,26.18,17,21.9
"2026-09-07 11:05:00-0300",24.85,26.18,17,21.9
"2026-09-07 11:06:00-0300",24.85,26.18,17,22
"2026-09-07 11:07:00-0300",24.85,26.18,17,22
"2026-09-07 11:08:00-0300",24.85,26.18,16.96,22
"2026-09-07 11:09:00-0300",24.84,26.17,16.96,21.9
"2026-09-07 11:10:00-0300",24.84,26.18,16.96,22
"2026-09-07 11:11:00-0300",24.85,26.18,16.96,22
"2026-09-07 11:12:00-0300",24.85,26.18,16.96,21.9
"2026-09-07 11:13:00-0300",24.84,26.17,16.96,22
"2026-09-07 11:14:00-0300",24.84,26.18,16.96,22
"2026-09-07 11:15:00-0300",24.85,26.18,16.96,22
"2026-09-07 11:16:00-0300",24.84,26.18,16.96,22
"2026-09-07 11:17:00-0300",24.85,26.18,16.96,22
"2026-09-07 11:18:00-0300",24.84,26.18,16.96,22
"2026-09-07 11:19:00-0300",24.84,26.18,16.96,21.9
"2026-09-07 11:20:00-0300",24.84,26.18,16.96,22
"2026-09-07 11:21:00-0300",24.84,26.18,16.96,22
"2026-09-07 11:22:00-0300",24.84,26.17,16.96,21.9
"2026-09-07 11:23:00-0300",24.84,26.18,16.96,22
"2026-09-07 11:24:00-0300",24.84,26.18,16.96,21.9
"2026-09-07 11:25:00-0300",24.84,26.18,16.96,22
"2026-09-07 11:26:00-0300",24.84,26.18,16.96,22
"2026-09-07 11:27:00-0300",24.84,26.18,16.96,22
"2026-09-07 11:28:00-0300",24.84,26.18,16.89,22
"2026-09-07 11:29:00-0300",24.84,26.18,16.96,22
"2026-09-07 11:30:00-0300",24.84,26.18,16.96,21.9
"2026-09-07 11:31:00-0300",24.84,26.17,16.96,21.9
"2026-09-07 11:32:00-0300",24.84,26.18,16.96,22
"2026-09-07 11:33:00-0300",24.84,26.18,16.96,21.8
"2026-09-07 11:34:00-0300",24.84,26.18,16.96,21.9
"2026-09-07 11:35:00-0300",24.83,26.17,16.96,21.9
"2026-09-07 11:36:00-0300",24.84,26.18,16.96,22
"2026-09-07 11:37:00-0300",24.84,26.18,16.96,22
"2026-09-07 11:38:00-0300",24.84,26.18,16.96,22
"2026-09-07 11:39:00-0300",24.84,26.18,16.89,21.9
"2026-09-07 11:40:00-0300",24.84,26.18,16.89,21.9
"2026-09-07 11:41:00-0300",24.84,26.18,16.96,21.9
"2026-09-07 11:42:00-0300",24.84,26.18,16.96,22
"2026-09-07 11:43:00-0300",24.84,26.18,16.89,22
"2026-09-07 11:44:00-0300",24.83,26.17,16.89,22
"2026-09-07 11:45:00-0300",24.84,26.17,16.89,21.8
"2026-09-07 11:46:00-0300",24.84,26.17,16.89,21.9
"2026-09-07 11:47:00-0300",24.84,26.18,16.89,21.9
"2026-09-07 11:48:00-0300",24.83,26.17,16.89,22
"2026-09-07 11:49:00-0300",24.84,26.17,16.89,22
"2026-09-07 11:50:00-0300",24.84,26.17,16.89,22
"2026-09-07 11:51:00-0300",24.84,26.17,16.89,22
"2026-09-07 11:52:00-0300",24.84,26.17,16.89,21.9
"2026-09-07 11:53:00-0300",24.83,26.17,16.89,21.8
"2026-09-07 11:54:00-0300",24.84,26.17,16.89,21.9
"2026-09-07 11:55:00-0300",24.83,26.17,16.89,21.9
"2026-09-07 11:56:00-0300",24.84,26.17,16.89,21.9
"2026-09-07 11:57:00-0300",24.83,26.17,16.89,21.9
"2026-09-07 11:58:00-0300",24.84,26.17,16.89,22
"2026-09-07 11:59:00-0300",24.84,26.17,16.89,21.9
"2026-09-07 12:00:00-0300",24.83,26.17,16.89,21.8
"2026-09-07 12:01:00-0300",24.84,26.17,16.89,21.9
"2026-09-07 12:02:00-0300",24.83,26.17,16.89,21.8
"2026-09-07 12:03:00-0300",24.83,26.17,16.89,21.8
"2026-09-07 12:04:00-0300",24.83,26.17,16.89,21.8
"2026-09-07 12:05:00-0300",24.83,26.17,16.89,21.8
"2026-09-07 12:06:00-0300",24.83,26.17,16.89,21.8
"2026-09-07 12:07:00-0300",24.83,26.17,16.89,21.9
"2026-09-07 12:08:00-0300",24.83,26.17,16.89,21.8
"2026-09-07 12:09:00-0300",24.83,26.17,16.89,21.8
"2026-09-07 12:10:00-0300",24.83,26.17,16.85,21.8
"2026-09-07 12:11:00-0300",24.82,26.17,16.89,21.8
"2026-09-07 12:12:00-0300",24.83,26.17,16.89,21.9
"2026-09-07 12:13:00-0300",24.83,26.17,16.85,21.9
"2026-09-07 12:14:00-0300",24.83,26.17,16.85,21.9
"2026-09-07 12:15:00-0300",24.82,26.17,16.85,21.9
"2026-09-07 12:16:00-0300",24.83,26.17,16.89,21.9
"2026-09-07 12:17:00-0300",24.83,26.17,16.85,21.9
"2026-09-07 12:18:00-0300",24.83,26.17,16.85,21.9
"2026-09-07 12:19:00-0300",24.83,26.17,16.85,21.8
"2026-09-07 12:20:00-0300",24.83,26.17,16.85,21.7
"2026-09-07 12:21:00-0300",24.83,26.17,16.89,21.9
"2026-09-07 12:22:00-0300",24.83,26.17,16.85,21.9
"2026-09-07 12:23:00-0300",24.82,26.17,16.85,21.9
"2026-09-07 12:24:00-0300",24.82,26.17,16.85,21.9
"2026-09-07 12:25:00-0300",24.83,26.17,16.85,21.7
"2026-09-07 12:26:00-0300",24.82,26.17,16.85,21.9
"2026-09-07 12:27:00-0300",24.82,26.17,16.89,21.9
"2026-09-07 12:28:00-0300",24.82,26.17,16.85,21.9
"2026-09-07 12:29:00-0300",24.82,26.17,16.85,21.7
"2026-09-07 12:30:00-0300",24.82,26.17,16.85,21.8
"2026-09-07 12:31:00-0300",24.82,26.17,16.85,21.9
"2026-09-07 12:32:00-0300",24.82,26.17,16.85,21.9
"2026-09-07 12:33:00-0300",24.82,26.17,16.85,21.9
"2026-09-07 12:34:00-0300",24.82,26.17,16.85,21.7
"2026-09-07 12:35:00-0300",24.82,26.17,16.85,21.8
"2026-09-07 12:36:00-0300",24.82,26.17,16.85,21.9
"2026-09-07 12:37:00-0300",24.81,26.17,16.85,21.7
"2026-09-07 12:38:00-0300",24.82,26.17,16.85,21.9
"2026-09-07 12:39:00-0300",24.82,26.17,16.85,21.9
"2026-09-07 12:40:00-0300",24.82,26.17,16.85,21.8
"2026-09-07 12:41:00-0300",24.82,26.17,16.85,21.9
"2026-09-07 12:42:00-0300",24.82,26.17,16.85,21.8
"2026-09-07 12:43:00-0300",24.82,26.17,16.85,21.9
"2026-09-07 12:44:00-0300",24.81,26.17,16.85,21.8
"2026-09-07 12:45:00-0300",24.82,26.17,16.85,21.9
"2026-09-07 12:46:00-0300",24.81,26.16,16.85,21.9
"2026-09-07 12:47:00-0300",24.81,26.17,16.85,21.9
"2026-09-07 12:48:00-0300",24.81,26.17,16.85,21.9
"2026-09-07 12:49:00-0300",24.81,26.17,16.85,21.8
"2026-09-07 12:50:00-0300",24.81,26.17,16.85,21.9
"2026-09-07 12:51:00-0300",24.8,26.16,16.85,21.9
"2026-09-07 12:52:00-0300",24.81,26.17,16.85,21.8
"2026-09-07 12:53:00-0300",24.81,26.17,16.85,21.8
"2026-09-07 12:54:00-0300",24.81,26.17,16.85,21.9
"2026-09-07 12:55:00-0300",24.81,26.17,16.85,21.9
"2026-09-07 12:56:00-0300",24.81,26.16,16.85,21.9
"2026-09-07 12:57:00-0300",24.81,26.16,16.85,21.7
"2026-09-07 12:58:00-0300",24.81,26.16,16.85,21.8
"2026-09-07 12:59:00-0300",24.81,26.16,16.85,21.8
"2026-09-07 13:00:00-0300",24.8,26.16,16.85,21.9
"2026-09-07 13:01:00-0300",24.8,26.16,16.85,21.9
"2026-09-07 13:02:00-0300",24.8,26.16,16.85,21.9
"2026-09-07 13:03:00-0300",24.81,26.16,16.85,21.8
"2026-09-07 13:04:00-0300",24.8,26.16,16.85,21.8
"2026-09-07 13:05:00-0300",24.8,26.16,16.85,21.8
"2026-09-07 13:06:00-0300",24.8,26.16,16.85,21.9
"2026-09-07 13:07:00-0300",24.8,26.16,16.85,21.8
"2026-09-07 13:08:00-0300",24.8,26.16,16.85,21.9
"2026-09-07 13:09:00-0300",24.79,26.16,16.85,21.7
"2026-09-07 13:10:00-0300",24.8,26.16,16.85,21.7
"2026-09-07 13:11:00-0300",24.8,26.16,16.85,21.8
"2026-09-07 13:12:00-0300",24.8,26.16,16.85,21.8
"2026-09-07 13:13:00-0300",24.8,26.16,16.85,21.9
"2026-09-07 13:14:00-0300",24.79,26.16,16.85,21.9
"2026-09-07 13:15:00-0300",24.8,26.16,16.85,21.8
"2026-09-07 13:16:00-0300",24.8,26.16,16.85,21.7
"2026-09-07 13:17:00-0300",24.8,26.16,16.85,21.9
"2026-09-07 13:18:00-0300",24.79,26.16,16.85,21.7
"2026-09-07 13:19:00-0300",24.79,26.16,16.85,21.8
"2026-09-07 13:20:00-0300",24.79,26.16,16.85,21.7
"2026-09-07 13:21:00-0300",24.79,26.16,16.85,21.8
"2026-09-07 13:22:00-0300",24.79,26.16,16.85,21.8
"2026-09-07 13:23:00-0300",24.78,26.16,16.85,21.8
"2026-09-07 13:24:00-0300",24.79,26.16,16.85,21.7
"2026-09-07 13:25:00-0300",24.79,26.16,16.85,21.8
"2026-09-07 13:26:00-0300",24.79,26.16,16.85,21.8
"2026-09-07 13:27:00-0300",24.78,26.16,16.85,21.7
"2026-09-07 13:28:00-0300",24.79,26.16,16.85,21.7
"2026-09-07 13:29:00-0300",24.79,26.16,16.85,21.7
"2026-09-07 13:30:00-0300",24.79,26.16,16.85,21.8
"2026-09-07 13:31:00-0300",24.79,26.16,16.85,21.8
"2026-09-07 13:32:00-0300",24.78,26.15,16.85,21.8
"2026-09-07 13:33:00-0300",24.79,26.16,16.85,21.8
"2026-09-07 13:34:00-0300",24.78,26.16,16.85,21.8
"2026-09-07 13:35:00-0300",24.78,26.16,16.85,21.7
"2026-09-07 13:36:00-0300",24.78,26.16,16.85,21.7
"2026-09-07 13:37:00-0300",24.78,26.16,16.85,21.8
"2026-09-07 13:38:00-0300",24.78,26.16,16.85,21.7
"2026-09-07 13:39:00-0300",24.78,26.16,16.79,21.8
"2026-09-07 13:40:00-0300",24.78,26.16,16.85,21.8
"2026-09-07 13:41:00-0300",24.77,26.15,16.85,21.8
"2026-09-07 13:42:00-0300",24.78,26.16,16.85,21.8
"2026-09-07 13:43:00-0300",24.78,26.15,16.85,21.8
"2026-09-07 13:44:00-0300",24.78,26.15,16.85,21.7
"2026-09-07 13:45:00-0300",24.77,26.15,16.85,21.6
"2026-09-07 13:46:00-0300",24.78,26.15,16.85,21.8
"2026-09-07 13:47:00-0300",24.77,26.15,16.79,21.8
"2026-09-07 13:48:00-0300",24.78,26.15,16.85,21.6
"2026-09-07 13:49:00-0300",24.78,26.15,16.85,21.7
"2026-09-07 13:50:00-0300",24.77,26.15,16.85,21.8
"2026-09-07 13:51:00-0300",24.77,26.15,16.85,21.8
"2026-09-07 13:52:00-0300",24.77,26.15,16.85,21.7
"2026-09-07 13:53:00-0300",24.77,26.15,16.85,21.7
"2026-09-07 13:54:00-0300",24.76,26.15,16.85,21.7
"2026-09-07 13:55:00-0300",24.77,26.15,16.85,21.7
"2026-09-07 13:56:00-0300",24.77,26.15,16.85,21.8
"2026-09-07 13:57:00-0300",24.77,26.15,16.85,21.8
"2026-09-07 13:58:00-0300",24.77,26.15,16.85,21.7
"2026-09-07 13:59:00-0300",24.76,26.15,16.85,21.7
"2026-09-07 14:00:00-0300",24.77,26.15,16.85,21.7
"2026-09-07 14:01:00-0300",24.77,26.15,16.85,21.8
"2026-09-07 14:02:00-0300",24.77,26.15,16.85,21.8
"2026-09-07 14:03:00-0300",24.76,26.15,16.79,21.6
"2026-09-07 14:04:00-0300",24.76,26.15,16.85,21.6
"2026-09-07 14:05:00-0300",24.77,26.15,16.79,21.7
"2026-09-07 14:06:00-0300",24.76,26.15,16.85,21.7
"2026-09-07 14:07:00-0300",24.77,26.15,16.79,21.7
"2026-09-07 14:08:00-0300",24.75,26.15,16.79,21.7
"2026-09-07 14:09:00-0300",24.76,26.15,16.79,21.8
"2026-09-07 14:10:00-0300",24.76,26.15,16.79,21.8
"2026-09-07 14:11:00-0300",24.76,26.15,16.79,21.6
"2026-09-07 14:12:00-0300",24.76,26.15,16.79,21.7
"2026-09-07 14:13:00-0300",24.76,26.15,16.79,21.8
"2026-09-07 14:14:00-0300",24.76,26.15,16.85,21.6
"2026-09-07 14:15:00-0300",24.76,26.15,16.85,21.7
"2026-09-07 14:16:00-0300",24.76,26.15,16.79,21.6
"2026-09-07 14:17:00-0300",24.75,26.14,16.85,21.8
"2026-09-07 14:18:00-0300",24.76,26.15,16.85,21.7
"2026-09-07 14:19:00-0300",24.76,26.15,16.79,21.6
"2026-09-07 14:20:00-0300",24.76,26.15,16.79,21.7
"2026-09-07 14:21:00-0300",24.75,26.15,16.79,21.7
"2026-09-07 14:22:00-0300",24.76,26.15,16.79,21.7
"2026-09-07 14:23:00-0300",24.75,26.15,16.79,21.7
"2026-09-07 14:24:00-0300",24.75,26.15,16.79,21.7
"2026-09-07 14:25:00-0300",24.75,26.15,16.79,21.7
"2026-09-07 14:26:00-0300",24.74,26.14,16.79,21.6
"2026-09-07 14:27:00-0300",24.76,26.15,16.79,21.7
"2026-09-07 14:28:00-0300",24.75,26.15,16.79,21.6
"2026-09-07 14:29:00-0300",24.75,26.15,16.79,21.7
"2026-09-07 14:30:00-0300",24.74,26.14,16.79,21.7
"2026-09-07 14:31:00-0300",24.75,26.14,16.79,21.7
"2026-09-07 14:32:00-0300",24.75,26.14,16.79,21.7
"2026-09-07 14:33:00-0300",24.75,26.14,16.79,21.5
"2026-09-07 14:34:00-0300",24.75,26.15,16.79,21.7
"2026-09-07 14:35:00-0300",24.75,26.14,16.79,21.7
"2026-09-07 14:36:00-0300",24.75,26.14,16.79,21.5
"2026-09-07 14:37:00-0300",24.75,26.14,16.79,21.6
"2026-09-07 14:38:00-0300",24.75,26.14,16.79,21.7
"2026-09-07 14:39:00-0300",24.74,26.14,16.75,21.7
"2026-09-07 14:40:00-0300",24.74,26.14,16.79,21.7
"2026-09-07 14:41:00-0300",24.74,26.14,16.79,21.7
"2026-09-07 14:42:00-0300",24.75,26.14,16.75,21.7
"2026-09-07 14:43:00-0300",24.74,26.14,16.79,21.7
"2026-09-07 14:44:00-0300",24.74,26.14,16.79,21.7
"2026-09-07 14:45:00-0300",24.74,26.14,16.79,21.7
"2026-09-07 14:46:00-0300",24.74,26.14,16.75,21.7
"2026-09-07 14:47:00-0300",24.74,26.14,16.75,21.7
"2026-09-07 14:48:00-0300",24.73,26.14,16.75,21.7
"2026-09-07 14:49:00-0300",24.74,26.14,16.75,21.7
"2026-09-07 14:50:00-0300",24.74,26.14,16.75,21.7
"2026-09-07 14:51:00-0300",24.74,26.14,16.75,21.6
"2026-09-07 14:52:00-0300",24.74,26.14,16.75,21.7
"2026-09-07 14:53:00-0300",24.74,26.14,16.75,21.7
"2026-09-07 14:54:00-0300",24.74,26.14,16.75,21.5
"2026-09-07 14:55:00-0300",24.73,26.14,16.75,21.6
"2026-09-07 14:56:00-0300",24.74,26.14,16.75,21.7
"2026-09-07 14:57:00-0300",24.73,26.14,16.69,21.7
"2026-09-07 14:58:00-0300",24.73,26.14,16.75,21.7
"2026-09-07 14:59:00-0300",24.73,26.14,16.75,21.7
"2026-09-07 15:00:00-0300",24.73,26.14,16.69,21.6
"2026-09-07 15:01:00-0300",24.73,26.14,16.69,21.7
"2026-09-07 15:02:00-0300",24.73,26.14,16.69,21.7
"2026-09-07 15:03:00-0300",24.73,26.14,16.69,21.7
"2026-09-07 15:04:00-0300",24.73,26.14,16.75,21.7
"2026-09-07 15:05:00-0300",24.73,26.14,16.69,21.7
"2026-09-07 15:06:00-0300",24.72,26.14,16.69,21.7
"2026-09-07 15:07:00-0300",24.73,26.14,16.69,21.7
"2026-09-07 15:08:00-0300",24.73,26.14,16.65,21.5
"2026-09-07 15:09:00-0300",24.73,26.14,16.69,21.6
"2026-09-07 15:10:00-0300",24.73,26.14,16.65,21.6
"2026-09-07 15:11:00-0300",24.72,26.14,16.69,21.6
"2026-09-07 15:12:00-0300",24.73,26.14,16.65,21.7
"2026-09-07 15:13:00-0300",24.73,26.14,16.65,21.7
"2026-09-07 15:14:00-0300",24.72,26.14,16.65,21.7
"2026-09-07 15:15:00-0300",24.72,26.13,16.69,21.7
"2026-09-07 15:16:00-0300",24.72,26.14,16.69,21.7
"2026-09-07 15:17:00-0300",24.72,26.14,16.69,21.7
"2026-09-07 15:18:00-0300",24.72,26.14,16.65,21.6
"2026-09-07 15:19:00-0300",24.72,26.14,16.65,21.6
"2026-09-07 15:20:00-0300",24.72,26.14,16.65,21.6
"2026-09-07 15:21:00-0300",24.72,26.13,16.65,21.6
"2026-09-07 15:22:00-0300",24.72,26.14,16.65,21.6
"2026-09-07 15:23:00-0300",24.72,26.14,16.65,21.6
"2026-09-07 15:24:00-0300",24.71,26.13,16.65,21.6
"2026-09-07 15:25:00-0300",24.72,26.13,16.65,21.6
"2026-09-07 15:26:00-0300",24.71,26.13,16.65,21.7
"2026-09-07 15:27:00-0300",24.71,26.13,16.65,21.7
"2026-09-07 15:28:00-0300",24.71,26.13,16.65,21.7
"2026-09-07 15:29:00-0300",24.7,26.13,16.65,21.6
"2026-09-07 15:30:00-0300",24.71,26.13,16.65,21.6
"2026-09-07 15:31:00-0300",24.71,26.13,16.65,21.6
"2026-09-07 15:32:00-0300",24.71,26.13,16.65,21.5
"2026-09-07 15:33:00-0300",24.71,26.13,16.65,21.6
"2026-09-07 15:34:00-0300",24.7,26.13,16.65,21.6
"2026-09-07 15:35:00-0300",24.71,26.13,16.65,21.6
"2026-09-07 15:36:00-0300",24.71,26.13,16.65,21.6
"2026-09-07 15:37:00-0300",24.71,26.13,16.65,21.6
"2026-09-07 15:38:00-0300",24.7,26.13,16.65,21.6
"2026-09-07 15:39:00-0300",24.7,26.13,16.65,21.6
"2026-09-07 15:40:00-0300",24.7,26.13,16.65,21.6
"2026-09-07 15:41:00-0300",24.7,26.13,16.65,21.5
"2026-09-07 15:42:00-0300",24.7,26.13,16.65,21.6
"2026-09-07 15:43:00-0300",24.7,26.13,16.65,21.6
"2026-09-07 15:44:00-0300",24.7,26.13,16.65,21.6
"2026-09-07 15:45:00-0300",24.7,26.13,16.65,21.6
"2026-09-07 15:46:00-0300",24.7,26.13,16.65,21.6
"2026-09-07 15:47:00-0300",24.7,26.13,16.65,21.5
"2026-09-07 15:48:00-0300",24.69,26.13,16.65,21.5
"2026-09-07 15:49:00-0300",24.69,26.13,16.65,21.6
"2026-09-07 15:50:00-0300",24.7,26.13,16.65,21.6
"2026-09-07 15:51:00-0300",24.69,26.13,16.65,21.6
"2026-09-07 15:52:00-0300",24.69,26.13,16.65,21.6
"2026-09-07 15:53:00-0300",24.69,26.13,16.65,21.6
"2026-09-07 15:54:00-0300",24.69,26.13,16.65,21.5
"2026-09-07 15:55:00-0300",24.69,26.13,16.65,21.6
"2026-09-07 15:56:00-0300",24.69,26.13,16.65,21.6
"2026-09-07 15:57:00-0300",24.69,26.13,16.65,21.6
"2026-09-07 15:58:00-0300",24.69,26.13,16.65,21.6
"2026-09-07 15:59:00-0300",24.69,26.13,16.65,21.6
"2026-09-07 16:00:00-0300",24.69,26.12,16.65,21.6
"2026-09-07 16:01:00-0300",24.68,26.12,16.65,21.6
"2026-09-07 16:02:00-0300",24.68,26.12,16.65,21.6
"2026-09-07 16:03:00-0300",24.68,26.12,16.65,21.6
"2026-09-07 16:04:00-0300",24.68,26.12,16.65,21.5
"2026-09-07 16:05:00-0300",24.69,26.12,16.65,21.6
"2026-09-07 16:06:00-0300",24.68,26.12,16.65,21.6
"2026-09-07 16:07:00-0300",24.68,26.12,16.65,21.6
"2026-09-07 16:08:00-0300",24.68,26.12,16.65,21.6
"2026-09-07 16:09:00-0300",24.68,26.12,16.65,21.5
"2026-09-07 16:10:00-0300",24.68,26.12,16.65,21.5
"2026-09-07 16:11:00-0300",24.67,26.12,16.65,21.6
"2026-09-07 16:12:00-0300",24.67,26.12,16.65,21.5
"2026-09-07 16:13:00-0300",24.67,26.12,16.65,21.5
"2026-09-07 16:14:00-0300",24.68,26.12,16.65,21.5
"2026-09-07 16:15:00-0300",24.67,26.12,16.65,21.5
"2026-09-07 16:16:00-0300",24.67,26.12,16.65,21.6
"2026-09-07 16:17:00-0300",24.67,26.12,16.65,21.6
"2026-09-07 16:18:00-0300",24.67,26.12,16.65,21.6
"2026-09-07 16:19:00-0300",24.67,26.12,16.65,21.4
"2026-09-07 16:20:00-0300",24.66,26.12,16.65,21.5
"2026-09-07 16:21:00-0300",24.66,26.12,16.65,21.6
"2026-09-07 16:22:00-0300",24.67,26.12,16.65,21.4
"2026-09-07 16:23:00-0300",24.67,26.12,16.65,21.5
"2026-09-07 16:24:00-0300",24.66,26.12,16.65,21.5
"2026-09-07 16:25:00-0300",24.66,26.12,16.65,21.5
"2026-09-07 16:26:00-0300",24.66,26.12,16.65,21.6
"2026-09-07 16:27:00-0300",24.66,26.12,16.65,21.6
"2026-09-07 16:28:00-0300",24.66,26.12,16.65,21.4
"2026-09-07 16:29:00-0300",24.65,26.11,16.65,21.5
"2026-09-07 16:30:00-0300",24.66,26.12,16.65,21.5
"2026-09-07 16:31:00-0300",24.66,26.12,16.65,21.6
"2026-09-07 16:32:00-0300",24.66,26.11,16.65,21.5
"2026-09-07 16:33:00-0300",24.65,26.11,16.65,21.5
"2026-09-07 16:34:00-0300",24.65,26.11,16.65,21.5
"2026-09-07 16:35:00-0300",24.66,26.11,16.65,21.6
"2026-09-07 16:36:00-0300",24.65,26.11,16.65,21.6
"2026-09-07 16:37:00-0300",24.65,26.11,16.65,21.4
"2026-09-07 16:38:00-0300",24.64,26.11,16.65,21.5
"2026-09-07 16:39:00-0300",24.65,26.11,16.65,21.5
"2026-09-07 16:40:00-0300",24.65,26.11,16.65,21.6
"2026-09-07 16:41:00-0300",24.65,26.11,16.65,21.4
"2026-09-07 16:42:00-0300",24.64,26.11,16.65,21.6
"2026-09-07 16:43:00-0300",24.64,26.11,16.65,21.6
"2026-09-07 16:44:00-0300",24.64,26.11,16.65,21.5
"2026-09-07 16:45:00-0300",24.64,26.11,16.65,21.5
"2026-09-07 16:46:00-0300",24.64,26.11,16.65,21.6
"2026-09-07 16:47:00-0300",24.63,26.11,16.65,21.6
"2026-09-07 16:48:00-0300",24.64,26.11,16.65,21.6
"2026-09-07 16:49:00-0300",24.64,26.11,16.65,21.6
"2026-09-07 16:50:00-0300",24.63,26.11,16.65,21.5
"2026-09-07 16:51:00-0300",24.63,26.11,16.65,21.5
"2026-09-07 16:52:00-0300",24.62,26.1,16.65,21.5
"2026-09-07 16:53:00-0300",24.63,26.11,16.65,21.5
"2026-09-07 16:54:00-0300",24.63,26.11,16.65,21.6
"2026-09-07 16:55:00-0300",24.63,26.1,16.65,21.5
"2026-09-07 16:56:00-0300",24.62,26.1,16.65,21.5
"2026-09-07 16:57:00-0300",24.62,26.1,16.65,21.5
"2026-09-07 16:58:00-0300",24.62,26.1,16.65,21.5
"2026-09-07 16:59:00-0300",24.62,26.1,16.65,21.6
"2026-09-07 17:00:00-0300",24.62,26.1,16.65,21.6
"2026-09-07 17:01:00-0300",24.61,26.1,16.65,21.6
"2026-09-07 17:02:00-0300",24.62,26.1,16.65,21.5
"2026-09-07 17:03:00-0300",24.62,26.1,16.65,21.6
"2026-09-07 17:04:00-0300",24.62,26.1,16.65,21.5
"2026-09-07 17:05:00-0300",24.62,26.1,16.65,21.5
"2026-09-07 17:06:00-0300",24.62,26.1,16.65,21.5
"2026-09-07 17:07:00-0300",24.62,26.1,16.65,21.5
"2026-09-07 17:08:00-0300",24.61,26.1,16.65,21.5
"2026-09-07 17:09:00-0300",24.61,26.1,16.65,21.5
"2026-09-07 17:10:00-0300",24.6,26.1,16.65,21.5
"2026-09-07 17:11:00-0300",24.61,26.1,16.65,21.5
"2026-09-07 17:12:00-0300",24.61,26.1,16.65,21.5
"2026-09-07 17:13:00-0300",24.61,26.1,16.65,21.6
"2026-09-07 17:14:00-0300",24.61,26.1,16.65,21.4
"2026-09-07 17:15:00-0300",24.6,26.1,16.65,21.5
"2026-09-07 17:16:00-0300",24.61,26.1,16.65,21.5
"2026-09-07 17:17:00-0300",24.61,26.1,16.65,21.4
"2026-09-07 17:18:00-0300",24.6,26.1,16.65,21.5
"2026-09-07 17:19:00-0300",24.59,26.09,16.65,21.4
"2026-09-07 17:20:00-0300",24.6,26.1,16.65,21.4
"2026-09-07 17:21:00-0300",24.6,26.1,16.65,21.5
"2026-09-07 17:22:00-0300",24.6,26.1,16.65,21.5
"2026-09-07 17:23:00-0300",24.6,26.1,16.65,21.5
"2026-09-07 17:24:00-0300",24.59,26.09,16.65,21.5
"2026-09-07 17:25:00-0300",24.6,26.09,16.65,21.5
"2026-09-07 17:26:00-0300",24.59,26.09,16.65,21.5
"2026-09-07 17:27:00-0300",24.59,26.09,16.65,21.5
"2026-09-07 17:28:00-0300",24.59,26.09,16.65,21.4
"2026-09-07 17:29:00-0300",24.59,26.09,16.65,21.5
"2026-09-07 17:30:00-0300",24.59,26.09,16.65,21.4
"2026-09-07 17:31:00-0300",24.59,26.09,16.65,21.5
"2026-09-07 17:32:00-0300",24.59,26.09,16.65,21.5
"2026-09-07 17:33:00-0300",24.58,26.09,16.65,21.5
"2026-09-07 17:34:00-0300",24.59,26.09,16.65,21.5
"2026-09-07 17:35:00-0300",24.59,26.09,16.65,21.5
"2026-09-07 17:36:00-0300",24.58,26.09,16.65,21.5
"2026-09-07 17:37:00-0300",24.59,26.09,16.65,21.5
"2026-09-07 17:38:00-0300",24.58,26.09,16.65,21.5
"2026-09-07 17:39:00-0300",24.58,26.09,16.65,21.5
"2026-09-07 17:40:00-0300",24.58,26.09,16.65,21.5
"2026-09-07 17:41:00-0300",24.58,26.09,16.65,21.5
"2026-09-07 17:42:00-0300",24.57,26.09,16.65,21.5
"2026-09-07 17:43:00-0300",24.58,26.09,16.65,21.4
"2026-09-07 17:44:00-0300",24.58,26.09,16.65,21.4
"2026-09-07 17:45:00-0300",24.58,26.09,16.65,21.5
"2026-09-07 17:46:00-0300",24.58,26.09,16.65,21.5
"2026-09-07 17:47:00-0300",24.58,26.09,16.65,21.5
"2026-09-07 17:48:00-0300",24.57,26.09,16.65,21.5
"2026-09-07 17:49:00-0300",24.57,26.09,16.65,21.4
"2026-09-07 17:50:00-0300",24.57,26.09,16.65,21.4
"2026-09-07 17:51:00-0300",24.56,26.08,16.65,21.5
"2026-09-07 17:52:00-0300",24.57,26.09,16.65,21.5
"2026-09-07 17:53:00-0300",24.57,26.09,16.65,21.5
"2026-09-07 17:54:00-0300",24.57,26.09,16.65,21.5
"2026-09-07 17:55:00-0300",24.57,26.09,16.59,21.4
"2026-09-07 17:56:00-0300",24.57,26.08,16.65,21.4
"2026-09-07 17:57:00-0300",24.56,26.08,16.65,21.4
"2026-09-07 17:58:00-0300",24.56,26.08,16.65,21.5
"2026-09-07 17:59:00-0300",24.56,26.08,16.65,21.4
"2026-09-07 18:00:00-0300",24.55,26.08,16.65,21.5
"2026-09-07 18:01:00-0300",24.56,26.08,16.65,21.4
"2026-09-07 18:02:00-0300",24.56,26.08,16.59,21.5
"2026-09-07 18:03:00-0300",24.56,26.08,16.59,21.5
"2026-09-07 18:04:00-0300",24.56,26.08,16.65,21.5
"2026-09-07 18:05:00-0300",24.56,26.08,16.65,21.5
"2026-09-07 18:06:00-0300",24.56,26.08,16.59,21.5
"2026-09-07 18:07:00-0300",24.55,26.08,16.65,21.5
"2026-09-07 18:08:00-0300",24.55,26.08,16.59,21.5
"2026-09-07 18:09:00-0300",24.54,26.08,16.65,21.5
"2026-09-07 18:10:00-0300",24.55,26.08,16.59,21.5
"2026-09-07 18:11:00-0300",24.55,26.08,16.59,21.5
"2026-09-07 18:12:00-0300",24.55,26.08,16.65,21.5
"2026-09-07 18:13:00-0300",24.54,26.08,16.59,21.5
"2026-09-07 18:14:00-0300",24.55,26.08,16.59,21.5
"2026-09-07 18:15:00-0300",24.55,26.08,16.59,21.5
"2026-09-07 18:16:00-0300",24.55,26.08,16.55,21.5
"2026-09-07 18:17:00-0300",24.55,26.08,16.59,21.5
"2026-09-07 18:18:00-0300",24.54,26.08,16.59,21.5
"2026-09-07 18:19:00-0300",24.55,26.08,16.59,21.5
"2026-09-07 18:20:00-0300",24.54,26.08,16.59,21.5
"2026-09-07 18:21:00-0300",24.54,26.08,16.59,21.4
"2026-09-07 18:22:00-0300",24.53,26.07,16.59,21.5
"2026-09-07 18:23:00-0300",24.54,26.08,16.59,21.5
"2026-09-07 18:24:00-0300",24.54,26.07,16.59,21.5
"2026-09-07 18:25:00-0300",24.54,26.08,16.59,21.5
"2026-09-07 18:26:00-0300",24.54,26.08,16.59,21.5
"2026-09-07 18:27:00-0300",24.53,26.07,16.59,21.5
"2026-09-07 18:28:00-0300",24.53,26.07,16.59,21.5
"2026-09-07 18:29:00-0300",24.53,26.07,16.55,21.5
"2026-09-07 18:30:00-0300",24.53,26.07,16.59,21.4
"2026-09-07 18:31:00-0300",24.53,26.07,16.59,21.3
"2026-09-07 18:32:00-0300",24.53,26.07,16.59,21.5
"2026-09-07 18:33:00-0300",24.53,26.07,16.55,21.5
"2026-09-07 18:34:00-0300",24.53,26.07,16.55,21.3
"2026-09-07 18:35:00-0300",24.53,26.07,16.59,21.5
"2026-09-07 18:36:00-0300",24.53,26.07,16.55,21.5
"2026-09-07 18:37:00-0300",24.53,26.07,16.59,21.5
"2026-09-07 18:38:00-0300",24.53,26.07,16.59,21.5
"2026-09-07 18:39:00-0300",24.53,26.07,16.55,21.5
"2026-09-07 18:40:00-0300",24.51,26.07,16.59,21.5
"2026-09-07 18:41:00-0300",24.52,26.07,16.59,21.3
"2026-09-07 18:42:00-0300",24.52,26.07,16.55,21.4
"2026-09-07 18:43:00-0300",24.52,26.07,16.55,21.5
"2026-09-07 18:44:00-0300",24.52,26.07,16.59,21.5
"2026-09-07 18:45:00-0300",24.52,26.07,16.55,21.5
"2026-09-07 18:46:00-0300",24.52,26.07,16.55,21.5
"2026-09-07 18:47:00-0300",24.52,26.07,16.55,21.4
"2026-09-07 18:48:00-0300",24.52,26.07,16.55,21.4
"2026-09-07 18:49:00-0300",24.51,26.07,16.55,21.5
"2026-09-07 18:50:00-0300",24.51,26.07,16.59,21.5
"2026-09-07 18:51:00-0300",24.51,26.07,16.55,21.5
"2026-09-07 18:52:00-0300",24.51,26.07,16.55,21.5
"2026-09-07 18:53:00-0300",24.5,26.06,16.55,21.4
"2026-09-07 18:54:00-0300",24.51,26.07,16.55,21.5
"2026-09-07 18:55:00-0300",24.51,26.07,16.55,21.5
"2026-09-07 18:56:00-0300",24.51,26.07,16.49,21.3
"2026-09-07 18:57:00-0300",24.51,26.07,16.55,21.5
"2026-09-07 18:58:00-0300",24.5,26.06,16.49,21.5
"2026-09-07 18:59:00-0300",24.51,26.07,16.55,21.5
"2026-09-07 19:00:00-0300",24.5,26.06,16.49,21.5
"2026-09-07 19:01:00-0300",24.5,26.06,16.55,21.3
"2026-09-07 19:02:00-0300",24.49,26.06,16.49,21.4
"2026-09-07 19:03:00-0300",24.5,26.06,16.59,21.4
"2026-09-07 19:04:00-0300",24.5,26.06,16.49,21.4
"2026-09-07 19:05:00-0300",24.5,26.06,16.55,21.4
"2026-09-07 19:06:00-0300",24.5,26.06,16.55,21.5
"2026-09-07 19:07:00-0300",24.49,26.06,16.49,21.5
"2026-09-07 19:08:00-0300",24.5,26.06,16.49,21.5
"2026-09-07 19:09:00-0300",24.5,26.06,16.49,21.5
"2026-09-07 19:10:00-0300",24.5,26.06,16.49,21.3
"2026-09-07 19:11:00-0300",24.49,26.06,16.49,21.5
"2026-09-07 19:12:00-0300",24.49,26.06,16.55,21.5
"2026-09-07 19:13:00-0300",24.49,26.06,16.49,21.3
"2026-09-07 19:14:00-0300",24.49,26.06,16.49,21.4
"2026-09-07 19:15:00-0300",24.49,26.06,16.55,21.5
"2026-09-07 19:16:00-0300",24.48,26.06,16.49,21.5
"2026-09-07 19:17:00-0300",24.49,26.06,16.49,21.5
"2026-09-07 19:18:00-0300",24.49,26.06,16.49,21.5
"2026-09-07 19:19:00-0300",24.49,26.06,16.49,21.4
"2026-09-07 19:20:00-0300",24.48,26.06,16.49,21.5
"2026-09-07 19:21:00-0300",24.49,26.06,16.49,21.5
"2026-09-07 19:22:00-0300",24.48,26.06,16.49,21.4
"2026-09-07 19:23:00-0300",24.48,26.06,16.55,21.4
"2026-09-07 19:24:00-0300",24.48,26.06,16.49,21.5
"2026-09-07 19:25:00-0300",24.48,26.06,16.49,21.5
"2026-09-07 19:26:00-0300",24.48,26.06,16.49,21.5
"2026-09-07 19:27:00-0300",24.48,26.06,16.49,21.3
"2026-09-07 19:28:00-0300",24.48,26.06,16.49,21.3
"2026-09-07 19:29:00-0300",24.47,26.05,16.49,21.4
"2026-09-07 19:30:00-0300",24.48,26.06,16.49,21.4
"2026-09-07 19:31:00-0300",24.48,26.06,16.49,21.3
"2026-09-07 19:32:00-0300",24.48,26.06,16.49,21.5
"2026-09-07 19:33:00-0300",24.48,26.06,16.49,21.4
"2026-09-07 19:34:00-0300",24.47,26.05,16.49,21.5
"2026-09-07 19:35:00-0300",24.47,26.05,16.49,21.5
"2026-09-07 19:36:00-0300",24.47,26.05,16.49,21.3
"2026-09-07 19:37:00-0300",24.47,26.05,16.49,21.4
"2026-09-07 19:38:00-0300",24.46,26.05,16.49,21.3
"2026-09-07 19:39:00-0300",24.47,26.05,16.49,21.5
"2026-09-07 19:40:00-0300",24.47,26.05,16.49,21.4
"2026-09-07 19:41:00-0300",24.47,26.05,16.49,21.5
"2026-09-07 19:42:00-0300",24.46,26.05,16.49,21.4
"2026-09-07 19:43:00-0300",24.47,26.05,16.49,21.3
"2026-09-07 19:44:00-0300",24.47,26.05,16.49,21.4
"2026-09-07 19:45:00-0300",24.47,26.05,16.49,21.5
"2026-09-07 19:46:00-0300",24.46,26.05,16.49,21.4
"2026-09-07 19:47:00-0300",24.46,26.05,16.49,21.5
"2026-09-07 19:48:00-0300",24.46,26.05,16.49,21.5
"2026-09-07 19:49:00-0300",24.46,26.05,16.49,21.3
"2026-09-07 19:50:00-0300",24.46,26.05,16.49,21.4
"2026-09-07 19:51:00-0300",24.46,26.05,16.49,21.4
"2026-09-07 19:52:00-0300",24.46,26.05,16.49,21.4
"2026-09-07 19:53:00-0300",24.46,26.05,16.49,21.5
"2026-09-07 19:54:00-0300",24.46,26.05,16.49,21.4
"2026-09-07 19:55:00-0300",24.45,26.05,16.49,21.4
"2026-09-07 19:56:00-0300",24.46,26.05,16.49,21.4
"2026-09-07 19:57:00-0300",24.45,26.05,16.49,21.5
"2026-09-07 19:58:00-0300",24.45,26.05,16.49,21.5
"2026-09-07 19:59:00-0300",24.45,26.05,16.49,21.5
"2026-09-07 20:00:00-0300",24.45,26.05,16.49,21.4
"2026-09-07 20:01:00-0300",24.45,26.05,16.49,21.3
"2026-09-07 20:02:00-0300",24.45,26.05,16.49,21.4
"2026-09-07 20:03:00-0300",24.45,26.05,16.49,21.3
"2026-09-07 20:04:00-0300",24.44,26.04,16.49,21.3
"2026-09-07 20:05:00-0300",24.45,26.05,16.49,21.4
"2026-09-07 20:06:00-0300",24.45,26.05,16.49,21.4
"2026-09-07 20:07:00-0300",24.45,26.05,16.49,21.5
"2026-09-07 20:08:00-0300",24.44,26.04,16.49,21.5
"2026-09-07 20:09:00-0300",24.45,26.05,16.49,21.4
"2026-09-07 20:10:00-0300",24.44,26.04,16.49,21.4
"2026-09-07 20:11:00-0300",24.44,26.04,16.49,21.4
"2026-09-07 20:12:00-0300",24.44,26.04,16.49,21.3
"2026-09-07 20:13:00-0300",24.44,26.04,16.49,21.4
"2026-09-07 20:14:00-0300",24.44,26.04,16.49,21.4
"2026-09-07 20:15:00-0300",24.44,26.04,16.49,21.3
"2026-09-07 20:16:00-0300",24.44,26.04,16.49,21.4
"2026-09-07 20:17:00-0300",24.44,26.04,16.49,21.4
"2026-09-07 20:18:00-0300",24.44,26.04,16.49,21.4
"2026-09-07 20:19:00-0300",24.44,26.04,16.49,21.4
"2026-09-07 20:20:00-0300",24.44,26.04,16.49,21.4
"2026-09-07 20:21:00-0300",24.43,26.04,16.49,21.4
"2026-09-07 20:22:00-0300",24.43,26.04,16.49,21.3
"2026-09-07 20:23:00-0300",24.43,26.04,16.49,21.4
"2026-09-07 20:24:00-0300",24.43,26.04,16.49,21.4
"2026-09-07 20:25:00-0300",24.43,26.04,16.49,21.4
"2026-09-07 20:26:00-0300",24.43,26.04,16.49,21.4
"2026-09-07 20:27:00-0300",24.43,26.04,16.49,21.4
"2026-09-07 20:28:00-0300",24.43,26.04,16.49,21.4
"2026-09-07 20:29:00-0300",24.43,26.04,16.49,21.4
"2026-09-07 20:30:00-0300",24.42,26.04,16.49,21.4
"2026-09-07 20:31:00-0300",24.43,26.04,16.49,21.4
"2026-09-07 20:32:00-0300",24.43,26.04,16.49,21.4
"2026-09-07 20:33:00-0300",24.43,26.04,16.49,21.4
"2026-09-07 20:34:00-0300",24.42,26.04,16.49,21.4
"2026-09-07 20:35:00-0300",24.43,26.04,16.49,21.4
"2026-09-07 20:36:00-0300",24.42,26.04,16.49,21.3
"2026-09-07 20:37:00-0300",24.42,26.04,16.49,21.4
"2026-09-07 20:38:00-0300",24.42,26.04,16.49,21.4
"2026-09-07 20:39:00-0300",24.42,26.04,16.49,21.3
"2026-09-07 20:40:00-0300",24.42,26.04,16.49,21.4
"2026-09-07 20:41:00-0300",24.42,26.04,16.49,21.4
"2026-09-07 20:42:00-0300",24.42,26.04,16.49,21.3
"2026-09-07 20:43:00-0300",24.41,26.03,16.49,21.3
"2026-09-07 20:44:00-0300",24.42,26.04,16.49,21.4
"2026-09-07 20:45:00-0300",24.42,26.04,16.49,21.4
"2026-09-07 20:46:00-0300",24.42,26.04,16.49,21.4
"2026-09-07 20:47:00-0300",24.42,26.04,16.49,21.4
"2026-09-07 20:48:00-0300",24.42,26.04,16.49,21.4
"2026-09-07 20:49:00-0300",24.41,26.03,16.49,21.3
"2026-09-07 20:50:00-0300",24.41,26.03,16.49,21.4
"2026-09-07 20:51:00-0300",24.41,26.03,16.49,21.4
"2026-09-07 20:52:00-0300",24.4,26.03,16.49,21.4
"2026-09-07 20:53:00-0300",24.41,26.03,16.49,21.4
"2026-09-07 20:54:00-0300",24.41,26.03,16.49,21.4
"2026-09-07 20:55:00-0300",24.41,26.03,16.49,21.2
"2026-09-07 20:56:00-0300",24.41,26.03,16.49,21.4
"2026-09-07 20:57:00-0300",24.41,26.03,16.49,21.3
"2026-09-07 20:58:00-0300",24.41,26.03,16.49,21.2
"2026-09-07 20:59:00-0300",24.41,26.03,16.49,21.4
"2026-09-07 21:00:00-0300",24.41,26.03,16.49,21.4
"2026-09-07 21:01:00-0300",24.4,26.03,16.49,21.4
"2026-09-07 21:02:00-0300",24.41,26.03,16.49,21.4
"2026-09-07 21:03:00-0300",24.41,26.03,16.49,21.2
"2026-09-07 21:04:00-0300",24.4,26.03,16.49,21.3
"2026-09-07 21:05:00-0300",24.4,26.03,16.49,21.4
"2026-09-07 21:06:00-0300",24.4,26.03,16.49,21.4
"2026-09-07 21:07:00-0300",24.4,26.03,16.49,21.3
"2026-09-07 21:08:00-0300",24.4,26.03,16.49,21.4
"2026-09-07 21:09:00-0300",24.4,26.03,16.49,21.4
"2026-09-07 21:10:00-0300",24.39,26.03,16.49,21.4
"2026-09-07 21:11:00-0300",24.4,26.03,16.49,21.4
"2026-09-07 21:12:00-0300",24.4,26.03,16.49,21.4
"2026-09-07 21:13:00-0300",24.4,26.03,16.49,21.3
"2026-09-07 21:14:00-0300",24.39,26.03,16.49,21.4
"2026-09-07 21:15:00-0300",24.4,26.03,16.49,21.3
"2026-09-07 21:16:00-0300",24.4,26.03,16.49,21.4
"2026-09-07 21:17:00-0300",24.4,26.03,16.49,21.4
"2026-09-07 21:18:00-0300",24.4,26.03,16.49,21.4
"2026-09-07 21:19:00-0300",24.38,26.02,16.49,21.4
"2026-09-07 21:20:00-0300",24.39,26.03,16.49,21.2
"2026-09-07 21:21:00-0300",24.39,26.03,16.49,21.4
"2026-09-07 21:22:00-0300",24.39,26.03,16.49,21.4
"2026-09-07 21:23:00-0300",24.38,26.02,16.49,21.3
"2026-09-07 21:24:00-0300",24.39,26.03,16.49,21.4
"2026-09-07 21:25:00-0300",24.39,26.03,16.49,21.4
"2026-09-07 21:26:00-0300",24.39,26.03,16.49,21.4
"2026-09-07 21:27:00-0300",24.39,26.03,16.49,21.4
"2026-09-07 21:28:00-0300",24.38,26.02,16.49,21.4
"2026-09-07 21:29:00-0300",24.39,26.03,16.49,21.2
"2026-09-07 21:30:00-0300",24.39,26.03,16.49,21.4
"2026-09-07 21:31:00-0300",24.39,26.03,16.49,21.4
"2026-09-07 21:32:00-0300",24.38,26.02,16.49,21.4
"2026-09-07 21:33:00-0300",24.39,26.03,16.49,21.4
"2026-09-07 21:34:00-0300",24.38,26.02,16.49,21.4
"2026-09-07 21:35:00-0300",24.38,26.02,16.49,21.3
"2026-09-07 21:36:00-0300",24.38,26.02,16.49,21.3
"2026-09-07 21:37:00-0300",24.38,26.02,16.49,21.3
"2026-09-07 21:38:00-0300",24.38,26.02,16.49,21.4
"2026-09-07 21:39:00-0300",24.38,26.02,16.49,21.4
"2026-09-07 21:40:00-0300",24.38,26.02,16.49,21.4
"2026-09-07 21:41:00-0300",24.37,26.02,16.49,21.3
"2026-09-07 21:42:00-0300",24.38,26.02,16.49,21.3
"2026-09-07 21:43:00-0300",24.38,26.02,16.49,21.3
"2026-09-07 21:44:00-0300",24.38,26.02,16.49,21.4
"2026-09-07 21:45:00-0300",24.38,26.02,16.49,21.4
"2026-09-07 21:46:00-0300",24.38,26.02,16.49,21.4
"2026-09-07 21:47:00-0300",24.38,26.02,16.49,21.2
"2026-09-07 21:48:00-0300",24.38,26.02,16.49,21.4
"2026-09-07 21:49:00-0300",24.38,26.02,16.49,21.4
"2026-09-07 21:50:00-0300",24.37,26.02,16.49,21.4
"2026-09-07 21:51:00-0300",24.38,26.02,16.49,21.4
"2026-09-07 21:52:00-0300",24.38,26.02,16.49,21.4
"2026-09-07 21:53:00-0300",24.38,26.02,16.49,21.3
"2026-09-07 21:54:00-0300",24.37,26.02,16.49,21.3
"2026-09-07 21:55:00-0300",24.38,26.02,16.49,21.4
"2026-09-07 21:56:00-0300",24.38,26.02,16.49,21.2
"2026-09-07 21:57:00-0300",24.38,26.02,16.49,21.3
"2026-09-07 21:58:00-0300",24.38,26.02,16.49,21.3
"2026-09-07 21:59:00-0300",24.37,26.02,16.49,21.4
"2026-09-07 22:00:00-0300",24.38,26.02,16.49,21.4
"2026-09-07 22:01:00-0300",24.38,26.02,16.49,21.4
"2026-09-07 22:02:00-0300",24.38,26.02,16.49,21.3
"2026-09-07 22:03:00-0300",24.38,26.02,16.49,21.4
"2026-09-07 22:04:00-0300",24.38,26.02,16.49,21.4
"2026-09-07 22:05:00-0300",24.38,26.02,16.49,21.3
"2026-09-07 22:06:00-0300",24.38,26.02,16.49,21.4
"2026-09-07 22:07:00-0300",24.38,26.02,16.49,21.3
"2026-09-07 22:08:00-0300",24.37,26.02,16.49,21.3
"2026-09-07 22:09:00-0300",24.37,26.02,16.49,21.4
"2026-09-07 22:10:00-0300",24.38,26.02,16.49,21.3
"2026-09-07 22:11:00-0300",24.37,26.02,16.49,21.3
"2026-09-07 22:12:00-0300",24.37,26.02,16.49,21.4
"2026-09-07 22:13:00-0300",24.37,26.02,16.49,21.4
"2026-09-07 22:14:00-0300",24.37,26.02,16.49,21.3
"2026-09-07 22:15:00-0300",24.37,26.02,16.49,21.3
"2026-09-07 22:16:00-0300",24.36,26.02,16.49,21.4
"2026-09-07 22:17:00-0300",24.35,26.01,16.49,21.4
"2026-09-07 22:18:00-0300",24.36,26.02,16.49,21.4
"2026-09-07 22:19:00-0300",24.36,26.02,16.49,21.4
"2026-09-07 22:20:00-0300",24.36,26.02,16.49,21.4
"2026-09-07 22:21:00-0300",24.36,26.02,16.49,21.2
"2026-09-07 22:22:00-0300",24.36,26.02,16.49,21.2
"2026-09-07 22:23:00-0300",24.35,26.01,16.49,21.4
"2026-09-07 22:24:00-0300",24.35,26.01,16.49,21.2
"2026-09-07 22:25:00-0300",24.35,26.01,16.49,21.3
"2026-09-07 22:26:00-0300",24.34,26.01,16.49,21.3
"2026-09-07 22:27:00-0300",24.35,26.01,16.49,21.3
"2026-09-07 22:28:00-0300",24.35,26.01,16.49,21.4
"2026-09-07 22:29:00-0300",24.35,26.01,16.49,21.4
"2026-09-07 22:30:00-0300",24.34,26.01,16.49,21.3
"2026-09-07 22:31:00-0300",24.35,26.01,16.49,21.3
"2026-09-07 22:32:00-0300",24.35,26.01,16.49,21.4
"2026-09-07 22:33:00-0300",24.35,26.01,16.49,21.2
"2026-09-07 22:34:00-0300",24.35,26.01,16.49,21.3
"2026-09-07 22:35:00-0300",24.35,26.01,16.49,21.4
"2026-09-07 22:36:00-0300",24.35,26.01,16.49,21.3
"2026-09-07 22:37:00-0300",24.34,26.01,16.49,21.3
"2026-09-07 22:38:00-0300",24.34,26.01,16.49,21.3
"2026-09-07 22:39:00-0300",24.33,26.01,16.49,21.3
"2026-09-07 22:40:00-0300",24.34,26.01,16.49,21.3
"2026-09-07 22:41:00-0300",24.34,26.01,16.49,21.3
"2026-09-07 22:42:00-0300",24.34,26.01,16.49,21.3
"2026-09-07 22:43:00-0300",24.34,26.01,16.49,21.4
"2026-09-07 22:44:00-0300",24.34,26.01,16.49,21.4
"2026-09-07 22:45:00-0300",24.34,26.01,16.49,21.2
"2026-09-07 22:46:00-0300",24.34,26.01,16.49,21.3
"2026-09-07 22:47:00-0300",24.34,26.01,16.49,21.3
"2026-09-07 22:48:00-0300",24.33,26.01,16.49,21.3
"2026-09-07 22:49:00-0300",24.34,26.01,16.49,21.3
"2026-09-07 22:50:00-0300",24.33,26.01,16.49,21.3
"2026-09-07 22:51:00-0300",24.33,26.01,16.49,21.3
"2026-09-07 22:52:00-0300",24.32,26,16.49,21.4
"2026-09-07 22:53:00-0300",24.33,26.01,16.49,21.3
"2026-09-07 22:54:00-0300",24.33,26.01,16.49,21.4
"2026-09-07 22:55:00-0300",24.33,26.01,16.49,21.4
"2026-09-07 22:56:00-0300",24.33,26.01,16.49,21.2
"2026-09-07 22:57:00-0300",24.33,26.01,16.49,21.3
"2026-09-07 22:58:00-0300",24.33,26.01,16.49,21.3
"2026-09-07 22:59:00-0300",24.33,26.01,16.49,21.3
"2026-09-07 23:00:00-0300",24.33,26.01,16.49,21.3
"2026-09-07 23:01:00-0300",24.32,26,16.49,21.3
"2026-09-07 23:02:00-0300",24.33,26.01,16.49,21.2
"2026-09-07 23:03:00-0300",24.33,26.01,16.45,21.3
"2026-09-07 23:04:00-0300",24.33,26.01,16.49,21.3
"2026-09-07 23:05:00-0300",24.33,26.01,16.45,21.3
"2026-09-07 23:06:00-0300",24.33,26.01,16.49,21.3
"2026-09-07 23:07:00-0300",24.33,26.01,16.49,21.3
"2026-09-07 23:08:00-0300",24.33,26.01,16.49,21.3
"2026-09-07 23:09:00-0300",24.32,26,16.45,21.3
"2026-09-07 23:10:00-0300",24.31,26,16.49,21.3
"2026-09-07 23:11:00-0300",24.32,26,16.49,21.3
"2026-09-07 23:12:00-0300",24.32,26,16.49,21.3
"2026-09-07 23:13:00-0300",24.32,26,16.49,21.3
"2026-09-07 23:14:00-0300",24.31,26,16.49,21.3
"2026-09-07 23:15:00-0300",24.32,26,16.45,21.3
"2026-09-07 23:16:00-0300",24.32,26,16.49,21.3
"2026-09-07 23:17:00-0300",24.32,26,16.49,21.3
"2026-09-07 23:18:00-0300",24.32,26,16.45,21.3
"2026-09-07 23:19:00-0300",24.31,26,16.49,21.3
"2026-09-07 23:20:00-0300",24.31,26,16.49,21.3
"2026-09-07 23:21:00-0300",24.32,26,16.49,21.3
"2026-09-07 23:22:00-0300",24.32,26,16.49,21.2
"2026-09-07 23:23:00-0300",24.32,26,16.45,21.3
"2026-09-07 23:24:00-0300",24.32,26,16.49,21.3
"2026-09-07 23:25:00-0300",24.32,26,16.45,21.3
"2026-09-07 23:26:00-0300",24.32,26,16.45,21.3
"2026-09-07 23:27:00-0300",24.32,26,16.45,21.3
"2026-09-07 23:28:00-0300",24.31,26,16.49,21.3
"2026-09-07 23:29:00-0300",24.32,26,16.45,21.3
"2026-09-07 23:30:00-0300",24.32,26,16.49,21.3
"2026-09-07 23:31:00-0300",24.32,26,16.49,21.2
"2026-09-07 23:32:00-0300",24.32,26,16.45,21.3
"2026-09-07 23:33:00-0300",24.32,26,16.45,21.3
"2026-09-07 23:34:00-0300",24.32,26,16.45,21.3
"2026-09-07 23:35:00-0300",24.32,26,16.45,21.3
"2026-09-07 23:36:00-0300",24.32,26,16.49,21.3
"2026-09-07 23:37:00-0300",24.31,26,16.49,21.3
"2026-09-07 23:38:00-0300",24.32,26,16.45,21.2
"2026-09-07 23:39:00-0300",24.32,26,16.45,21.3
"2026-09-07 23:40:00-0300",24.32,26,16.49,21.3
"2026-09-07 23:41:00-0300",24.32,26,16.49,21.3
"2026-09-07 23:42:00-0300",24.32,26,16.49,21.3
"2026-09-07 23:43:00-0300",24.32,26,16.49,21.3
"2026-09-07 23:44:00-0300",24.31,26,16.45,21.2
"2026-09-07 23:45:00-0300",24.31,26,16.45,21.3
"2026-09-07 23:46:00-0300",24.3,26,16.45,21.3
"2026-09-07 23:47:00-0300",24.31,26,16.49,21.2
"2026-09-07 23:48:00-0300",24.3,26,16.45,21.3
"2026-09-07 23:49:00-0300",24.3,26,16.49,21.3
"2026-09-07 23:50:00-0300",24.3,26,16.45,21.3
"2026-09-07 23:51:00-0300",24.3,26,16.45,21.3
"2026-09-07 23:52:00-0300",24.3,26,16.45,21.3
"2026-09-07 23:53:00-0300",24.3,26,16.49,21.2
"2026-09-07 23:54:00-0300",24.3,26,16.45,21.3
"2026-09-07 23:55:00-0300",24.29,25.99,16.45,21.3
"2026-09-07 23:56:00-0300",24.3,26,16.45,21.3
"2026-09-07 23:57:00-0300",24.3,26,16.45,21.3
"2026-09-07 23:58:00-0300",24.3,26,16.49,21.3
"2026-09-07 23:59:00-0300",24.3,26,16.45,21.2
"2026-09-08 00:00:00-0300",24.29,25.99,16.45,21.3
"2026-09-08 00:01:00-0300",24.3,26,16.45,21.2
"2026-09-08 00:02:00-0300",24.3,26,16.45,21.3
"2026-09-08 00:03:00-0300",24.29,26,16.45,21.3
"2026-09-08 00:04:00-0300",24.28,25.99,16.45,21.3
"2026-09-08 00:05:00-0300",24.3,26,16.45,21.3
"2026-09-08 00:06:00-0300",24.29,25.99,16.49,21.2
"2026-09-08 00:07:00-0300",24.36,26.02,16.45,21.3
"2026-09-08 00:08:00-0300",24.35,26.01,16.45,21.3
"2026-09-08 00:09:00-0300",24.29,25.99,16.45,21.3
"2026-09-08 00:10:00-0300",24.29,25.99,16.45,21.3
"2026-09-08 00:11:00-0300",24.29,25.99,16.45,21.3
"2026-09-08 00:12:00-0300",24.29,25.99,16.45,21.1
"2026-09-08 00:13:00-0300",24.28,25.99,16.45,21.2
"2026-09-08 00:14:00-0300",24.29,25.99,16.45,21.3
"2026-09-08 00:15:00-0300",24.29,25.99,16.45,21.3
"2026-09-08 00:16:00-0300",24.29,25.99,16.45,21.3
"2026-09-08 00:17:00-0300",24.33,26.01,16.45,21.3
"2026-09-08 00:18:00-0300",24.29,25.99,16.45,21.3
"2026-09-08 00:19:00-0300",24.36,26.02,16.45,21.3
"2026-09-08 00:20:00-0300",24.29,25.99,16.45,21.3
"2026-09-08 00:21:00-0300",24.29,25.99,16.45,21.3
"2026-09-08 00:22:00-0300",24.28,25.99,16.45,21.3
"2026-09-08 00:23:00-0300",24.29,25.99,16.45,21.3
"2026-09-08 00:24:00-0300",24.3,26,16.45,21.3
"2026-09-08 00:25:00-0300",24.29,25.99,16.45,21.3
"2026-09-08 00:26:00-0300",24.29,25.99,16.45,21.2
"2026-09-08 00:27:00-0300",24.32,26,16.45,21.2
"2026-09-08 00:28:00-0300",24.29,25.99,16.38,21.3
"2026-09-08 00:29:00-0300",24.29,25.99,16.45,21.1
"2026-09-08 00:30:00-0300",24.29,25.99,16.38,21.2
"2026-09-08 00:31:00-0300",24.36,26.02,16.45,21.2
"2026-09-08 00:32:00-0300",24.38,26.02,16.45,21.3
"2026-09-08 00:33:00-0300",24.29,25.99,16.38,21.3
"2026-09-08 00:34:00-0300",24.29,25.99,16.45,21.2
"2026-09-08 00:35:00-0300",24.39,26.03,16.38,21.2
"2026-09-08 00:36:00-0300",24.28,25.99,16.45,21.2
"2026-09-08 00:37:00-0300",24.29,25.99,16.45,21.3
"2026-09-08 00:38:00-0300",24.29,25.99,16.45,21.3
"2026-09-08 00:39:00-0300",24.29,25.99,16.38,21.3
"2026-09-08 00:40:00-0300",24.28,25.99,16.45,21.2
"2026-09-08 00:41:00-0300",24.29,25.99,16.45,21.1
"2026-09-08 00:42:00-0300",24.29,25.99,16.45,21.2
"2026-09-08 00:43:00-0300",24.29,25.99,16.45,21.3
"2026-09-08 00:44:00-0300",24.29,25.99,16.38,21.3
"2026-09-08 00:45:00-0300",24.28,25.99,16.45,21.3
"2026-09-08 00:46:00-0300",24.29,25.99,16.38,21.3
"2026-09-08 00:47:00-0300",24.29,25.99,16.38,21.3
"2026-09-08 00:48:00-0300",24.29,25.99,16.45,21.3
"2026-09-08 00:49:00-0300",24.28,25.99,16.38,21.3
"2026-09-08 00:50:00-0300",24.43,26.04,16.38,21.3
"2026-09-08 00:51:00-0300",24.34,26.01,16.38,21.3
"2026-09-08 00:52:00-0300",24.28,25.99,16.45,21.2
"2026-09-08 00:53:00-0300",24.28,25.99,16.45,21.2
"2026-09-08 00:54:00-0300",24.29,25.99,16.45,21.2
"2026-09-08 00:55:00-0300",24.35,26.01,16.45,21.3
"2026-09-08 00:56:00-0300",24.28,25.99,16.38,21.3
"2026-09-08 00:57:00-0300",24.28,25.99,16.38,21.3
"2026-09-08 00:58:00-0300",24.27,25.99,16.45,21.2
"2026-09-08 00:59:00-0300",24.28,25.99,16.45,21.3
"2026-09-08 01:00:00-0300",24.28,25.99,16.38,21.3
"2026-09-08 01:01:00-0300",24.28,25.99,16.38,21.3
"2026-09-08 01:02:00-0300",24.27,25.99,16.38,21.1
"2026-09-08 01:03:00-0300",24.28,25.99,16.38,21.3
"2026-09-08 01:04:00-0300",24.28,25.99,16.38,21.2
"2026-09-08 01:05:00-0300",24.28,25.99,16.38,21.2
"2026-09-08 01:06:00-0300",24.28,25.99,16.38,21.3
"2026-09-08 01:07:00-0300",24.28,25.99,16.38,21.1
"2026-09-08 01:08:00-0300",24.28,25.99,16.38,21.2
"2026-09-08 01:09:00-0300",24.28,25.99,16.38,21.3
"2026-09-08 01:10:00-0300",24.28,25.99,16.45,21.3
"2026-09-08 01:11:00-0300",24.27,25.99,16.38,21.3
"2026-09-08 01:12:00-0300",24.28,25.99,16.38,21.3
"2026-09-08 01:13:00-0300",24.28,25.99,16.38,21.2
"2026-09-08 01:14:00-0300",24.28,25.99,16.38,21.2
"2026-09-08 01:15:00-0300",24.28,25.99,16.38,21.2
"2026-09-08 01:16:00-0300",24.28,25.99,16.38,21.3
"2026-09-08 01:17:00-0300",24.27,25.99,16.34,21.2
"2026-09-08 01:18:00-0300",24.27,25.99,16.34,21.3
"2026-09-08 01:19:00-0300",24.27,25.99,16.38,21.1
"2026-09-08 01:20:00-0300",24.26,25.98,16.38,21.1
"2026-09-08 01:21:00-0300",24.27,25.99,16.34,21.1
"2026-09-08 01:22:00-0300",24.27,25.99,16.34,21.3
"2026-09-08 01:23:00-0300",24.27,25.99,16.38,21.3
"2026-09-08 01:24:00-0300",24.27,25.99,16.38,21.2
"2026-09-08 01:25:00-0300",24.27,25.99,16.34,21.1
"2026-09-08 01:26:00-0300",24.27,25.99,16.38,21.2
"2026-09-08 01:27:00-0300",24.27,25.99,16.38,21.2
"2026-09-08 01:28:00-0300",24.27,25.99,16.34,21.2
"2026-09-08 01:29:00-0300",24.26,25.98,16.34,21.2
"2026-09-08 01:30:00-0300",24.27,25.99,16.38,21.3
"2026-09-08 01:31:00-0300",24.27,25.99,16.34,21.2
"2026-09-08 01:32:00-0300",24.27,25.99,16.34,21.2
"2026-09-08 01:33:00-0300",24.27,25.99,16.34,21.3
"2026-09-08 01:34:00-0300",24.26,25.98,16.34,21.2
"2026-09-08 01:35:00-0300",24.26,25.98,16.34,21.2
"2026-09-08 01:36:00-0300",24.27,25.99,16.34,21.3
"2026-09-08 01:37:00-0300",24.26,25.98,16.38,21.2
"2026-09-08 01:38:00-0300",24.26,25.98,16.34,21.2
"2026-09-08 01:39:00-0300",24.26,25.98,16.34,21.2
"2026-09-08 01:40:00-0300",24.26,25.98,16.34,21.1
"2026-09-08 01:41:00-0300",24.26,25.98,16.34,21.2
"2026-09-08 01:42:00-0300",24.26,25.98,16.34,21.2
"2026-09-08 01:43:00-0300",24.26,25.98,16.38,21.2
"2026-09-08 01:44:00-0300",24.26,25.98,16.34,21.2
"2026-09-08 01:45:00-0300",24.26,25.98,16.34,21.2
"2026-09-08 01:46:00-0300",24.26,25.98,16.34,21.2
"2026-09-08 01:47:00-0300",24.25,25.98,16.34,21.2
"2026-09-08 01:48:00-0300",24.26,25.98,16.34,21.2
"2026-09-08 01:49:00-0300",24.26,25.98,16.34,21.2
"2026-09-08 01:50:00-0300",24.26,25.98,16.34,21.2
"2026-09-08 01:51:00-0300",24.26,25.98,16.34,21.2
"2026-09-08 01:52:00-0300",24.25,25.98,16.38,21.2
"2026-09-08 01:53:00-0300",24.26,25.98,16.34,21.2
"2026-09-08 01:54:00-0300",24.26,25.98,16.34,21.2
"2026-09-08 01:55:00-0300",24.26,25.98,16.34,21.3
"2026-09-08 01:56:00-0300",24.25,25.98,16.34,21.2
"2026-09-08 01:57:00-0300",24.26,25.98,16.34,21.2
"2026-09-08 01:58:00-0300",24.26,25.98,16.34,21.1
"2026-09-08 01:59:00-0300",24.25,25.98,16.34,21.2
"2026-09-08 02:00:00-0300",24.36,26.02,16.34,21.1
"2026-09-08 02:01:00-0300",24.25,25.98,16.34,21.2
"2026-09-08 02:02:00-0300",24.25,25.98,16.34,21.2
"2026-09-08 02:03:00-0300",24.25,25.98,16.34,21.2
"2026-09-08 02:04:00-0300",24.25,25.98,16.34,21.2
"2026-09-08 02:05:00-0300",24.24,25.98,16.34,21.3
"2026-09-08 02:06:00-0300",24.25,25.98,16.34,21.2
"2026-09-08 02:07:00-0300",24.25,25.98,16.34,21.1
"2026-09-08 02:08:00-0300",24.25,25.98,16.34,21.2
"2026-09-08 02:09:00-0300",24.25,25.98,16.34,21.2
"2026-09-08 02:10:00-0300",24.24,25.98,16.34,21.2
"2026-09-08 02:11:00-0300",24.25,25.98,16.34,21.2
"2026-09-08 02:12:00-0300",24.25,25.98,16.34,21.2
"2026-09-08 02:13:00-0300",24.25,25.98,16.34,21.2
"2026-09-08 02:14:00-0300",24.24,25.98,16.34,21.1
"2026-09-08 02:15:00-0300",24.25,25.98,16.34,21.2
"2026-09-08 02:16:00-0300",24.25,25.98,16.34,21.1
"2026-09-08 02:17:00-0300",24.25,25.98,16.34,21.2
"2026-09-08 02:18:00-0300",24.25,25.98,16.34,21.2
"2026-09-08 02:19:00-0300",24.24,25.98,16.34,21.1
"2026-09-08 02:20:00-0300",24.25,25.98,16.34,21.2
"2026-09-08 02:21:00-0300",24.25,25.98,16.34,21.2
"2026-09-08 02:22:00-0300",24.25,25.98,16.34,21.1
"2026-09-08 02:23:00-0300",24.24,25.98,16.34,21.2
"2026-09-08 02:24:00-0300",24.24,25.98,16.34,21.2
"2026-09-08 02:25:00-0300",24.24,25.98,16.34,21.2
"2026-09-08 02:26:00-0300",24.25,25.98,16.34,21.2
"2026-09-08 02:27:00-0300",24.24,25.98,16.34,21.2
"2026-09-08 02:28:00-0300",24.24,25.98,16.34,21.2
"2026-09-08 02:29:00-0300",24.24,25.98,16.34,21.2
"2026-09-08 02:30:00-0300",24.24,25.98,16.34,21.2
"2026-09-08 02:31:00-0300",24.24,25.98,16.34,21.2
"2026-09-08 02:32:00-0300",24.23,25.97,16.34,21.2
"2026-09-08 02:33:00-0300",24.24,25.98,16.34,21.2
"2026-09-08 02:34:00-0300",24.24,25.98,16.34,21.1
"2026-09-08 02:35:00-0300",24.24,25.98,16.34,21.2
"2026-09-08 02:36:00-0300",24.24,25.98,16.34,21.2
"2026-09-08 02:37:00-0300",24.23,25.97,16.34,21.2
"2026-09-08 02:38:00-0300",24.24,25.98,16.34,21.2
"2026-09-08 02:39:00-0300",24.24,25.98,16.34,21.2
"2026-09-08 02:40:00-0300",24.24,25.98,16.34,21.2
"2026-09-08 02:41:00-0300",24.23,25.97,16.34,21.2
"2026-09-08 02:42:00-0300",24.24,25.98,16.34,21.1
"2026-09-08 02:43:00-0300",24.24,25.98,16.34,21.1
"2026-09-08 02:44:00-0300",24.23,25.97,16.34,21.2
"2026-09-08 02:45:00-0300",24.23,25.98,16.34,21.2
"2026-09-08 02:46:00-0300",24.22,25.97,16.34,21.2
"2026-09-08 02:47:00-0300",24.23,25.97,16.34,21.2
"2026-09-08 02:48:00-0300",24.23,25.97,16.34,21.1
"2026-09-08 02:49:00-0300",24.23,25.98,16.34,21.2
"2026-09-08 02:50:00-0300",24.22,25.97,16.34,21.1
"2026-09-08 02:51:00-0300",24.24,25.98,16.34,21.1
"2026-09-08 02:52:00-0300",24.23,25.97,16.34,21.2
"2026-09-08 02:53:00-0300",24.23,25.97,16.34,21.2
"2026-09-08 02:54:00-0300",24.23,25.97,16.34,21.2
"2026-09-08 02:55:00-0300",24.22,25.97,16.34,21.2
"2026-09-08 02:56:00-0300",24.23,25.97,16.34,21.2
"2026-09-08 02:57:00-0300",24.23,25.97,16.34,21.1
"2026-09-08 02:58:00-0300",24.23,25.97,16.34,21.2
"2026-09-08 02:59:00-0300",24.23,25.97,16.34,21.1
"2026-09-08 03:00:00-0300",24.23,25.97,16.34,21.1
"2026-09-08 03:01:00-0300",24.23,25.97,16.34,21.2
"2026-09-08 03:02:00-0300",24.23,25.97,16.34,21.1
"2026-09-08 03:03:00-0300",24.23,25.97,16.34,21.2
"2026-09-08 03:04:00-0300",24.22,25.97,16.34,21.2
"2026-09-08 03:05:00-0300",24.23,25.97,16.34,21.2
"2026-09-08 03:06:00-0300",24.23,25.97,16.34,21.2
"2026-09-08 03:07:00-0300",24.23,25.97,16.34,21.1
"2026-09-08 03:08:00-0300",24.23,25.97,16.34,21.2
"2026-09-08 03:09:00-0300",24.23,25.97,16.34,21.2
"2026-09-08 03:10:00-0300",24.23,25.97,16.34,21.1
"2026-09-08 03:11:00-0300",24.22,25.97,16.34,21.2
"2026-09-08 03:12:00-0300",24.22,25.97,16.34,21.2
"2026-09-08 03:13:00-0300",24.22,25.97,16.34,21.2
"2026-09-08 03:14:00-0300",24.22,25.97,16.34,21.2
"2026-09-08 03:15:00-0300",24.22,25.97,16.34,21.2
"2026-09-08 03:16:00-0300",24.22,25.97,16.34,21.1
"2026-09-08 03:17:00-0300",24.21,25.97,16.34,21.1
"2026-09-08 03:18:00-0300",24.22,25.97,16.34,21.2
"2026-09-08 03:19:00-0300",24.22,25.97,16.34,21.2
"2026-09-08 03:20:00-0300",24.22,25.97,16.34,21.2
"2026-09-08 03:21:00-0300",24.21,25.97,16.34,21.2
"2026-09-08 03:22:00-0300",24.22,25.97,16.34,21.2
"2026-09-08 03:23:00-0300",24.22,25.97,16.34,21.2
"2026-09-08 03:24:00-0300",24.22,25.97,16.34,21.2
"2026-09-08 03:25:00-0300",24.22,25.97,16.34,21.1
"2026-09-08 03:26:00-0300",24.22,25.97,16.34,21.1
"2026-09-08 03:27:00-0300",24.22,25.97,16.34,21.1
"2026-09-08 03:28:00-0300",24.22,25.97,16.34,21.2
"2026-09-08 03:29:00-0300",24.21,25.97,16.34,21.2
"2026-09-08 03:30:00-0300",24.2,25.97,16.34,21.2
"2026-09-08 03:31:00-0300",24.21,25.97,16.34,21.2
"2026-09-08 03:32:00-0300",24.22,25.97,16.34,21.1
"2026-09-08 03:33:00-0300",24.21,25.97,16.34,21.1
"2026-09-08 03:34:00-0300",24.2,25.96,16.34,21.2
"2026-09-08 03:35:00-0300",24.21,25.97,16.34,21.2
"2026-09-08 03:36:00-0300",24.21,25.97,16.34,21.2
"2026-09-08 03:37:00-0300",24.21,25.97,16.34,21.2
"2026-09-08 03:38:00-0300",24.21,25.97,16.34,21.2
"2026-09-08 03:39:00-0300",24.2,25.96,16.34,21.2
"2026-09-08 03:40:00-0300",24.21,25.97,16.34,21.2
"2026-09-08 03:41:00-0300",24.21,25.97,16.34,21
"2026-09-08 03:42:00-0300",24.21,25.97,16.34,21.1
"2026-09-08 03:43:00-0300",24.2,25.96,16.34,21.2
"2026-09-08 03:44:00-0300",24.21,25.97,16.34,21.1
"2026-09-08 03:45:00-0300",24.21,25.97,16.34,21.2
"2026-09-08 03:46:00-0300",24.21,25.97,16.34,21.2
"2026-09-08 03:47:00-0300",24.21,25.97,16.34,21.1
"2026-09-08 03:48:00-0300",24.21,25.97,16.34,21.1
"2026-09-08 03:49:00-0300",24.21,25.97,16.34,21.2
"2026-09-08 03:50:00-0300",24.2,25.97,16.34,21.2
"2026-09-08 03:51:00-0300",24.21,25.97,16.34,21.2
"2026-09-08 03:52:00-0300",24.2,25.96,16.34,21.2
"2026-09-08 03:53:00-0300",24.2,25.97,16.34,21.2
"2026-09-08 03:54:00-0300",24.2,25.97,16.34,21.1
"2026-09-08 03:55:00-0300",24.21,25.97,16.34,21.1
"2026-09-08 03:56:00-0300",24.2,25.96,16.34,21.1
"2026-09-08 03:57:00-0300",24.21,25.97,16.34,21.1
"2026-09-08 03:58:00-0300",24.2,25.96,16.34,21.1
"2026-09-08 03:59:00-0300",24.2,25.96,16.34,21.1
"2026-09-08 04:00:00-0300",24.2,25.96,16.34,21.1
"2026-09-08 04:01:00-0300",24.19,25.96,16.34,21.1
"2026-09-08 04:02:00-0300",24.2,25.96,16.34,21.1
"2026-09-08 04:03:00-0300",24.2,25.96,16.34,21.2
"2026-09-08 04:04:00-0300",24.2,25.96,16.34,21.2
"2026-09-08 04:05:00-0300",24.2,25.96,16.34,21.1
"2026-09-08 04:06:00-0300",24.2,25.96,16.34,21.1
"2026-09-08 04:07:00-0300",24.2,25.96,16.34,21
"2026-09-08 04:08:00-0300",24.2,25.96,16.34,21.1
"2026-09-08 04:09:00-0300",24.2,25.96,16.34,21.1
"2026-09-08 04:10:00-0300",24.19,25.96,16.34,21.2
"2026-09-08 04:11:00-0300",24.2,25.96,16.34,21.2
"2026-09-08 04:12:00-0300",24.2,25.96,16.34,21.2
"2026-09-08 04:13:00-0300",24.2,25.96,16.34,21.1
"2026-09-08 04:14:00-0300",24.19,25.96,16.34,21.1
"2026-09-08 04:15:00-0300",24.2,25.96,16.34,21
"2026-09-08 04:16:00-0300",24.2,25.96,16.34,21.1
"2026-09-08 04:17:00-0300",24.2,25.96,16.34,21.1
"2026-09-08 04:18:00-0300",24.19,25.96,16.34,21.2
"2026-09-08 04:19:00-0300",24.19,25.96,16.34,21.2
"2026-09-08 04:20:00-0300",24.19,25.96,16.34,21.2
"2026-09-08 04:21:00-0300",24.19,25.96,16.34,21
"2026-09-08 04:22:00-0300",24.19,25.96,16.34,21.1
"2026-09-08 04:23:00-0300",24.18,25.96,16.34,21.1
"2026-09-08 04:24:00-0300",24.19,25.96,16.34,21.1
"2026-09-08 04:25:00-0300",24.19,25.96,16.34,21.1
"2026-09-08 04:26:00-0300",24.19,25.96,16.34,21.1
"2026-09-08 04:27:00-0300",24.19,25.96,16.34,21.2
"2026-09-08 04:28:00-0300",24.18,25.96,16.34,21.2
"2026-09-08 04:29:00-0300",24.19,25.96,16.34,21
"2026-09-08 04:30:00-0300",24.19,25.96,16.34,21.1
"2026-09-08 04:31:00-0300",24.19,25.96,16.34,21.1
"2026-09-08 04:32:00-0300",24.19,25.96,16.34,21.1
"2026-09-08 04:33:00-0300",24.19,25.96,16.34,21.2
"2026-09-08 04:34:00-0300",24.19,25.96,16.34,21.2
"2026-09-08 04:35:00-0300",24.19,25.96,16.34,21.1
"2026-09-08 04:36:00-0300",24.19,25.96,16.34,21.1
"2026-09-08 04:37:00-0300",24.18,25.96,16.34,21.1
"2026-09-08 04:38:00-0300",24.19,25.96,16.34,21.1
"2026-09-08 04:39:00-0300",24.19,25.96,16.34,21.1
"2026-09-08 04:40:00-0300",24.19,25.96,16.34,21.1
"2026-09-08 04:41:00-0300",24.19,25.96,16.34,21.1
"2026-09-08 04:42:00-0300",24.19,25.96,16.34,21
"2026-09-08 04:43:00-0300",24.19,25.96,16.34,21.1
"2026-09-08 04:44:00-0300",24.19,25.96,16.34,21.1
"2026-09-08 04:45:00-0300",24.19,25.96,16.34,21.2
"2026-09-08 04:46:00-0300",24.18,25.96,16.34,21.1
"2026-09-08 04:47:00-0300",24.19,25.96,16.34,21.2
"2026-09-08 04:48:00-0300",24.19,25.96,16.34,21.1
"2026-09-08 04:49:00-0300",24.19,25.96,16.34,21.1
"2026-09-08 04:50:00-0300",24.18,25.96,16.34,21.1
"2026-09-08 04:51:00-0300",24.18,25.96,16.34,21.1
"2026-09-08 04:52:00-0300",24.18,25.96,16.34,21.1
"2026-09-08 04:53:00-0300",24.18,25.96,16.34,21.2
"2026-09-08 04:54:00-0300",24.18,25.96,16.34,21.1
"2026-09-08 04:55:00-0300",24.18,25.96,16.34,21.1
"2026-09-08 04:56:00-0300",24.18,25.96,16.34,21.1
"2026-09-08 04:57:00-0300",24.18,25.96,16.34,21
"2026-09-08 04:58:00-0300",24.18,25.96,16.34,21.1
"2026-09-08 04:59:00-0300",24.17,25.95,16.34,21.1
"2026-09-08 05:00:00-0300",24.18,25.96,16.34,21.1
"2026-09-08 05:01:00-0300",24.18,25.96,16.34,21.2
"2026-09-08 05:02:00-0300",24.18,25.96,16.34,21
"2026-09-08 05:03:00-0300",24.18,25.96,16.34,21.1
"2026-09-08 05:04:00-0300",24.18,25.96,16.34,21.1
"2026-09-08 05:05:00-0300",24.18,25.96,16.34,21.1
"2026-09-08 05:06:00-0300",24.18,25.96,16.34,21.1
"2026-09-08 05:07:00-0300",24.18,25.96,16.34,21.1
"2026-09-08 05:08:00-0300",24.17,25.95,16.34,21.1
"2026-09-08 05:09:00-0300",24.18,25.96,16.34,21.2
"2026-09-08 05:10:00-0300",24.18,25.96,16.34,21.1
"2026-09-08 05:11:00-0300",24.18,25.96,16.34,21.1
"2026-09-08 05:12:00-0300",24.18,25.96,16.34,21.1
"2026-09-08 05:13:00-0300",24.18,25.96,16.34,21.1
"2026-09-08 05:14:00-0300",24.18,25.96,16.34,21.1
"2026-09-08 05:15:00-0300",24.18,25.96,16.34,21.1
"2026-09-08 05:16:00-0300",24.18,25.96,16.34,21.1
"2026-09-08 05:17:00-0300",24.17,25.95,16.34,21.1
"2026-09-08 05:18:00-0300",24.18,25.96,16.34,21.1
"2026-09-08 05:19:00-0300",24.18,25.96,16.34,21.1
"2026-09-08 05:20:00-0300",24.18,25.96,16.34,21.1
"2026-09-08 05:21:00-0300",24.18,25.96,16.34,21.1
"2026-09-08 05:22:00-0300",24.18,25.96,16.34,21.2
"2026-09-08 05:23:00-0300",24.18,25.96,16.34,21.1
"2026-09-08 05:24:00-0300",24.18,25.96,16.34,21.1
"2026-09-08 05:25:00-0300",24.18,25.96,16.34,21.1
"2026-09-08 05:26:00-0300",24.17,25.95,16.34,21.1
"2026-09-08 05:27:00-0300",24.18,25.96,16.34,21.1
"2026-09-08 05:28:00-0300",24.18,25.96,16.34,21
"2026-09-08 05:29:00-0300",24.18,25.96,16.34,21.1
"2026-09-08 05:30:00-0300",24.17,25.96,16.34,21.1
"2026-09-08 05:31:00-0300",24.18,25.96,16.34,21.1
"2026-09-08 05:32:00-0300",24.17,25.96,16.34,21.1
"2026-09-08 05:33:00-0300",24.17,25.95,16.34,21.1
"2026-09-08 05:34:00-0300",24.17,25.95,16.34,21.1
"2026-09-08 05:35:00-0300",24.16,25.95,16.34,21.1
"2026-09-08 05:36:00-0300",24.17,25.95,16.34,21.1
"2026-09-08 05:37:00-0300",24.17,25.95,16.34,21.1
"2026-09-08 05:38:00-0300",24.17,25.95,16.34,21.1
"2026-09-08 05:39:00-0300",24.16,25.95,16.34,21.1
"2026-09-08 05:40:00-0300",24.17,25.95,16.34,21.1
"2026-09-08 05:41:00-0300",24.17,25.95,16.34,21
"2026-09-08 05:42:00-0300",24.17,25.95,16.34,21
"2026-09-08 05:43:00-0300",24.17,25.95,16.34,21.1
"2026-09-08 05:44:00-0300",24.17,25.95,16.34,21.1
"2026-09-08 05:45:00-0300",24.17,25.95,16.34,21.1
"2026-09-08 05:46:00-0300",24.17,25.95,16.34,21.1
"2026-09-08 05:47:00-0300",24.17,25.95,16.34,21.1
"2026-09-08 05:48:00-0300",24.16,25.95,16.34,21.1
"2026-09-08 05:49:00-0300",24.17,25.95,16.34,21
"2026-09-08 05:50:00-0300",24.17,25.95,16.34,21.1
"2026-09-08 05:51:00-0300",24.17,25.95,16.34,21.1
"2026-09-08 05:52:00-0300",24.17,25.95,16.34,21.1
"2026-09-08 05:53:00-0300",24.17,25.95,16.34,21.1
"2026-09-08 05:54:00-0300",24.17,25.95,16.34,21.1
"2026-09-08 05:55:00-0300",24.17,25.95,16.34,21.1
"2026-09-08 05:56:00-0300",24.17,25.95,16.34,21
"2026-09-08 05:57:00-0300",24.16,25.95,16.34,21
"2026-09-08 05:58:00-0300",24.17,25.95,16.34,21.1
"2026-09-08 05:59:00-0300",24.17,25.95,16.34,21.1
"2026-09-08 06:00:00-0300",24.26,25.98,16.34,21.1
"2026-09-08 06:01:00-0300",24.17,25.95,16.34,21.1
"2026-09-08 06:02:00-0300",24.17,25.95,16.34,21.1
"2026-09-08 06:03:00-0300",24.17,25.95,16.34,21
"2026-09-08 06:04:00-0300",24.17,25.95,16.34,21.1
"2026-09-08 06:05:00-0300",24.17,25.95,16.34,21.1
"2026-09-08 06:06:00-0300",24.18,25.96,16.34,21.1
"2026-09-08 06:07:00-0300",24.18,25.96,16.34,21.1
"2026-09-08 06:08:00-0300",24.17,25.95,16.34,21.1
"2026-09-08 06:09:00-0300",24.18,25.96,16.34,21
"2026-09-08 06:10:00-0300",24.16,25.95,16.34,21.1
"2026-09-08 06:11:00-0300",24.18,25.96,16.34,21.1
"2026-09-08 06:12:00-0300",24.18,25.96,16.34,21.1
"2026-09-08 06:13:00-0300",24.18,25.96,16.34,21.1
"2026-09-08 06:14:00-0300",24.18,25.96,16.34,21.1
"2026-09-08 06:15:00-0300",24.18,25.96,16.34,21.1
"2026-09-08 06:16:00-0300",24.18,25.96,16.34,21.1
"2026-09-08 06:17:00-0300",24.18,25.96,16.34,21.1
"2026-09-08 06:18:00-0300",24.18,25.96,16.34,21.1
"2026-09-08 06:19:00-0300",24.18,25.96,16.34,21.1
"2026-09-08 06:20:00-0300",24.18,25.96,16.34,21.1
"2026-09-08 06:21:00-0300",24.18,25.96,16.34,21.1
"2026-09-08 06:22:00-0300",24.18,25.96,16.34,21.1
"2026-09-08 06:23:00-0300",24.17,25.95,16.34,21.1
"2026-09-08 06:24:00-0300",24.18,25.96,16.34,21.1
"2026-09-08 06:25:00-0300",24.18,25.96,16.34,21
"2026-09-08 06:26:00-0300",24.17,25.96,16.34,21.1
"2026-09-08 06:27:00-0300",24.17,25.96,16.34,21
"2026-09-08 06:28:00-0300",24.18,25.96,16.34,21.1
"2026-09-08 06:29:00-0300",24.18,25.96,16.34,21.1
"2026-09-08 06:30:00-0300",24.17,25.96,16.34,21.1
"2026-09-08 06:31:00-0300",24.18,25.96,16.34,21.1
"2026-09-08 06:32:00-0300",24.17,25.96,16.34,21.1
"2026-09-08 06:33:00-0300",24.17,25.95,16.34,21.1
"2026-09-08 06:34:00-0300",24.18,25.96,16.34,21.1
"2026-09-08 06:35:00-0300",24.17,25.95,16.34,21.1
"2026-09-08 06:36:00-0300",24.16,25.95,16.34,21.1
"2026-09-08 06:37:00-0300",24.17,25.95,16.34,21.1
"2026-09-08 06:38:00-0300",24.17,25.95,16.34,21
"2026-09-08 06:39:00-0300",24.17,25.95,16.34,21.1
"2026-09-08 06:40:00-0300",24.16,25.95,16.34,21
"2026-09-08 06:41:00-0300",24.17,25.95,16.34,21.1
"2026-09-08 06:42:00-0300",24.17,25.95,16.34,21.1
"2026-09-08 06:43:00-0300",24.17,25.95,16.34,21.1
"2026-09-08 06:44:00-0300",24.17,25.95,16.34,21.1
"2026-09-08 06:45:00-0300",24.17,25.95,16.34,21.1
"2026-09-08 06:46:00-0300",24.17,25.95,16.34,21.1
"2026-09-08 06:47:00-0300",24.16,25.95,16.34,21.1
"2026-09-08 06:48:00-0300",24.17,25.95,16.34,21
"2026-09-08 06:49:00-0300",24.15,25.95,16.34,21
"2026-09-08 06:50:00-0300",24.17,25.95,16.34,21.1
"2026-09-08 06:51:00-0300",24.18,25.96,16.34,21.1
"2026-09-08 06:52:00-0300",24.18,25.96,16.34,21.1
"2026-09-08 06:53:00-0300",24.16,25.95,16.34,21.1
"2026-09-08 06:54:00-0300",24.18,25.96,16.34,21
"2026-09-08 06:55:00-0300",24.18,25.96,16.34,21.1
"2026-09-08 06:56:00-0300",24.18,25.96,16.34,21.1
"2026-09-08 06:57:00-0300",24.17,25.95,16.34,21.1
"2026-09-08 06:58:00-0300",24.17,25.95,16.34,21.1
"2026-09-08 06:59:00-0300",24.17,25.95,16.34,21.1
"2026-09-08 07:00:00-0300",24.17,25.95,16.34,21
"2026-09-08 07:01:00-0300",24.17,25.95,16.34,21
"2026-09-08 07:02:00-0300",24.17,25.95,16.34,20.9
"2026-09-08 07:03:00-0300",24.17,25.95,16.34,21.1
"2026-09-08 07:04:00-0300",24.17,25.95,16.34,21.1
"2026-09-08 07:05:00-0300",24.17,25.95,16.34,21.1
"2026-09-08 07:06:00-0300",24.17,25.95,16.34,21.1
"2026-09-08 07:07:00-0300",24.16,25.95,16.34,21.1
"2026-09-08 07:08:00-0300",24.17,25.95,16.28,21.1
"2026-09-08 07:09:00-0300",24.17,25.95,16.34,21.1
"2026-09-08 07:10:00-0300",24.15,25.95,16.34,21.1
"2026-09-08 07:11:00-0300",24.16,25.95,16.34,21.1
"2026-09-08 07:12:00-0300",24.16,25.95,16.34,21.1
"2026-09-08 07:13:00-0300",24.16,25.95,16.34,21.1
"2026-09-08 07:14:00-0300",24.15,25.95,16.34,21.1
"2026-09-08 07:15:00-0300",24.16,25.95,16.34,21.1
"2026-09-08 07:16:00-0300",24.15,25.95,16.34,20.9
"2026-09-08 07:17:00-0300",24.16,25.95,16.34,21
"2026-09-08 07:18:00-0300",24.17,25.95,16.34,21
"2026-09-08 07:19:00-0300",24.16,25.95,16.34,21.1
"2026-09-08 07:20:00-0300",24.16,25.95,16.34,21.1
"2026-09-08 07:21:00-0300",24.16,25.95,16.34,21.1
"2026-09-08 07:22:00-0300",24.16,25.95,16.34,21
"2026-09-08 07:23:00-0300",24.14,25.94,16.34,21
"2026-09-08 07:24:00-0300",24.14,25.95,16.34,21
"2026-09-08 07:25:00-0300",24.15,25.95,16.34,21.1
"2026-09-08 07:26:00-0300",24.14,25.95,16.34,21.1
"2026-09-08 07:27:00-0300",24.13,25.94,16.34,21.1
"2026-09-08 07:28:00-0300",24.14,25.95,16.34,20.9
"2026-09-08 07:29:00-0300",24.14,25.94,16.34,21
"2026-09-08 07:30:00-0300",24.14,25.94,16.34,21
"2026-09-08 07:31:00-0300",24.13,25.94,16.28,21.1
"2026-09-08 07:32:00-0300",24.14,25.94,16.34,20.9
"2026-09-08 07:33:00-0300",24.14,25.94,16.34,21.1
"2026-09-08 07:34:00-0300",24.14,25.94,16.34,20.9
"2026-09-08 07:35:00-0300",24.13,25.94,16.34,21
"2026-09-08 07:36:00-0300",24.14,25.94,16.34,21
"2026-09-08 07:37:00-0300",24.14,25.94,16.34,20.9
"2026-09-08 07:38:00-0300",24.14,25.94,16.34,21
"2026-09-08 07:39:00-0300",24.14,25.94,16.28,21.1
"2026-09-08 07:40:00-0300",24.14,25.94,16.34,21
"2026-09-08 07:41:00-0300",24.14,25.94,16.34,21
"2026-09-08 07:42:00-0300",24.14,25.94,16.34,21
"2026-09-08 07:43:00-0300",24.14,25.94,16.34,21.1
"2026-09-08 07:44:00-0300",24.14,25.94,16.34,21.1
"2026-09-08 07:45:00-0300",24.14,25.94,16.34,20.9
"2026-09-08 07:46:00-0300",24.14,25.94,16.34,20.9
"2026-09-08 07:47:00-0300",24.14,25.94,16.34,21
"2026-09-08 07:48:00-0300",24.12,25.94,16.34,21
"2026-09-08 07:49:00-0300",24.14,25.94,16.28,21.1
"2026-09-08 07:50:00-0300",24.13,25.94,16.28,21
"2026-09-08 07:51:00-0300",24.13,25.94,16.34,20.9
"2026-09-08 07:52:00-0300",24.12,25.94,16.34,21
"2026-09-08 07:53:00-0300",24.14,25.94,16.34,21
"2026-09-08 07:54:00-0300",24.13,25.94,16.28,21
"2026-09-08 07:55:00-0300",24.14,25.94,16.34,21
"2026-09-08 07:56:00-0300",24.13,25.94,16.34,21
"2026-09-08 07:57:00-0300",24.13,25.94,16.28,21
"2026-09-08 07:58:00-0300",24.13,25.94,16.34,21
"2026-09-08 07:59:00-0300",24.13,25.94,16.28,20.9
"2026-09-08 08:00:00-0300",24.13,25.94,16.34,21
"2026-09-08 08:01:00-0300",24.12,25.94,16.34,21
"2026-09-08 08:02:00-0300",24.13,25.94,16.28,21
"2026-09-08 08:03:00-0300",24.14,25.94,16.34,21
"2026-09-08 08:04:00-0300",24.13,25.94,16.34,21
"2026-09-08 08:05:00-0300",24.12,25.94,16.34,21
"2026-09-08 08:06:00-0300",24.13,25.94,16.34,20.9
"2026-09-08 08:07:00-0300",24.13,25.94,16.34,21
"2026-09-08 08:08:00-0300",24.14,25.94,16.34,21
"2026-09-08 08:09:00-0300",24.14,25.94,16.34,21
"2026-09-08 08:10:00-0300",24.14,25.94,16.28,21
"2026-09-08 08:11:00-0300",24.14,25.94,16.34,21
"2026-09-08 08:12:00-0300",24.14,25.94,16.34,21
"2026-09-08 08:13:00-0300",24.14,25.94,16.34,21
"2026-09-08 08:14:00-0300",24.13,25.94,16.34,21
"2026-09-08 08:15:00-0300",24.14,25.94,16.28,21
"2026-09-08 08:16:00-0300",24.14,25.94,16.34,21
"2026-09-08 08:17:00-0300",24.14,25.94,16.34,21
"2026-09-08 08:18:00-0300",24.13,25.94,16.34,20.9
"2026-09-08 08:19:00-0300",24.14,25.94,16.28,20.9
"2026-09-08 08:20:00-0300",24.14,25.94,16.34,21
"2026-09-08 08:21:00-0300",24.14,25.94,16.28,21
"2026-09-08 08:22:00-0300",24.14,25.94,16.34,21
"2026-09-08 08:23:00-0300",24.13,25.94,16.34,20.9
"2026-09-08 08:24:00-0300",24.14,25.94,16.28,20.9
"2026-09-08 08:25:00-0300",24.14,25.94,16.34,21
"2026-09-08 08:26:00-0300",24.14,25.94,16.34,20.9
"2026-09-08 08:27:00-0300",24.13,25.94,16.34,20.9
"2026-09-08 08:28:00-0300",24.14,25.94,16.28,21
"2026-09-08 08:29:00-0300",24.14,25.94,16.28,21
"2026-09-08 08:30:00-0300",24.14,25.94,16.28,21
"2026-09-08 08:31:00-0300",24.14,25.94,16.34,20.8
"2026-09-08 08:32:00-0300",24.14,25.94,16.34,20.9
"2026-09-08 08:33:00-0300",24.14,25.94,16.34,21
"2026-09-08 08:34:00-0300",24.14,25.94,16.34,21
"2026-09-08 08:35:00-0300",24.14,25.94,16.34,21
"2026-09-08 08:36:00-0300",24.13,25.94,16.34,21
"2026-09-08 08:37:00-0300",24.14,25.94,16.34,21
"2026-09-08 08:38:00-0300",24.14,25.94,16.28,21
"2026-09-08 08:39:00-0300",24.14,25.94,16.28,21
"2026-09-08 08:40:00-0300",24.14,25.95,16.28,21
"2026-09-08 08:41:00-0300",24.14,25.95,16.28,21
"2026-09-08 08:42:00-0300",24.14,25.94,16.34,20.8
"2026-09-08 08:43:00-0300",24.14,25.94,16.28,20.9
"2026-09-08 08:44:00-0300",24.14,25.94,16.34,21
"2026-09-08 08:45:00-0300",24.13,25.94,16.28,21
"2026-09-08 08:46:00-0300",24.15,25.95,16.28,21
"2026-09-08 08:47:00-0300",24.14,25.94,16.28,21
"2026-09-08 08:48:00-0300",24.14,25.94,16.28,21
"2026-09-08 08:49:00-0300",24.14,25.94,16.34,21
"2026-09-08 08:50:00-0300",24.14,25.94,16.28,20.8
"2026-09-08 08:51:00-0300",24.14,25.94,16.28,21
"2026-09-08 08:52:00-0300",24.14,25.94,16.28,21
"2026-09-08 08:53:00-0300",24.14,25.94,16.28,20.9
"2026-09-08 08:54:00-0300",24.13,25.94,16.28,20.9
"2026-09-08 08:55:00-0300",24.14,25.95,16.28,21
"2026-09-08 08:56:00-0300",24.15,25.95,16.34,21
"2026-09-08 08:57:00-0300",24.15,25.95,16.28,21
"2026-09-08 08:58:00-0300",24.15,25.95,16.28,21
"2026-09-08 08:59:00-0300",24.15,25.95,16.28,21
"2026-09-08 09:00:00-0300",24.15,25.95,16.28,20.8
"2026-09-08 09:01:00-0300",24.15,25.95,16.28,20.9
"2026-09-08 09:02:00-0300",24.15,25.95,16.28,21
"2026-09-08 09:03:00-0300",24.14,25.94,16.28,21
"2026-09-08 09:04:00-0300",24.15,25.95,16.28,21
"2026-09-08 09:05:00-0300",24.15,25.95,16.28,21
"2026-09-08 09:06:00-0300",24.14,25.94,16.28,20.9
"2026-09-08 09:07:00-0300",24.15,25.95,16.28,20.9
"2026-09-08 09:08:00-0300",24.15,25.95,16.28,20.9
"2026-09-08 09:09:00-0300",24.15,25.95,16.28,21
"2026-09-08 09:10:00-0300",24.15,25.95,16.28,21
"2026-09-08 09:11:00-0300",24.15,25.95,16.28,20.9
"2026-09-08 09:12:00-0300",24.14,25.94,16.28,20.8
"2026-09-08 09:13:00-0300",24.16,25.95,16.28,20.8
"2026-09-08 09:14:00-0300",24.16,25.95,16.28,20.9
"2026-09-08 09:15:00-0300",24.16,25.95,16.28,21
"2026-09-08 09:16:00-0300",24.16,25.95,16.34,20.9
"2026-09-08 09:17:00-0300",24.15,25.95,16.28,20.7
"2026-09-08 09:18:00-0300",24.16,25.95,16.28,20.8
"2026-09-08 09:19:00-0300",24.16,25.95,16.28,20.9
"2026-09-08 09:20:00-0300",24.15,25.95,16.28,20.9
"2026-09-08 09:21:00-0300",24.15,25.95,16.28,20.9
"2026-09-08 09:22:00-0300",24.15,25.95,16.28,20.9
"2026-09-08 09:23:00-0300",24.16,25.95,16.28,20.9
"2026-09-08 09:24:00-0300",24.16,25.95,16.28,20.8
"2026-09-08 09:25:00-0300",24.15,25.95,16.28,20.9
"2026-09-08 09:26:00-0300",24.15,25.95,16.28,20.9
"2026-09-08 09:27:00-0300",24.16,25.95,16.28,20.9
"2026-09-08 09:28:00-0300",24.16,25.95,16.28,20.9
"2026-09-08 09:29:00-0300",24.16,25.95,16.28,20.9
"2026-09-08 09:30:00-0300",24.16,25.95,16.28,20.9
"2026-09-08 09:31:00-0300",24.16,25.95,16.28,20.9
"2026-09-08 09:32:00-0300",24.16,25.95,16.28,20.9
"2026-09-08 09:33:00-0300",24.16,25.95,16.28,20.8
"2026-09-08 09:34:00-0300",24.17,25.95,16.28,20.8
"2026-09-08 09:35:00-0300",24.16,25.95,16.28,20.9
"2026-09-08 09:36:00-0300",24.17,25.95,16.28,20.9
"2026-09-08 09:37:00-0300",24.16,25.95,16.28,20.9
"2026-09-08 09:38:00-0300",24.17,25.95,16.24,20.7
"2026-09-08 09:39:00-0300",24.17,25.95,16.28,20.8
"2026-09-08 09:40:00-0300",24.17,25.95,16.28,20.8
"2026-09-08 09:41:00-0300",24.17,25.95,16.28,20.8
"2026-09-08 09:42:00-0300",24.17,25.95,16.28,20.9
"2026-09-08 09:43:00-0300",24.17,25.95,16.28,20.9
"2026-09-08 09:44:00-0300",24.16,25.95,16.28,20.9
"2026-09-08 09:45:00-0300",24.17,25.96,16.28,20.9
"2026-09-08 09:46:00-0300",24.17,25.96,16.28,20.9
"2026-09-08 09:47:00-0300",24.18,25.96,16.28,20.9
"2026-09-08 09:48:00-0300",24.18,25.96,16.28,20.9
"2026-09-08 09:49:00-0300",24.18,25.96,16.28,20.9
"2026-09-08 09:50:00-0300",24.19,25.96,16.28,20.7
"2026-09-08 09:51:00-0300",24.19,25.96,16.28,20.8
"2026-09-08 09:52:00-0300",24.18,25.96,16.28,20.8
"2026-09-08 09:53:00-0300",24.17,25.95,16.28,20.7
"2026-09-08 09:54:00-0300",24.19,25.96,16.28,20.7
"2026-09-08 09:55:00-0300",24.19,25.96,16.28,20.7
"2026-09-08 09:56:00-0300",24.19,25.96,16.28,20.7
"2026-09-08 09:57:00-0300",24.19,25.96,16.28,20.8
"2026-09-08 09:58:00-0300",24.19,25.96,16.28,20.8
"2026-09-08 09:59:00-0300",24.19,25.96,16.28,20.8
"2026-09-08 10:00:00-0300",24.19,25.96,16.28,20.8
"2026-09-08 10:01:00-0300",24.2,25.96,16.28,20.8
"2026-09-08 10:02:00-0300",24.2,25.96,16.28,20.8
"2026-09-08 10:03:00-0300",24.2,25.96,16.28,20.7
"2026-09-08 10:04:00-0300",24.2,25.97,16.28,20.8
"2026-09-08 10:05:00-0300",24.2,25.96,16.28,20.8
"2026-09-08 10:06:00-0300",24.2,25.97,16.28,20.8
"2026-09-08 10:07:00-0300",24.19,25.96,16.28,20.8
"2026-09-08 10:08:00-0300",24.21,25.97,16.28,20.8
"2026-09-08 10:09:00-0300",24.21,25.97,16.28,20.8
"2026-09-08 10:10:00-0300",24.21,25.97,16.28,20.7
"2026-09-08 10:11:00-0300",24.21,25.97,16.24,20.7
"2026-09-08 10:12:00-0300",24.2,25.96,16.28,20.8
"2026-09-08 10:13:00-0300",24.21,25.97,16.28,20.8
"2026-09-08 10:14:00-0300",24.21,25.97,16.28,20.8
"2026-09-08 10:15:00-0300",24.21,25.97,16.24,20.8
"2026-09-08 10:16:00-0300",24.21,25.97,16.28,20.7
"2026-09-08 10:17:00-0300",24.2,25.96,16.28,20.7
"2026-09-08 10:18:00-0300",24.22,25.97,16.28,20.7
"2026-09-08 10:19:00-0300",24.21,25.97,16.28,20.8
"2026-09-08 10:20:00-0300",24.22,25.97,16.28,20.8
"2026-09-08 10:21:00-0300",24.22,25.97,16.28,20.8
"2026-09-08 10:22:00-0300",24.21,25.97,16.24,20.8
"2026-09-08 10:23:00-0300",24.22,25.97,16.28,20.7
"2026-09-08 10:24:00-0300",24.22,25.97,16.24,20.8
"2026-09-08 10:25:00-0300",24.22,25.97,16.28,20.8
"2026-09-08 10:26:00-0300",24.22,25.97,16.28,20.8
"2026-09-08 10:27:00-0300",24.21,25.97,16.28,20.8
"2026-09-08 10:28:00-0300",24.22,25.97,16.28,20.8
"2026-09-08 10:29:00-0300",24.22,25.97,16.24,20.7
"2026-09-08 10:30:00-0300",24.23,25.97,16.24,20.8
"2026-09-08 10:31:00-0300",24.22,25.97,16.24,20.8
"2026-09-08 10:32:00-0300",24.22,25.97,16.28,20.8
"2026-09-08 10:33:00-0300",24.22,25.97,16.24,20.8
"2026-09-08 10:34:00-0300",24.22,25.97,16.28,20.8
"2026-09-08 10:35:00-0300",24.23,25.97,16.24,20.7
"2026-09-08 10:36:00-0300",24.23,25.97,16.28,20.8
"2026-09-08 10:37:00-0300",24.23,25.97,16.24,20.8
"2026-09-08 10:38:00-0300",24.23,25.97,16.28,20.7
"2026-09-08 10:39:00-0300",24.23,25.97,16.24,20.7
"2026-09-08 10:40:00-0300",24.23,25.97,16.28,20.7
"2026-09-08 10:41:00-0300",24.23,25.97,16.24,20.7
"2026-09-08 10:42:00-0300",24.23,25.97,16.24,20.8
"2026-09-08 10:43:00-0300",24.22,25.97,16.24,20.8
"2026-09-08 10:44:00-0300",24.23,25.97,16.24,20.8
"2026-09-08 10:45:00-0300",24.23,25.97,16.24,20.6
"2026-09-08 10:46:00-0300",24.23,25.97,16.24,20.8
"2026-09-08 10:47:00-0300",24.23,25.97,16.28,20.6
"2026-09-08 10:48:00-0300",24.24,25.98,16.28,20.6
"2026-09-08 10:49:00-0300",24.23,25.98,16.24,20.7
"2026-09-08 10:50:00-0300",24.23,25.98,16.24,20.8
"2026-09-08 10:51:00-0300",24.23,25.98,16.24,20.7
"2026-09-08 10:52:00-0300",24.24,25.98,16.24,20.7
"2026-09-08 10:53:00-0300",24.24,25.98,16.24,20.8
"2026-09-08 10:54:00-0300",24.24,25.98,16.24,20.7
"2026-09-08 10:55:00-0300",24.24,25.98,16.18,20.7
"2026-09-08 10:56:00-0300",24.24,25.98,16.24,20.7
"2026-09-08 10:57:00-0300",24.24,25.98,16.24,20.7
"2026-09-08 10:58:00-0300",24.24,25.98,16.24,20.8
"2026-09-08 10:59:00-0300",24.24,25.98,16.24,20.8
"2026-09-08 11:00:00-0300",24.24,25.98,16.18,20.8
"2026-09-08 11:01:00-0300",24.24,25.98,16.24,20.8
"2026-09-08 11:02:00-0300",24.24,25.98,16.24,20.7
"2026-09-08 11:03:00-0300",24.23,25.97,16.18,20.7
"2026-09-08 11:04:00-0300",24.24,25.98,16.18,20.7
"2026-09-08 11:05:00-0300",24.24,25.98,16.18,20.8
"2026-09-08 11:06:00-0300",24.24,25.98,16.18,20.8
"2026-09-08 11:07:00-0300",24.25,25.98,16.18,20.8
"2026-09-08 11:08:00-0300",24.25,25.98,16.24,20.6
"2026-09-08 11:09:00-0300",24.25,25.98,16.18,20.8
"2026-09-08 11:10:00-0300",24.25,25.98,16.24,20.8
"2026-09-08 11:11:00-0300",24.24,25.98,16.18,20.6
"2026-09-08 11:12:00-0300",24.24,25.98,16.18,20.6
"2026-09-08 11:13:00-0300",24.25,25.98,16.18,20.7
"2026-09-08 11:14:00-0300",24.25,25.98,16.18,20.7
"2026-09-08 11:15:00-0300",24.24,25.98,16.18,20.8
"2026-09-08 11:16:00-0300",24.25,25.98,16.18,20.7
"2026-09-08 11:17:00-0300",24.24,25.98,16.18,20.8
"2026-09-08 11:18:00-0300",24.25,25.98,16.14,20.7
"2026-09-08 11:19:00-0300",24.25,25.98,16.18,20.7
"2026-09-08 11:20:00-0300",24.25,25.98,16.18,20.7
"2026-09-08 11:21:00-0300",24.25,25.98,16.18,20.7
"2026-09-08 11:22:00-0300",24.24,25.98,16.18,20.7
"2026-09-08 11:23:00-0300",24.25,25.98,16.18,20.7
"2026-09-08 11:24:00-0300",24.25,25.98,16.18,20.7
"2026-09-08 11:25:00-0300",24.25,25.98,16.18,20.6
"2026-09-08 11:26:00-0300",24.25,25.98,16.18,20.7
"2026-09-08 11:27:00-0300",24.24,25.98,16.18,NA
"2026-09-08 11:28:00-0300",24.25,25.98,16.14,20.6
"2026-09-08 11:29:00-0300",24.25,25.98,16.18,20.7
"2026-09-08 11:30:00-0300",24.26,25.98,16.14,20.7
"2026-09-08 11:31:00-0300",24.26,25.98,16.14,20.7
"2026-09-08 11:32:00-0300",24.25,25.98,16.18,20.7
"2026-09-08 11:33:00-0300",24.26,25.98,16.14,20.7
"2026-09-08 11:34:00-0300",24.26,25.98,16.14,20.7
"2026-09-08 11:35:00-0300",24.26,25.98,16.14,20.7
"2026-09-08 11:36:00-0300",24.26,25.98,16.14,20.6
"2026-09-08 11:37:00-0300",24.25,25.98,16.18,20.7
"2026-09-08 11:38:00-0300",24.26,25.98,16.14,20.7
"2026-09-08 11:39:00-0300",24.26,25.98,16.18,20.7
"2026-09-08 11:40:00-0300",24.26,25.98,16.18,20.7
"2026-09-08 11:41:00-0300",24.26,25.98,16.14,20.7
"2026-09-08 11:42:00-0300",24.26,25.98,16.14,20.7
"2026-09-08 11:43:00-0300",24.26,25.98,16.14,20.6
"2026-09-08 11:44:00-0300",24.26,25.98,16.14,20.6
"2026-09-08 11:45:00-0300",24.26,25.98,16.18,20.7
"2026-09-08 11:46:00-0300",24.27,25.99,16.14,20.7
"2026-09-08 11:47:00-0300",24.27,25.99,16.14,20.7
"2026-09-08 11:48:00-0300",24.26,25.98,16.14,20.7
"2026-09-08 11:49:00-0300",24.27,25.99,16.14,20.7
"2026-09-08 11:50:00-0300",24.27,25.99,16.14,20.7
"2026-09-08 11:51:00-0300",24.27,25.99,16.14,20.7
"2026-09-08 11:52:00-0300",24.27,25.99,16.14,20.5
"2026-09-08 11:53:00-0300",24.26,25.98,16.14,20.5
"2026-09-08 11:54:00-0300",24.27,25.99,16.14,20.7
"2026-09-08 11:55:00-0300",24.27,25.99,16.14,20.7
"2026-09-08 11:56:00-0300",24.27,25.99,16.14,20.5
"2026-09-08 11:57:00-0300",24.27,25.99,16.14,20.7
"2026-09-08 11:58:00-0300",24.26,25.98,16.18,20.7
"2026-09-08 11:59:00-0300",24.27,25.99,16.14,20.5
"2026-09-08 12:00:00-0300",24.27,25.99,16.14,20.6
"2026-09-08 12:01:00-0300",24.27,25.99,16.14,20.5
"2026-09-08 12:02:00-0300",24.28,25.99,16.14,20.6
"2026-09-08 12:03:00-0300",24.28,25.99,16.14,20.6
"2026-09-08 12:04:00-0300",24.28,25.99,16.14,20.7
"2026-09-08 12:05:00-0300",24.28,25.99,16.14,20.6
"2026-09-08 12:06:00-0300",24.28,25.99,16.14,20.6
"2026-09-08 12:07:00-0300",24.28,25.99,16.14,20.7
"2026-09-08 12:08:00-0300",24.28,25.99,16.14,20.7
"2026-09-08 12:09:00-0300",24.28,25.99,16.14,20.7
"2026-09-08 12:10:00-0300",24.28,25.99,16.14,20.5
"2026-09-08 12:11:00-0300",24.28,25.99,16.14,20.6
"2026-09-08 12:12:00-0300",24.28,25.99,16.14,20.6
"2026-09-08 12:13:00-0300",24.28,25.99,16.14,20.7
"2026-09-08 12:14:00-0300",24.27,25.99,16.14,20.7
"2026-09-08 12:15:00-0300",24.28,25.99,16.14,20.7
"2026-09-08 12:16:00-0300",24.28,25.99,16.14,20.7
"2026-09-08 12:17:00-0300",24.29,25.99,16.14,20.7
"2026-09-08 12:18:00-0300",24.29,25.99,16.14,20.7
"2026-09-08 12:19:00-0300",24.28,25.99,16.14,20.6
"2026-09-08 12:20:00-0300",24.29,25.99,16.14,20.7
"2026-09-08 12:21:00-0300",24.29,25.99,16.14,20.7
"2026-09-08 12:22:00-0300",24.29,25.99,16.14,20.6
"2026-09-08 12:23:00-0300",24.29,25.99,16.14,20.6
"2026-09-08 12:24:00-0300",24.29,25.99,16.14,20.6
"2026-09-08 12:25:00-0300",24.29,25.99,16.14,20.7
"2026-09-08 12:26:00-0300",24.3,26,16.14,20.6
"2026-09-08 12:27:00-0300",24.29,25.99,16.14,20.7
"2026-09-08 12:28:00-0300",24.29,26,16.14,20.5
"2026-09-08 12:29:00-0300",24.29,26,16.14,20.7
"2026-09-08 12:30:00-0300",24.29,25.99,16.14,20.6
"2026-09-08 12:31:00-0300",24.29,25.99,16.14,20.7
"2026-09-08 12:32:00-0300",24.3,26,16.14,20.7
"2026-09-08 12:33:00-0300",24.3,26,16.14,20.7
"2026-09-08 12:34:00-0300",24.3,26,16.14,20.5
"2026-09-08 12:35:00-0300",24.29,25.99,16.14,20.6
"2026-09-08 12:36:00-0300",24.31,26,16.14,20.6
"2026-09-08 12:37:00-0300",24.31,26,16.14,20.6
"2026-09-08 12:38:00-0300",24.31,26,16.14,20.6
"2026-09-08 12:39:00-0300",24.31,26,16.14,20.6
"2026-09-08 12:40:00-0300",24.31,26,16.14,20.6
"2026-09-08 12:41:00-0300",24.31,26,16.14,20.5
"2026-09-08 12:42:00-0300",24.31,26,16.14,20.5
"2026-09-08 12:43:00-0300",24.32,26,16.14,20.6
"2026-09-08 12:44:00-0300",24.32,26,16.14,20.6
"2026-09-08 12:45:00-0300",24.32,26,16.14,20.6
"2026-09-08 12:46:00-0300",24.31,26,16.14,20.6
"2026-09-08 12:47:00-0300",24.32,26,16.14,20.6
"2026-09-08 12:48:00-0300",24.32,26,16.14,20.5
"2026-09-08 12:49:00-0300",24.32,26,16.14,20.6
"2026-09-08 12:50:00-0300",24.32,26,16.14,20.5
"2026-09-08 12:51:00-0300",24.31,26,16.14,20.6
"2026-09-08 12:52:00-0300",24.32,26,16.14,20.6
"2026-09-08 12:53:00-0300",24.32,26,16.14,20.6
"2026-09-08 12:54:00-0300",24.32,26,16.14,20.6
"2026-09-08 12:55:00-0300",24.32,26,16.14,20.4
"2026-09-08 12:56:00-0300",24.32,26,16.14,20.5
"2026-09-08 12:57:00-0300",24.32,26,16.14,20.5
"2026-09-08 12:58:00-0300",24.32,26,16.14,20.6
"2026-09-08 12:59:00-0300",24.33,26.01,16.14,20.6
"2026-09-08 13:00:00-0300",24.32,26,16.14,20.6
"2026-09-08 13:01:00-0300",24.32,26,16.14,20.6
"2026-09-08 13:02:00-0300",24.31,26,16.14,20.6
"2026-09-08 13:03:00-0300",24.32,26,16.14,20.4
"2026-09-08 13:04:00-0300",24.32,26,16.14,20.5
"2026-09-08 13:05:00-0300",24.31,26,16.14,20.6
"2026-09-08 13:06:00-0300",24.31,26,16.14,20.6
"2026-09-08 13:07:00-0300",24.3,26,16.14,20.6
"2026-09-08 13:08:00-0300",24.31,26,16.14,20.6
"2026-09-08 13:09:00-0300",24.32,26,16.14,20.6
"2026-09-08 13:10:00-0300",24.32,26,16.14,20.5
"2026-09-08 13:11:00-0300",24.32,26,16.14,20.5
"2026-09-08 13:12:00-0300",24.31,26,16.14,20.5
"2026-09-08 13:13:00-0300",24.32,26,16.14,20.5
"2026-09-08 13:14:00-0300",24.33,26.01,16.14,20.5
"2026-09-08 13:15:00-0300",24.33,26.01,16.14,20.6
"2026-09-08 13:16:00-0300",24.32,26,16.14,20.6
"2026-09-08 13:17:00-0300",24.33,26.01,16.14,20.5
"2026-09-08 13:18:00-0300",24.32,26,16.14,20.5
"2026-09-08 13:19:00-0300",24.33,26.01,16.14,20.5
"2026-09-08 13:20:00-0300",24.33,26.01,16.14,20.5
"2026-09-08 13:21:00-0300",24.33,26.01,16.14,20.5
"2026-09-08 13:22:00-0300",24.33,26.01,16.14,20.5
"2026-09-08 13:23:00-0300",24.32,26,16.14,20.6
"2026-09-08 13:24:00-0300",24.33,26.01,16.14,20.6
"2026-09-08 13:25:00-0300",24.33,26.01,16.14,20.5
"2026-09-08 13:26:00-0300",24.33,26.01,16.14,20.5
"2026-09-08 13:27:00-0300",24.34,26.01,16.14,20.5
"2026-09-08 13:28:00-0300",24.33,26.01,16.14,20.5
"2026-09-08 13:29:00-0300",24.35,26.01,16.14,20.5
"2026-09-08 13:30:00-0300",24.34,26.01,16.14,20.5
"2026-09-08 13:31:00-0300",24.34,26.01,16.14,20.5
"2026-09-08 13:32:00-0300",24.34,26.01,16.14,20.5
"2026-09-08 13:33:00-0300",24.34,26.01,16.14,20.4
"2026-09-08 13:34:00-0300",24.34,26.01,16.14,20.5
"2026-09-08 13:35:00-0300",24.34,26.01,16.14,20.5
"2026-09-08 13:36:00-0300",24.35,26.01,16.14,20.5
"2026-09-08 13:37:00-0300",24.35,26.01,16.14,20.5
"2026-09-08 13:38:00-0300",24.35,26.01,16.14,20.5
"2026-09-08 13:39:00-0300",24.34,26.01,16.14,20.5
"2026-09-08 13:40:00-0300",24.35,26.01,16.14,20.4
"2026-09-08 13:41:00-0300",24.35,26.01,16.14,20.5
"2026-09-08 13:42:00-0300",24.35,26.01,16.14,20.5
"2026-09-08 13:43:00-0300",24.35,26.01,16.14,20.5
"2026-09-08 13:44:00-0300",24.34,26.01,16.14,20.5
"2026-09-08 13:45:00-0300",24.35,26.01,16.14,20.5
"2026-09-08 13:46:00-0300",24.36,26.02,16.14,20.5
"2026-09-08 13:47:00-0300",24.36,26.02,16.14,20.5
"2026-09-08 13:48:00-0300",24.36,26.02,16.14,20.5
"2026-09-08 13:49:00-0300",24.36,26.02,16.14,20.3
"2026-09-08 13:50:00-0300",24.34,26.01,16.14,20.5
"2026-09-08 13:51:00-0300",24.35,26.01,16.14,20.5
"2026-09-08 13:52:00-0300",24.36,26.02,16.14,20.5
"2026-09-08 13:53:00-0300",24.36,26.02,16.14,20.5
"2026-09-08 13:54:00-0300",24.37,26.02,16.14,20.5
"2026-09-08 13:55:00-0300",24.36,26.02,16.14,20.5
"2026-09-08 13:56:00-0300",24.37,26.02,16.14,20.5
"2026-09-08 13:57:00-0300",24.37,26.02,16.14,20.5
"2026-09-08 13:58:00-0300",24.36,26.02,16.14,20.4
"2026-09-08 13:59:00-0300",24.36,26.02,16.14,20.5
"2026-09-08 14:00:00-0300",24.36,26.02,16.14,20.5
"2026-09-08 14:01:00-0300",24.36,26.02,16.14,20.4
"2026-09-08 14:02:00-0300",24.36,26.02,16.14,20.4
"2026-09-08 14:03:00-0300",24.37,26.02,16.14,20.5
"2026-09-08 14:04:00-0300",24.37,26.02,16.14,20.4
"2026-09-08 14:05:00-0300",24.37,26.02,16.14,20.4
"2026-09-08 14:06:00-0300",24.36,26.02,16.14,20.4
"2026-09-08 14:07:00-0300",24.37,26.02,16.14,20.4
"2026-09-08 14:08:00-0300",24.37,26.02,16.14,20.4
"2026-09-08 14:09:00-0300",24.37,26.02,16.14,20.5
"2026-09-08 14:10:00-0300",24.37,26.02,16.14,20.4
"2026-09-08 14:11:00-0300",24.37,26.02,16.14,20.4
"2026-09-08 14:12:00-0300",24.38,26.02,16.14,20.4
"2026-09-08 14:13:00-0300",24.39,26.03,16.14,20.4
"2026-09-08 14:14:00-0300",24.39,26.03,16.14,20.4
"2026-09-08 14:15:00-0300",24.39,26.03,16.14,20.4
"2026-09-08 14:16:00-0300",24.39,26.03,16.14,20.3
"2026-09-08 14:17:00-0300",24.38,26.02,16.14,20.4
"2026-09-08 14:18:00-0300",24.39,26.03,16.14,20.4
"2026-09-08 14:19:00-0300",24.39,26.03,16.14,20.4
"2026-09-08 14:20:00-0300",24.39,26.03,16.14,20.3
"2026-09-08 14:21:00-0300",24.39,26.03,16.14,20.4
"2026-09-08 14:22:00-0300",24.39,26.03,16.14,20.4
"2026-09-08 14:23:00-0300",24.39,26.03,16.14,20.4
"2026-09-08 14:24:00-0300",24.39,26.03,16.14,20.4
"2026-09-08 14:25:00-0300",24.39,26.03,16.14,20.4
"2026-09-08 14:26:00-0300",24.4,26.03,16.14,20.4
"2026-09-08 14:27:00-0300",24.4,26.03,16.14,20.3
"2026-09-08 14:28:00-0300",24.4,26.03,16.14,20.3
"2026-09-08 14:29:00-0300",24.4,26.03,16.14,20.3
"2026-09-08 14:30:00-0300",24.4,26.03,16.14,20.4
"2026-09-08 14:31:00-0300",24.4,26.03,16.14,20.4
"2026-09-08 14:32:00-0300",24.4,26.03,16.14,20.4
"2026-09-08 14:33:00-0300",24.4,26.03,16.14,20.4
"2026-09-08 14:34:00-0300",24.39,26.03,16.14,20.4
"2026-09-08 14:35:00-0300",24.4,26.03,16.14,20.3
"2026-09-08 14:36:00-0300",24.4,26.03,16.14,20.4
"2026-09-08 14:37:00-0300",24.4,26.03,16.14,20.4
"2026-09-08 14:38:00-0300",24.39,26.03,16.14,20.4
"2026-09-08 14:39:00-0300",24.4,26.03,16.14,20.3
"2026-09-08 14:40:00-0300",24.38,26.02,16.14,20.4
"2026-09-08 14:41:00-0300",24.39,26.03,16.14,20.3
"2026-09-08 14:42:00-0300",24.4,26.03,16.14,20.3
"2026-09-08 14:43:00-0300",24.4,26.03,16.14,20.4
"2026-09-08 14:44:00-0300",24.4,26.03,16.14,20.4
"2026-09-08 14:45:00-0300",24.4,26.03,16.14,20.4
"2026-09-08 14:46:00-0300",24.39,26.03,16.14,20.4
"2026-09-08 14:47:00-0300",24.4,26.03,16.14,20.3
"2026-09-08 14:48:00-0300",24.4,26.03,16.14,20.4
"2026-09-08 14:49:00-0300",24.4,26.03,16.14,20.4
"2026-09-08 14:50:00-0300",24.4,26.03,16.14,20.4
"2026-09-08 14:51:00-0300",24.39,26.03,16.14,20.3
"2026-09-08 14:52:00-0300",24.4,26.03,16.14,20.4
"2026-09-08 14:53:00-0300",24.4,26.03,16.14,20.3
"2026-09-08 14:54:00-0300",24.4,26.03,16.14,20.4
"2026-09-08 14:55:00-0300",24.4,26.03,16.14,20.3
"2026-09-08 14:56:00-0300",24.39,26.03,16.14,20.4
"2026-09-08 14:57:00-0300",24.39,26.03,16.14,20.4
"2026-09-08 14:58:00-0300",24.4,26.03,16.14,20.4
"2026-09-08 14:59:00-0300",24.4,26.03,16.14,20.4
"2026-09-08 15:00:00-0300",24.4,26.03,16.14,20.3
"2026-09-08 15:01:00-0300",24.38,26.02,16.14,20.3
"2026-09-08 15:02:00-0300",24.39,26.03,16.14,20.4
"2026-09-08 15:03:00-0300",24.39,26.03,16.14,20.3
"2026-09-08 15:04:00-0300",24.39,26.03,16.14,20.4
"2026-09-08 15:05:00-0300",24.39,26.03,16.14,20.4
"2026-09-08 15:06:00-0300",24.4,26.03,16.14,20.3
"2026-09-08 15:07:00-0300",24.4,26.03,16.14,20.4
"2026-09-08 15:08:00-0300",24.38,26.02,16.14,20.3
"2026-09-08 15:09:00-0300",24.38,26.02,16.14,20.3
"2026-09-08 15:10:00-0300",24.37,26.02,16.14,20.3
"2026-09-08 15:11:00-0300",24.37,26.02,16.14,20.4
"2026-09-08 15:12:00-0300",24.37,26.02,16.14,20.3
"2026-09-08 15:13:00-0300",24.36,26.02,16.14,20.3
"2026-09-08 15:14:00-0300",24.37,26.02,16.07,20.3
"2026-09-08 15:15:00-0300",24.38,26.02,16.14,20.3
"2026-09-08 15:16:00-0300",24.38,26.02,16.07,20.4
"2026-09-08 15:17:00-0300",24.38,26.02,16.14,20.4
"2026-09-08 15:18:00-0300",24.38,26.02,16.14,20.3
"2026-09-08 15:19:00-0300",24.36,26.02,16.07,20.3
"2026-09-08 15:20:00-0300",24.35,26.01,16.14,20.3
"2026-09-08 15:21:00-0300",24.35,26.01,16.14,20.3
"2026-09-08 15:22:00-0300",24.35,26.01,16.07,20.3
"2026-09-08 15:23:00-0300",24.35,26.01,16.07,20.3
"2026-09-08 15:24:00-0300",24.35,26.01,16.07,20.3
"2026-09-08 15:25:00-0300",24.34,26.01,16.07,20.3
"2026-09-08 15:26:00-0300",24.35,26.01,16.14,20.3
"2026-09-08 15:27:00-0300",24.35,26.01,16.14,20.3
"2026-09-08 15:28:00-0300",24.35,26.01,16.07,20.3
"2026-09-08 15:29:00-0300",24.35,26.01,16.07,20.3
"2026-09-08 15:30:00-0300",24.35,26.01,16.07,20.3
"2026-09-08 15:31:00-0300",24.34,26.01,16.07,20.3
"2026-09-08 15:32:00-0300",24.36,26.02,16.14,20.3
"2026-09-08 15:33:00-0300",24.35,26.01,16.07,20.3
"2026-09-08 15:34:00-0300",24.35,26.01,16.07,20.3
"2026-09-08 15:35:00-0300",24.35,26.01,16.07,20.3
"2026-09-08 15:36:00-0300",24.35,26.01,16.07,20.3
"2026-09-08 15:37:00-0300",24.34,26.01,16.07,20.3
"2026-09-08 15:38:00-0300",24.35,26.01,16.07,20.3
"2026-09-08 15:39:00-0300",24.35,26.01,16.07,20.3
"2026-09-08 15:40:00-0300",24.35,26.01,16.07,20.3
"2026-09-08 15:41:00-0300",24.35,26.01,16.07,20.3
"2026-09-08 15:42:00-0300",24.35,26.01,16.07,20.3
"2026-09-08 15:43:00-0300",24.35,26.01,16.07,20.3
"2026-09-08 15:44:00-0300",24.35,26.01,16.07,20.3
"2026-09-08 15:45:00-0300",24.35,26.01,16.07,20.3
"2026-09-08 15:46:00-0300",24.35,26.01,16.07,20.3
"2026-09-08 15:47:00-0300",24.35,26.01,16.07,20.3
"2026-09-08 15:48:00-0300",24.34,26.01,16.07,20.3
"2026-09-08 15:49:00-0300",24.35,26.01,16.07,20.3
"2026-09-08 15:50:00-0300",24.35,26.01,16.07,20.3
"2026-09-08 15:51:00-0300",24.35,26.01,16.07,20.3
"2026-09-08 15:52:00-0300",24.35,26.01,16.07,20.3
"2026-09-08 15:53:00-0300",24.35,26.01,16.07,20.3
"2026-09-08 15:54:00-0300",24.35,26.01,16.07,20.3
"2026-09-08 15:55:00-0300",24.35,26.01,16.07,20.2
"2026-09-08 15:56:00-0300",24.35,26.01,16.07,20.2
"2026-09-08 15:57:00-0300",24.35,26.01,16.07,20.3
"2026-09-08 15:58:00-0300",24.35,26.01,16.07,20.3
"2026-09-08 15:59:00-0300",24.33,26.01,16.07,20.3
"2026-09-08 16:00:00-0300",24.34,26.01,16.07,20.3
"2026-09-08 16:01:00-0300",24.34,26.01,16.03,20.2
"2026-09-08 16:02:00-0300",24.34,26.01,16.07,20.3
"2026-09-08 16:03:00-0300",24.34,26.01,16.07,20.3
"2026-09-08 16:04:00-0300",24.35,26.01,16.07,20.3
"2026-09-08 16:05:00-0300",24.34,26.01,16.07,20.3
"2026-09-08 16:06:00-0300",24.35,26.01,16.07,20.3
"2026-09-08 16:07:00-0300",24.35,26.01,16.07,20.3
"2026-09-08 16:08:00-0300",24.35,26.01,16.03,20.3
"2026-09-08 16:09:00-0300",24.35,26.01,16.07,20.3
"2026-09-08 16:10:00-0300",24.34,26.01,16.03,20.3
"2026-09-08 16:11:00-0300",24.35,26.01,16.07,20.3
"2026-09-08 16:12:00-0300",24.35,26.01,16.07,20.3
"2026-09-08 16:13:00-0300",24.35,26.01,16.03,20.2
"2026-09-08 16:14:00-0300",24.35,26.01,16.07,20.2
"2026-09-08 16:15:00-0300",24.34,26.01,16.07,20.3
"2026-09-08 16:16:00-0300",24.34,26.01,16.07,20.3
"2026-09-08 16:17:00-0300",24.34,26.01,16.03,20.3
"2026-09-08 16:18:00-0300",24.34,26.01,16.03,20.3
"2026-09-08 16:19:00-0300",24.34,26.01,16.03,20.2
"2026-09-08 16:20:00-0300",24.34,26.01,16.03,20.2
"2026-09-08 16:21:00-0300",24.33,26.01,16.03,20.3
"2026-09-08 16:22:00-0300",24.34,26.01,16.03,20.2
"2026-09-08 16:23:00-0300",24.34,26.01,16.03,20.3
"2026-09-08 16:24:00-0300",24.34,26.01,16.03,20.3
"2026-09-08 16:25:00-0300",24.34,26.01,16.03,20.2
"2026-09-08 16:26:00-0300",24.34,26.01,16.03,20.3
"2026-09-08 16:27:00-0300",24.33,26.01,16.03,20.3
"2026-09-08 16:28:00-0300",24.34,26.01,16.03,20.3
"2026-09-08 16:29:00-0300",24.33,26.01,15.97,20.3
"2026-09-08 16:30:00-0300",24.33,26.01,16.03,20.3
"2026-09-08 16:31:00-0300",24.33,26.01,15.97,20.2
"2026-09-08 16:32:00-0300",24.32,26,16.03,20.2
"2026-09-08 16:33:00-0300",24.33,26.01,15.97,20.2
"2026-09-08 16:34:00-0300",24.33,26.01,15.97,20.3
"2026-09-08 16:35:00-0300",24.33,26.01,15.97,20.3
"2026-09-08 16:36:00-0300",24.33,26.01,15.97,20.3
"2026-09-08 16:37:00-0300",24.33,26.01,15.97,20.2
"2026-09-08 16:38:00-0300",24.33,26.01,16.03,20.2
"2026-09-08 16:39:00-0300",24.33,26.01,15.97,20.2
"2026-09-08 16:40:00-0300",24.33,26.01,15.97,20.3
"2026-09-08 16:41:00-0300",24.33,26.01,15.97,20.3
"2026-09-08 16:42:00-0300",24.33,26.01,15.97,20.3
"2026-09-08 16:43:00-0300",24.31,26,15.97,20.2
"2026-09-08 16:44:00-0300",24.32,26,15.97,20.2
"2026-09-08 16:45:00-0300",24.32,26,15.97,20.2
"2026-09-08 16:46:00-0300",24.32,26,15.97,20.3
"2026-09-08 16:47:00-0300",24.32,26,15.97,20.3
"2026-09-08 16:48:00-0300",24.32,26,15.97,20.1
"2026-09-08 16:49:00-0300",24.32,26,15.97,20.3
"2026-09-08 16:50:00-0300",24.32,26,15.97,20.2
"2026-09-08 16:51:00-0300",24.32,26,15.97,20.2
"2026-09-08 16:52:00-0300",24.32,26,15.97,20.3
"2026-09-08 16:53:00-0300",24.32,26,15.97,20.3
"2026-09-08 16:54:00-0300",24.3,26,15.97,20.2
"2026-09-08 16:55:00-0300",24.31,26,15.97,20.3
"2026-09-08 16:56:00-0300",24.31,26,15.97,20.2
"2026-09-08 16:57:00-0300",24.31,26,15.97,20.2
"2026-09-08 16:58:00-0300",24.31,26,15.97,20.3
"2026-09-08 16:59:00-0300",24.31,26,15.97,20.2
"2026-09-08 17:00:00-0300",24.31,26,15.97,20.3
"2026-09-08 17:01:00-0300",24.31,26,15.97,20.3
"2026-09-08 17:02:00-0300",24.31,26,15.97,20.2
"2026-09-08 17:03:00-0300",24.31,26,15.97,20.2
"2026-09-08 17:04:00-0300",24.31,26,15.97,20.2
"2026-09-08 17:05:00-0300",24.3,26,15.97,20.2
"2026-09-08 17:06:00-0300",24.31,26,15.97,20.2
"2026-09-08 17:07:00-0300",24.3,26,15.97,20.2
"2026-09-08 17:08:00-0300",24.3,26,15.97,20.2
"2026-09-08 17:09:00-0300",24.3,26,15.97,20.2
"2026-09-08 17:10:00-0300",24.3,26,15.97,20.2
"2026-09-08 17:11:00-0300",24.29,25.99,15.97,20.2
"2026-09-08 17:12:00-0300",24.3,26,15.97,20.2
"2026-09-08 17:13:00-0300",24.3,26,15.97,20.2
"2026-09-08 17:14:00-0300",24.3,26,15.97,20.2
"2026-09-08 17:15:00-0300",24.3,26,15.97,20.2
"2026-09-08 17:16:00-0300",24.29,25.99,15.97,20.2
"2026-09-08 17:17:00-0300",24.3,26,15.97,20.2
"2026-09-08 17:18:00-0300",24.3,26,15.97,20.2
"2026-09-08 17:19:00-0300",24.3,26,15.97,20.2
"2026-09-08 17:20:00-0300",24.29,26,15.97,20.2
"2026-09-08 17:21:00-0300",24.29,25.99,15.97,20.2
"2026-09-08 17:22:00-0300",24.28,25.99,15.97,20.2
"2026-09-08 17:23:00-0300",24.29,25.99,15.97,20.3
"2026-09-08 17:24:00-0300",24.28,25.99,15.97,20.2
"2026-09-08 17:25:00-0300",24.28,25.99,15.97,20.2
"2026-09-08 17:26:00-0300",24.28,25.99,15.97,20.2
"2026-09-08 17:27:00-0300",24.28,25.99,15.97,20.2
"2026-09-08 17:28:00-0300",24.29,25.99,15.97,20.2
"2026-09-08 17:29:00-0300",24.29,25.99,15.97,20.2
"2026-09-08 17:30:00-0300",24.29,25.99,15.97,20.2
"2026-09-08 17:31:00-0300",24.29,25.99,15.97,20.2
"2026-09-08 17:32:00-0300",24.28,25.99,15.97,20.2
"2026-09-08 17:33:00-0300",24.29,25.99,15.97,20.2
"2026-09-08 17:34:00-0300",24.28,25.99,15.97,20.2
"2026-09-08 17:35:00-0300",24.28,25.99,15.97,20.2
"2026-09-08 17:36:00-0300",24.28,25.99,15.97,20.2
"2026-09-08 17:37:00-0300",24.28,25.99,15.97,20.2
"2026-09-08 17:38:00-0300",24.27,25.99,15.97,20.2
"2026-09-08 17:39:00-0300",24.28,25.99,15.97,20.2
"2026-09-08 17:40:00-0300",24.28,25.99,15.97,20.1
"2026-09-08 17:41:00-0300",24.28,25.99,15.97,20.2
"2026-09-08 17:42:00-0300",24.27,25.99,15.97,20.2
"2026-09-08 17:43:00-0300",24.27,25.99,15.97,20.2
"2026-09-08 17:44:00-0300",24.27,25.99,15.97,20.2
"2026-09-08 17:45:00-0300",24.27,25.99,15.97,20.2
"2026-09-08 17:46:00-0300",24.27,25.99,15.97,20.2
"2026-09-08 17:47:00-0300",24.27,25.99,15.97,20.2
"2026-09-08 17:48:00-0300",24.27,25.99,15.97,20.1
"2026-09-08 17:49:00-0300",24.26,25.98,15.97,20.2
"2026-09-08 17:50:00-0300",24.27,25.99,15.97,20.2
"2026-09-08 17:51:00-0300",24.26,25.98,15.97,20.2
"2026-09-08 17:52:00-0300",24.26,25.98,15.93,20.2
"2026-09-08 17:53:00-0300",24.26,25.98,15.97,20.2
"2026-09-08 17:54:00-0300",24.25,25.98,15.97,20.2
"2026-09-08 17:55:00-0300",24.26,25.98,15.97,20.1
"2026-09-08 17:56:00-0300",24.26,25.98,15.97,20.2
"2026-09-08 17:57:00-0300",24.26,25.98,15.97,20.2
"2026-09-08 17:58:00-0300",24.26,25.98,15.97,20.2
"2026-09-08 17:59:00-0300",24.26,25.98,15.93,20.2
"2026-09-08 18:00:00-0300",24.26,25.98,15.97,20.2
"2026-09-08 18:01:00-0300",24.26,25.98,15.93,20.1
"2026-09-08 18:02:00-0300",24.26,25.98,15.93,20.2
"2026-09-08 18:03:00-0300",24.26,25.98,15.97,20.1
"2026-09-08 18:04:00-0300",24.26,25.98,15.97,20.1
"2026-09-08 18:05:00-0300",24.26,25.98,15.93,20.2
"2026-09-08 18:06:00-0300",24.25,25.98,15.93,20
"2026-09-08 18:07:00-0300",24.26,25.98,15.93,20.2
"2026-09-08 18:08:00-0300",24.26,25.98,15.97,20.1
"2026-09-08 18:09:00-0300",24.25,25.98,15.97,20.1
"2026-09-08 18:10:00-0300",24.24,25.98,15.93,20.2
"2026-09-08 18:11:00-0300",24.25,25.98,15.97,20.2
"2026-09-08 18:12:00-0300",24.25,25.98,15.93,20.2
"2026-09-08 18:13:00-0300",24.25,25.98,15.93,20.2
"2026-09-08 18:14:00-0300",24.25,25.98,15.97,20.1
"2026-09-08 18:15:00-0300",24.24,25.98,15.97,20.2
"2026-09-08 18:16:00-0300",24.24,25.98,15.93,20.2
"2026-09-08 18:17:00-0300",24.24,25.98,15.93,20.1
"2026-09-08 18:18:00-0300",24.24,25.98,15.93,20.2
"2026-09-08 18:19:00-0300",24.24,25.98,15.93,20.2
"2026-09-08 18:20:00-0300",24.24,25.98,15.93,20.1
"2026-09-08 18:21:00-0300",24.23,25.97,15.93,20.2
"2026-09-08 18:22:00-0300",24.24,25.98,15.93,20.2
"2026-09-08 18:23:00-0300",24.23,25.98,15.93,20.1
"2026-09-08 18:24:00-0300",24.23,25.97,15.93,20.2
"2026-09-08 18:25:00-0300",24.23,25.97,15.93,20.2
"2026-09-08 18:26:00-0300",24.22,25.97,15.93,20.2
"2026-09-08 18:27:00-0300",24.23,25.97,15.93,20.2
"2026-09-08 18:28:00-0300",24.23,25.97,15.93,20.2
"2026-09-08 18:29:00-0300",24.22,25.97,15.93,20
"2026-09-08 18:30:00-0300",24.22,25.97,15.93,20.1
"2026-09-08 18:31:00-0300",24.22,25.97,15.93,20.2
"2026-09-08 18:32:00-0300",24.22,25.97,15.93,20.2
"2026-09-08 18:33:00-0300",24.22,25.97,15.93,20.2
"2026-09-08 18:34:00-0300",24.22,25.97,15.93,20.2
"2026-09-08 18:35:00-0300",24.21,25.97,15.93,20
"2026-09-08 18:36:00-0300",24.21,25.97,15.93,20.2
"2026-09-08 18:37:00-0300",24.2,25.96,15.87,20.2
"2026-09-08 18:38:00-0300",24.21,25.97,15.93,20.1
"2026-09-08 18:39:00-0300",24.21,25.97,15.93,20.2
"2026-09-08 18:40:00-0300",24.2,25.96,15.93,20.2
"2026-09-08 18:41:00-0300",24.21,25.97,15.93,20.2
"2026-09-08 18:42:00-0300",24.2,25.96,15.93,20
"2026-09-08 18:43:00-0300",24.21,25.97,15.87,20.2
"2026-09-08 18:44:00-0300",24.21,25.97,15.93,20.2
"2026-09-08 18:45:00-0300",24.2,25.96,15.87,20.2
"2026-09-08 18:46:00-0300",24.2,25.96,15.87,20.2
"2026-09-08 18:47:00-0300",24.2,25.96,15.87,20
"2026-09-08 18:48:00-0300",24.19,25.96,15.87,20
"2026-09-08 18:49:00-0300",24.2,25.96,15.87,20.2
"2026-09-08 18:50:00-0300",24.2,25.96,15.93,20
"2026-09-08 18:51:00-0300",24.2,25.96,15.93,20.1
"2026-09-08 18:52:00-0300",24.2,25.96,15.87,20
"2026-09-08 18:53:00-0300",24.18,25.96,15.87,20.1
"2026-09-08 18:54:00-0300",24.2,25.96,15.87,20.2
"2026-09-08 18:55:00-0300",24.2,25.96,15.87,20.2
"2026-09-08 18:56:00-0300",24.19,25.96,15.87,20.1
"2026-09-08 18:57:00-0300",24.19,25.96,15.87,20.2
"2026-09-08 18:58:00-0300",24.19,25.96,15.93,20.1
"2026-09-08 18:59:00-0300",24.19,25.96,15.87,20.1
"2026-09-08 19:00:00-0300",24.19,25.96,15.87,20.1
"2026-09-08 19:01:00-0300",24.18,25.96,15.83,20.1
"2026-09-08 19:02:00-0300",24.18,25.96,15.87,20.1
"2026-09-08 19:03:00-0300",24.18,25.96,15.93,20.2
"2026-09-08 19:04:00-0300",24.17,25.95,15.87,20.2
"2026-09-08 19:05:00-0300",24.18,25.96,15.87,20.1
"2026-09-08 19:06:00-0300",24.18,25.96,15.87,20.2
"2026-09-08 19:07:00-0300",24.18,25.96,15.83,20.2
"2026-09-08 19:08:00-0300",24.18,25.96,15.87,20.2
"2026-09-08 19:09:00-0300",24.17,25.95,15.83,20.2
"2026-09-08 19:10:00-0300",24.18,25.96,15.83,20.2
"2026-09-08 19:11:00-0300",24.18,25.96,15.83,20.2
"2026-09-08 19:12:00-0300",24.17,25.95,15.87,20.1
"2026-09-08 19:13:00-0300",24.17,25.95,15.83,20.2
"2026-09-08 19:14:00-0300",24.16,25.95,15.83,20.2
"2026-09-08 19:15:00-0300",24.17,25.95,15.83,20.2
"2026-09-08 19:16:00-0300",24.17,25.95,15.83,20.2
"2026-09-08 19:17:00-0300",24.17,25.95,15.83,20.2
"2026-09-08 19:18:00-0300",24.17,25.95,15.83,20.2
"2026-09-08 19:19:00-0300",24.17,25.95,15.83,20.2
"2026-09-08 19:20:00-0300",24.17,25.95,15.83,20.2
"2026-09-08 19:21:00-0300",24.16,25.95,15.83,20.2
"2026-09-08 19:22:00-0300",24.16,25.95,15.83,20.2
"2026-09-08 19:23:00-0300",24.16,25.95,15.83,20.1
"2026-09-08 19:24:00-0300",24.16,25.95,15.83,20.2
"2026-09-08 19:25:00-0300",24.15,25.95,15.83,20.2
"2026-09-08 19:26:00-0300",24.16,25.95,15.83,20.2
"2026-09-08 19:27:00-0300",24.16,25.95,15.83,20.2
"2026-09-08 19:28:00-0300",24.15,25.95,15.83,20.1
"2026-09-08 19:29:00-0300",24.15,25.95,15.83,20.1
"2026-09-08 19:30:00-0300",24.14,25.94,15.83,20.1
"2026-09-08 19:31:00-0300",24.15,25.95,15.83,20.2
"2026-09-08 19:32:00-0300",24.15,25.95,15.83,20.2
"2026-09-08 19:33:00-0300",24.15,25.95,15.83,20
"2026-09-08 19:34:00-0300",24.15,25.95,15.83,20.1
"2026-09-08 19:35:00-0300",24.14,25.94,15.83,20.1
"2026-09-08 19:36:00-0300",24.15,25.95,15.83,20.2
"2026-09-08 19:37:00-0300",24.14,25.94,15.83,20.2
"2026-09-08 19:38:00-0300",24.15,25.95,15.83,20.2
"2026-09-08 19:39:00-0300",24.14,25.94,15.83,20.2
"2026-09-08 19:40:00-0300",24.13,25.94,15.83,20.1
"2026-09-08 19:41:00-0300",24.14,25.94,15.83,20.1
"2026-09-08 19:42:00-0300",24.14,25.94,15.83,20.1
"2026-09-08 19:43:00-0300",24.14,25.94,15.83,20.2
"2026-09-08 19:44:00-0300",24.14,25.94,15.83,20.2
"2026-09-08 19:45:00-0300",24.12,25.94,15.83,20.2
"2026-09-08 19:46:00-0300",24.14,25.94,15.83,20.2
"2026-09-08 19:47:00-0300",24.13,25.94,15.83,20.2
"2026-09-08 19:48:00-0300",24.13,25.94,15.83,20.2
"2026-09-08 19:49:00-0300",24.13,25.94,15.83,20.2
"2026-09-08 19:50:00-0300",24.13,25.94,15.83,20.2
"2026-09-08 19:51:00-0300",24.13,25.94,15.83,20
"2026-09-08 19:52:00-0300",24.13,25.94,15.83,20.2
"2026-09-08 19:53:00-0300",24.13,25.94,15.83,20.2
"2026-09-08 19:54:00-0300",24.13,25.94,15.83,20.2
"2026-09-08 19:55:00-0300",24.13,25.94,15.83,20.2
"2026-09-08 19:56:00-0300",24.11,25.93,15.83,20.2
"2026-09-08 19:57:00-0300",24.12,25.94,15.83,20
"2026-09-08 19:58:00-0300",24.12,25.94,15.83,20.1
"2026-09-08 19:59:00-0300",24.12,25.94,15.83,20.2
"2026-09-08 20:00:00-0300",24.12,25.94,15.83,20.2
"2026-09-08 20:01:00-0300",24.11,25.93,15.83,20
"2026-09-08 20:02:00-0300",24.12,25.94,15.83,20
"2026-09-08 20:03:00-0300",24.12,25.94,15.83,20.1
"2026-09-08 20:04:00-0300",24.12,25.94,15.83,20.2
"2026-09-08 20:05:00-0300",24.11,25.94,15.83,20.2
"2026-09-08 20:06:00-0300",24.1,25.93,15.83,20.2
"2026-09-08 20:07:00-0300",24.11,25.93,15.83,20.2
"2026-09-08 20:08:00-0300",24.11,25.93,15.83,20.1
"2026-09-08 20:09:00-0300",24.11,25.93,15.83,20.1
"2026-09-08 20:10:00-0300",24.11,25.93,15.83,20.2
"2026-09-08 20:11:00-0300",24.11,25.93,15.83,20.2
"2026-09-08 20:12:00-0300",24.1,25.93,15.83,20.2
"2026-09-08 20:13:00-0300",24.11,25.93,15.83,20
"2026-09-08 20:14:00-0300",24.1,25.93,15.83,20.1
"2026-09-08 20:15:00-0300",24.1,25.93,15.83,20.1
"2026-09-08 20:16:00-0300",24.1,25.93,15.83,20.1
"2026-09-08 20:17:00-0300",24.09,25.93,15.83,20
"2026-09-09 10:08:00-0300",27.38,27,19.41,24.4
"2026-09-09 10:09:00-0300",27.37,26.99,19.41,24.4
"2026-09-09 10:10:00-0300",27.37,26.99,19.41,24.2
"2026-09-09 10:11:00-0300",27.37,26.99,19.41,24.3
"2026-09-09 10:12:00-0300",27.36,26.99,19.41,24.4
"2026-09-09 10:13:00-0300",27.36,26.99,19.41,24.4
"2026-09-09 10:14:00-0300",27.36,26.99,19.41,24.2
"2026-09-09 10:15:00-0300",27.35,26.99,19.41,24.3
"2026-09-09 10:16:00-0300",27.35,26.99,19.35,24.2
"2026-09-09 10:17:00-0300",27.35,26.99,19.41,24.3
"2026-09-09 10:18:00-0300",27.35,26.99,19.41,24.3
"2026-09-09 10:19:00-0300",27.34,26.98,19.35,24.3
"2026-09-09 10:20:00-0300",27.34,26.99,19.31,24.3
"2026-09-09 10:21:00-0300",27.34,26.98,19.31,24.3
"2026-09-09 10:22:00-0300",27.33,26.98,19.31,24.2
"2026-09-09 10:23:00-0300",27.34,26.98,19.31,24.2
"2026-09-09 10:24:00-0300",27.33,26.98,19.31,24.2
"2026-09-09 10:25:00-0300",27.33,26.98,19.31,24.3
"2026-09-09 10:26:00-0300",27.32,26.98,19.31,24.3
"2026-09-09 10:27:00-0300",27.32,26.98,19.25,24.4
"2026-09-09 10:28:00-0300",27.33,26.98,19.25,24.2
"2026-09-09 10:29:00-0300",27.31,26.98,19.25,24.2
"2026-09-09 10:30:00-0300",27.31,26.97,19.25,24
"2026-09-09 10:31:00-0300",27.31,26.97,19.25,24.1
"2026-09-09 10:32:00-0300",27.31,26.97,19.25,24.2
"2026-09-09 10:33:00-0300",27.31,26.97,19.25,24.2
"2026-09-09 10:34:00-0300",27.3,26.97,19.25,24.1
"2026-09-09 10:35:00-0300",27.29,26.97,19.25,24
"2026-09-09 10:36:00-0300",27.29,26.97,19.25,24.2
"2026-09-09 10:37:00-0300",27.29,26.97,19.25,24
"2026-09-09 10:38:00-0300",27.29,26.97,19.25,24.2
"2026-09-09 10:39:00-0300",27.28,26.97,19.25,24.2
"2026-09-09 10:40:00-0300",27.28,26.96,19.25,24.2
"2026-09-09 10:41:00-0300",27.27,26.96,19.25,24
"2026-09-09 10:42:00-0300",27.27,26.96,19.25,24.1
"2026-09-09 10:43:00-0300",27.27,26.96,19.25,24.1
"2026-09-09 10:44:00-0300",27.27,26.96,19.25,24.1
"2026-09-09 10:45:00-0300",27.27,26.96,19.19,24.1
"2026-09-09 10:46:00-0300",27.27,26.96,19.19,24.1
"2026-09-09 10:47:00-0300",27.26,26.96,19.19,24
"2026-09-09 10:48:00-0300",27.26,26.96,19.19,24
"2026-09-09 10:49:00-0300",27.25,26.96,19.19,24
"2026-09-09 10:50:00-0300",27.25,26.96,19.16,24.1
"2026-09-09 10:51:00-0300",27.25,26.95,19.16,24.1
"2026-09-09 10:52:00-0300",27.24,26.95,19.16,24
"2026-09-09 10:53:00-0300",27.25,26.95,19.16,24.1
"2026-09-09 10:54:00-0300",27.24,26.95,19.1,24
"2026-09-09 10:55:00-0300",27.23,26.95,19.1,23.9
"2026-09-09 10:56:00-0300",27.23,26.95,19.04,23.9
"2026-09-09 10:57:00-0300",27.23,26.95,19.04,24
"2026-09-09 10:58:00-0300",27.23,26.95,19.04,24
"2026-09-09 10:59:00-0300",27.23,26.95,19.04,23.9
"2026-09-09 11:00:00-0300",27.22,26.95,19.04,24
"2026-09-09 11:01:00-0300",27.22,26.95,19.04,24
"2026-09-09 11:02:00-0300",27.22,26.95,19.04,24
"2026-09-09 11:03:00-0300",27.22,26.95,19.04,24
"2026-09-09 11:04:00-0300",27.21,26.94,19.04,23.8
"2026-09-09 11:05:00-0300",27.21,26.94,19.04,23.8
"2026-09-09 11:06:00-0300",27.21,26.94,19.04,23.8
"2026-09-09 11:07:00-0300",27.2,26.94,19.04,23.9
"2026-09-09 11:08:00-0300",27.2,26.94,19.04,23.9
"2026-09-09 11:09:00-0300",27.2,26.94,19.04,23.9
"2026-09-09 11:10:00-0300",27.19,26.94,19.04,23.8
"2026-09-09 11:11:00-0300",27.19,26.94,19.04,23.8
"2026-09-09 11:12:00-0300",27.19,26.94,19.04,23.8
"2026-09-09 11:13:00-0300",27.19,26.94,19.04,23.8
"2026-09-09 11:14:00-0300",27.18,26.93,19.04,23.8
"2026-09-09 11:15:00-0300",27.18,26.93,19.04,23.9
"2026-09-09 11:16:00-0300",27.18,26.93,19.04,23.7
"2026-09-09 11:17:00-0300",27.18,26.93,19.04,23.8
"2026-09-09 11:18:00-0300",27.18,26.93,19.04,23.8
"2026-09-09 11:19:00-0300",27.17,26.93,19.04,23.8
"2026-09-09 11:20:00-0300",27.17,26.93,19.04,23.7
"2026-09-09 11:21:00-0300",27.17,26.93,19.04,23.8
"2026-09-09 11:22:00-0300",27.17,26.93,19,23.8
"2026-09-09 11:23:00-0300",27.18,26.93,19,23.8
"2026-09-09 11:24:00-0300",27.17,26.93,18.94,23.8
"2026-09-09 11:25:00-0300",27.17,26.93,18.94,23.6
"2026-09-09 11:26:00-0300",27.18,26.93,18.94,23.8
"2026-09-09 11:27:00-0300",27.18,26.93,18.9,23.8
"2026-09-09 11:28:00-0300",27.18,26.93,18.9,23.6
"2026-09-09 11:29:00-0300",27.19,26.94,18.9,23.7
"2026-09-09 11:30:00-0300",27.19,26.94,18.9,23.7
"2026-09-09 11:31:00-0300",27.21,26.94,18.9,23.7
"2026-09-09 11:32:00-0300",27.21,26.94,18.9,23.6
"2026-09-09 11:33:00-0300",27.18,26.93,18.9,23.7
"2026-09-09 11:34:00-0300",27.13,26.92,18.9,23.6
"2026-09-09 11:35:00-0300",27.12,26.91,18.9,23.6
"2026-09-09 11:36:00-0300",27.11,26.91,18.9,23.6
"2026-09-09 11:37:00-0300",27.11,26.91,18.9,23.7
"2026-09-09 11:38:00-0300",27.11,26.91,18.9,23.7
"2026-09-09 11:39:00-0300",27.1,26.91,18.9,23.7
"2026-09-09 11:40:00-0300",27.1,26.91,18.9,23.7
"2026-09-09 11:41:00-0300",27.1,26.91,18.9,23.7
"2026-09-09 11:42:00-0300",27.1,26.91,18.9,23.5
"2026-09-09 11:43:00-0300",27.1,26.91,18.9,23.6
"2026-09-09 11:44:00-0300",27.09,26.91,18.9,23.7
"2026-09-09 11:45:00-0300",27.09,26.9,18.9,23.6
"2026-09-09 11:46:00-0300",27.09,26.9,18.9,23.6
"2026-09-09 11:47:00-0300",27.09,26.9,18.9,23.7
"2026-09-09 11:48:00-0300",27.09,26.9,18.9,23.7
"2026-09-09 11:49:00-0300",27.08,26.9,18.9,23.6
"2026-09-09 11:50:00-0300",27.08,26.9,18.9,23.7
"2026-09-09 11:51:00-0300",27.08,26.9,18.9,23.7
"2026-09-09 11:52:00-0300",27.08,26.9,18.84,23.5
"2026-09-09 11:53:00-0300",27.08,26.9,18.84,23.5
"2026-09-09 11:54:00-0300",27.07,26.9,18.84,23.5
"2026-09-09 11:55:00-0300",27.07,26.9,18.84,23.6
"2026-09-09 11:56:00-0300",27.07,26.9,18.84,23.6
"2026-09-09 11:57:00-0300",27.07,26.9,18.84,23.6
"2026-09-09 11:58:00-0300",27.07,26.9,18.84,23.6
"2026-09-09 11:59:00-0300",27.07,26.9,18.84,23.6
"2026-09-09 12:00:00-0300",27.06,26.9,18.84,23.6
"2026-09-09 12:01:00-0300",27.06,26.9,18.84,23.6
"2026-09-09 12:02:00-0300",27.06,26.9,18.79,23.6
"2026-09-09 12:03:00-0300",27.06,26.89,18.79,23.6
"2026-09-09 12:04:00-0300",27.06,26.89,18.79,23.6
"2026-09-09 12:05:00-0300",27.05,26.89,18.79,23.5
"2026-09-09 12:06:00-0300",27.05,26.89,18.79,23.6
"2026-09-09 12:07:00-0300",27.05,26.89,18.79,23.6
"2026-09-09 12:08:00-0300",27.05,26.89,18.75,23.6
"2026-09-09 12:09:00-0300",27.05,26.89,18.79,23.6
"2026-09-09 12:10:00-0300",27.06,26.89,18.75,23.5
"2026-09-09 12:11:00-0300",27.07,26.9,18.75,23.5
"2026-09-09 12:12:00-0300",27.06,26.89,18.75,23.5
"2026-09-09 12:13:00-0300",27.06,26.89,18.75,23.5
"2026-09-09 12:14:00-0300",27.03,26.89,18.75,23.5
"2026-09-09 12:15:00-0300",27.03,26.88,18.75,23.5
"2026-09-09 12:16:00-0300",27.03,26.88,18.75,23.5
"2026-09-09 12:17:00-0300",27.02,26.88,18.75,23.4
"2026-09-09 12:18:00-0300",27.01,26.88,18.75,23.5
"2026-09-09 12:19:00-0300",27.01,26.88,18.75,23.5
"2026-09-09 12:20:00-0300",27.01,26.88,18.75,23.4
"2026-09-09 12:21:00-0300",27.01,26.88,18.75,23.4
"2026-09-09 12:22:00-0300",27.01,26.88,18.75,23.5
"2026-09-09 12:23:00-0300",27,26.88,18.75,23.5
"2026-09-09 12:24:00-0300",27,26.88,18.75,23.5
"2026-09-09 12:25:00-0300",27,26.88,18.75,23.5
"2026-09-09 12:26:00-0300",27.01,26.88,18.75,23.4
"2026-09-09 12:27:00-0300",27,26.88,18.75,23.4
"2026-09-09 12:28:00-0300",27,26.87,18.75,23.4
"2026-09-09 12:29:00-0300",27,26.88,18.75,23.4
"2026-09-09 12:30:00-0300",26.99,26.87,18.75,23.4
"2026-09-09 12:31:00-0300",26.99,26.87,18.69,23.4
"2026-09-09 12:32:00-0300",26.99,26.87,18.75,23.4
"2026-09-09 12:33:00-0300",26.98,26.87,18.75,23.4
"2026-09-09 12:34:00-0300",26.98,26.87,18.75,23.4
"2026-09-09 12:35:00-0300",26.98,26.87,18.75,23.4
"2026-09-09 12:36:00-0300",26.98,26.87,18.75,23.4
"2026-09-09 12:37:00-0300",26.98,26.87,18.69,23.4
"2026-09-09 12:38:00-0300",26.97,26.87,18.69,23.4
"2026-09-09 12:39:00-0300",26.97,26.87,18.75,23.4
"2026-09-09 12:40:00-0300",26.98,26.87,18.69,23.4
"2026-09-09 12:41:00-0300",26.97,26.87,18.69,23.4
"2026-09-09 12:42:00-0300",26.96,26.86,18.69,23.4
"2026-09-09 12:43:00-0300",26.96,26.86,18.69,23.4
"2026-09-09 12:44:00-0300",26.96,26.86,18.63,23.4
"2026-09-09 12:45:00-0300",26.97,26.87,18.63,23.3
"2026-09-09 12:46:00-0300",26.97,26.87,18.63,23.3
"2026-09-09 12:47:00-0300",26.96,26.86,18.63,23.4
"2026-09-09 12:48:00-0300",26.96,26.86,18.63,23.4
"2026-09-09 12:49:00-0300",26.95,26.86,18.59,23.4
"2026-09-09 12:50:00-0300",26.95,26.86,18.59,23.4
"2026-09-09 12:51:00-0300",26.96,26.86,18.59,23.3
"2026-09-09 12:52:00-0300",26.94,26.86,18.59,23.3
"2026-09-09 12:53:00-0300",26.94,26.86,18.53,23.3
"2026-09-09 12:54:00-0300",26.94,26.86,18.53,23.3
"2026-09-09 12:55:00-0300",26.94,26.86,18.59,23.4
"2026-09-09 12:56:00-0300",26.94,26.86,18.53,23.1
"2026-09-09 12:57:00-0300",26.93,26.85,18.53,23.3
"2026-09-09 12:58:00-0300",26.93,26.85,18.53,23.3
"2026-09-09 12:59:00-0300",26.93,26.85,18.53,23.3
"2026-09-09 13:00:00-0300",26.93,26.85,18.53,23.3
"2026-09-09 13:01:00-0300",26.93,26.85,18.53,23.3
"2026-09-09 13:02:00-0300",26.94,26.86,18.53,23.3
"2026-09-09 13:03:00-0300",26.92,26.85,18.53,23.3
"2026-09-09 13:04:00-0300",26.92,26.85,18.53,23.2
"2026-09-09 13:05:00-0300",26.92,26.85,18.53,23.3
"2026-09-09 13:06:00-0300",26.91,26.85,18.53,23.3
"2026-09-09 13:07:00-0300",26.92,26.85,18.53,23.3
"2026-09-09 13:08:00-0300",26.91,26.85,18.53,23.3
"2026-09-09 13:09:00-0300",26.91,26.85,18.53,23.3
"2026-09-09 13:10:00-0300",26.91,26.85,18.53,23.2
"2026-09-09 13:11:00-0300",26.9,26.85,18.53,23.3
"2026-09-09 13:12:00-0300",26.9,26.85,18.53,23.3
"2026-09-09 13:13:00-0300",26.9,26.84,18.53,23.3
"2026-09-09 13:14:00-0300",26.91,26.85,18.53,23.3
"2026-09-09 13:15:00-0300",26.91,26.85,18.53,23.3
"2026-09-09 13:16:00-0300",26.9,26.85,18.53,23.2
"2026-09-09 13:17:00-0300",26.9,26.84,18.53,23.2
"2026-09-09 13:18:00-0300",26.91,26.85,18.53,23.3
"2026-09-09 13:19:00-0300",26.9,26.84,18.53,23.2
"2026-09-09 13:20:00-0300",26.9,26.84,18.53,23.3
"2026-09-09 13:21:00-0300",26.89,26.84,18.53,23.2
"2026-09-09 13:22:00-0300",26.88,26.84,18.53,23.2
"2026-09-09 13:23:00-0300",26.88,26.84,18.53,23.2
"2026-09-09 13:24:00-0300",26.89,26.84,18.53,23.3
"2026-09-09 13:25:00-0300",26.88,26.84,18.53,23.2
"2026-09-09 13:26:00-0300",26.87,26.84,18.53,23.2
"2026-09-09 13:27:00-0300",26.87,26.83,18.53,23.2
"2026-09-09 13:28:00-0300",26.87,26.83,18.53,23.1
"2026-09-09 13:29:00-0300",26.88,26.84,18.47,23.2
"2026-09-09 13:30:00-0300",26.88,26.84,18.53,23.2
"2026-09-09 13:31:00-0300",26.87,26.83,18.47,23.2
"2026-09-09 13:32:00-0300",26.87,26.83,18.47,23.2
"2026-09-09 13:33:00-0300",26.87,26.83,18.47,23.2
"2026-09-09 13:34:00-0300",26.87,26.83,18.47,23.2
"2026-09-09 13:35:00-0300",26.88,26.84,18.47,23.1
"2026-09-09 13:36:00-0300",26.86,26.83,18.47,23.2
"2026-09-09 13:37:00-0300",26.86,26.83,18.47,23.2
"2026-09-09 13:38:00-0300",26.86,26.83,18.47,23.2
"2026-09-09 13:39:00-0300",26.86,26.83,18.47,23.2
"2026-09-09 13:40:00-0300",26.86,26.83,18.47,23.1
"2026-09-09 13:41:00-0300",26.85,26.83,18.47,23.1
"2026-09-09 13:42:00-0300",26.85,26.83,18.47,23.2
"2026-09-09 13:43:00-0300",26.85,26.83,18.47,23.2
"2026-09-09 13:44:00-0300",26.85,26.83,18.47,23.2
"2026-09-09 13:45:00-0300",26.85,26.83,18.47,23.2
"2026-09-09 13:46:00-0300",26.84,26.83,18.47,23.2
"2026-09-09 13:47:00-0300",26.84,26.83,18.47,23.1
"2026-09-09 13:48:00-0300",26.84,26.83,18.47,23.1
"2026-09-09 13:49:00-0300",26.84,26.83,18.43,23.2
"2026-09-09 13:50:00-0300",26.84,26.82,18.43,23.2
"2026-09-09 13:51:00-0300",26.84,26.83,18.43,23.2
"2026-09-09 13:52:00-0300",26.84,26.82,18.43,23.2
"2026-09-09 13:53:00-0300",26.84,26.82,18.43,23.1
"2026-09-09 13:54:00-0300",26.83,26.82,18.37,23.1
"2026-09-09 13:55:00-0300",26.83,26.82,18.43,23.1
"2026-09-09 13:56:00-0300",26.83,26.82,18.37,23.2
"2026-09-09 13:57:00-0300",26.83,26.82,18.37,23.1
"2026-09-09 13:58:00-0300",26.82,26.82,18.37,23.1
"2026-09-09 13:59:00-0300",26.82,26.82,18.37,23.1
"2026-09-09 14:00:00-0300",26.81,26.82,18.37,23.1
"2026-09-09 14:01:00-0300",26.81,26.82,18.37,23.1
"2026-09-09 14:02:00-0300",26.81,26.81,18.37,23.2
"2026-09-09 14:03:00-0300",26.81,26.82,18.37,23.1
"2026-09-09 14:04:00-0300",26.81,26.82,18.37,23.1
"2026-09-09 14:05:00-0300",26.81,26.82,18.37,23.1
"2026-09-09 14:06:00-0300",26.81,26.81,18.37,23.1
"2026-09-09 14:07:00-0300",26.81,26.81,18.37,23.1
"2026-09-09 14:08:00-0300",26.81,26.82,18.37,23.1
"2026-09-09 14:09:00-0300",26.8,26.81,18.37,23.1
"2026-09-09 14:10:00-0300",26.81,26.81,18.37,23
"2026-09-09 14:11:00-0300",26.8,26.81,18.37,23.1
"2026-09-09 14:12:00-0300",26.8,26.81,18.37,23.1
"2026-09-09 14:13:00-0300",26.81,26.81,18.37,23.1
"2026-09-09 14:14:00-0300",26.8,26.81,18.37,23.1
"2026-09-09 14:15:00-0300",26.8,26.81,18.37,23.1
"2026-09-09 14:16:00-0300",26.8,26.81,18.37,23.1
"2026-09-09 14:17:00-0300",26.8,26.81,18.37,23.1
"2026-09-09 14:18:00-0300",26.79,26.81,18.37,23.1
"2026-09-09 14:19:00-0300",26.79,26.81,18.37,23.1
"2026-09-09 14:20:00-0300",26.79,26.81,18.37,23.1
"2026-09-09 14:21:00-0300",26.79,26.81,18.37,23.1
"2026-09-09 14:22:00-0300",26.79,26.81,18.37,23.1
"2026-09-09 14:23:00-0300",26.79,26.81,18.37,23
"2026-09-09 14:24:00-0300",26.8,26.81,18.37,23
"2026-09-09 14:25:00-0300",26.79,26.81,18.37,23.1
"2026-09-09 14:26:00-0300",26.78,26.81,18.37,23.1
"2026-09-09 14:27:00-0300",26.78,26.81,18.37,23.1
"2026-09-09 14:28:00-0300",26.78,26.81,18.37,23
"2026-09-09 14:29:00-0300",26.79,26.81,18.37,23
"2026-09-09 14:30:00-0300",26.78,26.81,18.37,23
"2026-09-09 14:31:00-0300",26.78,26.8,18.37,23.1
"2026-09-09 14:32:00-0300",26.78,26.8,18.37,23
"2026-09-09 14:33:00-0300",26.77,26.8,18.37,23.1
"2026-09-09 14:34:00-0300",26.77,26.8,18.37,23
"2026-09-09 14:35:00-0300",26.78,26.81,18.37,23
"2026-09-09 14:36:00-0300",26.77,26.8,18.37,23
"2026-09-09 14:37:00-0300",26.77,26.8,18.37,23
"2026-09-09 14:38:00-0300",26.77,26.8,18.34,23
"2026-09-09 14:39:00-0300",26.76,26.8,18.34,23
"2026-09-09 14:40:00-0300",26.76,26.8,18.37,23
"2026-09-09 14:41:00-0300",26.76,26.8,18.34,23
"2026-09-09 14:42:00-0300",26.76,26.8,18.34,23
"2026-09-09 14:43:00-0300",26.76,26.8,18.34,23
"2026-09-09 14:44:00-0300",26.76,26.8,18.34,23
"2026-09-09 14:45:00-0300",26.76,26.8,18.34,23
"2026-09-09 14:46:00-0300",26.76,26.8,18.34,23
"2026-09-09 14:47:00-0300",26.75,26.8,18.34,23
"2026-09-09 14:48:00-0300",26.75,26.8,18.34,23
"2026-09-09 14:49:00-0300",26.75,26.8,18.34,23
"2026-09-09 14:50:00-0300",26.75,26.8,18.34,23
"2026-09-09 14:51:00-0300",26.75,26.8,18.34,23
"2026-09-09 14:52:00-0300",26.75,26.8,18.34,23
"2026-09-09 14:53:00-0300",26.75,26.79,18.28,23
"2026-09-09 14:54:00-0300",26.74,26.79,18.28,23
"2026-09-09 14:55:00-0300",26.74,26.79,18.28,23
"2026-09-09 14:56:00-0300",26.74,26.79,18.28,23
"2026-09-09 14:57:00-0300",26.74,26.79,18.28,23
"2026-09-09 14:58:00-0300",26.74,26.79,18.28,23
"2026-09-09 14:59:00-0300",26.74,26.79,18.22,23
"2026-09-09 15:00:00-0300",26.74,26.79,18.28,23
"2026-09-09 15:01:00-0300",26.74,26.79,18.22,23
"2026-09-09 15:02:00-0300",26.73,26.79,18.22,23
"2026-09-09 15:03:00-0300",26.74,26.79,18.22,23
"2026-09-09 15:04:00-0300",26.73,26.79,18.22,23
"2026-09-09 15:05:00-0300",26.73,26.79,18.22,23
"2026-09-09 15:06:00-0300",26.73,26.79,18.22,22.8
"2026-09-09 15:07:00-0300",26.72,26.79,18.22,22.9
"2026-09-09 15:08:00-0300",26.72,26.79,18.22,23
"2026-09-09 15:09:00-0300",26.73,26.79,18.22,22.8
"2026-09-09 15:10:00-0300",26.72,26.79,18.22,23
"2026-09-09 15:11:00-0300",26.72,26.79,18.22,23
"2026-09-09 15:12:00-0300",26.72,26.79,18.22,23
"2026-09-09 15:13:00-0300",26.72,26.79,18.22,22.9
"2026-09-09 15:14:00-0300",26.71,26.78,18.22,23
"2026-09-09 15:15:00-0300",26.72,26.79,18.22,23
"2026-09-09 15:16:00-0300",26.71,26.78,18.22,23
"2026-09-09 15:17:00-0300",26.71,26.78,18.22,23
"2026-09-09 15:18:00-0300",26.71,26.78,18.22,23
"2026-09-09 15:19:00-0300",26.7,26.78,18.22,23
"2026-09-09 15:20:00-0300",26.7,26.78,18.22,23
"2026-09-09 15:21:00-0300",26.71,26.78,18.22,23
"2026-09-09 15:22:00-0300",26.7,26.78,18.22,23
"2026-09-09 15:23:00-0300",26.7,26.78,18.22,22.8
"2026-09-09 15:24:00-0300",26.7,26.78,18.22,22.9
"2026-09-09 15:25:00-0300",26.7,26.78,18.22,23
"2026-09-09 15:26:00-0300",26.69,26.78,18.22,23
"2026-09-09 15:27:00-0300",26.69,26.78,18.22,23
"2026-09-09 15:28:00-0300",26.69,26.78,18.22,23
"2026-09-09 15:29:00-0300",26.69,26.78,18.22,23
"2026-09-09 15:30:00-0300",26.69,26.78,18.22,22.9
"2026-09-09 15:31:00-0300",26.69,26.78,18.22,22.9
"2026-09-09 15:32:00-0300",26.7,26.78,18.22,23
"2026-09-09 15:33:00-0300",26.69,26.78,18.22,22.9
"2026-09-09 15:34:00-0300",26.68,26.78,18.22,23
"2026-09-09 15:35:00-0300",26.68,26.77,18.22,23
"2026-09-09 15:36:00-0300",26.68,26.77,18.22,22.9
"2026-09-09 15:37:00-0300",26.68,26.77,18.22,22.9
"2026-09-09 15:38:00-0300",26.68,26.77,18.22,22.9
"2026-09-09 15:39:00-0300",26.68,26.77,18.22,22.9
"2026-09-09 15:40:00-0300",26.68,26.77,18.22,22.9
"2026-09-09 15:41:00-0300",26.68,26.77,18.22,22.8
"2026-09-09 15:42:00-0300",26.68,26.77,18.22,22.9
"2026-09-09 15:43:00-0300",26.68,26.77,18.22,22.9
"2026-09-09 15:44:00-0300",26.67,26.77,18.22,22.9
"2026-09-09 15:45:00-0300",26.67,26.77,18.18,22.9
"2026-09-09 15:46:00-0300",26.67,26.77,18.22,22.9
"2026-09-09 15:47:00-0300",26.67,26.77,18.22,22.9
"2026-09-09 15:48:00-0300",26.67,26.77,18.22,22.9
"2026-09-09 15:49:00-0300",26.67,26.77,18.22,22.9
"2026-09-09 15:50:00-0300",26.67,26.77,18.22,22.9
"2026-09-09 15:51:00-0300",26.67,26.77,18.22,22.9
"2026-09-09 15:52:00-0300",26.67,26.77,18.22,22.9
"2026-09-09 15:53:00-0300",26.66,26.77,18.22,22.9
"2026-09-09 15:54:00-0300",26.67,26.77,18.22,22.9
"2026-09-09 15:55:00-0300",26.66,26.77,18.22,22.9
"2026-09-09 15:56:00-0300",26.66,26.77,18.18,22.9
"2026-09-09 15:57:00-0300",26.66,26.77,18.18,22.9
"2026-09-09 15:58:00-0300",26.66,26.77,18.18,22.9
"2026-09-09 15:59:00-0300",26.66,26.77,18.18,22.8
"2026-09-09 16:00:00-0300",26.66,26.77,18.18,22.8
"2026-09-09 16:01:00-0300",26.66,26.77,18.18,22.9
"2026-09-09 16:02:00-0300",26.66,26.77,18.18,22.9
"2026-09-09 16:03:00-0300",26.65,26.76,18.18,22.9
"2026-09-09 16:04:00-0300",26.65,26.76,18.12,22.9
"2026-09-09 16:05:00-0300",26.65,26.76,18.12,22.8
"2026-09-09 16:06:00-0300",26.65,26.77,18.18,22.8
"2026-09-09 16:07:00-0300",26.65,26.76,18.12,22.9
"2026-09-09 16:08:00-0300",26.64,26.76,18.12,22.9
"2026-09-09 16:09:00-0300",26.64,26.76,18.12,22.9
"2026-09-09 16:10:00-0300",26.65,26.76,18.12,22.9
"2026-09-09 16:11:00-0300",26.65,26.76,18.08,22.9
"2026-09-09 16:12:00-0300",26.64,26.76,18.12,22.8
"2026-09-09 16:13:00-0300",26.64,26.76,18.12,22.9
"2026-09-09 16:14:00-0300",26.63,26.76,18.08,22.9
"2026-09-09 16:15:00-0300",26.63,26.76,18.08,22.9
"2026-09-09 16:16:00-0300",26.63,26.76,18.08,22.9
"2026-09-09 16:17:00-0300",26.64,26.76,18.12,22.8
"2026-09-09 16:18:00-0300",26.63,26.76,18.08,22.8
"2026-09-09 16:19:00-0300",26.63,26.76,18.08,22.8
"2026-09-09 16:20:00-0300",26.63,26.76,18.02,22.9
"2026-09-09 16:21:00-0300",26.62,26.76,18.08,22.9
"2026-09-09 16:22:00-0300",26.62,26.75,18.08,22.9
"2026-09-09 16:23:00-0300",26.63,26.76,18.02,22.8
"2026-09-09 16:24:00-0300",26.62,26.75,18.02,22.8
"2026-09-09 16:25:00-0300",26.62,26.75,18.02,22.8
"2026-09-09 16:26:00-0300",26.62,26.75,18.02,22.8
"2026-09-09 16:27:00-0300",26.61,26.75,18.02,22.8
"2026-09-09 16:28:00-0300",26.62,26.75,18.02,22.8
"2026-09-09 16:29:00-0300",26.61,26.75,18.02,22.8
"2026-09-09 16:30:00-0300",26.12,26.59,18.02,22.8
"2026-09-09 16:31:00-0300",25.96,26.54,18.02,22.9
"2026-09-09 16:32:00-0300",25.96,26.54,18.02,22.9
"2026-09-09 16:33:00-0300",25.97,26.54,18.02,22.9
"2026-09-09 16:34:00-0300",25.97,26.54,18.02,22.9
"2026-09-09 16:35:00-0300",25.97,26.54,18.02,22.9
"2026-09-09 16:36:00-0300",25.97,26.55,18.02,22.8
"2026-09-09 16:37:00-0300",25.98,26.55,18.02,22.9
"2026-09-09 16:38:00-0300",25.98,26.55,18.02,22.9
"2026-09-09 16:39:00-0300",25.98,26.55,18.02,22.9
"2026-09-09 16:40:00-0300",25.98,26.55,18.02,22.9
"2026-09-09 16:41:00-0300",25.98,26.55,18.02,22.9
"2026-09-09 16:42:00-0300",25.98,26.55,18.02,22.8
"2026-09-09 16:43:00-0300",25.98,26.55,18.02,22.8
"2026-09-09 16:44:00-0300",25.98,26.55,18.02,22.9
"2026-09-09 16:45:00-0300",25.98,26.55,18.02,22.9
"2026-09-09 16:46:00-0300",25.98,26.55,18.02,22.9
"2026-09-09 16:47:00-0300",25.99,26.55,18.02,22.9
"2026-09-09 16:48:00-0300",25.98,26.55,18.02,22.8
"2026-09-09 16:49:00-0300",25.99,26.55,18.02,22.9
"2026-09-09 16:50:00-0300",25.98,26.55,18.02,22.9
"2026-09-09 16:51:00-0300",25.98,26.55,18.02,22.9
"2026-09-09 16:52:00-0300",25.99,26.55,18.02,22.9
"2026-09-09 16:53:00-0300",25.99,26.55,18.02,22.9
"2026-09-09 16:54:00-0300",25.98,26.55,18.02,22.8
"2026-09-09 16:55:00-0300",25.98,26.55,18.02,22.8
"2026-09-09 16:56:00-0300",25.98,26.55,18.02,22.8
"2026-09-09 16:57:00-0300",25.98,26.55,18.02,22.8
"2026-09-09 16:58:00-0300",25.98,26.55,18.02,22.9
"2026-09-09 16:59:00-0300",25.98,26.55,18.02,22.9
"2026-09-09 17:00:00-0300",25.98,26.55,18.02,22.7
"2026-09-09 17:01:00-0300",25.98,26.55,18.02,22.7
"2026-09-09 17:02:00-0300",25.98,26.55,18.02,22.8
"2026-09-09 17:03:00-0300",25.99,26.55,18.02,22.8
"2026-09-09 17:04:00-0300",26,26.55,18.02,22.8
"2026-09-09 17:05:00-0300",26,26.56,18.02,22.8
"2026-09-09 17:06:00-0300",26.01,26.56,18.02,22.8
"2026-09-09 17:07:00-0300",26.01,26.56,18.02,22.8
"2026-09-09 17:08:00-0300",26.01,26.56,18.02,22.8
"2026-09-09 17:09:00-0300",26.02,26.56,18.02,22.8
"2026-09-09 17:10:00-0300",26.02,26.56,18.02,22.9
"2026-09-09 17:11:00-0300",26.11,26.59,18.02,22.8
"2026-09-09 17:12:00-0300",26.06,26.57,18.02,22.7
"2026-09-09 17:13:00-0300",26.06,26.57,18.02,22.8
"2026-09-09 17:14:00-0300",26.06,26.57,18.08,22.9
"2026-09-09 17:15:00-0300",26.06,26.57,18.08,22.9
"2026-09-09 17:16:00-0300",26.06,26.57,18.08,22.9
"2026-09-09 17:17:00-0300",26.06,26.57,18.12,22.9
"2026-09-09 17:18:00-0300",26.06,26.57,18.12,22.8
"2026-09-09 17:19:00-0300",26.07,26.58,18.12,22.9
"2026-09-09 17:20:00-0300",26.07,26.58,18.12,22.9
"2026-09-09 17:21:00-0300",26.07,26.58,18.18,22.9
"2026-09-09 17:22:00-0300",26.07,26.58,18.18,22.9
"2026-09-09 17:23:00-0300",26.07,26.58,18.12,22.9
"2026-09-09 17:24:00-0300",26.07,26.58,18.18,22.9
"2026-09-09 17:25:00-0300",26.08,26.58,18.18,22.9
"2026-09-09 17:26:00-0300",26.08,26.58,18.18,22.9
"2026-09-09 17:27:00-0300",26.08,26.58,18.18,22.9
"2026-09-09 17:28:00-0300",26.08,26.58,18.18,22.9
"2026-09-09 17:29:00-0300",26.09,26.58,18.18,22.9
"2026-09-09 17:30:00-0300",26.09,26.58,18.18,22.9
"2026-09-09 17:31:00-0300",26.09,26.58,18.18,22.9
"2026-09-09 17:32:00-0300",26.09,26.58,18.18,22.8
"2026-09-09 17:33:00-0300",26.09,26.58,18.18,22.9
"2026-09-09 17:34:00-0300",26.09,26.58,18.22,22.9
"2026-09-09 17:35:00-0300",26.09,26.58,18.22,22.9
"2026-09-09 17:36:00-0300",26.09,26.58,18.22,22.9
"2026-09-09 17:37:00-0300",26.09,26.58,18.22,22.8
"2026-09-09 17:38:00-0300",26.09,26.58,18.22,22.8
"2026-09-09 17:39:00-0300",26.09,26.58,18.18,22.8
"2026-09-09 17:40:00-0300",26.09,26.58,18.18,22.9
"2026-09-09 17:41:00-0300",26.09,26.58,18.18,22.9
"2026-09-09 17:42:00-0300",26.09,26.58,18.18,22.9
"2026-09-09 17:43:00-0300",26.09,26.58,18.22,22.8
"2026-09-09 17:44:00-0300",26.09,26.58,18.22,22.9
"2026-09-09 17:45:00-0300",26.09,26.58,18.22,22.9
"2026-09-09 17:46:00-0300",26.09,26.58,18.22,22.9
"2026-09-09 17:47:00-0300",26.09,26.58,18.18,22.9
"2026-09-09 17:48:00-0300",26.09,26.58,18.22,22.9
"2026-09-09 17:49:00-0300",26.09,26.58,18.22,22.8
"2026-09-09 17:50:00-0300",26.09,26.58,18.22,22.9
"2026-09-09 17:51:00-0300",26.09,26.58,18.22,22.9
"2026-09-09 17:52:00-0300",26.09,26.58,18.22,22.9
"2026-09-09 17:53:00-0300",26.09,26.58,18.22,22.9
"2026-09-09 17:54:00-0300",26.09,26.58,18.22,22.9
"2026-09-09 17:55:00-0300",26.1,26.59,18.22,22.9
"2026-09-09 17:56:00-0300",26.1,26.59,18.22,22.8
"2026-09-09 17:57:00-0300",26.1,26.59,18.22,22.9
"2026-09-09 17:58:00-0300",26.1,26.59,18.22,22.9
"2026-09-09 17:59:00-0300",26.11,26.59,18.22,22.9
"2026-09-09 18:00:00-0300",26.11,26.59,18.22,22.9
"2026-09-09 18:01:00-0300",26.11,26.59,18.22,22.8
"2026-09-09 18:02:00-0300",26.12,26.59,18.22,22.8
"2026-09-09 18:03:00-0300",26.11,26.59,18.22,22.8
"2026-09-09 18:04:00-0300",26.11,26.59,18.22,22.9
"2026-09-09 18:05:00-0300",26.11,26.59,18.22,22.9
"2026-09-09 18:06:00-0300",26.11,26.59,18.22,22.9
"2026-09-09 18:07:00-0300",26.12,26.59,18.22,22.9
"2026-09-09 18:08:00-0300",26.12,26.59,18.22,23
"2026-09-09 18:09:00-0300",26.13,26.6,18.22,23
"2026-09-09 18:10:00-0300",26.13,26.6,18.22,23
"2026-09-09 18:11:00-0300",26.14,26.6,18.22,23.1
"2026-09-09 18:12:00-0300",26.15,26.6,18.22,23.2
"2026-09-09 18:13:00-0300",26.17,26.61,18.22,23.5
"2026-09-09 18:14:00-0300",26.34,26.66,18.34,35.5
"2026-09-09 18:15:00-0300",27.04,26.89,18.37,55.2
"2026-09-09 18:16:00-0300",28.23,27.27,18.43,58.2
"2026-09-09 18:17:00-0300",29.26,27.59,18.53,57.5
"2026-09-09 18:18:00-0300",29.82,27.76,18.75,59.2
"2026-09-09 18:19:00-0300",30.15,27.86,18.9,57.2
"2026-09-09 18:20:00-0300",30.37,27.93,19.04,59.2
"2026-09-09 18:21:00-0300",30.52,27.97,19.19,59.2
"2026-09-09 18:22:00-0300",30.63,28.01,19.31,59
"2026-09-09 18:23:00-0300",30.71,28.03,19.41,57.7
"2026-09-09 18:24:00-0300",30.82,28.06,19.62,57
"2026-09-09 18:25:00-0300",30.99,28.11,19.77,56
"2026-09-09 18:26:00-0300",31.19,28.18,19.92,55.2
"2026-09-09 18:27:00-0300",31.38,28.23,20.13,54.5
"2026-09-09 18:28:00-0300",31.55,28.28,20.28,53.5
"2026-09-09 18:29:00-0300",31.71,28.33,20.45,52
"2026-09-09 18:30:00-0300",31.83,28.37,20.66,51.2
"2026-09-09 18:31:00-0300",31.93,28.4,20.86,49.6
"2026-09-09 18:32:00-0300",32,28.42,20.97,47.6
"2026-09-09 18:33:00-0300",32.05,28.43,21.18,45.3
"2026-09-09 18:34:00-0300",32.09,28.45,21.23,43
"2026-09-09 18:35:00-0300",32.14,28.46,21.33,40.8
"2026-09-09 18:36:00-0300",32.13,28.46,21.33,39.4
"2026-09-09 18:37:00-0300",32.13,28.46,21.49,37.6
"2026-09-09 18:38:00-0300",32.12,28.46,21.49,35.8
"2026-09-09 18:39:00-0300",32.1,28.45,21.49,34.6
"2026-09-09 18:40:00-0300",32.08,28.44,21.49,33.8
"2026-09-09 18:41:00-0300",32.05,28.43,21.49,33.3
"2026-09-09 18:42:00-0300",32.02,28.42,21.49,32.6
"2026-09-09 18:43:00-0300",31.98,28.41,21.49,31.6
"2026-09-09 18:44:00-0300",31.93,28.4,21.49,32.1
"2026-09-09 18:45:00-0300",31.89,28.39,21.49,31.6
"2026-09-09 18:46:00-0300",31.87,28.38,21.49,31.2
"2026-09-09 18:47:00-0300",31.8,28.36,21.49,30.8
"2026-09-09 18:48:00-0300",31.75,28.34,21.49,30.6
"2026-09-09 18:49:00-0300",31.7,28.33,21.49,29.8
"2026-09-09 18:50:00-0300",31.65,28.32,21.49,29.8
"2026-09-09 18:51:00-0300",31.63,28.31,21.49,29.7
"2026-09-09 18:52:00-0300",31.55,28.29,21.44,29.6
"2026-09-09 18:53:00-0300",31.51,28.27,21.33,29.4
"2026-09-09 18:54:00-0300",31.46,28.26,21.33,29.2
"2026-09-09 18:55:00-0300",31.42,28.24,21.33,28.7
"2026-09-09 18:56:00-0300",31.38,28.23,21.33,28.7
"2026-09-09 18:57:00-0300",31.33,28.22,21.33,28.5
"2026-09-09 18:58:00-0300",31.29,28.21,21.33,28.4
"2026-09-09 18:59:00-0300",31.25,28.19,21.29,28.3
"2026-09-09 19:00:00-0300",31.21,28.18,21.23,28.2
"2026-09-09 19:01:00-0300",31.17,28.17,21.23,27.8
"2026-09-09 19:02:00-0300",31.16,28.17,21.18,27.4
"2026-09-09 19:03:00-0300",31.09,28.15,21.18,27.6
"2026-09-09 19:04:00-0300",31.05,28.13,21.18,27.3
"2026-09-09 19:05:00-0300",31.02,28.12,21.18,27.4
"2026-09-09 19:06:00-0300",30.98,28.11,21.18,27.2
"2026-09-09 19:07:00-0300",30.94,28.1,21.12,27.1
"2026-09-09 19:08:00-0300",30.91,28.09,21.07,27
"2026-09-09 19:09:00-0300",30.87,28.08,21.01,26.8
"2026-09-09 19:10:00-0300",30.84,28.07,20.97,26.5
"2026-09-09 19:11:00-0300",30.81,28.06,20.97,26.5
"2026-09-09 19:12:00-0300",30.78,28.05,20.97,26.5
"2026-09-09 19:13:00-0300",30.77,28.05,20.97,26.5
"2026-09-09 19:14:00-0300",30.72,28.03,20.97,26.3
"2026-09-09 19:15:00-0300",30.68,28.02,20.97,26.3
"2026-09-09 19:16:00-0300",30.65,28.01,20.97,26.1
"2026-09-09 19:17:00-0300",30.63,28,20.92,26.1
"2026-09-09 19:18:00-0300",30.6,28,20.92,26.1
"2026-09-09 19:19:00-0300",30.59,27.99,20.81,26
"2026-09-09 19:20:00-0300",30.55,27.98,20.81,25.8
"2026-09-09 19:21:00-0300",30.52,27.97,20.81,25.7
"2026-09-09 19:22:00-0300",30.5,27.97,20.81,25.5
"2026-09-09 19:23:00-0300",30.48,27.96,20.81,25.7
"2026-09-09 19:24:00-0300",30.46,27.95,20.81,25.6
"2026-09-09 19:25:00-0300",30.44,27.95,20.81,25.6
"2026-09-09 19:26:00-0300",30.43,27.94,20.81,25.6
"2026-09-09 19:27:00-0300",30.41,27.94,20.81,25.5
"2026-09-09 19:28:00-0300",30.4,27.94,20.81,25.3
"2026-09-09 19:29:00-0300",30.38,27.93,20.81,25.4
"2026-09-09 19:30:00-0300",30.39,27.93,20.81,25.4
"2026-09-09 19:31:00-0300",30.38,27.93,20.81,25.5
"2026-09-09 19:32:00-0300",30.47,27.96,20.81,25.5
"2026-09-09 19:33:00-0300",31.2,28.18,20.97,34.6
"2026-09-09 19:34:00-0300",32.54,28.58,21.18,54.5
"2026-09-09 19:35:00-0300",33.47,28.85,21.49,61.5
"2026-09-09 19:36:00-0300",34.46,29.14,21.86,63
"2026-09-09 19:37:00-0300",35.11,29.33,22.22,64
"2026-09-09 19:38:00-0300",35.41,29.42,22.59,63
"2026-09-09 19:39:00-0300",35.62,29.48,22.81,62.2
"2026-09-09 19:40:00-0300",35.7,29.5,23.07,60.5
"2026-09-09 19:41:00-0300",35.72,29.5,23.13,61
"2026-09-09 19:42:00-0300",35.85,29.54,23.34,61
"2026-09-09 19:43:00-0300",36,29.58,23.67,62
"2026-09-09 19:44:00-0300",36.18,29.63,23.82,62
"2026-09-09 19:45:00-0300",36.32,29.67,24.03,61.5
"2026-09-09 19:46:00-0300",36.36,29.69,24.2,60.5
"2026-09-09 19:47:00-0300",36.3,29.67,24.3,60.7
"2026-09-09 19:48:00-0300",36.18,29.64,24.3,60.2
"2026-09-09 19:49:00-0300",36.01,29.59,24.25,60.5
"2026-09-09 19:50:00-0300",35.84,29.54,24.2,60.5
"2026-09-09 19:51:00-0300",35.65,29.48,24.2,58.2
"2026-09-09 19:52:00-0300",35.46,29.43,24.03,59.5
"2026-09-09 19:53:00-0300",35.3,29.39,24.03,60.2
"2026-09-09 19:54:00-0300",35.11,29.33,24.03,60.5
"2026-09-09 19:55:00-0300",34.97,29.29,23.93,60
"2026-09-09 19:56:00-0300",34.84,29.25,23.82,59.7
"2026-09-09 19:57:00-0300",34.71,29.21,23.82,59
"2026-09-09 19:58:00-0300",34.59,29.18,23.82,58
"2026-09-09 19:59:00-0300",34.46,29.14,23.77,58
"2026-09-09 20:00:00-0300",34.4,29.13,23.77,58.2
"2026-09-09 20:01:00-0300",34.37,29.12,23.72,58
"2026-09-09 20:02:00-0300",34.34,29.11,23.72,57.7
"2026-09-09 20:03:00-0300",34.27,29.09,23.72,57.5
"2026-09-09 20:04:00-0300",34.25,29.08,23.72,56.5
"2026-09-09 20:05:00-0300",34.17,29.06,23.67,55.7
"2026-09-09 20:06:00-0300",34.11,29.04,23.67,56.5
"2026-09-09 20:07:00-0300",34.05,29.02,23.67,55.7
"2026-09-09 20:08:00-0300",34.02,29.02,23.67,55
"2026-09-09 20:09:00-0300",34.01,29.01,23.67,54
"2026-09-09 20:10:00-0300",33.93,28.99,23.62,52.5
"2026-09-09 20:11:00-0300",33.88,28.97,23.62,50
"2026-09-09 20:12:00-0300",33.83,28.96,23.49,49
"2026-09-09 20:13:00-0300",33.78,28.94,23.44,47.8
"2026-09-09 20:14:00-0300",33.73,28.93,23.44,46.6
"2026-09-09 20:15:00-0300",33.67,28.91,23.44,45.8
"2026-09-09 20:16:00-0300",33.62,28.9,23.44,44.6
"2026-09-09 20:17:00-0300",33.57,28.88,23.34,43.3
"2026-09-09 20:18:00-0300",33.51,28.87,23.28,42.5
"2026-09-09 20:19:00-0300",33.46,28.85,23.28,41.1
"2026-09-09 20:20:00-0300",33.43,28.84,23.28,40.3
"2026-09-09 20:21:00-0300",33.35,28.82,23.18,38.8
"2026-09-09 20:22:00-0300",33.29,28.8,23.13,35
"2026-09-09 20:23:00-0300",33.24,28.79,23.13,35
"2026-09-09 20:24:00-0300",33.22,28.78,23.13,34.7
"2026-09-09 20:25:00-0300",33.3,28.8,23.18,35
"2026-09-09 20:26:00-0300",33.35,28.82,23.28,35.2
"2026-09-09 20:27:00-0300",33.39,28.83,23.28,35.8
"2026-09-09 20:28:00-0300",33.42,28.84,23.28,35.8
"2026-09-09 20:29:00-0300",33.42,28.84,23.34,35.2
"2026-09-09 20:30:00-0300",33.42,28.84,23.34,35
"2026-09-09 20:31:00-0300",33.45,28.85,23.39,34.8
"2026-09-09 20:32:00-0300",33.41,28.84,23.34,34.7
"2026-09-09 20:33:00-0300",33.39,28.83,23.28,34.3
"2026-09-09 20:34:00-0300",33.37,28.82,23.28,34.2
"2026-09-09 20:35:00-0300",33.33,28.81,23.28,33.7
"2026-09-09 20:36:00-0300",33.32,28.81,23.28,33.6
"2026-09-09 20:37:00-0300",33.24,28.79,23.18,33.3
"2026-09-09 20:38:00-0300",33.2,28.77,23.13,33.2
"2026-09-09 20:39:00-0300",33.15,28.76,23.13,32.8
"2026-09-09 20:40:00-0300",33.09,28.74,23.13,32.6
"2026-09-09 20:41:00-0300",33.04,28.73,23.02,32.1
"2026-09-09 20:42:00-0300",33.02,28.72,22.91,31.7
"2026-09-09 20:43:00-0300",32.94,28.7,22.91,31.7
"2026-09-09 20:44:00-0300",32.89,28.68,22.91,31.6
"2026-09-09 20:45:00-0300",32.84,28.67,22.75,31.3
"2026-09-09 20:46:00-0300",32.79,28.65,22.75,31.1
"2026-09-09 20:47:00-0300",32.78,28.65,22.75,30.6
"2026-09-09 20:48:00-0300",32.72,28.63,22.7,30.7
"2026-09-09 20:49:00-0300",32.69,28.62,22.7,30.7
"2026-09-09 20:50:00-0300",32.66,28.61,22.65,30.6
"2026-09-09 20:51:00-0300",32.63,28.61,22.59,30.3
"2026-09-09 20:52:00-0300",32.6,28.6,22.59,30.3
"2026-09-09 20:53:00-0300",32.6,28.6,22.59,30.2
"2026-09-09 20:54:00-0300",32.55,28.58,22.59,30
"2026-09-09 20:55:00-0300",32.52,28.57,22.59,30
"2026-09-09 20:56:00-0300",32.49,28.57,22.54,29.7
"2026-09-09 20:57:00-0300",32.47,28.56,22.49,29.8
"2026-09-09 20:58:00-0300",32.46,28.56,22.38,29.7
"2026-09-09 20:59:00-0300",32.41,28.54,22.38,29.5
"2026-09-09 21:00:00-0300",32.38,28.53,22.38,29.4
"2026-09-09 21:01:00-0300",32.34,28.52,22.38,29.4
"2026-09-09 21:02:00-0300",32.31,28.51,22.33,29.3
"2026-09-09 21:03:00-0300",32.27,28.5,22.33,29.2
"2026-09-09 21:04:00-0300",32.26,28.5,22.22,29.2
"2026-09-09 21:05:00-0300",32.19,28.48,22.22,29
"2026-09-09 21:06:00-0300",32.16,28.47,22.22,28.6
"2026-09-09 21:07:00-0300",32.12,28.46,22.18,28.7
"2026-09-09 21:08:00-0300",32.09,28.44,22.13,28.7
"2026-09-09 21:09:00-0300",32.07,28.44,22.07,28.6
"2026-09-09 21:10:00-0300",32.02,28.42,22.07,28.6
"2026-09-09 21:11:00-0300",31.98,28.41,22.07,28.4
"2026-09-09 21:12:00-0300",31.95,28.4,22.07,28.2
"2026-09-09 21:13:00-0300",31.91,28.39,21.96,28.1
"2026-09-09 21:14:00-0300",31.88,28.38,21.91,28.2
"2026-09-09 21:15:00-0300",31.87,28.38,21.86,28.1
"2026-09-09 21:16:00-0300",31.81,28.36,21.86,28.1
"2026-09-09 21:17:00-0300",31.78,28.35,21.86,27.8
"2026-09-09 21:18:00-0300",31.75,28.34,21.86,27.6
"2026-09-09 21:19:00-0300",31.72,28.33,21.8,27.6
"2026-09-09 21:20:00-0300",31.69,28.33,21.69,27.6
"2026-09-09 21:21:00-0300",31.65,28.31,21.69,27.4
"2026-09-09 21:22:00-0300",31.62,28.3,21.69,27.4
"2026-09-09 21:23:00-0300",31.59,28.3,21.69,27.4
"2026-09-09 21:24:00-0300",31.56,28.29,21.69,27.1
"2026-09-09 21:25:00-0300",31.53,28.28,21.66,27.2
"2026-09-09 21:26:00-0300",31.52,28.28,21.6,27.1
"2026-09-09 21:27:00-0300",31.47,28.26,21.55,27
"2026-09-09 21:28:00-0300",31.45,28.25,21.49,27.1
"2026-09-09 21:29:00-0300",31.42,28.25,21.49,27
"2026-09-09 21:30:00-0300",31.4,28.24,21.49,26.5
"2026-09-09 21:31:00-0300",31.37,28.23,21.49,26.7
"2026-09-09 21:32:00-0300",31.37,28.23,21.49,26.6
"2026-09-09 21:33:00-0300",31.34,28.22,21.49,26.6
"2026-09-09 21:34:00-0300",31.31,28.21,21.49,26.6
"2026-09-09 21:35:00-0300",31.31,28.21,21.49,26.7
"2026-09-09 21:36:00-0300",31.34,28.22,21.49,26.7
"2026-09-09 21:37:00-0300",31.44,28.25,21.49,27.5
"2026-09-09 21:38:00-0300",31.57,28.29,21.69,28.3
"2026-09-09 21:39:00-0300",31.69,28.33,21.69,29.5
"2026-09-09 21:40:00-0300",31.79,28.36,21.86,30.8
"2026-09-09 21:41:00-0300",31.87,28.38,21.86,32.1
"2026-09-09 21:42:00-0300",31.94,28.4,22.07,32.7
"2026-09-09 21:43:00-0300",32.01,28.42,22.07,33.3
"2026-09-09 21:44:00-0300",32.02,28.42,22.07,33.6
"2026-09-09 21:45:00-0300",32.04,28.43,22.07,33.8
"2026-09-09 21:46:00-0300",32.06,28.44,22.13,34
"2026-09-09 21:47:00-0300",32.07,28.44,22.22,34
"2026-09-09 21:48:00-0300",32.1,28.45,22.22,33.8
"2026-09-09 21:49:00-0300",32.2,28.48,22.33,36.1
"2026-09-09 21:50:00-0300",32.28,28.5,22.38,40.6
"2026-09-09 21:51:00-0300",32.38,28.53,22.59,42.6
"2026-09-09 21:52:00-0300",32.47,28.56,22.7,43.5
"2026-09-09 21:53:00-0300",32.56,28.59,22.75,44
"2026-09-09 21:54:00-0300",32.69,28.62,22.91,44
"2026-09-09 21:55:00-0300",32.78,28.65,23.02,44
"2026-09-09 21:56:00-0300",32.91,28.69,23.13,44.1
"2026-09-09 21:57:00-0300",33.2,28.77,23.34,44.5
"2026-09-09 21:58:00-0300",33.73,28.93,23.67,44.1
"2026-09-09 21:59:00-0300",34.39,29.12,24.03,45
"2026-09-09 22:00:00-0300",34.89,29.27,24.2,45
"2026-09-09 22:01:00-0300",35.22,29.36,24.36,46.6
"2026-09-09 22:02:00-0300",35.39,29.41,24.36,46.1
"2026-09-09 22:03:00-0300",35.44,29.43,24.46,46.5
"2026-09-09 22:04:00-0300",35.44,29.43,24.53,46.6
"2026-09-09 22:05:00-0300",35.49,29.44,24.58,46.6
"2026-09-09 22:06:00-0300",35.5,29.44,24.58,46.5
"2026-09-09 22:07:00-0300",35.57,29.46,24.68,46.5
"2026-09-09 22:08:00-0300",35.61,29.47,24.73,45.8
"2026-09-09 22:09:00-0300",35.67,29.49,24.73,45.5
"2026-09-09 22:10:00-0300",35.76,29.52,24.73,46.3
"2026-09-09 22:11:00-0300",35.85,29.54,24.9,46.3
"2026-09-09 22:12:00-0300",35.83,29.54,24.9,46.3
"2026-09-09 22:13:00-0300",35.8,29.53,24.85,46.3
"2026-09-09 22:14:00-0300",35.74,29.51,24.73,45.5
"2026-09-09 22:15:00-0300",35.65,29.48,24.73,46
"2026-09-09 22:16:00-0300",35.53,29.45,24.68,46.5
"2026-09-09 22:17:00-0300",35.41,29.42,24.58,46.8
"2026-09-09 22:18:00-0300",35.27,29.38,24.58,46.8
"2026-09-09 22:19:00-0300",35.14,29.34,24.36,46.8
"2026-09-09 22:20:00-0300",35.01,29.3,24.36,45.5
"2026-09-09 22:21:00-0300",34.88,29.26,24.3,46.5
"2026-09-09 22:22:00-0300",34.78,29.24,24.2,46.3
"2026-09-09 22:23:00-0300",34.62,29.19,24.03,45.8
"2026-09-09 22:24:00-0300",34.47,29.15,24.03,46.6
"2026-09-09 22:25:00-0300",34.37,29.12,23.88,46.5
"2026-09-09 22:26:00-0300",34.3,29.1,23.77,46.5
"2026-09-09 22:27:00-0300",34.2,29.07,23.72,46.3
"2026-09-09 22:28:00-0300",34.06,29.03,23.67,46.5
"2026-09-09 22:29:00-0300",33.95,28.99,23.49,45.8
"2026-09-09 22:30:00-0300",33.85,28.97,23.44,46.3
"2026-09-09 22:31:00-0300",33.75,28.94,23.39,46.8
"2026-09-09 22:32:00-0300",33.66,28.91,23.28,46.8
"2026-09-09 22:33:00-0300",33.57,28.88,23.23,47
"2026-09-09 22:34:00-0300",33.49,28.86,23.13,46.8
"2026-09-09 22:35:00-0300",33.4,28.83,23.13,46.1
"2026-09-09 22:36:00-0300",33.32,28.81,22.97,46.5
"2026-09-09 22:37:00-0300",33.24,28.79,22.91,46.6
"2026-09-09 22:38:00-0300",33.19,28.77,22.91,46.5
"2026-09-09 22:39:00-0300",33.1,28.74,22.75,46.6
"2026-09-09 22:40:00-0300",33.03,28.72,22.75,46.6
"2026-09-09 22:41:00-0300",32.96,28.7,22.7,45.3
"2026-09-09 22:42:00-0300",32.9,28.69,22.65,45.8
"2026-09-09 22:43:00-0300",32.86,28.68,22.59,46.3
"2026-09-09 22:44:00-0300",32.78,28.65,22.59,46.1
"2026-09-09 22:45:00-0300",32.72,28.63,22.54,46.1
"2026-09-09 22:46:00-0300",32.66,28.62,22.38,46
"2026-09-09 22:47:00-0300",32.61,28.6,22.38,44.5
"2026-09-09 22:48:00-0300",32.55,28.58,22.38,45
"2026-09-09 22:49:00-0300",32.5,28.57,22.33,44.5
"2026-09-09 22:50:00-0300",32.45,28.55,22.22,43.6
"2026-09-09 22:51:00-0300",32.41,28.54,22.22,42.6
"2026-09-09 22:52:00-0300",32.36,28.53,22.22,42.5
"2026-09-09 22:53:00-0300",32.32,28.51,22.13,42
"2026-09-09 22:54:00-0300",32.29,28.51,22.07,41.1
"2026-09-09 22:55:00-0300",32.23,28.49,22.07,40.5
"2026-09-09 22:56:00-0300",32.19,28.47,22.07,39.1
"2026-09-09 22:57:00-0300",32.14,28.46,22.07,37.9
"2026-09-09 22:58:00-0300",32.1,28.45,22.02,34.6
"2026-09-09 22:59:00-0300",32.08,28.44,21.91,34.7
"2026-09-09 23:00:00-0300",32.02,28.43,21.86,34.6
"2026-09-09 23:01:00-0300",31.99,28.41,21.86,34.1
"2026-09-09 23:02:00-0300",31.95,28.4,21.86,33.8
"2026-09-09 23:03:00-0300",31.91,28.39,21.86,32.6
"2026-09-09 23:04:00-0300",31.88,28.38,21.8,33.2
"2026-09-09 23:05:00-0300",31.84,28.37,21.69,33
"2026-09-09 23:06:00-0300",31.8,28.36,21.69,32.6
"2026-09-09 23:07:00-0300",31.77,28.35,21.69,31.5
"2026-09-09 23:08:00-0300",31.74,28.34,21.69,31.8
"2026-09-09 23:09:00-0300",31.7,28.33,21.66,31.8
"2026-09-09 23:10:00-0300",31.69,28.33,21.66,31.6
"2026-09-09 23:11:00-0300",31.64,28.31,21.55,31.3
"2026-09-09 23:12:00-0300",31.61,28.3,21.49,31.2
"2026-09-09 23:13:00-0300",31.58,28.29,21.49,30.2
"2026-09-09 23:14:00-0300",31.55,28.28,21.49,30.8
"2026-09-09 23:15:00-0300",31.52,28.28,21.49,29.8
"2026-09-09 23:16:00-0300",31.49,28.27,21.49,29.8
"2026-09-09 23:17:00-0300",31.46,28.26,21.49,29.8
"2026-09-09 23:18:00-0300",31.43,28.25,21.38,30
"2026-09-09 23:19:00-0300",31.41,28.24,21.33,30
"2026-09-09 23:20:00-0300",31.38,28.23,21.33,29.8
"2026-09-09 23:21:00-0300",31.37,28.23,21.33,29.6
"2026-09-09 23:22:00-0300",31.32,28.22,21.33,29.6
"2026-09-09 23:23:00-0300",31.3,28.21,21.33,29.5
"2026-09-09 23:24:00-0300",31.27,28.2,21.33,29
"2026-09-09 23:25:00-0300",31.25,28.19,21.29,29.3
"2026-09-09 23:26:00-0300",31.24,28.19,21.23,28.7
"2026-09-09 23:27:00-0300",31.2,28.18,21.18,29
"2026-09-09 23:28:00-0300",31.17,28.17,21.18,28.8
"2026-09-09 23:29:00-0300",31.13,28.16,21.18,28.3
"2026-09-09 23:30:00-0300",31.11,28.15,21.18,28.4
"2026-09-09 23:31:00-0300",31.08,28.14,21.18,28.4
"2026-09-09 23:32:00-0300",31.06,28.14,21.18,28.4
"2026-09-09 23:33:00-0300",31.03,28.13,21.12,28.4
"2026-09-09 23:34:00-0300",31.01,28.12,21.12,28.3
"2026-09-09 23:35:00-0300",30.99,28.11,21.07,27.4
"2026-09-09 23:36:00-0300",30.96,28.11,20.97,27.8
"2026-09-09 23:37:00-0300",30.96,28.11,20.97,28
"2026-09-09 23:38:00-0300",30.92,28.09,20.97,28
"2026-09-09 23:39:00-0300",30.9,28.09,20.97,27.7
"2026-09-09 23:40:00-0300",30.87,28.08,20.97,27.7
"2026-09-09 23:41:00-0300",30.85,28.07,20.97,27.3
"2026-09-09 23:42:00-0300",30.83,28.07,20.97,27.1
"2026-09-09 23:43:00-0300",30.83,28.07,20.97,27.1
"2026-09-09 23:44:00-0300",30.79,28.05,20.97,27.3
"2026-09-09 23:45:00-0300",30.77,28.05,20.97,27.3
"2026-09-09 23:46:00-0300",30.75,28.04,20.92,27.3
"2026-09-09 23:47:00-0300",30.73,28.04,20.86,27.2
"2026-09-09 23:48:00-0300",30.72,28.03,20.81,26.6
"2026-09-09 23:49:00-0300",30.69,28.02,20.81,26.6
"2026-09-09 23:50:00-0300",30.67,28.02,20.81,26.8
"2026-09-09 23:51:00-0300",30.65,28.01,20.81,26.8
"2026-09-09 23:52:00-0300",30.63,28.01,20.81,26.8
"2026-09-09 23:53:00-0300",30.61,28,20.81,26.5
"2026-09-09 23:54:00-0300",30.59,27.99,20.75,26.5
"2026-09-09 23:55:00-0300",30.57,27.99,20.75,26.3
"2026-09-09 23:56:00-0300",30.56,27.98,20.71,26.4
"2026-09-09 23:57:00-0300",30.54,27.98,20.71,26.4
"2026-09-09 23:58:00-0300",30.51,27.97,20.71,26.4
"2026-09-09 23:59:00-0300",30.52,27.97,20.66,25.5
"2026-09-10 00:00:00-0300",30.48,27.96,20.66,26
"2026-09-10 00:01:00-0300",30.46,27.96,20.66,26.2
"2026-09-10 00:02:00-0300",30.44,27.95,20.66,26.2
"2026-09-10 00:03:00-0300",30.43,27.94,20.66,26
"2026-09-10 00:04:00-0300",30.43,27.94,20.66,26.2
"2026-09-10 00:05:00-0300",30.4,27.94,20.66,26.2
"2026-09-10 00:06:00-0300",30.38,27.93,20.66,26.1
"2026-09-10 00:07:00-0300",30.37,27.93,20.66,25.2
"2026-09-10 00:08:00-0300",30.35,27.92,20.6,26.2
"2026-09-10 00:09:00-0300",30.34,27.92,20.6,25.2
"2026-09-10 00:10:00-0300",30.32,27.91,20.6,25.1
"2026-09-10 00:11:00-0300",30.31,27.91,20.55,25.4
"2026-09-10 00:12:00-0300",30.29,27.9,20.55,25.7
"2026-09-10 00:13:00-0300",30.28,27.9,20.49,25.8
"2026-09-10 00:14:00-0300",30.26,27.89,20.45,25.8
"2026-09-10 00:15:00-0300",30.26,27.89,20.45,25.5
"2026-09-10 00:16:00-0300",30.24,27.89,20.45,25.7
"2026-09-10 00:17:00-0300",30.22,27.88,20.45,25.7
"2026-09-10 00:18:00-0300",30.21,27.88,20.45,24.9
"2026-09-10 00:19:00-0300",30.19,27.87,20.45,25.7
"2026-09-10 00:20:00-0300",30.19,27.87,20.45,24.9
"2026-09-10 00:21:00-0300",30.16,27.86,20.45,24.9
"2026-09-10 00:22:00-0300",30.15,27.86,20.45,24.9
"2026-09-10 00:23:00-0300",30.14,27.86,20.45,25.3
"2026-09-10 00:24:00-0300",30.12,27.85,20.4,25
"2026-09-10 00:25:00-0300",30.11,27.85,20.4,24.9
"2026-09-10 00:26:00-0300",30.1,27.84,20.4,24.9
"2026-09-10 00:27:00-0300",30.08,27.84,20.4,25.2
"2026-09-10 00:28:00-0300",30.07,27.84,20.34,25.3
"2026-09-10 00:29:00-0300",30.06,27.83,20.34,25.3
"2026-09-10 00:30:00-0300",30.05,27.83,20.28,24.8
"2026-09-10 00:31:00-0300",30.05,27.83,20.28,24.9
"2026-09-10 00:32:00-0300",30.02,27.82,20.28,24.8
"2026-09-10 00:33:00-0300",30.01,27.82,20.28,25.2
"2026-09-10 00:34:00-0300",30,27.81,20.28,24.8
"2026-09-10 00:35:00-0300",29.98,27.81,20.28,24.9
"2026-09-10 00:36:00-0300",29.99,27.81,20.28,25
"2026-09-10 00:37:00-0300",29.96,27.8,20.28,24.8
"2026-09-10 00:38:00-0300",29.95,27.8,20.28,24.9
"2026-09-10 00:39:00-0300",29.93,27.79,20.28,24.9
"2026-09-10 00:40:00-0300",29.92,27.79,20.28,24.9
"2026-09-10 00:41:00-0300",29.91,27.79,20.28,24.9
"2026-09-10 00:42:00-0300",29.9,27.78,20.24,24.9
"2026-09-10 00:43:00-0300",29.88,27.78,20.24,24.9
"2026-09-10 00:44:00-0300",29.87,27.77,20.24,24.9
"2026-09-10 00:45:00-0300",29.86,27.77,20.19,24.9
"2026-09-10 00:46:00-0300",29.85,27.77,20.13,24.8
"2026-09-10 00:47:00-0300",29.84,27.76,20.13,24.9
"2026-09-10 00:48:00-0300",29.83,27.76,20.13,24.7
"2026-09-10 00:49:00-0300",29.81,27.76,20.13,24.9
"2026-09-10 00:50:00-0300",29.8,27.75,20.13,24.9
"2026-09-10 00:51:00-0300",29.79,27.75,20.13,24.9
"2026-09-10 00:52:00-0300",29.8,27.75,20.13,24.9
"2026-09-10 00:53:00-0300",29.77,27.74,20.13,24.9
"2026-09-10 00:54:00-0300",29.76,27.74,20.13,24.8
"2026-09-10 00:55:00-0300",29.75,27.74,20.13,24.8
"2026-09-10 00:56:00-0300",29.74,27.73,20.13,24.9
"2026-09-10 00:57:00-0300",29.74,27.73,20.13,24.8
"2026-09-10 00:58:00-0300",29.72,27.73,20.13,24.8
"2026-09-10 00:59:00-0300",29.71,27.72,20.13,24.8
"2026-09-10 01:00:00-0300",29.7,27.72,20.07,24.8
"2026-09-10 01:01:00-0300",29.69,27.72,20.13,24.8
"2026-09-10 01:02:00-0300",29.69,27.72,20.07,24.6
"2026-09-10 01:03:00-0300",29.67,27.71,20.07,24.6
"2026-09-10 01:04:00-0300",29.66,27.71,20.04,24.8
"2026-09-10 01:05:00-0300",29.65,27.71,20.07,24.6
"2026-09-10 01:06:00-0300",29.64,27.7,20.04,24.8
"2026-09-10 01:07:00-0300",29.64,27.7,20.04,24.6
"2026-09-10 01:08:00-0300",29.62,27.7,19.98,24.6
"2026-09-10 01:09:00-0300",29.61,27.7,19.92,24.7
"2026-09-10 01:10:00-0300",29.61,27.69,19.92,24.8
"2026-09-10 01:11:00-0300",29.59,27.69,19.92,24.6
"2026-09-10 01:12:00-0300",29.59,27.69,19.92,24.8
"2026-09-10 01:13:00-0300",29.58,27.69,19.92,24.7
"2026-09-10 01:14:00-0300",29.57,27.68,19.92,24.8
"2026-09-10 01:15:00-0300",29.56,27.68,19.92,24.8
"2026-09-10 01:16:00-0300",29.55,27.68,19.92,24.8
"2026-09-10 01:17:00-0300",29.54,27.67,19.92,24.7
"2026-09-10 01:18:00-0300",29.54,27.67,19.92,24.7
"2026-09-10 01:19:00-0300",29.52,27.67,19.92,24.8
"2026-09-10 01:20:00-0300",29.51,27.66,19.92,24.7
"2026-09-10 01:21:00-0300",29.5,27.66,19.92,24.7
"2026-09-10 01:22:00-0300",29.5,27.66,19.92,24.7
"2026-09-10 01:23:00-0300",29.5,27.66,19.92,24.7
"2026-09-10 01:24:00-0300",29.48,27.65,19.87,24.7
"2026-09-10 01:25:00-0300",29.47,27.65,19.87,24.7
"2026-09-10 01:26:00-0300",29.46,27.65,19.87,24.5
"2026-09-10 01:27:00-0300",29.46,27.65,19.87,24.7
"2026-09-10 01:28:00-0300",29.45,27.64,19.87,24.7
"2026-09-10 01:29:00-0300",29.43,27.64,19.87,24.7
"2026-09-10 01:30:00-0300",29.43,27.64,19.87,24.7
"2026-09-10 01:31:00-0300",29.42,27.64,19.87,24.7
"2026-09-10 01:32:00-0300",29.41,27.63,19.83,24.5
"2026-09-10 01:33:00-0300",29.4,27.63,19.83,24.7
"2026-09-10 01:34:00-0300",29.4,27.63,19.83,24.6
"2026-09-10 01:35:00-0300",29.39,27.62,19.77,24.7
"2026-09-10 01:36:00-0300",29.38,27.62,19.77,24.6
"2026-09-10 01:37:00-0300",29.37,27.62,19.77,24.7
"2026-09-10 01:38:00-0300",29.36,27.62,19.77,24.6
"2026-09-10 01:39:00-0300",29.36,27.62,19.77,24.6
"2026-09-10 01:40:00-0300",29.34,27.61,19.77,24.5
"2026-09-10 01:41:00-0300",29.34,27.61,19.77,24.6
"2026-09-10 01:42:00-0300",29.33,27.61,19.77,24.6
"2026-09-10 01:43:00-0300",29.32,27.61,19.77,24.6
"2026-09-10 01:44:00-0300",29.32,27.61,19.77,24.5
"2026-09-10 01:45:00-0300",29.31,27.6,19.77,24.6
"2026-09-10 01:46:00-0300",29.31,27.6,19.77,24.7
"2026-09-10 01:47:00-0300",29.3,27.6,19.77,24.5
"2026-09-10 01:48:00-0300",29.29,27.6,19.77,24.6
"2026-09-10 01:49:00-0300",29.29,27.59,19.77,24.5
"2026-09-10 01:50:00-0300",29.28,27.59,19.77,24.4
"2026-09-10 01:51:00-0300",29.27,27.59,19.77,24.6
"2026-09-10 01:52:00-0300",29.27,27.59,19.77,24.6
"2026-09-10 01:53:00-0300",29.26,27.59,19.77,24.6
"2026-09-10 01:54:00-0300",29.26,27.58,19.77,24.6
"2026-09-10 01:55:00-0300",29.25,27.58,19.77,24.6
"2026-09-10 01:56:00-0300",29.25,27.58,19.77,24.5
"2026-09-10 01:57:00-0300",29.25,27.58,19.77,24.5
"2026-09-10 01:58:00-0300",29.25,27.58,19.77,24.6
"2026-09-10 01:59:00-0300",29.26,27.59,19.77,24.6
"2026-09-10 02:00:00-0300",29.27,27.59,19.77,24.6
"2026-09-10 02:01:00-0300",29.27,27.59,19.77,24.7
"2026-09-10 02:02:00-0300",29.27,27.59,19.77,24.5
"2026-09-10 02:03:00-0300",29.27,27.59,19.77,24.5
"2026-09-10 02:04:00-0300",29.28,27.59,19.83,24.6
"2026-09-10 02:05:00-0300",29.29,27.59,19.87,24.7
"2026-09-10 02:06:00-0300",29.28,27.59,19.87,24.7
"2026-09-10 02:07:00-0300",29.28,27.59,19.87,24.6
"2026-09-10 02:08:00-0300",29.28,27.59,19.87,24.6
"2026-09-10 02:09:00-0300",29.28,27.59,19.87,24.6
"2026-09-10 02:10:00-0300",29.28,27.59,19.87,24.7
"2026-09-10 02:11:00-0300",29.27,27.59,19.87,24.6
"2026-09-10 02:12:00-0300",29.27,27.59,19.87,24.6
"2026-09-10 02:13:00-0300",29.27,27.59,19.87,24.5
"2026-09-10 02:14:00-0300",29.28,27.59,19.87,24.7
"2026-09-10 02:15:00-0300",29.28,27.59,19.87,24.6
"2026-09-10 02:16:00-0300",29.28,27.59,19.92,24.6
"2026-09-10 02:17:00-0300",29.28,27.59,19.92,24.6
"2026-09-10 02:18:00-0300",29.28,27.59,19.92,24.7
"2026-09-10 02:19:00-0300",29.28,27.59,19.92,24.7
"2026-09-10 02:20:00-0300",29.28,27.59,19.92,24.7
"2026-09-10 02:21:00-0300",29.29,27.59,19.92,24.8
"2026-09-10 02:22:00-0300",29.28,27.59,19.92,24.7
"2026-09-10 02:23:00-0300",29.28,27.59,19.92,24.8
"2026-09-10 02:24:00-0300",29.28,27.59,19.92,24.6
"2026-09-10 02:25:00-0300",29.28,27.59,19.92,24.6
"2026-09-10 02:26:00-0300",29.27,27.59,19.92,24.7
"2026-09-10 02:27:00-0300",29.27,27.59,19.92,24.6
"2026-09-10 02:28:00-0300",29.27,27.59,19.92,24.7
"2026-09-10 02:29:00-0300",29.27,27.59,19.92,24.7
"2026-09-10 02:30:00-0300",29.26,27.59,19.92,24.6
"2026-09-10 02:31:00-0300",29.26,27.59,19.92,24.6
"2026-09-10 02:32:00-0300",29.26,27.59,19.92,24.9
"2026-09-10 02:33:00-0300",29.25,27.58,19.92,24.6
"2026-09-10 02:34:00-0300",29.25,27.58,19.92,24.7
"2026-09-10 02:35:00-0300",29.24,27.58,19.92,24.7
"2026-09-10 02:36:00-0300",29.24,27.58,19.87,24.8
"2026-09-10 02:37:00-0300",29.24,27.58,19.92,24.7
"2026-09-10 02:38:00-0300",29.24,27.58,19.92,24.7
"2026-09-10 02:39:00-0300",29.24,27.58,19.87,24.8
"2026-09-10 02:40:00-0300",29.25,27.58,19.92,24.7
"2026-09-10 02:41:00-0300",29.25,27.58,19.92,24.8
"2026-09-10 02:42:00-0300",29.26,27.59,19.92,24.8
"2026-09-10 02:43:00-0300",29.28,27.59,19.92,24.8
"2026-09-10 02:44:00-0300",29.29,27.6,19.92,24.8
"2026-09-10 02:45:00-0300",29.31,27.6,19.92,24.8
"2026-09-10 02:46:00-0300",29.33,27.61,19.92,24.8
"2026-09-10 02:47:00-0300",29.35,27.61,20.04,24.8
"2026-09-10 02:48:00-0300",29.38,27.62,20.07,24.9
"2026-09-10 02:49:00-0300",29.4,27.63,20.13,24.9
"2026-09-10 02:50:00-0300",29.43,27.64,20.13,24.9
"2026-09-10 02:51:00-0300",29.47,27.65,20.13,24.9
"2026-09-10 02:52:00-0300",29.51,27.66,20.28,24.9
"2026-09-10 02:53:00-0300",29.53,27.67,20.28,25
"2026-09-10 02:54:00-0300",29.56,27.68,20.28,24.8
"2026-09-10 02:55:00-0300",29.59,27.69,20.28,24.8
"2026-09-10 02:56:00-0300",29.61,27.69,20.4,25.1
"2026-09-10 02:57:00-0300",29.63,27.7,20.4,25.2
"2026-09-10 02:58:00-0300",29.65,27.71,20.45,25.4
"2026-09-10 02:59:00-0300",29.67,27.71,20.45,25.1
"2026-09-10 03:00:00-0300",29.67,27.71,20.45,25.2
"2026-09-10 03:01:00-0300",29.69,27.72,20.45,25.6
"2026-09-10 03:02:00-0300",29.69,27.72,20.45,25.8
"2026-09-10 03:03:00-0300",29.71,27.72,20.45,26.1
"2026-09-10 03:04:00-0300",29.72,27.73,20.45,25.6
"2026-09-10 03:05:00-0300",29.72,27.73,20.45,26.1
"2026-09-10 03:06:00-0300",29.72,27.73,20.45,26
"2026-09-10 03:07:00-0300",29.73,27.73,20.45,26.2
"2026-09-10 03:08:00-0300",29.75,27.74,20.45,26.2
"2026-09-10 03:09:00-0300",29.76,27.74,20.45,26.2
"2026-09-10 03:10:00-0300",29.75,27.74,20.45,25.4
"2026-09-10 03:11:00-0300",29.74,27.73,20.45,26.1
"2026-09-10 03:12:00-0300",29.74,27.73,20.45,26.2
"2026-09-10 03:13:00-0300",29.75,27.74,20.45,26.4
"2026-09-10 03:14:00-0300",29.74,27.74,20.45,25.5
"2026-09-10 03:15:00-0300",29.72,27.73,20.45,25.4
"2026-09-10 03:16:00-0300",29.71,27.73,20.45,26.1
"2026-09-10 03:17:00-0300",29.71,27.72,20.45,26.2
"2026-09-10 03:18:00-0300",29.71,27.72,20.45,26
"2026-09-10 03:19:00-0300",29.72,27.73,20.45,26.2
"2026-09-10 03:20:00-0300",29.7,27.72,20.45,26.2
"2026-09-10 03:21:00-0300",29.69,27.72,20.4,26.3
"2026-09-10 03:22:00-0300",29.68,27.72,20.4,26.2
"2026-09-10 03:23:00-0300",29.67,27.71,20.4,26.3
"2026-09-10 03:24:00-0300",29.67,27.71,20.4,26.4
"2026-09-10 03:25:00-0300",29.67,27.71,20.4,25.5
"2026-09-10 03:26:00-0300",29.66,27.71,20.4,26.1
"2026-09-10 03:27:00-0300",29.65,27.71,20.34,26.2
"2026-09-10 03:28:00-0300",29.65,27.71,20.28,26.1
"2026-09-10 03:29:00-0300",29.64,27.7,20.28,26.1
"2026-09-10 03:30:00-0300",29.64,27.7,20.28,25.3
"2026-09-10 03:31:00-0300",29.63,27.7,20.28,25.1
"2026-09-10 03:32:00-0300",29.62,27.7,20.28,25.6
"2026-09-10 03:33:00-0300",29.61,27.69,20.28,25.7
"2026-09-10 03:34:00-0300",29.61,27.69,20.28,25.7
"2026-09-10 03:35:00-0300",29.6,27.69,20.28,25.1
"2026-09-10 03:36:00-0300",29.61,27.69,20.28,25
"2026-09-10 03:37:00-0300",29.59,27.69,20.28,25.2
"2026-09-10 03:38:00-0300",29.59,27.69,20.28,25.1
"2026-09-10 03:39:00-0300",29.6,27.69,20.24,25.5
"2026-09-10 03:40:00-0300",29.6,27.69,20.28,25.7
"2026-09-10 03:41:00-0300",29.6,27.69,20.28,25.7
"2026-09-10 03:42:00-0300",29.58,27.69,20.28,25.7
"2026-09-10 03:43:00-0300",29.59,27.69,20.24,25.7
"2026-09-10 03:44:00-0300",29.58,27.69,20.28,25.7
"2026-09-10 03:45:00-0300",29.58,27.68,20.24,25.5
"2026-09-10 03:46:00-0300",29.57,27.68,20.24,25.6
"2026-09-10 03:47:00-0300",29.56,27.68,20.24,25.7
"2026-09-10 03:48:00-0300",29.56,27.68,20.28,25.5
"2026-09-10 03:49:00-0300",29.55,27.68,20.24,25.6
"2026-09-10 03:50:00-0300",29.56,27.68,20.19,25.7
"2026-09-10 03:51:00-0300",29.56,27.68,20.19,24.9
"2026-09-10 03:52:00-0300",29.58,27.68,20.24,24.9
"2026-09-10 03:53:00-0300",29.57,27.68,20.24,25.3
"2026-09-10 03:54:00-0300",29.58,27.68,20.24,25.6
"2026-09-10 03:55:00-0300",29.57,27.68,20.28,25.7
"2026-09-10 03:56:00-0300",29.58,27.68,20.28,25.7
"2026-09-10 03:57:00-0300",29.6,27.69,20.28,24.9
"2026-09-10 03:58:00-0300",29.6,27.69,20.28,25.8
"2026-09-10 03:59:00-0300",29.6,27.69,20.28,25.7
"2026-09-10 04:00:00-0300",29.61,27.69,20.28,25.7
"2026-09-10 04:01:00-0300",29.62,27.7,20.28,25.8
"2026-09-10 04:02:00-0300",29.62,27.7,20.28,24.9
"2026-09-10 04:03:00-0300",29.63,27.7,20.28,25.8
"2026-09-10 04:04:00-0300",29.62,27.7,20.28,25.6
"2026-09-10 04:05:00-0300",29.64,27.7,20.28,25.7
"2026-09-10 04:06:00-0300",29.64,27.7,20.28,25.8
"2026-09-10 04:07:00-0300",29.64,27.7,20.28,26
"2026-09-10 04:08:00-0300",29.65,27.71,20.28,25.8
"2026-09-10 04:09:00-0300",29.63,27.7,20.28,25.8
"2026-09-10 04:10:00-0300",29.63,27.7,20.28,25
"2026-09-10 04:11:00-0300",29.63,27.7,20.28,25.4
"2026-09-10 04:12:00-0300",29.63,27.7,20.28,25.7
"2026-09-10 04:13:00-0300",29.62,27.7,20.28,25.7
"2026-09-10 04:14:00-0300",29.62,27.7,20.28,25.4
"2026-09-10 04:15:00-0300",29.62,27.7,20.28,25.6
"2026-09-10 04:16:00-0300",29.61,27.7,20.28,25.7
"2026-09-10 04:17:00-0300",29.61,27.69,20.28,25.7
"2026-09-10 04:18:00-0300",29.61,27.69,20.28,25.7
"2026-09-10 04:19:00-0300",29.62,27.7,20.28,25.5
"2026-09-10 04:20:00-0300",29.61,27.69,20.28,25.8
"2026-09-10 04:21:00-0300",29.6,27.69,20.28,25.7
"2026-09-10 04:22:00-0300",29.59,27.69,20.28,25.5
"2026-09-10 04:23:00-0300",29.59,27.69,20.24,25.6
"2026-09-10 04:24:00-0300",29.59,27.69,20.24,25
"2026-09-10 04:25:00-0300",29.58,27.69,20.24,25.6
"2026-09-10 04:26:00-0300",29.59,27.69,20.24,24.9
"2026-09-10 04:27:00-0300",29.59,27.69,20.19,25.6
"2026-09-10 04:28:00-0300",29.58,27.68,20.19,25.5
"2026-09-10 04:29:00-0300",29.62,27.7,20.19,25.1
"2026-09-10 04:30:00-0300",29.58,27.69,20.19,25.3
"2026-09-10 04:31:00-0300",29.57,27.68,20.13,24.8
"2026-09-10 04:32:00-0300",29.57,27.68,20.13,24.9
"2026-09-10 04:33:00-0300",29.58,27.69,20.13,25.2
"2026-09-10 04:34:00-0300",29.57,27.68,20.13,25.2
"2026-09-10 04:35:00-0300",29.55,27.67,20.13,25.3
"2026-09-10 04:36:00-0300",29.54,27.67,20.13,24.9
"2026-09-10 04:37:00-0300",29.54,27.67,20.13,25.3
"2026-09-10 04:38:00-0300",29.54,27.67,20.13,25.3
"2026-09-10 04:39:00-0300",29.53,27.67,20.13,24.9
"2026-09-10 04:40:00-0300",29.54,27.67,20.13,25.1
"2026-09-10 04:41:00-0300",29.53,27.67,20.13,25.5
"2026-09-10 04:42:00-0300",29.52,27.67,20.13,24.9
"2026-09-10 04:43:00-0300",29.52,27.67,20.13,25.5
"2026-09-10 04:44:00-0300",29.52,27.67,20.13,24.9
"2026-09-10 04:45:00-0300",29.53,27.67,20.13,25.1
"2026-09-10 04:46:00-0300",29.51,27.66,20.13,25
"2026-09-10 04:47:00-0300",29.51,27.66,20.13,24.9
"2026-09-10 04:48:00-0300",29.52,27.67,20.13,25
"2026-09-10 04:49:00-0300",29.49,27.66,20.13,25.8
"2026-09-10 04:50:00-0300",29.51,27.66,20.13,26.2
"2026-09-10 04:51:00-0300",29.57,27.68,20.24,28
"2026-09-10 04:52:00-0300",29.61,27.69,20.28,32.2
"2026-09-10 04:53:00-0300",29.68,27.72,20.28,34.8
"2026-09-10 04:54:00-0300",29.76,27.74,20.4,41
"2026-09-10 04:55:00-0300",29.88,27.78,20.45,40.1
"2026-09-10 04:56:00-0300",30.06,27.83,20.66,41.6
"2026-09-10 04:57:00-0300",30.3,27.91,20.81,42.5
"2026-09-10 04:58:00-0300",30.65,28.01,20.97,41.8
"2026-09-10 04:59:00-0300",31.07,28.14,21.33,42.8
"2026-09-10 05:00:00-0300",31.52,28.28,21.69,43.3
"2026-09-10 05:01:00-0300",31.98,28.41,22.13,42.1
"2026-09-10 05:02:00-0300",32.46,28.55,22.54,41.8
"2026-09-10 05:03:00-0300",32.85,28.67,22.91,42.3
"2026-09-10 05:04:00-0300",33.26,28.79,23.39,42.8
"2026-09-10 05:05:00-0300",33.65,28.91,23.72,42.8
"2026-09-10 05:06:00-0300",33.99,29.01,24.03,42.8
"2026-09-10 05:07:00-0300",34.33,29.11,24.2,43
"2026-09-10 05:08:00-0300",34.43,29.13,24.25,43
"2026-09-10 05:09:00-0300",34.55,29.17,24.3,41.5
"2026-09-10 05:10:00-0300",34.59,29.18,24.3,42.8
"2026-09-10 05:11:00-0300",34.57,29.17,24.3,41.5
"2026-09-10 05:12:00-0300",34.51,29.16,24.2,42
"2026-09-10 05:13:00-0300",34.43,29.13,24.2,42.8
"2026-09-10 05:14:00-0300",34.38,29.12,24.2,41.5
"2026-09-10 05:15:00-0300",34.38,29.12,24.2,42
"2026-09-10 05:16:00-0300",34.38,29.12,24.2,42.5
"2026-09-10 05:17:00-0300",34.38,29.12,24.3,42.6
"2026-09-10 05:18:00-0300",34.43,29.13,24.36,42.3
"2026-09-10 05:19:00-0300",34.46,29.14,24.46,42.5
"2026-09-10 05:20:00-0300",34.49,29.15,24.53,41.3
"2026-09-10 05:21:00-0300",34.49,29.15,24.53,42.6
"2026-09-10 05:22:00-0300",34.46,29.14,24.46,41.5
"2026-09-10 05:23:00-0300",34.48,29.15,24.41,42
"2026-09-10 05:24:00-0300",34.47,29.15,24.53,42.5
"2026-09-10 05:25:00-0300",34.54,29.17,24.58,42.6
"2026-09-10 05:26:00-0300",34.6,29.18,24.58,43.1
"2026-09-10 05:27:00-0300",34.63,29.19,24.58,43.6
"2026-09-10 05:28:00-0300",34.69,29.21,24.63,42.1
"2026-09-10 05:29:00-0300",34.67,29.2,24.63,42.1
"2026-09-10 05:30:00-0300",34.67,29.2,24.58,42.6
"2026-09-10 05:31:00-0300",34.64,29.19,24.58,41.3
"2026-09-10 05:32:00-0300",34.59,29.18,24.58,42
"2026-09-10 05:33:00-0300",34.57,29.18,24.53,42.8
"2026-09-10 05:34:00-0300",34.45,29.14,24.53,42.5
"2026-09-10 05:35:00-0300",34.4,29.12,24.36,43.3
"2026-09-10 05:36:00-0300",34.37,29.12,24.36,43.6
"2026-09-10 05:37:00-0300",34.32,29.1,24.3,43.8
"2026-09-10 05:38:00-0300",34.26,29.08,24.2,44
"2026-09-10 05:39:00-0300",34.15,29.05,24.2,43.3
"2026-09-10 05:40:00-0300",34.08,29.03,24.15,41.3
"2026-09-10 05:41:00-0300",34.02,29.02,24.08,41.6
"2026-09-10 05:42:00-0300",33.96,29,24.03,41.5
"2026-09-10 05:43:00-0300",33.91,28.98,24.03,41.6
"2026-09-10 05:44:00-0300",33.86,28.97,24.03,40.3
"2026-09-10 05:45:00-0300",33.81,28.95,24.03,42.1
"2026-09-10 05:46:00-0300",33.76,28.94,23.93,40.5
"2026-09-10 05:47:00-0300",33.72,28.93,23.88,40.5
"2026-09-10 05:48:00-0300",33.71,28.93,23.88,40.6
"2026-09-10 05:49:00-0300",33.74,28.93,23.98,40.3
"2026-09-10 05:50:00-0300",33.79,28.95,24.03,40.3
"2026-09-10 05:51:00-0300",33.85,28.96,24.03,38.2
"2026-09-10 05:52:00-0300",33.91,28.98,24.03,39.4
"2026-09-10 05:53:00-0300",33.98,29,24.08,40.1
"2026-09-10 05:54:00-0300",34.04,29.02,24.2,40.1
"2026-09-10 05:55:00-0300",34.09,29.04,24.2,40.1
"2026-09-10 05:56:00-0300",34.14,29.05,24.2,40.1
"2026-09-10 05:57:00-0300",34.15,29.05,24.2,40.5
"2026-09-10 05:58:00-0300",34.16,29.05,24.2,40.5
"2026-09-10 05:59:00-0300",34.14,29.05,24.15,40.5
"2026-09-10 06:00:00-0300",34.13,29.05,24.03,37.6
"2026-09-10 06:01:00-0300",34.11,29.04,24.03,40
"2026-09-10 06:02:00-0300",34.11,29.04,24.03,40.1
"2026-09-10 06:03:00-0300",34.11,29.04,24.03,40.1
"2026-09-10 06:04:00-0300",34.11,29.04,24.03,40.1
"2026-09-10 06:05:00-0300",34.1,29.04,24.03,37.9
"2026-09-10 06:06:00-0300",34.08,29.03,24.03,39.1
"2026-09-10 06:07:00-0300",34.05,29.02,23.98,37.6
"2026-09-10 06:08:00-0300",34.04,29.02,23.93,37.9
"2026-09-10 06:09:00-0300",33.97,29,23.82,38.8
"2026-09-10 06:10:00-0300",33.93,28.99,23.82,39.4
"2026-09-10 06:11:00-0300",33.87,28.97,23.77,40.1
"2026-09-10 06:12:00-0300",33.81,28.95,23.72,40
"2026-09-10 06:13:00-0300",33.79,28.95,23.67,39.7
"2026-09-10 06:14:00-0300",33.69,28.92,23.67,37.3
"2026-09-10 06:15:00-0300",33.64,28.9,23.49,38.5
"2026-09-10 06:16:00-0300",33.57,28.88,23.44,37
"2026-09-10 06:17:00-0300",33.51,28.86,23.44,39.4
"2026-09-10 06:18:00-0300",33.47,28.85,23.28,36.7
"2026-09-10 06:19:00-0300",33.38,28.83,23.28,39.1
"2026-09-10 06:20:00-0300",33.32,28.81,23.23,39.1
"2026-09-10 06:21:00-0300",33.26,28.79,23.13,39.1
"2026-09-10 06:22:00-0300",33.21,28.78,23.13,39.1
"2026-09-10 06:23:00-0300",33.19,28.77,23.13,40.6
"2026-09-10 06:24:00-0300",33.12,28.75,23.07,36.4
"2026-09-10 06:25:00-0300",33.09,28.74,22.97,37.9
"2026-09-10 06:26:00-0300",33.05,28.73,22.91,38.2
"2026-09-10 06:27:00-0300",33.02,28.72,22.91,38.8
"2026-09-10 06:28:00-0300",33.02,28.72,22.91,38.5
"2026-09-10 06:29:00-0300",32.97,28.71,22.91,38.5
"2026-09-10 06:30:00-0300",32.95,28.7,22.91,38.2
"2026-09-10 06:31:00-0300",32.93,28.7,22.91,37.6
"2026-09-10 06:32:00-0300",32.93,28.69,22.91,38.5
"2026-09-10 06:33:00-0300",32.94,28.7,22.91,38.2
"2026-09-10 06:34:00-0300",32.9,28.69,22.91,38.2
"2026-09-10 06:35:00-0300",32.9,28.69,22.91,40.1
"2026-09-10 06:36:00-0300",32.91,28.69,22.91,37
"2026-09-10 06:37:00-0300",32.92,28.69,22.91,37.3
"2026-09-10 06:38:00-0300",32.92,28.69,22.91,37.9
"2026-09-10 06:39:00-0300",32.94,28.7,22.91,38.2
"2026-09-10 06:40:00-0300",32.96,28.7,22.91,37
"2026-09-10 06:41:00-0300",32.98,28.71,23.02,37
"2026-09-10 06:42:00-0300",33,28.72,23.07,37.6
"2026-09-10 06:43:00-0300",33.03,28.72,23.07,37.6
"2026-09-10 06:44:00-0300",33.06,28.73,23.13,36.7
"2026-09-10 06:45:00-0300",33.08,28.74,23.13,35.5
"2026-09-10 06:46:00-0300",33.1,28.75,23.13,37.9
"2026-09-10 06:47:00-0300",33.13,28.75,23.18,38.2
"2026-09-10 06:48:00-0300",33.16,28.76,23.18,37.6
"2026-09-10 06:49:00-0300",33.19,28.77,23.23,37.3
"2026-09-10 06:50:00-0300",33.22,28.78,23.28,37.6
"2026-09-10 06:51:00-0300",33.25,28.79,23.28,36.7
"2026-09-10 06:52:00-0300",33.27,28.8,23.28,37.9
"2026-09-10 06:53:00-0300",33.3,28.8,23.28,37.9
"2026-09-10 06:54:00-0300",33.33,28.81,23.28,37.6
"2026-09-10 06:55:00-0300",33.37,28.82,23.34,37.9
"2026-09-10 06:56:00-0300",33.4,28.83,23.39,38.2
"2026-09-10 06:57:00-0300",33.44,28.85,23.44,35.5
"2026-09-10 06:58:00-0300",33.48,28.86,23.44,35.8
"2026-09-10 06:59:00-0300",33.54,28.88,23.44,37.3
"2026-09-10 07:00:00-0300",33.53,28.87,23.44,37.6
"2026-09-10 07:01:00-0300",33.54,28.87,23.44,38.5
"2026-09-10 07:02:00-0300",33.53,28.87,23.44,38.2
"2026-09-10 07:03:00-0300",33.51,28.87,23.44,36.1
"2026-09-10 07:04:00-0300",33.51,28.87,23.39,40.3
"2026-09-10 07:05:00-0300",33.46,28.85,23.28,38.2
"2026-09-10 07:06:00-0300",33.43,28.84,23.28,35.8
"2026-09-10 07:07:00-0300",33.4,28.83,23.28,35.8
"2026-09-10 07:08:00-0300",33.37,28.82,23.28,37.3
"2026-09-10 07:09:00-0300",33.38,28.83,23.28,37.3
"2026-09-10 07:10:00-0300",33.33,28.81,23.28,37.9
"2026-09-10 07:11:00-0300",33.33,28.81,23.23,38.2
"2026-09-10 07:12:00-0300",33.32,28.81,23.23,35.8
"2026-09-10 07:13:00-0300",33.32,28.81,23.23,36.4
"2026-09-10 07:14:00-0300",33.36,28.82,23.23,36.1
"2026-09-10 07:15:00-0300",33.33,28.81,23.28,37
"2026-09-10 07:16:00-0300",33.34,28.82,23.28,37.6
"2026-09-10 07:17:00-0300",33.35,28.82,23.28,36.4
"2026-09-10 07:18:00-0300",33.36,28.82,23.28,37.9
"2026-09-10 07:19:00-0300",33.4,28.83,23.28,38.2
"2026-09-10 07:20:00-0300",33.37,28.82,23.28,37.9
"2026-09-10 07:21:00-0300",33.37,28.82,23.28,37.9
"2026-09-10 07:22:00-0300",33.36,28.82,23.28,37.9
"2026-09-10 07:23:00-0300",33.36,28.82,23.28,35.2
"2026-09-10 07:24:00-0300",33.4,28.83,23.23,35.2
"2026-09-10 07:25:00-0300",33.37,28.83,23.28,37
"2026-09-10 07:26:00-0300",33.38,28.83,23.28,37.3
"2026-09-10 07:27:00-0300",33.39,28.83,23.28,37.9
"2026-09-10 07:28:00-0300",33.39,28.83,23.28,38.2
"2026-09-10 07:29:00-0300",33.42,28.84,23.28,38.2
"2026-09-10 07:30:00-0300",33.38,28.83,23.28,38.2
"2026-09-10 07:31:00-0300",33.38,28.83,23.28,37.9
"2026-09-10 07:32:00-0300",33.38,28.83,23.28,35.5
"2026-09-10 07:33:00-0300",33.37,28.82,23.28,36.7
"2026-09-10 07:34:00-0300",33.36,28.82,23.28,36.1
"2026-09-10 07:35:00-0300",33.35,28.82,23.28,35.5
"2026-09-10 07:36:00-0300",33.35,28.82,23.28,37.6
"2026-09-10 07:37:00-0300",33.35,28.82,23.28,37.6
"2026-09-10 07:38:00-0300",33.35,28.82,23.28,37
"2026-09-10 07:39:00-0300",33.35,28.82,23.28,37
"2026-09-10 07:40:00-0300",33.35,28.82,23.28,37.6
"2026-09-10 07:41:00-0300",33.36,28.82,23.34,37.6
"2026-09-10 07:42:00-0300",33.37,28.83,23.44,37.3
"2026-09-10 07:43:00-0300",33.42,28.84,23.44,37.6
"2026-09-10 07:44:00-0300",33.41,28.84,23.44,37.6
"2026-09-10 07:45:00-0300",33.44,28.84,23.44,37.3
"2026-09-10 07:46:00-0300",33.46,28.85,23.44,37.6
"2026-09-10 07:47:00-0300",33.49,28.86,23.44,35
"2026-09-10 07:48:00-0300",33.56,28.88,23.44,37
"2026-09-10 07:49:00-0300",33.57,28.88,23.44,35
"2026-09-10 07:50:00-0300",33.61,28.89,23.55,37
"2026-09-10 07:51:00-0300",33.65,28.91,23.62,37.6
"2026-09-10 07:52:00-0300",33.69,28.92,23.67,37.9
"2026-09-10 07:53:00-0300",33.76,28.94,23.67,38.2
"2026-09-10 07:54:00-0300",33.77,28.94,23.67,37.9
"2026-09-10 07:55:00-0300",33.82,28.96,23.67,37.6
"2026-09-10 07:56:00-0300",33.87,28.97,23.72,37.3
"2026-09-10 07:57:00-0300",33.9,28.98,23.77,37.9
"2026-09-10 07:58:00-0300",33.98,29,23.82,37.9
"2026-09-10 07:59:00-0300",33.98,29,23.77,38.5
"2026-09-10 08:00:00-0300",34.01,29.01,23.82,38.5
"2026-09-10 08:01:00-0300",34.04,29.02,23.82,38.5
"2026-09-10 08:02:00-0300",34.06,29.03,23.82,37.9
"2026-09-10 08:03:00-0300",34.12,29.04,23.82,38.8
"2026-09-10 08:04:00-0300",34.1,29.04,23.82,37.9
"2026-09-10 08:05:00-0300",34.12,29.04,23.82,39.7
"2026-09-10 08:06:00-0300",34.13,29.05,23.88,40
"2026-09-10 08:07:00-0300",34.15,29.05,23.93,38.5
"2026-09-10 08:08:00-0300",34.16,29.06,23.98,37.6
"2026-09-10 08:09:00-0300",34.17,29.06,23.98,40
"2026-09-10 08:10:00-0300",34.18,29.06,23.98,39.7
"2026-09-10 08:11:00-0300",34.18,29.06,24.03,40.5
"2026-09-10 08:12:00-0300",34.19,29.06,24.03,40.8
"2026-09-10 08:13:00-0300",34.19,29.06,24.03,39.1
"2026-09-10 08:14:00-0300",34.2,29.07,24.03,40.3
"2026-09-10 08:15:00-0300",34.2,29.07,24.03,40.6
"2026-09-10 08:16:00-0300",34.21,29.07,24.03,40.1
"2026-09-10 08:17:00-0300",34.21,29.07,23.98,40.6
"2026-09-10 08:18:00-0300",34.21,29.07,24.03,40.6
"2026-09-10 08:19:00-0300",34.22,29.07,24.03,40.6
"2026-09-10 08:20:00-0300",34.22,29.07,24.03,38.5
"2026-09-10 08:21:00-0300",34.23,29.08,24.03,40
"2026-09-10 08:22:00-0300",34.23,29.07,24.03,40.3
"2026-09-10 08:23:00-0300",34.23,29.08,24.03,38.8
"2026-09-10 08:24:00-0300",34.23,29.08,24.03,38.8
"2026-09-10 08:25:00-0300",34.24,29.08,24.03,39.1
"2026-09-10 08:26:00-0300",34.23,29.08,24.03,40.1
"2026-09-10 08:27:00-0300",34.26,29.08,24.03,40.5
"2026-09-10 08:28:00-0300",34.23,29.07,24.03,40.5
"2026-09-10 08:29:00-0300",34.22,29.07,24.03,41
"2026-09-10 08:30:00-0300",34.21,29.07,24.03,41.1
"2026-09-10 08:31:00-0300",34.2,29.07,24.03,39.4
"2026-09-10 08:32:00-0300",34.22,29.07,24.03,41.1
"2026-09-10 08:33:00-0300",34.18,29.06,24.03,41.3
"2026-09-10 08:34:00-0300",34.16,29.06,23.98,40
"2026-09-10 08:35:00-0300",34.15,29.05,23.98,40
"2026-09-10 08:36:00-0300",34.14,29.05,23.93,40
"2026-09-10 08:37:00-0300",34.15,29.05,23.93,42.6
"2026-09-10 08:38:00-0300",34.1,29.04,23.82,40.3
"2026-09-10 08:39:00-0300",34.08,29.03,23.82,41
"2026-09-10 08:40:00-0300",34.06,29.03,23.82,41.5
"2026-09-10 08:41:00-0300",34.04,29.02,23.82,41.5
"2026-09-10 08:42:00-0300",34.01,29.01,23.82,41.5
"2026-09-10 08:43:00-0300",33.97,29,23.77,40.1
"2026-09-10 08:44:00-0300",33.94,28.99,23.77,40.8
"2026-09-10 08:45:00-0300",33.9,28.98,23.72,41.3
"2026-09-10 08:46:00-0300",33.87,28.97,23.67,41.5
"2026-09-10 08:47:00-0300",33.84,28.96,23.67,41.5
"2026-09-10 08:48:00-0300",33.82,28.96,23.67,41.5
"2026-09-10 08:49:00-0300",33.8,28.95,23.67,40
"2026-09-10 08:50:00-0300",33.78,28.95,23.67,40.8
"2026-09-10 08:51:00-0300",33.77,28.94,23.67,40.6
"2026-09-10 08:52:00-0300",33.76,28.94,23.67,41.1
"2026-09-10 08:53:00-0300",33.74,28.93,23.67,41.5
"2026-09-10 08:54:00-0300",33.73,28.93,23.67,41.5
"2026-09-10 08:55:00-0300",33.71,28.93,23.67,41.5
"2026-09-10 08:56:00-0300",33.7,28.92,23.62,41.5
"2026-09-10 08:57:00-0300",33.72,28.93,23.62,41.3
"2026-09-10 08:58:00-0300",33.68,28.91,23.62,41.3
"2026-09-10 08:59:00-0300",33.65,28.91,23.62,40.8
"2026-09-10 09:00:00-0300",33.63,28.9,23.67,41.5
"2026-09-10 09:01:00-0300",33.61,28.9,23.62,41.3
"2026-09-10 09:02:00-0300",33.62,28.9,23.62,41.5
"2026-09-10 09:03:00-0300",33.57,28.88,23.49,41.5
"2026-09-10 09:04:00-0300",33.55,28.88,23.49,41.5
"2026-09-10 09:05:00-0300",33.54,28.87,23.44,41.5
"2026-09-10 09:06:00-0300",33.52,28.87,23.44,41.3
"2026-09-10 09:07:00-0300",33.53,28.87,23.44,41.5
"2026-09-10 09:08:00-0300",33.47,28.85,23.44,40
"2026-09-10 09:09:00-0300",33.45,28.85,23.44,40.8
"2026-09-10 09:10:00-0300",33.42,28.84,23.44,41
"2026-09-10 09:11:00-0300",33.4,28.83,23.44,41.1
"2026-09-10 09:12:00-0300",33.4,28.83,23.44,41.3
"2026-09-10 09:13:00-0300",33.36,28.82,23.39,41.3
"2026-09-10 09:14:00-0300",33.35,28.82,23.39,39.7
"2026-09-10 09:15:00-0300",33.33,28.81,23.34,40.6
"2026-09-10 09:16:00-0300",33.32,28.81,23.28,39.7
"2026-09-10 09:17:00-0300",33.33,28.81,23.28,42.5
"2026-09-10 09:18:00-0300",33.29,28.8,23.28,40.1
"2026-09-10 09:19:00-0300",33.29,28.8,23.28,41
"2026-09-10 09:20:00-0300",33.28,28.8,23.28,41
"2026-09-10 09:21:00-0300",33.28,28.8,23.28,41.1
"2026-09-10 09:22:00-0300",33.3,28.8,23.28,41.1
"2026-09-10 09:23:00-0300",33.26,28.79,23.28,42.3
"2026-09-10 09:24:00-0300",33.24,28.79,23.28,41.1
"2026-09-10 09:25:00-0300",33.23,28.78,23.28,39.7
"2026-09-10 09:26:00-0300",33.2,28.78,23.28,40
"2026-09-10 09:27:00-0300",33.21,28.78,23.28,40.8
"2026-09-10 09:28:00-0300",33.16,28.76,23.23,39.4
"2026-09-10 09:29:00-0300",33.13,28.75,23.18,41
"2026-09-10 09:30:00-0300",33.11,28.75,23.18,39.4
"2026-09-10 09:31:00-0300",33.08,28.74,23.18,39.7
"2026-09-10 09:32:00-0300",33.09,28.74,23.13,40.5
"2026-09-10 09:33:00-0300",33.05,28.73,23.13,40.3
"2026-09-10 09:34:00-0300",33.05,28.73,23.13,40.1
"2026-09-10 09:35:00-0300",33.04,28.73,23.13,40.1
"2026-09-10 09:36:00-0300",33.05,28.73,23.13,40.3
"2026-09-10 09:37:00-0300",33.07,28.74,23.13,40.8
"2026-09-10 09:38:00-0300",33.05,28.73,23.13,40.3
"2026-09-10 09:39:00-0300",33.05,28.73,23.13,40.6
"2026-09-10 09:40:00-0300",33.04,28.73,23.13,40.8
"2026-09-10 09:41:00-0300",33.04,28.73,23.13,38.8
"2026-09-10 09:42:00-0300",33.06,28.73,23.13,38.8
"2026-09-10 09:43:00-0300",33.03,28.72,23.13,39.1
"2026-09-10 09:44:00-0300",33.02,28.72,23.13,40.3
"2026-09-10 09:45:00-0300",33.02,28.72,23.13,40.5
"2026-09-10 09:46:00-0300",33.01,28.72,23.13,40.3
"2026-09-10 09:47:00-0300",33.04,28.73,23.13,40.1
"2026-09-10 09:48:00-0300",33.01,28.72,23.13,40.3
"2026-09-10 09:49:00-0300",33,28.72,23.13,40.3
"2026-09-10 09:50:00-0300",33,28.72,23.13,38.2
"2026-09-10 09:51:00-0300",33.01,28.72,23.13,38.5
"2026-09-10 09:52:00-0300",33.03,28.72,23.13,38.2
"2026-09-10 09:53:00-0300",33,28.72,23.13,39.4
"2026-09-10 09:54:00-0300",32.99,28.71,23.13,40
"2026-09-10 09:55:00-0300",32.98,28.71,23.07,40
"2026-09-10 09:56:00-0300",32.97,28.71,23.07,37
"2026-09-10 09:57:00-0300",32.98,28.71,23.07,39.4
"2026-09-10 09:58:00-0300",32.94,28.7,23.07,38.2
"2026-09-10 09:59:00-0300",32.93,28.69,23.02,38.5
"2026-09-10 10:00:00-0300",32.92,28.69,23.07,38.2
"2026-09-10 10:01:00-0300",32.91,28.69,23.02,35.5
"2026-09-10 10:02:00-0300",32.89,28.68,23.02,37.9
"2026-09-10 10:03:00-0300",32.9,28.69,23.02,37.6
"2026-09-10 10:04:00-0300",32.88,28.68,23.02,35
"2026-09-10 10:05:00-0300",32.88,28.68,23.02,35.2
"2026-09-10 10:06:00-0300",32.9,28.69,23.02,36.1
"2026-09-10 10:07:00-0300",32.86,28.68,22.97,36.1
"2026-09-10 10:08:00-0300",32.86,28.67,22.97,36.1
"2026-09-10 10:09:00-0300",32.85,28.67,22.97,35.8
"2026-09-10 10:10:00-0300",32.84,28.67,22.91,34.1
"2026-09-10 10:11:00-0300",32.85,28.67,22.91,35
"2026-09-10 10:12:00-0300",32.81,28.66,22.91,34.1
"2026-09-10 10:13:00-0300",32.81,28.66,22.91,33.6
"2026-09-10 10:14:00-0300",32.8,28.66,22.91,34
"2026-09-10 10:15:00-0300",32.8,28.66,22.91,34.3
"2026-09-10 10:16:00-0300",32.8,28.66,22.91,34.2
"2026-09-10 10:17:00-0300",32.79,28.65,22.91,34.3
"2026-09-10 10:18:00-0300",32.79,28.66,22.91,34.2
"2026-09-10 10:19:00-0300",32.8,28.66,22.91,33.1
"2026-09-10 10:20:00-0300",32.82,28.66,22.91,33.6
"2026-09-10 10:21:00-0300",32.83,28.67,22.91,33.7
"2026-09-10 10:22:00-0300",32.86,28.67,22.91,33.8
"2026-09-10 10:23:00-0300",32.87,28.68,22.91,34.3
"2026-09-10 10:24:00-0300",32.89,28.68,22.97,34.3
"2026-09-10 10:25:00-0300",32.92,28.69,23.02,33.5
"2026-09-10 10:26:00-0300",32.92,28.69,23.02,33.7
"2026-09-10 10:27:00-0300",32.94,28.7,23.07,34.5
"2026-09-10 10:28:00-0300",32.98,28.71,23.13,35
"2026-09-10 10:29:00-0300",33,28.72,23.13,36.1
"2026-09-10 10:30:00-0300",33.06,28.73,23.13,36.4
"2026-09-10 10:31:00-0300",33.06,28.73,23.13,37
"2026-09-10 10:32:00-0300",33.09,28.74,23.13,34.8
"2026-09-10 10:33:00-0300",33.11,28.75,23.13,35.5
"2026-09-10 10:34:00-0300",33.13,28.75,23.13,37.3
"2026-09-10 10:35:00-0300",33.16,28.76,23.13,37.6
"2026-09-10 10:36:00-0300",33.13,28.75,23.13,38.2
"2026-09-10 10:37:00-0300",33.11,28.75,23.13,38.5
"2026-09-10 10:38:00-0300",33.09,28.74,23.13,35.5
"2026-09-10 10:39:00-0300",33.07,28.73,23.07,36.4
"2026-09-10 10:40:00-0300",33.06,28.73,23.07,36.4
"2026-09-10 10:41:00-0300",32.99,28.71,22.91,37
"2026-09-10 10:42:00-0300",32.95,28.7,22.91,37.3
"2026-09-10 10:43:00-0300",32.91,28.69,22.91,37
"2026-09-10 10:44:00-0300",32.89,28.68,22.91,38.5
"2026-09-10 10:45:00-0300",32.89,28.68,22.86,35.8
"2026-09-10 10:46:00-0300",32.82,28.66,22.75,34.8
"2026-09-10 10:47:00-0300",32.77,28.65,22.75,34.8
"2026-09-10 10:48:00-0300",32.74,28.64,22.7,34.5
"2026-09-10 10:49:00-0300",32.7,28.63,22.65,33.1
"2026-09-10 10:50:00-0300",32.68,28.62,22.59,34
"2026-09-10 10:51:00-0300",32.62,28.6,22.59,33.8
"2026-09-10 10:52:00-0300",32.58,28.59,22.59,33.6
"2026-09-10 10:53:00-0300",32.54,28.58,22.54,33.5
"2026-09-10 10:54:00-0300",32.5,28.57,22.38,32.7
"2026-09-10 10:55:00-0300",32.49,28.56,22.38,32.5
"2026-09-10 10:56:00-0300",32.42,28.54,22.38,33.3
"2026-09-10 10:57:00-0300",32.38,28.53,22.33,32.1
"2026-09-10 10:58:00-0300",32.35,28.52,22.33,33.1
"2026-09-10 10:59:00-0300",32.32,28.51,22.22,31.7
"2026-09-10 11:00:00-0300",32.28,28.5,22.22,32.2
"2026-09-10 11:01:00-0300",32.24,28.49,22.22,32
"2026-09-10 11:02:00-0300",32.21,28.48,22.22,32.1
"2026-09-10 11:03:00-0300",32.18,28.47,22.18,32.2
"2026-09-10 11:04:00-0300",32.15,28.47,22.13,31.8
"2026-09-10 11:05:00-0300",32.12,28.45,22.13,31.8
"2026-09-10 11:06:00-0300",32.09,28.45,22.07,31.3
"2026-09-10 11:07:00-0300",32.06,28.44,22.07,31
"2026-09-10 11:08:00-0300",32.03,28.43,22.07,30.2
"2026-09-10 11:09:00-0300",32,28.42,22.07,31.1
"2026-09-10 11:10:00-0300",31.98,28.41,22.07,31.5
"2026-09-10 11:11:00-0300",31.95,28.4,22.02,29.7
"2026-09-10 11:12:00-0300",31.92,28.39,21.91,29.6
"2026-09-10 11:13:00-0300",31.89,28.39,21.86,29.5
"2026-09-10 11:14:00-0300",31.87,28.38,21.86,29.8
"2026-09-10 11:15:00-0300",31.85,28.37,21.86,30
"2026-09-10 11:16:00-0300",31.82,28.36,21.86,29.8
"2026-09-10 11:17:00-0300",31.79,28.36,21.86,30.1
"2026-09-10 11:18:00-0300",31.77,28.35,21.86,30
"2026-09-10 11:19:00-0300",31.75,28.34,21.8,29
"2026-09-10 11:20:00-0300",31.75,28.34,21.8,29.8
"2026-09-10 11:21:00-0300",31.7,28.33,21.8,30
"2026-09-10 11:22:00-0300",31.68,28.32,21.69,30
"2026-09-10 11:23:00-0300",31.66,28.32,21.69,29.7
"2026-09-10 11:24:00-0300",31.64,28.31,21.69,28.7
"2026-09-10 11:25:00-0300",31.64,28.31,21.69,29.4
"2026-09-10 11:26:00-0300",31.6,28.3,21.69,29.2
"2026-09-10 11:27:00-0300",31.58,28.29,21.69,29.5
"2026-09-10 11:28:00-0300",31.56,28.29,21.69,29.5
"2026-09-10 11:29:00-0300",31.53,28.28,21.69,29.4
"2026-09-10 11:30:00-0300",31.53,28.28,21.66,29.3
"2026-09-10 11:31:00-0300",31.49,28.27,21.66,29.1
"2026-09-10 11:32:00-0300",31.47,28.26,21.66,28
"2026-09-10 11:33:00-0300",31.45,28.25,21.6,28.5
"2026-09-10 11:34:00-0300",31.43,28.25,21.55,28.5
"2026-09-10 11:35:00-0300",31.43,28.25,21.49,28.7
"2026-09-10 11:36:00-0300",31.39,28.23,21.49,28.7
"2026-09-10 11:37:00-0300",31.37,28.23,21.49,28.6
"2026-09-10 11:38:00-0300",31.35,28.22,21.49,27.7
"2026-09-10 11:39:00-0300",31.33,28.22,21.49,28.5
"2026-09-10 11:40:00-0300",31.33,28.22,21.49,28.5
"2026-09-10 11:41:00-0300",31.29,28.21,21.44,28
"2026-09-10 11:42:00-0300",31.28,28.2,21.38,27.6
"2026-09-10 11:43:00-0300",31.26,28.2,21.33,28
"2026-09-10 11:44:00-0300",31.25,28.19,21.33,28.1
"2026-09-10 11:45:00-0300",31.27,28.2,21.33,28.2
"2026-09-10 11:46:00-0300",31.25,28.19,21.33,28.2
"2026-09-10 11:47:00-0300",31.17,28.17,21.33,28.2
"2026-09-10 11:48:00-0300",31.14,28.16,21.33,27.1
"2026-09-10 11:49:00-0300",31.12,28.16,21.29,27.4
"2026-09-10 11:50:00-0300",31.13,28.16,21.29,27.8
"2026-09-10 11:51:00-0300",31.09,28.15,21.23,27.6
"2026-09-10 11:52:00-0300",31.07,28.14,21.23,27.7
"2026-09-10 11:53:00-0300",31.05,28.13,21.18,27.8
"2026-09-10 11:54:00-0300",31.04,28.13,21.18,26.8
"2026-09-10 11:55:00-0300",31.04,28.13,21.18,27.1
"2026-09-10 11:56:00-0300",31,28.12,21.18,27.6
"2026-09-10 11:57:00-0300",30.98,28.11,21.18,27.4
"2026-09-10 11:58:00-0300",30.97,28.11,21.18,27.1
"2026-09-10 11:59:00-0300",30.95,28.1,21.12,27.2
"2026-09-10 12:00:00-0300",30.95,28.1,21.18,27.3
"2026-09-10 12:01:00-0300",30.91,28.09,21.12,27.3
"2026-09-10 12:02:00-0300",30.9,28.09,21.07,27.2
"2026-09-10 12:03:00-0300",30.88,28.08,20.97,27.2
"2026-09-10 12:04:00-0300",30.86,28.08,20.97,26.5
"2026-09-10 12:05:00-0300",30.85,28.07,20.97,26.7
"2026-09-10 12:06:00-0300",30.85,28.07,20.97,26.6
"2026-09-10 12:07:00-0300",30.81,28.06,20.97,26.8
"2026-09-10 12:08:00-0300",30.8,28.06,20.97,27
"2026-09-10 12:09:00-0300",30.78,28.05,20.97,27
"2026-09-10 12:10:00-0300",30.77,28.05,20.97,26.5
"2026-09-10 12:11:00-0300",30.77,28.05,20.97,26.3
"2026-09-10 12:12:00-0300",30.74,28.04,20.92,26.5
"2026-09-10 12:13:00-0300",30.71,28.03,20.86,26.6
"2026-09-10 12:14:00-0300",30.7,28.03,20.81,26.6
"2026-09-10 12:15:00-0300",30.68,28.02,20.81,26.5
"2026-09-10 12:16:00-0300",30.69,28.02,20.81,26.4
"2026-09-10 12:17:00-0300",30.65,28.01,20.81,26.4
"2026-09-10 12:18:00-0300",30.64,28.01,20.81,25.7
"2026-09-10 12:19:00-0300",30.62,28,20.81,26.3
"2026-09-10 12:20:00-0300",30.61,28,20.81,26.3
"2026-09-10 12:21:00-0300",30.59,28,20.81,25.8
"2026-09-10 12:22:00-0300",30.6,28,20.75,25.6
"2026-09-10 12:23:00-0300",30.57,27.99,20.75,26.1
"2026-09-10 12:24:00-0300",30.55,27.98,20.71,25.5
"2026-09-10 12:25:00-0300",30.54,27.98,20.71,25.8
"2026-09-10 12:26:00-0300",30.53,27.97,20.66,26
"2026-09-10 12:27:00-0300",30.54,27.98,20.66,26
"2026-09-10 12:28:00-0300",30.5,27.97,20.66,25.8
"2026-09-10 12:29:00-0300",30.49,27.96,20.66,26
"2026-09-10 12:30:00-0300",30.47,27.96,20.66,25.3
"2026-09-10 12:31:00-0300",30.46,27.95,20.66,25.4
"2026-09-10 12:32:00-0300",30.44,27.95,20.66,25.6
"2026-09-10 12:33:00-0300",30.43,27.95,20.66,25.6
"2026-09-10 12:34:00-0300",30.42,27.94,20.66,25.6
"2026-09-10 12:35:00-0300",30.41,27.94,20.6,25.6
"2026-09-10 12:36:00-0300",30.4,27.94,20.66,25.3
"2026-09-10 12:37:00-0300",30.39,27.93,20.6,25.3
"2026-09-10 12:38:00-0300",30.4,27.94,20.55,25.4
"2026-09-10 12:39:00-0300",30.37,27.93,20.49,25.4
"2026-09-10 12:40:00-0300",30.36,27.92,20.49,25.3
"2026-09-10 12:41:00-0300",30.35,27.92,20.49,25.4
"2026-09-10 12:42:00-0300",30.34,27.92,20.45,24.9
"2026-09-10 12:43:00-0300",30.32,27.91,20.45,25.1
"2026-09-10 12:44:00-0300",30.31,27.91,20.45,25.1
"2026-09-10 12:45:00-0300",30.3,27.9,20.45,25.2
"2026-09-10 12:46:00-0300",30.28,27.9,20.45,25.2
"2026-09-10 12:47:00-0300",30.27,27.9,20.45,25.2
"2026-09-10 12:48:00-0300",30.26,27.89,20.45,24.9
"2026-09-10 12:49:00-0300",30.27,27.9,20.45,24.8
"2026-09-10 12:50:00-0300",30.24,27.89,20.45,24.9
"2026-09-10 12:51:00-0300",30.22,27.88,20.45,25.1
"2026-09-10 12:52:00-0300",30.21,27.88,20.45,25
"2026-09-10 12:53:00-0300",30.2,27.88,20.4,24.9
"2026-09-10 12:54:00-0300",30.21,27.88,20.4,24.9
"2026-09-10 12:55:00-0300",30.18,27.87,20.4,24.8
"2026-09-10 12:56:00-0300",30.17,27.87,20.34,24.9
"2026-09-10 12:57:00-0300",30.17,27.86,20.4,24.9
"2026-09-10 12:58:00-0300",30.15,27.86,20.4,24.9
"2026-09-10 12:59:00-0300",30.15,27.86,20.34,25
"2026-09-10 13:00:00-0300",30.16,27.86,20.34,25
"2026-09-10 13:01:00-0300",30.13,27.85,20.34,25
"2026-09-10 13:02:00-0300",30.13,27.85,20.34,25.2
"2026-09-10 13:03:00-0300",30.12,27.85,20.4,24.8
"2026-09-10 13:04:00-0300",30.11,27.85,20.4,25.2
"2026-09-10 13:05:00-0300",30.12,27.85,20.4,25.4
"2026-09-10 13:06:00-0300",30.1,27.84,20.4,25.3
"2026-09-10 13:07:00-0300",30.1,27.84,20.4,25.6
"2026-09-10 13:08:00-0300",30.09,27.84,20.4,25.7
"2026-09-10 13:09:00-0300",30.09,27.84,20.45,25.3
"2026-09-10 13:10:00-0300",30.09,27.84,20.45,25.8
"2026-09-10 13:11:00-0300",30.11,27.85,20.45,26
"2026-09-10 13:12:00-0300",30.1,27.85,20.45,25.5
"2026-09-10 13:13:00-0300",30.1,27.85,20.45,25.7
"2026-09-10 13:14:00-0300",30.1,27.85,20.45,25.2
"2026-09-10 13:15:00-0300",30.11,27.85,20.49,25.5
"2026-09-10 13:16:00-0300",30.12,27.85,20.55,25.7
"2026-09-10 13:17:00-0300",30.11,27.85,20.55,25.8
"2026-09-10 13:18:00-0300",30.11,27.85,20.6,26.2
"2026-09-10 13:19:00-0300",30.11,27.85,20.6,26.1
"2026-09-10 13:20:00-0300",30.11,27.85,20.66,25.1
"2026-09-10 13:21:00-0300",30.12,27.85,20.66,25.1
"2026-09-10 13:22:00-0300",30.1,27.85,20.66,25.2
"2026-09-10 13:23:00-0300",30.1,27.84,20.66,25.4
"2026-09-10 13:24:00-0300",30.1,27.84,20.66,25.4
"2026-09-10 13:25:00-0300",30.1,27.84,20.66,25.3
"2026-09-10 13:26:00-0300",30.1,27.84,20.66,24.9
"2026-09-10 13:27:00-0300",30.1,27.84,20.66,24.9
"2026-09-10 13:28:00-0300",30.1,27.85,20.66,25.4
"2026-09-10 13:29:00-0300",30.1,27.85,20.66,24.9
"2026-09-10 13:30:00-0300",30.11,27.85,20.66,25.2
"2026-09-10 13:31:00-0300",30.11,27.85,20.66,25.4
"2026-09-10 13:32:00-0300",30.13,27.85,20.66,25.4
"2026-09-10 13:33:00-0300",30.11,27.85,20.66,25.4
"2026-09-10 13:34:00-0300",30.12,27.85,20.71,25.5
"2026-09-10 13:35:00-0300",30.12,27.85,20.71,25.1
"2026-09-10 13:36:00-0300",30.13,27.85,20.71,25.5
"2026-09-10 13:37:00-0300",30.15,27.86,20.75,25.5
"2026-09-10 13:38:00-0300",30.14,27.86,20.75,25.6
"2026-09-10 13:39:00-0300",30.14,27.86,20.81,25.6
"2026-09-10 13:40:00-0300",30.15,27.86,20.81,25.3
"2026-09-10 13:41:00-0300",30.15,27.86,20.81,25.5
"2026-09-10 13:42:00-0300",30.16,27.86,20.81,25.4
"2026-09-10 13:43:00-0300",30.15,27.86,20.81,25.4
"2026-09-10 13:44:00-0300",30.15,27.86,20.81,25.6
"2026-09-10 13:45:00-0300",30.15,27.86,20.81,25.7
"2026-09-10 13:46:00-0300",30.15,27.86,20.81,25.6
"2026-09-10 13:47:00-0300",30.16,27.86,20.81,24.9
"2026-09-10 13:48:00-0300",30.14,27.86,20.81,25.4
"2026-09-10 13:49:00-0300",30.15,27.86,20.81,25.4
"2026-09-10 13:50:00-0300",30.15,27.86,20.81,25.7
"2026-09-10 13:51:00-0300",30.15,27.86,20.81,25.7
"2026-09-10 13:52:00-0300",30.16,27.86,20.81,25.7
"2026-09-10 13:53:00-0300",30.15,27.86,20.81,25.7
"2026-09-10 13:54:00-0300",30.14,27.86,20.81,25.1
"2026-09-10 13:55:00-0300",30.13,27.85,20.81,25.5
"2026-09-10 13:56:00-0300",30.13,27.85,20.81,25.6
"2026-09-10 13:57:00-0300",30.13,27.85,20.81,25.6
"2026-09-10 13:58:00-0300",30.14,27.86,20.75,25.7
"2026-09-10 13:59:00-0300",30.12,27.85,20.75,25.6
"2026-09-10 14:00:00-0300",30.11,27.85,20.75,25.6
"2026-09-10 14:01:00-0300",30.1,27.85,20.75,25.5
"2026-09-10 14:02:00-0300",30.1,27.84,20.71,25.6
"2026-09-10 14:03:00-0300",30.11,27.85,20.71,25.6
"2026-09-10 14:04:00-0300",30.09,27.84,20.66,25.6
"2026-09-10 14:05:00-0300",30.08,27.84,20.66,24.9
"2026-09-10 14:06:00-0300",30.07,27.84,20.66,25.3
"2026-09-10 14:07:00-0300",30.07,27.83,20.66,25.4
"2026-09-10 14:08:00-0300",30.06,27.83,20.66,25.4
"2026-09-10 14:09:00-0300",30.07,27.83,20.66,25.4
"2026-09-10 14:10:00-0300",30.05,27.83,20.66,25.3
"2026-09-10 14:11:00-0300",30.04,27.83,20.66,25.3
"2026-09-10 14:12:00-0300",30.04,27.83,20.66,25.3
"2026-09-10 14:13:00-0300",30.05,27.83,20.66,24.9
"2026-09-10 14:14:00-0300",30.03,27.82,20.66,24.9
"2026-09-10 14:15:00-0300",30.01,27.82,20.6,25
"2026-09-10 14:16:00-0300",30,27.81,20.6,24.9
"2026-09-10 14:17:00-0300",29.99,27.81,20.55,25.1
"2026-09-10 14:18:00-0300",29.98,27.81,20.55,25.2
"2026-09-10 14:19:00-0300",29.99,27.81,20.49,24.9
"2026-09-10 14:20:00-0300",29.97,27.81,20.45,24.8
"2026-09-10 14:21:00-0300",29.96,27.8,20.45,24.9
"2026-09-10 14:22:00-0300",29.96,27.8,20.45,25
"2026-09-10 14:23:00-0300",29.95,27.8,20.45,25
"2026-09-10 14:24:00-0300",29.94,27.8,20.45,24.9
"2026-09-10 14:25:00-0300",29.95,27.8,20.45,24.9
"2026-09-10 14:26:00-0300",29.93,27.79,20.45,24.9
"2026-09-10 14:27:00-0300",29.92,27.79,20.45,24.9
"2026-09-10 14:28:00-0300",29.92,27.79,20.45,24.7
"2026-09-10 14:29:00-0300",29.91,27.79,20.45,24.9
"2026-09-10 14:30:00-0300",29.92,27.79,20.45,24.9
"2026-09-10 14:31:00-0300",29.9,27.78,20.4,24.8
"2026-09-10 14:32:00-0300",29.89,27.78,20.4,24.9
"2026-09-10 14:33:00-0300",29.88,27.78,20.4,24.8
"2026-09-10 14:34:00-0300",29.88,27.78,20.4,24.9
"2026-09-10 14:35:00-0300",29.87,27.77,20.4,24.9
"2026-09-10 14:36:00-0300",29.86,27.77,20.4,24.9
"2026-09-10 14:37:00-0300",29.85,27.77,20.34,24.8
"2026-09-10 14:38:00-0300",29.85,27.77,20.34,24.8
"2026-09-10 14:39:00-0300",29.84,27.76,20.28,24.9
"2026-09-10 14:40:00-0300",29.83,27.76,20.28,24.9
"2026-09-10 14:41:00-0300",29.82,27.76,20.28,24.9
"2026-09-10 14:42:00-0300",29.82,27.76,20.28,24.9
"2026-09-10 14:43:00-0300",29.81,27.76,20.28,24.7
"2026-09-10 14:44:00-0300",29.8,27.75,20.28,24.8
"2026-09-10 14:45:00-0300",29.79,27.75,20.28,24.8
"2026-09-10 14:46:00-0300",29.81,27.76,20.28,24.8
"2026-09-10 14:47:00-0300",29.78,27.75,20.28,24.8
"2026-09-10 14:48:00-0300",29.77,27.74,20.28,24.8
"2026-09-10 14:49:00-0300",29.77,27.74,20.28,24.6
"2026-09-10 14:50:00-0300",29.76,27.74,20.28,24.8
"2026-09-10 14:51:00-0300",29.75,27.74,20.28,24.8
"2026-09-10 14:52:00-0300",29.75,27.74,20.24,24.8
"2026-09-10 14:53:00-0300",29.74,27.73,20.28,24.8
"2026-09-10 14:54:00-0300",29.74,27.73,20.28,24.9
"2026-09-10 14:55:00-0300",29.73,27.73,20.24,24.7
"2026-09-10 14:56:00-0300",29.73,27.73,20.24,24.8
"2026-09-10 14:57:00-0300",29.74,27.73,20.24,24.8
"2026-09-10 14:58:00-0300",29.72,27.73,20.24,24.9
"2026-09-10 14:59:00-0300",29.71,27.73,20.24,24.9
"2026-09-10 15:00:00-0300",29.71,27.72,20.19,24.9
"2026-09-10 15:01:00-0300",29.7,27.72,20.24,24.8
"2026-09-10 15:02:00-0300",29.7,27.72,20.24,24.8
"2026-09-10 15:03:00-0300",29.7,27.72,20.19,24.8
"2026-09-10 15:04:00-0300",29.69,27.72,20.19,24.8
"2026-09-10 15:05:00-0300",29.69,27.72,20.19,24.8
"2026-09-10 15:06:00-0300",29.68,27.72,20.19,24.9
"2026-09-10 15:07:00-0300",29.68,27.72,20.13,24.7
"2026-09-10 15:08:00-0300",29.69,27.72,20.13,24.6
"2026-09-10 15:09:00-0300",29.67,27.71,20.13,24.8
"2026-09-10 15:10:00-0300",29.66,27.71,20.13,24.7
"2026-09-10 15:11:00-0300",29.66,27.71,20.13,24.8
"2026-09-10 15:12:00-0300",29.65,27.71,20.13,24.8
"2026-09-10 15:13:00-0300",29.67,27.71,20.13,24.7
"2026-09-10 15:14:00-0300",29.64,27.7,20.13,24.7
"2026-09-10 15:15:00-0300",29.63,27.7,20.13,24.8
"2026-09-10 15:16:00-0300",29.63,27.7,20.13,24.8
"2026-09-10 15:17:00-0300",29.63,27.7,20.13,24.8
"2026-09-10 15:18:00-0300",29.64,27.7,20.13,24.8
"2026-09-10 15:19:00-0300",29.62,27.7,20.13,24.8
"2026-09-10 15:20:00-0300",29.62,27.7,20.13,24.8
"2026-09-10 15:21:00-0300",29.61,27.69,20.13,24.8
"2026-09-10 15:22:00-0300",29.6,27.69,20.13,24.6
"2026-09-10 15:23:00-0300",29.6,27.69,20.13,24.8
"2026-09-10 15:24:00-0300",29.6,27.69,20.13,24.8
"2026-09-10 15:25:00-0300",29.59,27.69,20.13,24.7
"2026-09-10 15:26:00-0300",29.58,27.69,20.13,24.7
"2026-09-10 15:27:00-0300",29.57,27.68,20.13,24.8
"2026-09-10 15:28:00-0300",29.57,27.68,20.07,24.8
"2026-09-10 15:29:00-0300",29.58,27.69,20.07,24.8
"2026-09-10 15:30:00-0300",29.56,27.68,20.07,24.8
"2026-09-10 15:31:00-0300",29.55,27.68,20.07,24.6
"2026-09-10 15:32:00-0300",29.55,27.67,20.07,24.7
"2026-09-10 15:33:00-0300",29.54,27.67,20.04,24.8
"2026-09-10 15:34:00-0300",29.54,27.67,20.04,24.8
"2026-09-10 15:35:00-0300",29.53,27.67,20.04,24.7
"2026-09-10 15:36:00-0300",29.53,27.67,19.98,24.6
"2026-09-10 15:37:00-0300",29.52,27.67,19.98,24.7
"2026-09-10 15:38:00-0300",29.51,27.66,19.98,24.7
"2026-09-10 15:39:00-0300",29.51,27.66,19.92,24.7
"2026-09-10 15:40:00-0300",29.52,27.67,19.92,24.6
"2026-09-10 15:41:00-0300",29.5,27.66,19.92,24.9
"2026-09-10 15:42:00-0300",29.49,27.66,19.92,24.9
"2026-09-10 15:43:00-0300",29.49,27.66,19.92,24.8
"2026-09-10 15:44:00-0300",29.49,27.66,19.92,24.8
"2026-09-10 15:45:00-0300",29.49,27.66,19.92,24.8
"2026-09-10 15:46:00-0300",29.47,27.65,19.92,24.8
"2026-09-10 15:47:00-0300",29.47,27.65,19.92,24.8
"2026-09-10 15:48:00-0300",29.46,27.65,19.92,24.8
"2026-09-10 15:49:00-0300",29.46,27.65,19.92,24.8
"2026-09-10 15:50:00-0300",29.46,27.65,19.92,24.7
"2026-09-10 15:51:00-0300",29.45,27.64,19.92,24.6
"2026-09-10 15:52:00-0300",29.44,27.64,19.92,24.7
"2026-09-10 15:53:00-0300",29.44,27.64,19.92,24.8
"2026-09-10 15:54:00-0300",29.43,27.64,19.92,24.8
"2026-09-10 15:55:00-0300",29.43,27.64,19.92,24.9
"2026-09-10 15:56:00-0300",29.43,27.64,19.92,24.9
"2026-09-10 15:57:00-0300",29.42,27.64,19.87,24.8
"2026-09-10 15:58:00-0300",29.42,27.63,19.87,24.8
"2026-09-10 15:59:00-0300",29.41,27.63,19.92,24.7
"2026-09-10 16:00:00-0300",29.42,27.64,19.87,24.7
"2026-09-10 16:01:00-0300",29.43,27.64,19.87,24.7
"2026-09-10 16:02:00-0300",29.42,27.64,19.87,24.7
"2026-09-10 16:03:00-0300",29.42,27.64,19.87,24.8
"2026-09-10 16:04:00-0300",29.42,27.63,19.87,24.8
"2026-09-10 16:05:00-0300",29.41,27.63,19.87,24.7
"2026-09-10 16:06:00-0300",29.4,27.63,19.87,24.8
"2026-09-10 16:07:00-0300",29.41,27.63,19.87,24.8
"2026-09-10 16:08:00-0300",29.39,27.63,19.83,24.8
"2026-09-10 16:09:00-0300",29.39,27.63,19.83,24.8
"2026-09-10 16:10:00-0300",29.39,27.63,19.77,24.8
"2026-09-10 16:11:00-0300",29.39,27.63,19.77,24.6
"2026-09-10 16:12:00-0300",29.39,27.63,19.77,24.7
"2026-09-10 16:13:00-0300",29.38,27.62,19.77,24.7
"2026-09-10 16:14:00-0300",29.39,27.62,19.77,24.7
"2026-09-10 16:15:00-0300",29.38,27.62,19.77,24.7
"2026-09-10 16:16:00-0300",29.38,27.62,19.77,24.7
"2026-09-10 16:17:00-0300",29.36,27.62,19.77,24.6
"2026-09-10 16:18:00-0300",29.38,27.62,19.77,24.6
"2026-09-10 16:19:00-0300",29.37,27.62,19.77,24.5
"2026-09-10 16:20:00-0300",29.38,27.62,19.77,24.6
"2026-09-10 16:21:00-0300",29.35,27.61,19.77,24.7
"2026-09-10 16:22:00-0300",29.33,27.61,19.77,24.7
"2026-09-10 16:23:00-0300",29.31,27.6,19.77,24.7
"2026-09-10 16:24:00-0300",29.29,27.59,19.77,24.7
"2026-09-10 16:25:00-0300",29.28,27.59,19.77,24.7
"2026-09-10 16:26:00-0300",29.27,27.59,19.77,24.5
"2026-09-10 16:27:00-0300",29.26,27.59,19.77,24.6
"2026-09-10 16:28:00-0300",29.28,27.59,19.77,24.7
"2026-09-10 16:29:00-0300",29.28,27.59,19.77,24.7
"2026-09-10 16:30:00-0300",29.27,27.59,19.77,24.7
"2026-09-10 16:31:00-0300",29.27,27.59,19.77,24.7
"2026-09-10 16:32:00-0300",29.27,27.59,19.77,24.7
"2026-09-10 16:33:00-0300",29.27,27.59,19.77,24.7
"2026-09-10 16:34:00-0300",29.27,27.59,19.77,24.5
"2026-09-10 16:35:00-0300",29.27,27.59,19.77,24.7
"2026-09-10 16:36:00-0300",29.27,27.59,19.77,24.7
"2026-09-10 16:37:00-0300",29.27,27.59,19.77,24.6
"2026-09-10 16:38:00-0300",29.27,27.59,19.77,24.7
"2026-09-10 16:39:00-0300",29.27,27.59,19.83,24.7
"2026-09-10 16:40:00-0300",29.27,27.59,19.87,24.7
"2026-09-10 16:41:00-0300",29.27,27.59,19.87,24.8
"2026-09-10 16:42:00-0300",29.27,27.59,19.87,24.7
"2026-09-10 16:43:00-0300",29.28,27.59,19.87,24.8
"2026-09-10 16:44:00-0300",29.28,27.59,19.92,24.8
"2026-09-10 16:45:00-0300",29.29,27.59,19.92,24.8
"2026-09-10 16:46:00-0300",29.29,27.6,19.92,24.9
"2026-09-10 16:47:00-0300",29.3,27.6,19.92,24.9
"2026-09-10 16:48:00-0300",29.32,27.6,19.92,24.8
"2026-09-10 16:49:00-0300",29.33,27.61,20.04,24.9
"2026-09-10 16:50:00-0300",29.35,27.61,20.07,25
"2026-09-10 16:51:00-0300",29.38,27.62,20.13,25.1
"2026-09-10 16:52:00-0300",29.41,27.63,20.13,25.3
"2026-09-10 16:53:00-0300",29.44,27.64,20.19,25.4
"2026-09-10 16:54:00-0300",29.48,27.65,20.28,25.1
"2026-09-10 16:55:00-0300",29.52,27.67,20.28,25.5
"2026-09-10 16:56:00-0300",29.57,27.68,20.4,25.6
"2026-09-10 16:57:00-0300",29.63,27.7,20.45,26.1
"2026-09-10 16:58:00-0300",29.68,27.72,20.45,26.3
"2026-09-10 16:59:00-0300",29.74,27.73,20.55,26.5
"2026-09-10 17:00:00-0300",29.8,27.75,20.66,26
"2026-09-10 17:01:00-0300",29.86,27.77,20.66,27.1
"2026-09-10 17:02:00-0300",29.94,27.8,20.75,27
"2026-09-10 17:03:00-0300",30,27.81,20.81,27.4
"2026-09-10 17:04:00-0300",30.07,27.83,20.86,28.1
"2026-09-10 17:05:00-0300",30.14,27.86,20.97,29.1
"2026-09-10 17:06:00-0300",30.21,27.88,20.97,29.6
"2026-09-10 17:07:00-0300",30.29,27.9,21.12,30.2
"2026-09-10 17:08:00-0300",30.36,27.92,21.18,31
"2026-09-10 17:09:00-0300",30.44,27.95,21.23,31.8
"2026-09-10 17:10:00-0300",30.52,27.97,21.33,32.5
"2026-09-10 17:11:00-0300",30.6,28,21.33,32.3
"2026-09-10 17:12:00-0300",30.68,28.02,21.49,33.3
"2026-09-10 17:13:00-0300",30.79,28.05,21.49,33.8
"2026-09-10 17:14:00-0300",30.85,28.07,21.6,33.7
"2026-09-10 17:15:00-0300",30.94,28.1,21.69,34.7
"2026-09-10 17:16:00-0300",31.02,28.12,21.69,34.8
"2026-09-10 17:17:00-0300",31.09,28.15,21.8,38.8
"2026-09-10 17:18:00-0300",31.18,28.17,21.86,44.5
"2026-09-10 17:19:00-0300",31.22,28.19,21.86,45.1
"2026-09-10 17:20:00-0300",31.28,28.2,21.91,44.3
"2026-09-10 17:21:00-0300",31.33,28.22,21.96,45
"2026-09-10 17:22:00-0300",31.37,28.23,22.07,45.1
"2026-09-10 17:23:00-0300",31.4,28.24,22.02,45
"2026-09-10 17:24:00-0300",31.42,28.24,22.07,44.8
"2026-09-10 17:25:00-0300",31.43,28.25,22.07,45
"2026-09-10 17:26:00-0300",31.44,28.25,22.02,43.8
"2026-09-10 17:27:00-0300",31.44,28.25,22.07,44
"2026-09-10 17:28:00-0300",31.45,28.25,22.02,44.3
"2026-09-10 17:29:00-0300",31.46,28.26,22.02,44.1
"2026-09-10 17:30:00-0300",31.43,28.25,22.02,43.6
"2026-09-10 17:31:00-0300",31.42,28.25,21.91,43.3
"2026-09-10 17:32:00-0300",31.41,28.24,21.86,43.1
"2026-09-10 17:33:00-0300",31.4,28.24,21.86,42.8
"2026-09-10 17:34:00-0300",31.4,28.24,21.86,41.6
"2026-09-10 17:35:00-0300",31.37,28.23,21.86,41
"2026-09-10 17:36:00-0300",31.35,28.22,21.86,40.8
"2026-09-10 17:37:00-0300",31.33,28.22,21.8,41
"2026-09-10 17:38:00-0300",31.32,28.21,21.8,40.6
"2026-09-10 17:39:00-0300",31.3,28.21,21.75,40.3
"2026-09-10 17:40:00-0300",31.28,28.2,21.69,39.4
"2026-09-10 17:41:00-0300",31.26,28.2,21.69,35.8
"2026-09-10 17:42:00-0300",31.24,28.19,21.69,37
"2026-09-10 17:43:00-0300",31.22,28.18,21.69,35.8
"2026-09-10 17:44:00-0300",31.2,28.18,21.69,35.5
"2026-09-10 17:45:00-0300",31.2,28.18,21.66,35.2
"2026-09-10 17:46:00-0300",31.16,28.17,21.6,34.6
"2026-09-10 17:47:00-0300",31.14,28.16,21.49,34.5
"2026-09-10 17:48:00-0300",31.12,28.16,21.49,34.3
"2026-09-10 17:49:00-0300",31.11,28.15,21.49,34.1
"2026-09-10 17:50:00-0300",31.11,28.15,21.49,32.7
"2026-09-10 17:51:00-0300",31.07,28.14,21.49,33.6
"2026-09-10 17:52:00-0300",31.05,28.13,21.49,32.3
"2026-09-10 17:53:00-0300",31.03,28.13,21.38,33.1
"2026-09-10 17:54:00-0300",31.01,28.12,21.33,33.1
"2026-09-10 17:55:00-0300",31,28.12,21.33,32.8
"2026-09-10 17:56:00-0300",30.98,28.11,21.33,32.7
"2026-09-10 17:57:00-0300",30.96,28.11,21.33,32.6
"2026-09-10 17:58:00-0300",30.94,28.1,21.33,31.8
"2026-09-10 17:59:00-0300",30.93,28.1,21.33,32
"2026-09-10 18:00:00-0300",30.91,28.09,21.29,31.6
"2026-09-10 18:01:00-0300",30.91,28.09,21.29,31.2
"2026-09-10 18:02:00-0300",30.87,28.08,21.23,31.8
"2026-09-10 18:03:00-0300",30.86,28.08,21.18,31.2
"2026-09-10 18:04:00-0300",30.85,28.07,21.18,31.3
"2026-09-10 18:05:00-0300",30.83,28.07,21.18,31.3
"2026-09-10 18:06:00-0300",30.81,28.06,21.18,31.3
"2026-09-10 18:07:00-0300",30.8,28.06,21.18,31.1
"2026-09-10 18:08:00-0300",30.78,28.05,21.18,29.8
"2026-09-10 18:09:00-0300",30.76,28.05,21.12,30.5
"2026-09-10 18:10:00-0300",30.75,28.04,21.12,29.6
"2026-09-10 18:11:00-0300",30.73,28.04,21.07,30.3
"2026-09-10 18:12:00-0300",30.74,28.04,21.01,30.6
"2026-09-10 18:13:00-0300",30.7,28.03,20.97,29.4
"2026-09-10 18:14:00-0300",30.69,28.02,20.97,29.8
"2026-09-10 18:15:00-0300",30.67,28.02,20.97,30
"2026-09-10 18:16:00-0300",30.66,28.02,20.97,29.7
"2026-09-10 18:17:00-0300",30.67,28.02,20.97,29.4
"2026-09-10 18:18:00-0300",30.63,28.01,20.97,29.6
"2026-09-10 18:19:00-0300",30.62,28,20.97,29.4
"2026-09-10 18:20:00-0300",30.6,28,20.97,28.7
"2026-09-10 18:21:00-0300",30.59,27.99,20.97,29.6
"2026-09-10 18:22:00-0300",30.6,28,20.92,28.6
"2026-09-10 18:23:00-0300",30.56,27.99,20.86,28.5
"2026-09-10 18:24:00-0300",30.55,27.98,20.81,29.1
"2026-09-10 18:25:00-0300",30.54,27.98,20.81,29.1
"2026-09-10 18:26:00-0300",30.52,27.97,20.81,28.4
"2026-09-10 18:27:00-0300",30.51,27.97,20.81,29
"2026-09-10 18:28:00-0300",30.5,27.97,20.81,29.1
"2026-09-10 18:29:00-0300",30.49,27.96,20.81,29
"2026-09-10 18:30:00-0300",30.47,27.96,20.81,28.6
"2026-09-10 18:31:00-0300",30.46,27.96,20.81,28.5
"2026-09-10 18:32:00-0300",30.45,27.95,20.75,29
"2026-09-10 18:33:00-0300",30.44,27.95,20.75,28.8
"2026-09-10 18:34:00-0300",30.42,27.94,20.71,28.8
"2026-09-10 18:35:00-0300",30.42,27.94,20.71,29.1
"2026-09-10 18:36:00-0300",30.4,27.94,20.71,28.7
"2026-09-10 18:37:00-0300",30.41,27.94,20.71,28.7
"2026-09-10 18:38:00-0300",30.39,27.93,20.66,28.4
"2026-09-10 18:39:00-0300",30.37,27.93,20.66,28.2
"2026-09-10 18:40:00-0300",30.37,27.93,20.66,28.4
"2026-09-10 18:41:00-0300",30.36,27.92,20.66,27.7
"2026-09-10 18:42:00-0300",30.38,27.93,20.66,27.7
"2026-09-10 18:43:00-0300",30.35,27.92,20.66,27.6
"2026-09-10 18:44:00-0300",30.32,27.91,20.66,27.8
"2026-09-10 18:45:00-0300",30.32,27.91,20.66,29.3
"2026-09-10 18:46:00-0300",30.31,27.91,20.66,28
"2026-09-10 18:47:00-0300",30.32,27.91,20.66,27.8
"2026-09-10 18:48:00-0300",30.3,27.91,20.66,28.3
"2026-09-10 18:49:00-0300",30.29,27.9,20.66,28.5
"2026-09-10 18:50:00-0300",30.28,27.9,20.66,28.5
"2026-09-10 18:51:00-0300",30.28,27.9,20.66,28.5
"2026-09-10 18:52:00-0300",30.27,27.9,20.66,28.6
"2026-09-10 18:53:00-0300",30.26,27.89,20.66,28.6
"2026-09-10 18:54:00-0300",30.25,27.89,20.6,27.5
"2026-09-10 18:55:00-0300",30.24,27.89,20.6,27.8
"2026-09-10 18:56:00-0300",30.23,27.89,20.6,28.4
"2026-09-10 18:57:00-0300",30.22,27.88,20.66,28.3
"2026-09-10 18:58:00-0300",30.23,27.89,20.6,28.3
"2026-09-10 18:59:00-0300",30.21,27.88,20.55,28.2
"2026-09-10 19:00:00-0300",30.2,27.87,20.55,27.3
"2026-09-10 19:01:00-0300",30.19,27.87,20.49,28
"2026-09-10 19:02:00-0300",30.18,27.87,20.45,28
"2026-09-10 19:03:00-0300",30.19,27.87,20.45,28
"2026-09-10 19:04:00-0300",30.16,27.86,20.45,28.1
"2026-09-10 19:05:00-0300",30.16,27.86,20.45,28
"2026-09-10 19:06:00-0300",30.15,27.86,20.45,28.1
"2026-09-10 19:07:00-0300",30.14,27.86,20.45,28
"2026-09-10 19:08:00-0300",30.15,27.86,20.45,28.1
"2026-09-10 19:09:00-0300",30.12,27.85,20.45,28.1
"2026-09-10 19:10:00-0300",30.12,27.85,20.45,28
"2026-09-10 19:11:00-0300",30.11,27.85,20.45,27
"2026-09-10 19:12:00-0300",30.1,27.84,20.45,27.5
"2026-09-10 19:13:00-0300",30.09,27.84,20.45,26.8
"2026-09-10 19:14:00-0300",30.1,27.85,20.45,26.8
"2026-09-10 19:15:00-0300",30.08,27.84,20.45,27.4
"2026-09-10 19:16:00-0300",30.08,27.84,20.45,26.8
"2026-09-10 19:17:00-0300",30.07,27.83,20.45,27.3
"2026-09-10 19:18:00-0300",30.06,27.83,20.45,27.4
"2026-09-10 19:19:00-0300",30.07,27.84,20.4,27.5
"2026-09-10 19:20:00-0300",30.05,27.83,20.4,27.6
"2026-09-10 19:21:00-0300",30.04,27.83,20.4,27.6
"2026-09-10 19:22:00-0300",30.03,27.82,20.4,26.7
"2026-09-10 19:23:00-0300",30.03,27.82,20.4,27.2
"2026-09-10 19:24:00-0300",30.04,27.83,20.4,27.1
"2026-09-10 19:25:00-0300",30.01,27.82,20.4,26.8
"2026-09-10 19:26:00-0300",30.01,27.82,20.4,27
"2026-09-10 19:27:00-0300",30,27.81,20.34,27.4
"2026-09-10 19:28:00-0300",29.99,27.81,20.34,27.3
"2026-09-10 19:29:00-0300",29.99,27.81,20.34,27.4
"2026-09-10 19:30:00-0300",29.98,27.81,20.34,27.4
"2026-09-10 19:31:00-0300",29.97,27.81,20.28,26.5
"2026-09-10 19:32:00-0300",29.97,27.8,20.28,27
"2026-09-10 19:33:00-0300",29.96,27.8,20.28,27.2
"2026-09-10 19:34:00-0300",29.95,27.8,20.28,27.3
"2026-09-10 19:35:00-0300",29.96,27.8,20.28,27.3
"2026-09-10 19:36:00-0300",29.94,27.8,20.28,27.4
"2026-09-10 19:37:00-0300",29.94,27.8,20.28,28.1
"2026-09-10 19:38:00-0300",29.93,27.79,20.28,27.3
"2026-09-10 19:39:00-0300",29.93,27.79,20.28,26.5
"2026-09-10 19:40:00-0300",29.94,27.79,20.28,27.3
"2026-09-10 19:41:00-0300",29.92,27.79,20.28,27.3
"2026-09-10 19:42:00-0300",29.91,27.79,20.28,26.4
"2026-09-10 19:43:00-0300",29.91,27.79,20.28,26.8
"2026-09-10 19:44:00-0300",29.91,27.79,20.28,27.1
"2026-09-10 19:45:00-0300",29.9,27.78,20.28,26.8
"2026-09-10 19:46:00-0300",29.9,27.78,20.28,26.8
"2026-09-10 19:47:00-0300",29.9,27.78,20.28,26.4
"2026-09-10 19:48:00-0300",29.9,27.78,20.28,26.6
"2026-09-10 19:49:00-0300",29.9,27.78,20.28,27.1
"2026-09-10 19:50:00-0300",29.91,27.79,20.28,27.2
"2026-09-10 19:51:00-0300",29.93,27.79,20.28,26.7
"2026-09-10 19:52:00-0300",29.92,27.79,20.28,27.4
"2026-09-10 19:53:00-0300",29.93,27.79,20.28,26.4
"2026-09-10 19:54:00-0300",29.93,27.79,20.34,27.4
"2026-09-10 19:55:00-0300",29.94,27.8,20.4,26.6
"2026-09-10 19:56:00-0300",29.96,27.8,20.4,28.4
"2026-09-10 19:57:00-0300",29.95,27.8,20.4,27.1
"2026-09-10 19:58:00-0300",29.95,27.8,20.45,27.4
"2026-09-10 19:59:00-0300",29.96,27.8,20.45,27.6
"2026-09-10 20:00:00-0300",29.96,27.8,20.45,27.7
"2026-09-10 20:01:00-0300",29.98,27.81,20.45,27
"2026-09-10 20:02:00-0300",29.96,27.8,20.45,27
"2026-09-10 20:03:00-0300",29.97,27.8,20.45,28
"2026-09-10 20:04:00-0300",29.96,27.8,20.45,27.1
"2026-09-10 20:05:00-0300",29.97,27.8,20.45,27.2
"2026-09-10 20:06:00-0300",29.97,27.8,20.45,27.1
"2026-09-10 20:07:00-0300",29.96,27.8,20.45,28.6
"2026-09-10 20:08:00-0300",29.96,27.8,20.45,27.5
"2026-09-10 20:09:00-0300",29.96,27.8,20.45,27.7
"2026-09-10 20:10:00-0300",29.95,27.8,20.45,27.8
"2026-09-10 20:11:00-0300",29.95,27.8,20.45,28
"2026-09-10 20:12:00-0300",29.96,27.8,20.45,28
"2026-09-10 20:13:00-0300",29.95,27.8,20.45,27.7
"2026-09-10 20:14:00-0300",29.94,27.8,20.45,27.8
"2026-09-10 20:15:00-0300",29.94,27.79,20.45,27
"2026-09-10 20:16:00-0300",29.93,27.79,20.45,27.4
"2026-09-10 20:17:00-0300",29.94,27.8,20.45,27.2
"2026-09-10 20:18:00-0300",29.93,27.79,20.45,27.5
"2026-09-10 20:19:00-0300",29.92,27.79,20.45,27.8
"2026-09-10 20:20:00-0300",29.92,27.79,20.45,27.7
"2026-09-10 20:21:00-0300",29.91,27.79,20.45,28.6
"2026-09-10 20:22:00-0300",29.92,27.79,20.45,27.2
"2026-09-10 20:23:00-0300",29.9,27.78,20.45,27.1
"2026-09-10 20:24:00-0300",29.9,27.78,20.45,27.5
"2026-09-10 20:25:00-0300",29.9,27.78,20.4,27.4
"2026-09-10 20:26:00-0300",29.89,27.78,20.4,27
"2026-09-10 20:27:00-0300",29.9,27.78,20.4,27.4
"2026-09-10 20:28:00-0300",29.88,27.78,20.4,27.6
"2026-09-10 20:29:00-0300",29.88,27.78,20.45,27.4
"2026-09-10 20:30:00-0300",29.88,27.78,20.4,27.6
"2026-09-10 20:31:00-0300",29.89,27.78,20.45,27.6
"2026-09-10 20:32:00-0300",29.89,27.78,20.45,27.7
"2026-09-10 20:33:00-0300",29.9,27.78,20.45,27.7
"2026-09-10 20:34:00-0300",29.9,27.78,20.45,28.6
"2026-09-10 20:35:00-0300",29.91,27.79,20.45,27.3
"2026-09-10 20:36:00-0300",29.92,27.79,20.45,27.4
"2026-09-10 20:37:00-0300",29.92,27.79,20.45,27.4
"2026-09-10 20:38:00-0300",29.94,27.8,20.45,27.5
"2026-09-10 20:39:00-0300",29.93,27.79,20.45,27.8
"2026-09-10 20:40:00-0300",29.93,27.79,20.45,27.8
"2026-09-10 20:41:00-0300",29.94,27.79,20.45,27.8
"2026-09-10 20:42:00-0300",29.94,27.8,20.45,28
"2026-09-10 20:43:00-0300",29.96,27.8,20.45,28.1
"2026-09-10 20:44:00-0300",29.95,27.8,20.45,28.1
"2026-09-10 20:45:00-0300",29.95,27.8,20.49,28.7
"2026-09-10 20:46:00-0300",29.96,27.8,20.55,27.5
"2026-09-10 20:47:00-0300",29.96,27.8,20.55,28.1
"2026-09-10 20:48:00-0300",29.96,27.8,20.6,28.2
"2026-09-10 20:49:00-0300",29.97,27.8,20.6,28.5
"2026-09-10 20:50:00-0300",29.98,27.81,20.66,28.6
"2026-09-10 20:51:00-0300",29.99,27.81,20.66,29.6
"2026-09-10 20:52:00-0300",30,27.81,20.66,28.8
"2026-09-10 20:53:00-0300",30.01,27.82,20.66,27.8
"2026-09-10 20:54:00-0300",30.04,27.83,20.66,28.5
"2026-09-10 20:55:00-0300",30.04,27.83,20.66,28.3
"2026-09-10 20:56:00-0300",30.05,27.83,20.71,28
"2026-09-10 20:57:00-0300",30.07,27.83,20.71,28.4
"2026-09-10 20:58:00-0300",30.08,27.84,20.75,29
"2026-09-10 20:59:00-0300",30.1,27.84,20.81,28.3
"2026-09-10 21:00:00-0300",30.11,27.85,20.81,29.2
"2026-09-10 21:01:00-0300",30.12,27.85,20.81,28.3
"2026-09-10 21:02:00-0300",30.13,27.85,20.81,28.7
"2026-09-10 21:03:00-0300",30.14,27.86,20.81,29.1
"2026-09-10 21:04:00-0300",30.15,27.86,20.81,29.4
"2026-09-10 21:05:00-0300",30.17,27.87,20.81,29.3
"2026-09-10 21:06:00-0300",30.16,27.86,20.81,29.5
"2026-09-10 21:07:00-0300",30.16,27.86,20.81,28.5
"2026-09-10 21:08:00-0300",30.16,27.86,20.81,29.1
"2026-09-10 21:09:00-0300",30.17,27.87,20.81,29.4
"2026-09-10 21:10:00-0300",30.17,27.87,20.81,29.5
"2026-09-10 21:11:00-0300",30.17,27.87,20.81,29.5
"2026-09-10 21:12:00-0300",30.17,27.87,20.81,29.4
"2026-09-10 21:13:00-0300",30.18,27.87,20.86,29.5
"2026-09-10 21:14:00-0300",30.18,27.87,20.81,29.6
"2026-09-10 21:15:00-0300",30.18,27.87,20.86,28.6
"2026-09-10 21:16:00-0300",30.2,27.88,20.92,29.1
"2026-09-10 21:17:00-0300",30.19,27.87,20.86,28.8
"2026-09-10 21:18:00-0300",30.19,27.87,20.92,29.3
"2026-09-10 21:19:00-0300",30.19,27.87,20.92,29.5
"2026-09-10 21:20:00-0300",30.19,27.87,20.92,29.1
"2026-09-10 21:21:00-0300",30.21,27.88,20.92,29.4
"2026-09-10 21:22:00-0300",30.19,27.87,20.97,28.7
"2026-09-10 21:23:00-0300",30.2,27.87,20.92,29
"2026-09-10 21:24:00-0300",30.2,27.88,20.97,29.1
"2026-09-10 21:25:00-0300",30.2,27.88,20.97,29.2
"2026-09-10 21:26:00-0300",30.22,27.88,20.97,29.4
"2026-09-10 21:27:00-0300",30.21,27.88,20.97,29.4
"2026-09-10 21:28:00-0300",30.22,27.88,20.97,29.4
"2026-09-10 21:29:00-0300",30.22,27.88,20.97,29.5
"2026-09-10 21:30:00-0300",30.23,27.88,20.97,29.8
"2026-09-10 21:31:00-0300",30.23,27.89,20.97,29.8
"2026-09-10 21:32:00-0300",30.24,27.89,20.97,29.8
"2026-09-10 21:33:00-0300",30.24,27.89,20.97,29.8
"2026-09-10 21:34:00-0300",30.25,27.89,20.97,29.5
"2026-09-10 21:35:00-0300",30.26,27.89,20.97,29.1
"2026-09-10 21:36:00-0300",30.26,27.89,20.97,30
"2026-09-10 21:37:00-0300",30.29,27.9,20.97,29.5
"2026-09-10 21:38:00-0300",30.28,27.9,20.97,29.1
"2026-09-10 21:39:00-0300",30.29,27.9,20.97,29.6
"2026-09-10 21:40:00-0300",30.31,27.91,21.01,29.8
"2026-09-10 21:41:00-0300",30.32,27.91,21.01,30.1
"2026-09-10 21:42:00-0300",30.35,27.92,21.12,30.1
"2026-09-10 21:43:00-0300",30.35,27.92,21.12,30.2
"2026-09-10 21:44:00-0300",30.36,27.92,21.18,29.3
"2026-09-10 21:45:00-0300",30.38,27.93,21.18,29.6
"2026-09-10 21:46:00-0300",30.39,27.93,21.18,31.2
"2026-09-10 21:47:00-0300",30.42,27.94,21.18,29.8
"2026-09-10 21:48:00-0300",30.42,27.94,21.18,30.3
"2026-09-10 21:49:00-0300",30.43,27.95,21.18,30.3
"2026-09-10 21:50:00-0300",30.45,27.95,21.18,30.5
"2026-09-10 21:51:00-0300",30.46,27.95,21.18,30.3
"2026-09-10 21:52:00-0300",30.47,27.96,21.18,30.2
"2026-09-10 21:53:00-0300",30.48,27.96,21.23,30.3
"2026-09-10 21:54:00-0300",30.49,27.96,21.23,30.6
"2026-09-10 21:55:00-0300",30.5,27.97,21.23,30.6
"2026-09-10 21:56:00-0300",30.51,27.97,21.29,30.7
"2026-09-10 21:57:00-0300",30.52,27.97,21.33,30.7
"2026-09-10 21:58:00-0300",30.53,27.98,21.33,30.6
"2026-09-10 21:59:00-0300",30.54,27.98,21.29,30.7
"2026-09-10 22:00:00-0300",30.55,27.98,21.29,30.5
"2026-09-10 22:01:00-0300",30.56,27.98,21.33,30.7
"2026-09-10 22:02:00-0300",30.57,27.99,21.33,30.8
"2026-09-10 22:03:00-0300",30.6,28,21.33,30.8
"2026-09-10 22:04:00-0300",30.59,27.99,21.33,30.7
"2026-09-10 22:05:00-0300",30.6,28,21.33,30.8
"2026-09-10 22:06:00-0300",30.61,28,21.33,31
"2026-09-10 22:07:00-0300",30.62,28,21.33,30.8
"2026-09-10 22:08:00-0300",30.65,28.01,21.33,30
"2026-09-10 22:09:00-0300",30.64,28.01,21.33,30
"2026-09-10 22:10:00-0300",30.65,28.01,21.33,30.3
"2026-09-10 22:11:00-0300",30.67,28.02,21.33,30.8
"2026-09-10 22:12:00-0300",30.68,28.02,21.38,30.7
"2026-09-10 22:13:00-0300",30.7,28.03,21.44,31
"2026-09-10 22:14:00-0300",30.71,28.03,21.49,30.3
"2026-09-10 22:15:00-0300",30.73,28.04,21.49,31.3
"2026-09-10 22:16:00-0300",30.74,28.04,21.49,32.5
"2026-09-10 22:17:00-0300",30.75,28.04,21.49,30.8
"2026-09-10 22:18:00-0300",30.77,28.05,21.49,31.5
"2026-09-10 22:19:00-0300",30.81,28.06,21.49,31.3
"2026-09-10 22:20:00-0300",30.8,28.06,21.49,31.7
"2026-09-10 22:21:00-0300",30.82,28.06,21.49,31.8
"2026-09-10 22:22:00-0300",30.83,28.07,21.49,31
"2026-09-10 22:23:00-0300",30.85,28.07,21.55,31.2
"2026-09-10 22:24:00-0300",30.88,28.08,21.6,31.8
"2026-09-10 22:25:00-0300",30.87,28.08,21.6,31.8
"2026-09-10 22:26:00-0300",30.88,28.08,21.66,32.1
"2026-09-10 22:27:00-0300",30.89,28.09,21.66,32.2
"2026-09-10 22:28:00-0300",30.9,28.09,21.66,31.3
"2026-09-10 22:29:00-0300",30.94,28.1,21.66,32.3
"2026-09-10 22:30:00-0300",30.92,28.09,21.66,32.2
"2026-09-10 22:31:00-0300",30.93,28.1,21.69,32.2
"2026-09-10 22:32:00-0300",30.94,28.1,21.69,32.3
"2026-09-10 22:33:00-0300",30.95,28.1,21.69,32.5
"2026-09-10 22:34:00-0300",30.95,28.1,21.69,33.3
"2026-09-10 22:35:00-0300",30.96,28.11,21.69,31.7
"2026-09-10 22:36:00-0300",30.97,28.11,21.69,32.1
"2026-09-10 22:37:00-0300",30.97,28.11,21.69,32.6
"2026-09-10 22:38:00-0300",30.98,28.11,21.69,33
"2026-09-10 22:39:00-0300",30.99,28.11,21.69,32.8
"2026-09-10 22:40:00-0300",30.99,28.12,21.69,32.8
"2026-09-10 22:41:00-0300",30.99,28.12,21.69,31.8
"2026-09-10 22:42:00-0300",31,28.12,21.69,32.6
"2026-09-10 22:43:00-0300",31.01,28.12,21.69,32.5
"2026-09-10 22:44:00-0300",31.01,28.12,21.69,33
"2026-09-10 22:45:00-0300",31.02,28.12,21.69,33.1
"2026-09-10 22:46:00-0300",31.02,28.13,21.69,32.8
"2026-09-10 22:47:00-0300",31.03,28.13,21.69,32.3
"2026-09-10 22:48:00-0300",31.04,28.13,21.69,32.7
"2026-09-10 22:49:00-0300",31.05,28.13,21.69,33.1
"2026-09-10 22:50:00-0300",31.09,28.14,21.69,33
"2026-09-10 22:51:00-0300",31.08,28.14,21.69,33
"2026-09-10 22:52:00-0300",31.09,28.15,21.69,33.1
"2026-09-10 22:53:00-0300",31.11,28.15,21.75,33.1
"2026-09-10 22:54:00-0300",31.13,28.16,21.75,32.1
"2026-09-10 22:55:00-0300",31.18,28.17,21.8,32.2
"2026-09-10 22:56:00-0300",31.19,28.17,21.86,33.5
"2026-09-10 22:57:00-0300",31.22,28.18,21.86,33.5
"2026-09-10 22:58:00-0300",31.25,28.19,21.86,33.6
"2026-09-10 22:59:00-0300",31.29,28.21,21.86,32.8
"2026-09-10 23:00:00-0300",31.34,28.22,21.86,33
"2026-09-10 23:01:00-0300",31.35,28.22,21.86,33.6
"2026-09-10 23:02:00-0300",31.38,28.23,21.91,33.3
"2026-09-10 23:03:00-0300",31.41,28.24,21.96,34.1
"2026-09-10 23:04:00-0300",31.44,28.25,21.96,34.8
"2026-09-10 23:05:00-0300",31.49,28.27,22.02,35.8
"2026-09-10 23:06:00-0300",31.49,28.27,22.02,36.1
"2026-09-10 23:07:00-0300",31.51,28.27,22.07,36.4
"2026-09-10 23:08:00-0300",31.52,28.28,22.07,36.7
"2026-09-10 23:09:00-0300",31.53,28.28,22.07,36.7
"2026-09-10 23:10:00-0300",31.54,28.28,22.07,37.3
"2026-09-10 23:11:00-0300",31.54,28.28,22.07,35.8
"2026-09-10 23:12:00-0300",31.54,28.28,22.07,36.7
"2026-09-10 23:13:00-0300",31.54,28.28,22.07,37.3
"2026-09-10 23:14:00-0300",31.54,28.28,22.02,37.3
"2026-09-10 23:15:00-0300",31.53,28.28,22.02,34.8
"2026-09-10 23:16:00-0300",31.54,28.28,21.96,34.8
"2026-09-10 23:17:00-0300",31.5,28.27,21.91,35
"2026-09-10 23:18:00-0300",31.49,28.27,21.91,35.8
"2026-09-10 23:19:00-0300",31.48,28.26,21.86,34.7
"2026-09-10 23:20:00-0300",31.46,28.26,21.86,35.5
"2026-09-10 23:21:00-0300",31.47,28.26,21.86,34.6
"2026-09-10 23:22:00-0300",31.44,28.25,21.86,34.5
"2026-09-10 23:23:00-0300",31.42,28.25,21.86,34.7
"2026-09-10 23:24:00-0300",31.41,28.24,21.8,34.7
"2026-09-10 23:25:00-0300",31.39,28.24,21.8,34.6
"2026-09-10 23:26:00-0300",31.4,28.24,21.75,34.5
"2026-09-10 23:27:00-0300",31.36,28.23,21.69,34.2
"2026-09-10 23:28:00-0300",31.35,28.22,21.69,33.8
"2026-09-10 23:29:00-0300",31.33,28.22,21.69,34
"2026-09-10 23:30:00-0300",31.32,28.21,21.69,34
"2026-09-10 23:31:00-0300",31.3,28.21,21.69,32.8
"2026-09-10 23:32:00-0300",31.29,28.2,21.69,32.8
"2026-09-10 23:33:00-0300",31.27,28.2,21.66,33.8
"2026-09-10 23:34:00-0300",31.26,28.2,21.66,34.5
"2026-09-10 23:35:00-0300",31.24,28.19,21.55,32.5
"2026-09-10 23:36:00-0300",31.22,28.19,21.49,32.3
"2026-09-10 23:37:00-0300",31.23,28.19,21.49,32.2
"2026-09-10 23:38:00-0300",31.2,28.18,21.49,32.3
"2026-09-10 23:39:00-0300",31.19,28.18,21.49,32
"2026-09-10 23:40:00-0300",31.18,28.17,21.49,32.2
"2026-09-10 23:41:00-0300",31.17,28.17,21.49,31.7
"2026-09-10 23:42:00-0300",31.18,28.17,21.49,32.3
"2026-09-10 23:43:00-0300",31.14,28.16,21.49,31.8
"2026-09-10 23:44:00-0300",31.13,28.16,21.49,32.3
"2026-09-10 23:45:00-0300",31.12,28.15,21.44,32.3
"2026-09-10 23:46:00-0300",31.11,28.15,21.44,32.3
"2026-09-10 23:47:00-0300",31.09,28.15,21.38,31.2
"2026-09-10 23:48:00-0300",31.08,28.14,21.33,31.2
"2026-09-10 23:49:00-0300",31.06,28.14,21.33,31.7
"2026-09-10 23:50:00-0300",31.05,28.13,21.33,32
"2026-09-10 23:51:00-0300",31.04,28.13,21.33,32.1
"2026-09-10 23:52:00-0300",31.03,28.13,21.33,32.1
"2026-09-10 23:53:00-0300",31.05,28.13,21.33,32.1
"2026-09-10 23:54:00-0300",31.03,28.13,21.33,32.8
"2026-09-10 23:55:00-0300",31.03,28.13,21.33,31.2
"2026-09-10 23:56:00-0300",31.03,28.13,21.33,31.7
"2026-09-10 23:57:00-0300",31.03,28.13,21.33,31.3
"2026-09-10 23:58:00-0300",31.06,28.14,21.33,31.7
"2026-09-10 23:59:00-0300",31.03,28.13,21.33,30.8
"2026-09-11 00:00:00-0300",31.03,28.13,21.33,31
"2026-09-11 00:01:00-0300",31.04,28.13,21.33,31.7
"2026-09-11 00:02:00-0300",31.03,28.13,21.33,31.7
"2026-09-11 00:03:00-0300",31.03,28.13,21.33,32
"2026-09-11 00:04:00-0300",31,28.12,21.33,31.8
"2026-09-11 00:05:00-0300",30.99,28.12,21.33,30.6
"2026-09-11 00:06:00-0300",30.98,28.11,21.33,31.1
"2026-09-11 00:07:00-0300",30.97,28.11,21.33,31.5
"2026-09-11 00:08:00-0300",30.96,28.11,21.33,31.1
"2026-09-11 00:09:00-0300",30.95,28.1,21.33,31.1
"2026-09-11 00:10:00-0300",30.93,28.1,21.33,31.1
"2026-09-11 00:11:00-0300",30.92,28.09,21.33,31.2
"2026-09-11 00:12:00-0300",30.91,28.09,21.33,31
"2026-09-11 00:13:00-0300",30.9,28.09,21.29,31
"2026-09-11 00:14:00-0300",30.91,28.09,21.29,30.3
"2026-09-11 00:15:00-0300",30.87,28.08,21.23,30
"2026-09-11 00:16:00-0300",30.86,28.08,21.23,30.1
"2026-09-11 00:17:00-0300",30.85,28.07,21.18,30.5
"2026-09-11 00:18:00-0300",30.83,28.07,21.18,30.8
"2026-09-11 00:19:00-0300",30.84,28.07,21.18,30.8
"2026-09-11 00:20:00-0300",30.81,28.06,21.18,30.8
"2026-09-11 00:21:00-0300",30.8,28.06,21.18,29.8
"2026-09-11 00:22:00-0300",30.81,28.06,21.18,30.5
"2026-09-11 00:23:00-0300",30.81,28.06,21.18,30.1
"2026-09-11 00:24:00-0300",30.84,28.07,21.18,30.6
"2026-09-11 00:25:00-0300",30.83,28.07,21.18,31.2
"2026-09-11 00:26:00-0300",30.84,28.07,21.18,31.5
"2026-09-11 00:27:00-0300",30.85,28.07,21.23,32
"2026-09-11 00:28:00-0300",30.86,28.08,21.23,32.2
"2026-09-11 00:29:00-0300",30.91,28.09,21.33,32.6
"2026-09-11 00:30:00-0300",30.93,28.1,21.33,38.8
"2026-09-11 00:31:00-0300",30.98,28.11,21.33,46.6
"2026-09-11 00:32:00-0300",31.04,28.13,21.38,49.5
"2026-09-11 00:33:00-0300",31.09,28.15,21.49,52.5
"2026-09-11 00:34:00-0300",31.14,28.16,21.49,53.2
"2026-09-11 00:35:00-0300",31.19,28.18,21.49,54.2
"2026-09-11 00:36:00-0300",31.24,28.19,21.69,54
"2026-09-11 00:37:00-0300",31.3,28.21,21.69,52
"2026-09-11 00:38:00-0300",31.36,28.23,21.69,49
"2026-09-11 00:39:00-0300",31.42,28.24,21.8,49.6
"2026-09-11 00:40:00-0300",31.46,28.26,21.86,49.6
"2026-09-11 00:41:00-0300",31.51,28.27,21.86,50.5
"2026-09-11 00:42:00-0300",31.56,28.29,21.91,48.5
"2026-09-11 00:43:00-0300",31.59,28.3,22.02,48
"2026-09-11 00:44:00-0300",31.63,28.31,22.07,49.3
"2026-09-11 00:45:00-0300",31.68,28.32,22.07,49.3
"2026-09-11 00:46:00-0300",31.71,28.33,22.07,47.8
"2026-09-11 00:47:00-0300",31.75,28.35,22.18,47.6
"2026-09-11 00:48:00-0300",31.8,28.36,22.22,48.5
"2026-09-11 00:49:00-0300",31.85,28.37,22.22,48.5
"2026-09-11 00:50:00-0300",31.92,28.39,22.22,48.1
"2026-09-11 00:51:00-0300",31.95,28.4,22.33,48.3
"2026-09-11 00:52:00-0300",32,28.42,22.33,47
"2026-09-11 00:53:00-0300",32.04,28.43,22.38,47.6
"2026-09-11 00:54:00-0300",32.08,28.44,22.38,48.1
"2026-09-11 00:55:00-0300",32.14,28.46,22.38,47.1
"2026-09-11 00:56:00-0300",32.16,28.47,22.43,48.1
"2026-09-11 00:57:00-0300",32.18,28.47,22.49,48.1
"2026-09-11 00:58:00-0300",32.2,28.48,22.49,48.6
"2026-09-11 00:59:00-0300",32.21,28.48,22.49,48.6
"2026-09-11 01:00:00-0300",32.24,28.49,22.54,48.3
"2026-09-11 01:01:00-0300",32.22,28.48,22.54,48.5
"2026-09-11 01:02:00-0300",32.24,28.49,22.54,48
"2026-09-11 01:03:00-0300",32.26,28.5,22.54,48.3
"2026-09-11 01:04:00-0300",32.29,28.51,22.59,48.3
"2026-09-11 01:05:00-0300",32.36,28.53,22.59,48
"2026-09-11 01:06:00-0300",32.39,28.54,22.59,46.6
"2026-09-11 01:07:00-0300",32.46,28.55,22.75,48.3
"2026-09-11 01:08:00-0300",32.52,28.57,22.75,47.1
"2026-09-11 01:09:00-0300",32.59,28.59,22.75,47
"2026-09-11 01:10:00-0300",32.68,28.62,22.86,48.3
"2026-09-11 01:11:00-0300",32.71,28.63,22.91,49.1
"2026-09-11 01:12:00-0300",32.76,28.65,22.91,47.5
"2026-09-11 01:13:00-0300",32.81,28.66,22.91,47.5
"2026-09-11 01:14:00-0300",32.85,28.67,22.91,48
"2026-09-11 01:15:00-0300",32.9,28.69,22.91,48.1
"2026-09-11 01:16:00-0300",32.91,28.69,22.91,48.1
"2026-09-11 01:17:00-0300",32.92,28.69,22.91,46.6
"2026-09-11 01:18:00-0300",32.95,28.7,22.91,47.3
"2026-09-11 01:19:00-0300",32.96,28.7,22.91,46.8
"2026-09-11 01:20:00-0300",33.01,28.72,22.97,47.1
"2026-09-11 01:21:00-0300",33,28.72,22.97,47.6
"2026-09-11 01:22:00-0300",33.02,28.72,23.07,48.1
"2026-09-11 01:23:00-0300",33.04,28.73,23.07,47.3
"2026-09-11 01:24:00-0300",33.06,28.73,23.07,48.3
"2026-09-11 01:25:00-0300",33.1,28.75,23.07,48.1
"2026-09-11 01:26:00-0300",33.08,28.74,23.07,48.6
"2026-09-11 01:27:00-0300",33.09,28.74,23.07,48.6
"2026-09-11 01:28:00-0300",33.09,28.74,23.07,47.1
"2026-09-11 01:29:00-0300",33.09,28.74,23.07,48.1
"2026-09-11 01:30:00-0300",33.12,28.75,23.07,47.8
"2026-09-11 01:31:00-0300",33.09,28.74,23.07,48.3
"2026-09-11 01:32:00-0300",33.09,28.74,23.07,48.5
"2026-09-11 01:33:00-0300",33.08,28.74,23.02,48.6
"2026-09-11 01:34:00-0300",33.07,28.74,23.07,48.6
"2026-09-11 01:35:00-0300",33.08,28.74,22.97,48.5
"2026-09-11 01:36:00-0300",33.03,28.73,22.91,48.5
"2026-09-11 01:37:00-0300",33.01,28.72,22.91,48.5
"2026-09-11 01:38:00-0300",32.99,28.71,22.91,48.5
"2026-09-11 01:39:00-0300",32.97,28.71,22.91,49.5
"2026-09-11 01:40:00-0300",33,28.71,22.91,46.8
"2026-09-11 01:41:00-0300",32.97,28.71,22.91,46.8
"2026-09-11 01:42:00-0300",32.98,28.71,22.91,46.8
"2026-09-11 01:43:00-0300",32.99,28.71,22.91,47.5
"2026-09-11 01:44:00-0300",33,28.71,22.91,48
"2026-09-11 01:45:00-0300",33.03,28.72,22.91,47.8
"2026-09-11 01:46:00-0300",33.01,28.72,22.91,48.3
"2026-09-11 01:47:00-0300",33.02,28.72,22.97,47.5
"2026-09-11 01:48:00-0300",33.02,28.72,22.97,47.5
"2026-09-11 01:49:00-0300",33.03,28.73,22.97,47.8
"2026-09-11 01:50:00-0300",33.07,28.74,23.02,49
"2026-09-11 01:51:00-0300",33.05,28.73,23.02,48
"2026-09-11 01:52:00-0300",33.06,28.73,23.02,48.3
"2026-09-11 01:53:00-0300",33.06,28.73,23.07,50
"2026-09-11 01:54:00-0300",33.06,28.73,23.02,48.5
"2026-09-11 01:55:00-0300",33.09,28.74,23.02,47.3
"2026-09-11 01:56:00-0300",33.07,28.74,23.02,47.1
"2026-09-11 01:57:00-0300",33.06,28.73,22.97,48.6
"2026-09-11 01:58:00-0300",33.06,28.73,23.02,48.6
"2026-09-11 01:59:00-0300",33.04,28.73,22.97,48.6
"2026-09-11 02:00:00-0300",33.06,28.73,22.91,48.5
"2026-09-11 02:01:00-0300",33.01,28.72,22.91,48.6
"2026-09-11 02:02:00-0300",32.98,28.71,22.91,48.3
"2026-09-11 02:03:00-0300",32.95,28.7,22.91,48.3
"2026-09-11 02:04:00-0300",32.92,28.69,22.91,48.1
"2026-09-11 02:05:00-0300",32.93,28.69,22.91,46.3
"2026-09-11 02:06:00-0300",32.87,28.68,22.81,46.3
"2026-09-11 02:07:00-0300",32.83,28.67,22.75,47.3
"2026-09-11 02:08:00-0300",32.79,28.65,22.75,45.6
"2026-09-11 02:09:00-0300",32.76,28.64,22.75,45.6
"2026-09-11 02:10:00-0300",32.73,28.64,22.7,45.1
"2026-09-11 02:11:00-0300",32.7,28.63,22.65,47.5
"2026-09-11 02:12:00-0300",32.68,28.62,22.65,44.6
"2026-09-11 02:13:00-0300",32.66,28.61,22.59,45.5
"2026-09-11 02:14:00-0300",32.64,28.61,22.59,45.5
"2026-09-11 02:15:00-0300",32.62,28.6,22.59,45.3
"2026-09-11 02:16:00-0300",32.6,28.6,22.59,44.6
"2026-09-11 02:17:00-0300",32.58,28.59,22.59,44.5
"2026-09-11 02:18:00-0300",32.57,28.59,22.59,44.5
"2026-09-11 02:19:00-0300",32.55,28.58,22.59,45.5
"2026-09-11 02:20:00-0300",32.54,28.58,22.59,43
"2026-09-11 02:21:00-0300",32.54,28.58,22.59,42.8
"2026-09-11 02:22:00-0300",32.52,28.57,22.59,43.3
"2026-09-11 02:23:00-0300",32.52,28.57,22.59,43.3
"2026-09-11 02:24:00-0300",32.52,28.57,22.59,43.6
"2026-09-11 02:25:00-0300",32.52,28.57,22.59,42.1
"2026-09-11 02:26:00-0300",32.53,28.58,22.59,42
"2026-09-11 02:27:00-0300",32.53,28.58,22.59,42.3
"2026-09-11 02:28:00-0300",32.53,28.58,22.59,43.1
"2026-09-11 02:29:00-0300",32.53,28.58,22.59,43.3
"2026-09-11 02:30:00-0300",32.51,28.57,22.59,43
"2026-09-11 02:31:00-0300",32.53,28.58,22.59,41.6
"2026-09-11 02:32:00-0300",32.49,28.56,22.59,42.1
"2026-09-11 02:33:00-0300",32.47,28.56,22.59,42.5
"2026-09-11 02:34:00-0300",32.45,28.55,22.54,42.3
"2026-09-11 02:35:00-0300",32.43,28.55,22.49,42.1
"2026-09-11 02:36:00-0300",32.41,28.54,22.43,41.8
"2026-09-11 02:37:00-0300",32.39,28.53,22.38,41.5
"2026-09-11 02:38:00-0300",32.36,28.53,22.38,41.3
"2026-09-11 02:39:00-0300",32.34,28.52,22.38,38.8
"2026-09-11 02:40:00-0300",32.31,28.51,22.38,38.5
"2026-09-11 02:41:00-0300",32.28,28.5,22.33,37.9
"2026-09-11 02:42:00-0300",32.25,28.49,22.33,37.6
"2026-09-11 02:43:00-0300",32.22,28.49,22.27,38.2
"2026-09-11 02:44:00-0300",32.19,28.48,22.22,36.4
"2026-09-11 02:45:00-0300",32.16,28.47,22.22,36.7
"2026-09-11 02:46:00-0300",32.13,28.46,22.22,37.3
"2026-09-11 02:47:00-0300",32.1,28.45,22.18,37
"2026-09-11 02:48:00-0300",32.08,28.44,22.13,37
"2026-09-11 02:49:00-0300",32.05,28.43,22.07,37
"2026-09-11 02:50:00-0300",32.02,28.42,22.07,34.5
"2026-09-11 02:51:00-0300",31.99,28.42,22.07,34.3
"2026-09-11 02:52:00-0300",31.96,28.41,22.07,34.6
"2026-09-11 02:53:00-0300",31.93,28.4,22.07,34.8
"2026-09-11 02:54:00-0300",31.9,28.39,21.96,35.5
"2026-09-11 02:55:00-0300",31.87,28.38,21.86,35
"2026-09-11 02:56:00-0300",31.85,28.37,21.86,34.7
"2026-09-11 02:57:00-0300",31.82,28.36,21.86,33.6
"2026-09-11 02:58:00-0300",31.79,28.36,21.86,34
"2026-09-11 02:59:00-0300",31.77,28.35,21.8,35.8
"2026-09-11 03:00:00-0300",31.76,28.35,21.8,33.7
"2026-09-11 03:01:00-0300",31.71,28.33,21.75,33.7
"2026-09-11 03:02:00-0300",31.69,28.33,21.69,33.8
"2026-09-11 03:03:00-0300",31.66,28.32,21.69,34
"2026-09-11 03:04:00-0300",31.64,28.31,21.69,33.5
"2026-09-11 03:05:00-0300",31.61,28.3,21.69,33.2
"2026-09-11 03:06:00-0300",31.59,28.3,21.69,33.1
"2026-09-11 03:07:00-0300",31.57,28.29,21.69,32.8
"2026-09-11 03:08:00-0300",31.55,28.29,21.69,33.2
"2026-09-11 03:09:00-0300",31.54,28.28,21.66,33
"2026-09-11 03:10:00-0300",31.52,28.28,21.6,32.8
"2026-09-11 03:11:00-0300",31.5,28.27,21.6,33.2
"2026-09-11 03:12:00-0300",31.49,28.26,21.6,33.1
"2026-09-11 03:13:00-0300",31.47,28.26,21.55,33.7
"2026-09-11 03:14:00-0300",31.45,28.25,21.55,32.5
"2026-09-11 03:15:00-0300",31.43,28.25,21.49,32.5
"2026-09-11 03:16:00-0300",31.42,28.24,21.49,32.5
"2026-09-11 03:17:00-0300",31.4,28.24,21.49,32.3
"2026-09-11 03:18:00-0300",31.38,28.23,21.49,32.7
"2026-09-11 03:19:00-0300",31.36,28.23,21.49,31.6
"2026-09-11 03:20:00-0300",31.34,28.22,21.49,31.8
"2026-09-11 03:21:00-0300",31.32,28.22,21.49,32.6
"2026-09-11 03:22:00-0300",31.3,28.21,21.49,32.5
"2026-09-11 03:23:00-0300",31.29,28.2,21.44,32.3
"2026-09-11 03:24:00-0300",31.27,28.2,21.38,32.3
"2026-09-11 03:25:00-0300",31.27,28.2,21.38,32.2
"2026-09-11 03:26:00-0300",31.23,28.19,21.33,32.1
"2026-09-11 03:27:00-0300",31.21,28.18,21.33,31.1
"2026-09-11 03:28:00-0300",31.19,28.18,21.33,31.6
"2026-09-11 03:29:00-0300",31.17,28.17,21.33,31.8
"2026-09-11 03:30:00-0300",31.18,28.17,21.33,31.5
"2026-09-11 03:31:00-0300",31.14,28.16,21.33,31.5
"2026-09-11 03:32:00-0300",31.12,28.16,21.29,31.6
"2026-09-11 03:33:00-0300",31.1,28.15,21.29,31.7
"2026-09-11 03:34:00-0300",31.09,28.14,21.23,31.6
"2026-09-11 03:35:00-0300",31.09,28.15,21.23,31.6
"2026-09-11 03:36:00-0300",31.05,28.13,21.18,31.7
"2026-09-11 03:37:00-0300",31.04,28.13,21.18,31.5
"2026-09-11 03:38:00-0300",31.02,28.12,21.18,32.2
"2026-09-11 03:39:00-0300",31,28.12,21.18,31.2
"2026-09-11 03:40:00-0300",31.01,28.12,21.18,31.1
"2026-09-11 03:41:00-0300",30.97,28.11,21.18,30.6
"2026-09-11 03:42:00-0300",30.95,28.1,21.12,30.8
"2026-09-11 03:43:00-0300",30.94,28.1,21.12,30.8
"2026-09-11 03:44:00-0300",30.92,28.09,21.12,31.1
"2026-09-11 03:45:00-0300",30.93,28.1,21.01,30.8
"2026-09-11 03:46:00-0300",30.89,28.08,20.97,29.7
"2026-09-11 03:47:00-0300",30.88,28.08,21.01,30.2
"2026-09-11 03:48:00-0300",30.86,28.07,20.97,29.6
"2026-09-11 03:49:00-0300",30.84,28.07,20.97,30.6
"2026-09-11 03:50:00-0300",30.85,28.07,20.97,30.3
"2026-09-11 03:51:00-0300",30.81,28.06,20.97,29.8
"2026-09-11 03:52:00-0300",30.8,28.06,20.97,30.5
"2026-09-11 03:53:00-0300",30.78,28.05,20.97,29.4
"2026-09-11 03:54:00-0300",30.77,28.05,20.97,30
"2026-09-11 03:55:00-0300",30.77,28.05,20.97,29.6
"2026-09-11 03:56:00-0300",30.74,28.04,20.97,29.3
"2026-09-11 03:57:00-0300",30.72,28.03,20.97,30.2
"2026-09-11 03:58:00-0300",30.71,28.03,20.92,30.1
"2026-09-11 03:59:00-0300",30.69,28.03,20.92,29.2
"2026-09-11 04:00:00-0300",30.7,28.03,20.86,29.2
"2026-09-11 04:01:00-0300",30.67,28.02,20.81,29.6
"2026-09-11 04:02:00-0300",30.65,28.01,20.81,29.3
"2026-09-11 04:03:00-0300",30.64,28.01,20.81,29.6
"2026-09-11 04:04:00-0300",30.63,28.01,20.81,29.5
"2026-09-11 04:05:00-0300",30.64,28.01,20.81,29.7
"2026-09-11 04:06:00-0300",30.6,28,20.81,29.7
"2026-09-11 04:07:00-0300",30.59,27.99,20.81,29.7
"2026-09-11 04:08:00-0300",30.58,27.99,20.81,28.7
"2026-09-11 04:09:00-0300",30.56,27.99,20.81,29.7
"2026-09-11 04:10:00-0300",30.57,27.99,20.81,29.7
"2026-09-11 04:11:00-0300",30.54,27.98,20.75,28.7
"2026-09-11 04:12:00-0300",30.53,27.97,20.71,29
"2026-09-11 04:13:00-0300",30.51,27.97,20.71,29.2
"2026-09-11 04:14:00-0300",30.5,27.97,20.71,29.4
"2026-09-11 04:15:00-0300",30.51,27.97,20.66,29.5
"2026-09-11 04:16:00-0300",30.48,27.96,20.66,29.4
"2026-09-11 04:17:00-0300",30.47,27.96,20.66,29.4
"2026-09-11 04:18:00-0300",30.45,27.95,20.66,29.4
"2026-09-11 04:19:00-0300",30.44,27.95,20.66,29.3
"2026-09-11 04:20:00-0300",30.43,27.94,20.66,29.3
"2026-09-11 04:21:00-0300",30.42,27.94,20.66,29.3
"2026-09-11 04:22:00-0300",30.41,27.94,20.66,28.4
"2026-09-11 04:23:00-0300",30.39,27.93,20.66,28.6
"2026-09-11 04:24:00-0300",30.4,27.94,20.66,29
"2026-09-11 04:25:00-0300",30.37,27.93,20.6,28.8
"2026-09-11 04:26:00-0300",30.36,27.92,20.6,28.5
"2026-09-11 04:27:00-0300",30.35,27.92,20.6,28.8
"2026-09-11 04:28:00-0300",30.34,27.92,20.55,28.8
"2026-09-11 04:29:00-0300",30.35,27.92,20.55,29.1
"2026-09-11 04:30:00-0300",30.32,27.91,20.49,28.7
"2026-09-11 04:31:00-0300",30.31,27.91,20.45,28.4
"2026-09-11 04:32:00-0300",30.3,27.9,20.45,28.5
"2026-09-11 04:33:00-0300",30.29,27.9,20.45,28.8
"2026-09-11 04:34:00-0300",30.29,27.9,20.45,28.3
"2026-09-11 04:35:00-0300",30.26,27.89,20.45,28.5
"2026-09-11 04:36:00-0300",30.26,27.89,20.45,28.5
"2026-09-11 04:37:00-0300",30.24,27.89,20.45,28.6
"2026-09-11 04:38:00-0300",30.23,27.89,20.45,28.7
"2026-09-11 04:39:00-0300",30.24,27.89,20.45,28.2
"2026-09-11 04:40:00-0300",30.21,27.88,20.45,27.8
"2026-09-11 04:41:00-0300",30.2,27.88,20.45,28.7
"2026-09-11 04:42:00-0300",30.19,27.87,20.45,27.6
"2026-09-11 04:43:00-0300",30.18,27.87,20.45,28.1
"2026-09-11 04:44:00-0300",30.17,27.87,20.4,27.8
"2026-09-11 04:45:00-0300",30.16,27.86,20.4,28.3
"2026-09-11 04:46:00-0300",30.16,27.86,20.4,28.5
"2026-09-11 04:47:00-0300",30.15,27.86,20.4,28.3
"2026-09-11 04:48:00-0300",30.14,27.86,20.34,28.5
"2026-09-11 04:49:00-0300",30.13,27.85,20.4,28.3
"2026-09-11 04:50:00-0300",30.12,27.85,20.34,28.1
"2026-09-11 04:51:00-0300",30.11,27.85,20.28,28.4
"2026-09-11 04:52:00-0300",30.1,27.84,20.28,28.4
"2026-09-11 04:53:00-0300",30.09,27.84,20.28,27.3
"2026-09-11 04:54:00-0300",30.08,27.84,20.28,27.4
"2026-09-11 04:55:00-0300",30.07,27.84,20.28,27.8
"2026-09-11 04:56:00-0300",30.07,27.83,20.28,28
"2026-09-11 04:57:00-0300",30.06,27.83,20.28,27.8
"2026-09-11 04:58:00-0300",30.05,27.83,20.28,28
"2026-09-11 04:59:00-0300",30.04,27.83,20.28,27.8
"2026-09-11 05:00:00-0300",30.03,27.82,20.28,28.1
"2026-09-11 05:01:00-0300",30.02,27.82,20.28,28.1
"2026-09-11 05:02:00-0300",30.05,27.83,20.28,28.1
"2026-09-11 05:03:00-0300",30.07,27.84,20.28,28
"2026-09-11 05:04:00-0300",30.11,27.85,20.28,28.1
"2026-09-11 05:05:00-0300",30.11,27.85,20.24,28
"2026-09-11 05:06:00-0300",30.07,27.84,20.28,27.8
"2026-09-11 05:07:00-0300",30.05,27.83,20.24,27.1
"2026-09-11 05:08:00-0300",30.04,27.83,20.24,28
"2026-09-11 05:09:00-0300",29.98,27.81,20.24,28
"2026-09-11 05:10:00-0300",29.94,27.8,20.24,27
"2026-09-11 05:11:00-0300",29.92,27.79,20.19,27.6
"2026-09-11 05:12:00-0300",29.92,27.79,20.24,27.2
"2026-09-11 05:13:00-0300",29.96,27.8,20.24,29.4
"2026-09-11 05:14:00-0300",29.99,27.81,20.28,40.3
"2026-09-11 05:15:00-0300",30.04,27.83,20.28,54.2
"2026-09-11 05:16:00-0300",30.1,27.84,20.28,57.2
"2026-09-11 05:17:00-0300",30.15,27.86,20.4,58.7
"2026-09-11 05:18:00-0300",30.22,27.88,20.45,59.2
"2026-09-11 05:19:00-0300",30.27,27.9,20.45,61.2
"2026-09-11 05:20:00-0300",30.32,27.91,20.45,59.2
"2026-09-11 05:21:00-0300",30.36,27.92,20.6,59.2
"2026-09-11 05:22:00-0300",30.4,27.94,20.66,57.7
"2026-09-11 05:23:00-0300",30.43,27.95,20.66,57.5
"2026-09-11 05:24:00-0300",30.46,27.96,20.66,56.5
"2026-09-11 05:25:00-0300",30.5,27.97,20.66,57.2
"2026-09-11 05:26:00-0300",30.53,27.98,20.71,56.7
"2026-09-11 05:27:00-0300",30.57,27.99,20.71,54.2
"2026-09-11 05:28:00-0300",30.56,27.99,20.75,54
"2026-09-11 05:29:00-0300",30.55,27.98,20.81,50.7
"2026-09-11 05:30:00-0300",30.55,27.98,20.81,49.5
"2026-09-11 05:31:00-0300",30.56,27.98,20.81,49.3
"2026-09-11 05:32:00-0300",30.56,27.98,20.81,48.8
"2026-09-11 05:33:00-0300",30.56,27.99,20.81,48.1
"2026-09-11 05:34:00-0300",30.56,27.99,20.81,47
"2026-09-11 05:35:00-0300",30.56,27.98,20.81,45.8
"2026-09-11 05:36:00-0300",30.56,27.98,20.81,45.6
"2026-09-11 05:37:00-0300",30.55,27.98,20.81,45.3
"2026-09-11 05:38:00-0300",30.55,27.98,20.81,44.6
"2026-09-11 05:39:00-0300",30.55,27.98,20.81,44.3
"2026-09-11 05:40:00-0300",30.54,27.98,20.81,42.3
"2026-09-11 05:41:00-0300",30.53,27.98,20.81,42.5
"2026-09-11 05:42:00-0300",30.52,27.97,20.75,42.8
"2026-09-11 05:43:00-0300",30.52,27.97,20.75,42.3
"2026-09-11 05:44:00-0300",30.51,27.97,20.75,42.3
"2026-09-11 05:45:00-0300",30.5,27.97,20.81,41.8
"2026-09-11 05:46:00-0300",30.49,27.96,20.75,42.6
"2026-09-11 05:47:00-0300",30.48,27.96,20.75,41.3
"2026-09-11 05:48:00-0300",30.47,27.96,20.75,41
"2026-09-11 05:49:00-0300",30.46,27.96,20.71,42
"2026-09-11 05:50:00-0300",30.46,27.95,20.71,38.8
"2026-09-11 05:51:00-0300",30.45,27.95,20.71,40
"2026-09-11 05:52:00-0300",30.44,27.95,20.66,40
"2026-09-11 05:53:00-0300",30.43,27.94,20.66,36.7
"2026-09-11 05:54:00-0300",30.42,27.94,20.66,38.5
"2026-09-11 05:55:00-0300",30.41,27.94,20.66,38.8
"2026-09-11 05:56:00-0300",30.4,27.94,20.66,37.9
"2026-09-11 05:57:00-0300",30.39,27.93,20.66,35.5
"2026-09-11 05:58:00-0300",30.38,27.93,20.66,37
"2026-09-11 05:59:00-0300",30.37,27.93,20.66,37.3
"2026-09-11 06:00:00-0300",30.36,27.92,20.66,36.7
"2026-09-11 06:01:00-0300",30.35,27.92,20.66,36.4
"2026-09-11 06:02:00-0300",30.34,27.92,20.66,34.3
"2026-09-11 06:03:00-0300",30.33,27.91,20.66,34.2
"2026-09-11 06:04:00-0300",30.32,27.91,20.66,35.5
"2026-09-11 06:05:00-0300",30.31,27.91,20.66,35.2
"2026-09-11 06:06:00-0300",30.3,27.9,20.6,34.5
"2026-09-11 06:07:00-0300",30.29,27.9,20.6,34.5
"2026-09-11 06:08:00-0300",30.28,27.9,20.55,33.5
"2026-09-11 06:09:00-0300",30.27,27.9,20.55,33.7
"2026-09-11 06:10:00-0300",30.26,27.89,20.55,34
"2026-09-11 06:11:00-0300",30.25,27.89,20.49,33.5
"2026-09-11 06:12:00-0300",30.24,27.89,20.45,35
"2026-09-11 06:13:00-0300",30.23,27.88,20.45,34
"2026-09-11 06:14:00-0300",30.22,27.88,20.45,33.8
"2026-09-11 06:15:00-0300",30.21,27.88,20.45,32.7
"2026-09-11 06:16:00-0300",30.2,27.87,20.45,33
"2026-09-11 06:17:00-0300",30.21,27.88,20.45,33.2
"2026-09-11 06:18:00-0300",30.18,27.87,20.45,33.3
"2026-09-11 06:19:00-0300",30.17,27.87,20.45,33.3
"2026-09-11 06:20:00-0300",30.16,27.86,20.45,33.2
"2026-09-11 06:21:00-0300",30.15,27.86,20.45,32.2
"2026-09-11 06:22:00-0300",30.16,27.86,20.45,32.5
"2026-09-11 06:23:00-0300",30.14,27.86,20.45,32.6
"2026-09-11 06:24:00-0300",30.13,27.85,20.45,32.6
"2026-09-11 06:25:00-0300",30.12,27.85,20.45,32.8
"2026-09-11 06:26:00-0300",30.11,27.85,20.4,32.7
"2026-09-11 06:27:00-0300",30.11,27.85,20.4,31.7
"2026-09-11 06:28:00-0300",30.09,27.84,20.4,31.5
"2026-09-11 06:29:00-0300",30.08,27.84,20.4,32
"2026-09-11 06:30:00-0300",30.07,27.84,20.4,32
"2026-09-11 06:31:00-0300",30.07,27.83,20.34,32.2
"2026-09-11 06:32:00-0300",30.07,27.84,20.34,32.1
"2026-09-11 06:33:00-0300",30.05,27.83,20.28,32.2
"2026-09-11 06:34:00-0300",30.04,27.83,20.28,31.1
"2026-09-11 06:35:00-0300",30.03,27.82,20.28,32.1
"2026-09-11 06:36:00-0300",30.02,27.82,20.28,33
"2026-09-11 06:37:00-0300",30.03,27.82,20.28,31.3
"2026-09-11 06:38:00-0300",30,27.81,20.28,30.8
"2026-09-11 06:39:00-0300",30,27.81,20.28,31.5
"2026-09-11 06:40:00-0300",29.99,27.81,20.28,31.6
"2026-09-11 06:41:00-0300",29.98,27.81,20.28,31.5
"2026-09-11 06:42:00-0300",29.99,27.81,20.28,31.6
"2026-09-11 06:43:00-0300",29.96,27.8,20.28,31
"2026-09-11 06:44:00-0300",29.95,27.8,20.28,31.2
"2026-09-11 06:45:00-0300",29.95,27.8,20.28,30.8
"2026-09-11 06:46:00-0300",29.94,27.8,20.24,30.2
"2026-09-11 06:47:00-0300",29.95,27.8,20.28,30.3
"2026-09-11 06:48:00-0300",29.92,27.79,20.28,30.8
"2026-09-11 06:49:00-0300",29.92,27.79,20.24,30.1
"2026-09-11 06:50:00-0300",29.91,27.79,20.24,30.6
"2026-09-11 06:51:00-0300",29.9,27.78,20.24,30.6
"2026-09-11 06:52:00-0300",29.9,27.78,20.24,30.6
"2026-09-11 06:53:00-0300",29.89,27.78,20.19,31
"2026-09-11 06:54:00-0300",29.88,27.78,20.13,30.8
"2026-09-11 06:55:00-0300",29.87,27.77,20.19,30.7
"2026-09-11 06:56:00-0300",29.86,27.77,20.13,30.8
"2026-09-11 06:57:00-0300",29.86,27.77,20.13,30.8
"2026-09-11 06:58:00-0300",29.85,27.77,20.13,29.6
"2026-09-11 06:59:00-0300",29.84,27.77,20.13,30.3
"2026-09-11 07:00:00-0300",29.84,27.76,20.13,30.5
"2026-09-11 07:01:00-0300",29.83,27.76,20.13,30.6
"2026-09-11 07:02:00-0300",29.82,27.76,20.13,30.5
"2026-09-11 07:03:00-0300",29.81,27.76,20.13,30.5
"2026-09-11 07:04:00-0300",29.8,27.75,20.13,29.5
"2026-09-11 07:05:00-0300",29.8,27.75,20.13,29.7
"2026-09-11 07:06:00-0300",29.81,27.76,20.13,30.3
"2026-09-11 07:07:00-0300",29.78,27.75,20.13,29.4
"2026-09-11 07:08:00-0300",29.78,27.75,20.13,30.3
"2026-09-11 07:09:00-0300",29.77,27.74,20.13,29.3
"2026-09-11 07:10:00-0300",29.78,27.75,20.13,29.4
"2026-09-11 07:11:00-0300",29.8,27.75,20.13,30
"2026-09-11 07:12:00-0300",29.78,27.75,20.13,30.2
"2026-09-11 07:13:00-0300",29.8,27.75,20.13,30.2
"2026-09-11 07:14:00-0300",29.79,27.75,20.13,30.3
"2026-09-11 07:15:00-0300",29.79,27.75,20.13,29.4
"2026-09-11 07:16:00-0300",29.81,27.76,20.13,30.5
"2026-09-11 07:17:00-0300",29.8,27.75,20.13,29.5
"2026-09-11 07:18:00-0300",29.8,27.75,20.13,30.1
"2026-09-11 07:19:00-0300",29.8,27.75,20.13,30
"2026-09-11 07:20:00-0300",29.8,27.75,20.13,30.3
"2026-09-11 07:21:00-0300",29.81,27.76,20.13,30.3
"2026-09-11 07:22:00-0300",29.8,27.75,20.19,29.4
"2026-09-11 07:23:00-0300",29.8,27.75,20.13,29.8
"2026-09-11 07:24:00-0300",29.8,27.75,20.13,29.4
"2026-09-11 07:25:00-0300",29.81,27.76,20.19,29.8
"2026-09-11 07:26:00-0300",29.83,27.76,20.13,29.6
"2026-09-11 07:27:00-0300",29.83,27.76,20.19,30.3
"2026-09-11 07:28:00-0300",29.82,27.76,20.19,30.3
"2026-09-11 07:29:00-0300",29.82,27.76,20.19,31.2
"2026-09-11 07:30:00-0300",29.79,27.75,20.19,29.7
"2026-09-11 07:31:00-0300",29.8,27.75,20.13,29.3
"2026-09-11 07:32:00-0300",29.78,27.75,20.19,29.8
"2026-09-11 07:33:00-0300",29.77,27.74,20.13,30.1
"2026-09-11 07:34:00-0300",29.77,27.74,20.13,29.8
"2026-09-11 07:35:00-0300",29.76,27.74,20.13,30
"2026-09-11 07:36:00-0300",29.78,27.75,20.13,30
"2026-09-11 07:37:00-0300",29.75,27.74,20.13,30.1
"2026-09-11 07:38:00-0300",29.75,27.74,20.13,30
"2026-09-11 07:39:00-0300",29.75,27.74,20.13,29.2
"2026-09-11 07:40:00-0300",29.75,27.74,20.13,29.6
"2026-09-11 07:41:00-0300",29.76,27.74,20.13,29.7
"2026-09-11 07:42:00-0300",29.74,27.73,20.13,29.8
"2026-09-11 07:43:00-0300",29.73,27.73,20.13,29.8
"2026-09-11 07:44:00-0300",29.73,27.73,20.13,30.7
"2026-09-11 07:45:00-0300",29.73,27.73,20.13,29.7
"2026-09-11 07:46:00-0300",29.74,27.73,20.13,29.7
"2026-09-11 07:47:00-0300",29.72,27.73,20.13,28.8
"2026-09-11 07:48:00-0300",29.71,27.73,20.13,29.3
"2026-09-11 07:49:00-0300",29.71,27.72,20.13,29.2
"2026-09-11 07:50:00-0300",29.7,27.72,20.13,29
"2026-09-11 07:51:00-0300",29.71,27.72,20.13,29.2
"2026-09-11 07:52:00-0300",29.69,27.72,20.13,29.4
"2026-09-11 07:53:00-0300",29.69,27.72,20.13,29.5
"2026-09-11 07:54:00-0300",29.68,27.72,20.07,29.5
"2026-09-11 07:55:00-0300",29.68,27.71,20.13,28.5
"2026-09-11 07:56:00-0300",29.69,27.72,20.13,28.5
"2026-09-11 07:57:00-0300",29.67,27.71,20.13,29.2
"2026-09-11 07:58:00-0300",29.66,27.71,20.07,29.2
"2026-09-11 07:59:00-0300",29.66,27.71,20.13,29.4
"2026-09-11 08:00:00-0300",29.66,27.71,20.07,29.2
"2026-09-11 08:01:00-0300",29.66,27.71,20.04,29.2
"2026-09-11 08:02:00-0300",29.64,27.7,20.04,29.1
"2026-09-11 08:03:00-0300",29.64,27.7,20.04,29.3
"2026-09-11 08:04:00-0300",29.64,27.7,19.98,28.4
"2026-09-11 08:05:00-0300",29.64,27.7,19.98,28.8
"2026-09-11 08:06:00-0300",29.65,27.71,19.98,29.2
"2026-09-11 08:07:00-0300",29.63,27.7,19.98,29.1
"2026-09-11 08:08:00-0300",29.63,27.7,19.92,29.2
"2026-09-11 08:09:00-0300",29.64,27.7,19.92,29
"2026-09-11 08:10:00-0300",29.64,27.7,19.92,29
"2026-09-11 08:11:00-0300",29.67,27.71,19.92,28.1
"2026-09-11 08:12:00-0300",29.65,27.71,19.92,28.6
"2026-09-11 08:13:00-0300",29.62,27.7,19.92,28.7
"2026-09-11 08:14:00-0300",29.58,27.68,19.92,28.8
"2026-09-11 08:15:00-0300",29.56,27.68,19.92,28.8
"2026-09-11 08:16:00-0300",29.57,27.68,19.92,28.6
"2026-09-11 08:17:00-0300",29.55,27.68,19.92,28.8
"2026-09-11 08:18:00-0300",29.54,27.67,19.92,28.7
"2026-09-11 08:19:00-0300",29.54,27.67,19.92,27.7
"2026-09-11 08:20:00-0300",29.54,27.67,19.92,28.6
"2026-09-11 08:21:00-0300",29.55,27.67,19.92,27.6
"2026-09-11 08:22:00-0300",29.53,27.67,19.92,27.7
"2026-09-11 08:23:00-0300",29.52,27.67,19.92,28.1
"2026-09-11 08:24:00-0300",29.51,27.66,19.92,28.4
"2026-09-11 08:25:00-0300",29.51,27.66,19.92,28.4
"2026-09-11 08:26:00-0300",29.52,27.67,19.87,28.4
"2026-09-11 08:27:00-0300",29.5,27.66,19.87,28.4
"2026-09-11 08:28:00-0300",29.5,27.66,19.87,28.1
"2026-09-11 08:29:00-0300",29.49,27.66,19.87,28.4
"2026-09-11 08:30:00-0300",29.49,27.66,19.87,27.6
"2026-09-11 08:31:00-0300",29.49,27.66,19.87,27.4
"2026-09-11 08:32:00-0300",29.48,27.65,19.87,27.8
"2026-09-11 08:33:00-0300",29.48,27.65,19.87,28.2
"2026-09-11 08:34:00-0300",29.47,27.65,19.87,28.2
"2026-09-11 08:35:00-0300",29.46,27.65,19.87,28.2
"2026-09-11 08:36:00-0300",29.47,27.65,19.87,27.3
"2026-09-11 08:37:00-0300",29.46,27.65,19.87,28.1
"2026-09-11 08:38:00-0300",29.45,27.64,19.87,28.1
"2026-09-11 08:39:00-0300",29.45,27.64,19.83,27.1
"2026-09-11 08:40:00-0300",29.44,27.64,19.83,28.1
"2026-09-11 08:41:00-0300",29.45,27.64,19.83,27.2
"2026-09-11 08:42:00-0300",29.43,27.64,19.77,27.1
"2026-09-11 08:43:00-0300",29.43,27.64,19.77,27.3
"2026-09-11 08:44:00-0300",29.42,27.64,19.77,27.6
"2026-09-11 08:45:00-0300",29.42,27.64,19.77,27.4
"2026-09-11 08:46:00-0300",29.43,27.64,19.77,27
"2026-09-11 08:47:00-0300",29.41,27.63,19.77,26.8
"2026-09-11 08:48:00-0300",29.41,27.63,19.77,27.2
"2026-09-11 08:49:00-0300",29.4,27.63,19.77,27.1
"2026-09-11 08:50:00-0300",29.4,27.63,19.77,27.7
"2026-09-11 08:51:00-0300",29.4,27.63,19.77,27.6
"2026-09-11 08:52:00-0300",29.39,27.63,19.77,27.7
"2026-09-11 08:53:00-0300",29.38,27.62,19.77,26.6
"2026-09-11 08:54:00-0300",29.38,27.62,19.77,27.2
"2026-09-11 08:55:00-0300",29.37,27.62,19.77,27.3
"2026-09-11 08:56:00-0300",29.38,27.62,19.77,27.4
"2026-09-11 08:57:00-0300",29.37,27.62,19.77,27.5
"2026-09-11 08:58:00-0300",29.36,27.62,19.77,27.4
"2026-09-11 08:59:00-0300",29.36,27.62,19.77,26.6
"2026-09-11 09:00:00-0300",29.35,27.62,19.77,26.6
"2026-09-11 09:01:00-0300",29.36,27.62,19.77,26.4
"2026-09-11 09:02:00-0300",29.35,27.61,19.71,27.1
"2026-09-11 09:03:00-0300",29.35,27.61,19.71,27.3
"2026-09-11 09:04:00-0300",29.34,27.61,19.77,27.2
"2026-09-11 09:05:00-0300",29.33,27.61,19.71,26.7
"2026-09-11 09:06:00-0300",29.33,27.61,19.71,27.2
"2026-09-11 09:07:00-0300",29.33,27.61,19.77,27.2
"2026-09-11 09:08:00-0300",29.32,27.61,19.71,26.8
"2026-09-11 09:09:00-0300",29.32,27.6,19.71,27.1
"2026-09-11 09:10:00-0300",29.31,27.6,19.71,27.1
"2026-09-11 09:11:00-0300",29.31,27.6,19.71,27.1
"2026-09-11 09:12:00-0300",29.31,27.6,19.67,27.1
"2026-09-11 09:13:00-0300",29.3,27.6,19.67,26.5
"2026-09-11 09:14:00-0300",29.3,27.6,19.67,26.8
"2026-09-11 09:15:00-0300",29.3,27.6,19.62,26.4
"2026-09-11 09:16:00-0300",29.29,27.6,19.62,26.8
"2026-09-11 09:17:00-0300",29.3,27.6,19.62,26.5
"2026-09-11 09:18:00-0300",29.29,27.59,19.62,26.8
"2026-09-11 09:19:00-0300",29.28,27.59,19.62,26.3
"2026-09-11 09:20:00-0300",29.28,27.59,19.62,26.7
"2026-09-11 09:21:00-0300",29.28,27.59,19.62,26.6
"2026-09-11 09:22:00-0300",29.28,27.59,19.62,26.5
"2026-09-11 09:23:00-0300",29.27,27.59,19.62,26.6
"2026-09-11 09:24:00-0300",29.26,27.59,19.62,26.7
"2026-09-11 09:25:00-0300",29.26,27.59,19.62,26.3
"2026-09-11 09:26:00-0300",29.26,27.59,19.62,26.5
"2026-09-11 09:27:00-0300",29.26,27.59,19.62,26.5
"2026-09-11 09:28:00-0300",29.25,27.58,19.62,26.6
"2026-09-11 09:29:00-0300",29.25,27.58,19.62,26.5
"2026-09-11 09:30:00-0300",29.24,27.58,19.62,26.5
"2026-09-11 09:31:00-0300",29.24,27.58,19.62,26.1
"2026-09-11 09:32:00-0300",29.24,27.58,19.62,26.2
"2026-09-11 09:33:00-0300",29.23,27.58,19.62,26.4
"2026-09-11 09:34:00-0300",29.23,27.58,19.62,26.5
"2026-09-11 09:35:00-0300",29.22,27.57,19.62,26.5
"2026-09-11 09:36:00-0300",29.22,27.57,19.62,26.4
"2026-09-11 09:37:00-0300",29.21,27.57,19.62,26.2
"2026-09-11 09:38:00-0300",29.22,27.57,19.62,26.2
"2026-09-11 09:39:00-0300",29.21,27.57,19.56,26.3
"2026-09-11 09:40:00-0300",29.2,27.57,19.62,26.3
"2026-09-11 09:41:00-0300",29.2,27.57,19.62,26.2
"2026-09-11 09:42:00-0300",29.2,27.57,19.62,26.2
"2026-09-11 09:43:00-0300",29.2,27.57,19.62,26
"2026-09-11 09:44:00-0300",29.19,27.56,19.62,26
"2026-09-11 09:45:00-0300",29.19,27.56,19.62,26.1
"2026-09-11 09:46:00-0300",29.18,27.56,19.62,26.1
"2026-09-11 09:47:00-0300",29.18,27.56,19.56,26.1
"2026-09-11 09:48:00-0300",29.17,27.56,19.56,26.1
"2026-09-11 09:49:00-0300",29.17,27.56,19.56,26.1
"2026-09-11 09:50:00-0300",29.16,27.56,19.56,25.7
"2026-09-11 09:51:00-0300",29.16,27.55,19.56,26
"2026-09-11 09:52:00-0300",29.15,27.55,19.52,26.1
"2026-09-11 09:53:00-0300",29.15,27.55,19.52,26.1
"2026-09-11 09:54:00-0300",29.15,27.55,19.56,26.1
"2026-09-11 09:55:00-0300",29.14,27.55,19.52,25.8
"2026-09-11 09:56:00-0300",29.14,27.55,19.52,25.7
"2026-09-11 09:57:00-0300",29.13,27.55,19.52,25.8
"2026-09-11 09:58:00-0300",29.13,27.55,19.46,25.8
"2026-09-11 09:59:00-0300",29.12,27.54,19.46,25.8
"2026-09-11 10:00:00-0300",29.12,27.54,19.41,25.8
"2026-09-11 10:01:00-0300",29.11,27.54,19.46,25.8
"2026-09-11 10:02:00-0300",29.11,27.54,19.41,25.8
"2026-09-11 10:03:00-0300",29.11,27.54,19.41,25.7
"2026-09-11 10:04:00-0300",29.1,27.54,19.41,25.5
"2026-09-11 10:05:00-0300",29.1,27.54,19.41,25.7
"2026-09-11 10:06:00-0300",29.09,27.53,19.41,25.7
"2026-09-11 10:07:00-0300",29.09,27.53,19.41,25.4
"2026-09-11 10:08:00-0300",29.08,27.53,19.41,25.7
"2026-09-11 10:09:00-0300",29.08,27.53,19.41,25.7
"2026-09-11 10:10:00-0300",29.07,27.53,19.41,25.7
"2026-09-11 10:11:00-0300",29.07,27.53,19.41,25.7
"2026-09-11 10:12:00-0300",29.06,27.52,19.41,25.7
"2026-09-11 10:13:00-0300",29.05,27.52,19.41,25.4
"2026-09-11 10:14:00-0300",29.05,27.52,19.41,25.6
"2026-09-11 10:15:00-0300",29.04,27.52,19.41,25.5
"2026-09-11 10:16:00-0300",29.04,27.52,19.41,25.6
"2026-09-11 10:17:00-0300",29.04,27.52,19.41,25.5
"2026-09-11 10:18:00-0300",29.03,27.52,19.41,25.6
"2026-09-11 10:19:00-0300",29.03,27.51,19.41,25.4
"2026-09-11 10:20:00-0300",29.02,27.51,19.41,25.5
"2026-09-11 10:21:00-0300",29.02,27.51,19.35,25.4
"2026-09-11 10:22:00-0300",29.01,27.51,19.41,25.3
"2026-09-11 10:23:00-0300",29.01,27.51,19.41,25.3
"2026-09-11 10:24:00-0300",29,27.51,19.35,25.4
"2026-09-11 10:25:00-0300",29,27.5,19.35,25.2
"2026-09-11 10:26:00-0300",28.99,27.5,19.35,25.3
"2026-09-11 10:27:00-0300",28.99,27.5,19.35,25.2
"2026-09-11 10:28:00-0300",28.98,27.5,19.35,25.2
"2026-09-11 10:29:00-0300",28.98,27.5,19.35,25.1
"2026-09-11 10:30:00-0300",28.97,27.5,19.31,25.2
"2026-09-11 10:31:00-0300",28.97,27.5,19.31,25
"2026-09-11 10:32:00-0300",28.96,27.49,19.31,25.1
"2026-09-11 10:33:00-0300",28.96,27.49,19.31,25.1
"2026-09-11 10:34:00-0300",28.95,27.49,19.31,25.2
"2026-09-11 10:35:00-0300",28.95,27.49,19.31,25
"2026-09-11 10:36:00-0300",28.94,27.49,19.25,25.3
"2026-09-11 10:37:00-0300",28.94,27.49,19.25,25
"2026-09-11 10:38:00-0300",28.93,27.48,19.25,25.2
"2026-09-11 10:39:00-0300",28.92,27.48,19.25,25.2
"2026-09-11 10:40:00-0300",28.93,27.48,19.25,25.3
"2026-09-11 10:41:00-0300",28.92,27.48,19.25,25.2
"2026-09-11 10:42:00-0300",28.91,27.48,19.25,25.1
"2026-09-11 10:43:00-0300",28.91,27.48,19.25,25
"2026-09-11 10:44:00-0300",28.91,27.48,19.25,25.1
"2026-09-11 10:45:00-0300",28.89,27.47,19.25,25.3
"2026-09-11 10:46:00-0300",28.9,27.47,19.25,25
"2026-09-11 10:47:00-0300",28.89,27.47,19.25,25
"2026-09-11 10:48:00-0300",28.89,27.47,19.25,25.7
"2026-09-11 10:49:00-0300",28.88,27.47,19.25,24.9
"2026-09-11 10:50:00-0300",28.87,27.47,19.25,25.3
"2026-09-11 10:51:00-0300",28.86,27.46,19.25,25.3
"2026-09-11 10:52:00-0300",28.86,27.46,19.25,25
"2026-09-11 10:53:00-0300",28.86,27.46,19.25,25.1
"2026-09-11 10:54:00-0300",28.85,27.46,19.25,25.3
"2026-09-11 10:55:00-0300",28.85,27.46,19.25,25
"2026-09-11 10:56:00-0300",28.84,27.46,19.25,25.3
"2026-09-11 10:57:00-0300",28.83,27.45,19.25,25.1
"2026-09-11 10:58:00-0300",28.83,27.45,19.25,25.1
"2026-09-11 10:59:00-0300",28.83,27.45,19.19,25.2
"2026-09-11 11:00:00-0300",28.83,27.45,19.25,25.2
"2026-09-11 11:01:00-0300",28.82,27.45,19.19,25
"2026-09-11 11:02:00-0300",28.82,27.45,19.19,25.1
"2026-09-11 11:03:00-0300",28.8,27.44,19.25,24.9
"2026-09-11 11:04:00-0300",28.82,27.45,19.19,25
"2026-09-11 11:05:00-0300",28.8,27.44,19.19,25.1
"2026-09-11 11:06:00-0300",28.8,27.44,19.19,25.1
"2026-09-11 11:07:00-0300",28.8,27.44,19.19,24.9
"2026-09-11 11:08:00-0300",28.78,27.44,19.19,25
"2026-09-11 11:09:00-0300",28.79,27.44,19.16,25
"2026-09-11 11:10:00-0300",28.78,27.44,19.16,24.9
"2026-09-11 11:11:00-0300",28.78,27.44,19.16,25
"2026-09-11 11:12:00-0300",28.78,27.44,19.16,25.1
"2026-09-11 11:13:00-0300",28.78,27.44,19.1,24.9
"2026-09-11 11:14:00-0300",28.75,27.43,19.1,24.9
"2026-09-11 11:15:00-0300",28.77,27.43,19.04,24.9
"2026-09-11 11:16:00-0300",28.76,27.43,19.04,24.9
"2026-09-11 11:17:00-0300",28.76,27.43,19.04,24.9
"2026-09-11 11:18:00-0300",28.75,27.43,19.04,24.8
"2026-09-11 11:19:00-0300",28.73,27.42,19.04,24.9
"2026-09-11 11:20:00-0300",28.75,27.43,19.04,24.9
"2026-09-11 11:21:00-0300",28.75,27.43,19.04,24.9
"2026-09-11 11:22:00-0300",28.74,27.42,19.04,24.9
"2026-09-11 11:23:00-0300",28.73,27.42,19.04,24.9
"2026-09-11 11:24:00-0300",28.73,27.42,19.04,24.9
"2026-09-11 11:25:00-0300",28.72,27.42,19.04,24.9
"2026-09-11 11:26:00-0300",28.72,27.42,19.04,24.8
"2026-09-11 11:27:00-0300",28.72,27.42,19.04,24.8
"2026-09-11 11:28:00-0300",28.71,27.42,19.04,24.9
"2026-09-11 11:29:00-0300",28.71,27.42,19.04,24.9
"2026-09-11 11:30:00-0300",28.7,27.41,19.04,24.9
"2026-09-11 11:31:00-0300",28.71,27.41,19.04,24.9
"2026-09-11 11:32:00-0300",28.7,27.41,19.04,24.8
"2026-09-11 11:33:00-0300",28.7,27.41,19.04,24.9
"2026-09-11 11:34:00-0300",28.69,27.41,19.04,24.9
"2026-09-11 11:35:00-0300",28.69,27.41,19.04,24.9
"2026-09-11 11:36:00-0300",28.66,27.4,19.04,24.9
"2026-09-11 11:37:00-0300",28.68,27.41,19.04,24.8
"2026-09-11 11:38:00-0300",28.68,27.41,19.04,24.8
"2026-09-11 11:39:00-0300",28.68,27.41,19.04,24.8
"2026-09-11 11:40:00-0300",28.68,27.41,19.04,24.8
"2026-09-11 11:41:00-0300",28.67,27.4,19.04,24.8
"2026-09-11 11:42:00-0300",28.64,27.39,19.04,24.8
"2026-09-11 11:43:00-0300",28.67,27.4,19.04,24.8
"2026-09-11 11:44:00-0300",28.66,27.4,19.04,24.8
"2026-09-11 11:45:00-0300",28.66,27.4,19.04,24.8
"2026-09-11 11:46:00-0300",28.66,27.4,19.04,24.8
"2026-09-11 11:47:00-0300",28.65,27.4,19.04,24.8
"2026-09-11 11:48:00-0300",28.65,27.4,19.04,24.8
"2026-09-11 11:49:00-0300",28.65,27.4,19,24.7
"2026-09-11 11:50:00-0300",28.65,27.4,19,24.7
"2026-09-11 11:51:00-0300",28.64,27.39,18.94,24.8
"2026-09-11 11:52:00-0300",28.64,27.39,18.94,24.8
"2026-09-11 11:53:00-0300",28.58,27.38,18.94,24.8
"2026-09-11 11:54:00-0300",28.64,27.39,18.94,24.8
"2026-09-11 11:55:00-0300",28.63,27.39,18.94,24.8
"2026-09-11 11:56:00-0300",28.63,27.39,18.9,24.6
"2026-09-11 11:57:00-0300",28.62,27.39,18.9,24.7
"2026-09-11 11:58:00-0300",28.62,27.39,18.9,24.7
"2026-09-11 11:59:00-0300",28.55,27.36,18.9,24.7
"2026-09-11 12:00:00-0300",28.61,27.38,18.9,24.7
"2026-09-11 12:01:00-0300",28.61,27.38,18.9,24.7
"2026-09-11 12:02:00-0300",28.6,27.38,18.9,24.7
"2026-09-11 12:03:00-0300",28.61,27.38,18.9,24.7
"2026-09-11 12:04:00-0300",28.6,27.38,18.9,24.7
"2026-09-11 12:05:00-0300",28.54,27.36,18.9,24.7
"2026-09-11 12:06:00-0300",28.59,27.38,18.9,24.7
"2026-09-11 12:07:00-0300",28.59,27.38,18.9,24.7
"2026-09-11 12:08:00-0300",28.59,27.38,18.9,24.6
"2026-09-11 12:09:00-0300",28.58,27.37,18.9,24.7
"2026-09-11 12:10:00-0300",28.57,27.37,18.9,24.7
"2026-09-11 12:11:00-0300",28.45,27.34,18.9,24.7
"2026-09-11 12:12:00-0300",28.57,27.37,18.9,24.7
"2026-09-11 12:13:00-0300",28.57,27.37,18.9,24.7
"2026-09-11 12:14:00-0300",28.56,27.37,18.9,24.6
"2026-09-11 12:15:00-0300",28.56,27.37,18.9,24.6
"2026-09-11 12:16:00-0300",28.55,27.37,18.9,24.6
"2026-09-11 12:17:00-0300",28.41,27.32,18.9,24.7
"2026-09-11 12:18:00-0300",28.55,27.36,18.9,24.6
"2026-09-11 12:19:00-0300",28.54,27.36,18.9,24.6
"2026-09-11 12:20:00-0300",28.54,27.36,18.9,24.6
"2026-09-11 12:21:00-0300",28.54,27.36,18.9,24.6
"2026-09-11 12:22:00-0300",28.53,27.36,18.84,24.6
"2026-09-11 12:23:00-0300",28.53,27.36,18.84,24.6
"2026-09-11 12:24:00-0300",28.52,27.36,18.84,24.6
"2026-09-11 12:25:00-0300",28.52,27.36,18.84,24.6
"2026-09-11 12:26:00-0300",28.52,27.35,18.84,24.6
"2026-09-11 12:27:00-0300",28.51,27.35,18.84,24.6
"2026-09-11 12:28:00-0300",28.51,27.35,18.79,24.6
"2026-09-11 12:29:00-0300",28.51,27.35,18.79,24.6
"2026-09-11 12:30:00-0300",28.41,27.32,18.79,24.6
"2026-09-11 12:31:00-0300",28.5,27.35,18.79,24.6
"2026-09-11 12:32:00-0300",28.49,27.35,18.79,24.5
"2026-09-11 12:33:00-0300",28.49,27.35,18.79,24.5
"2026-09-11 12:34:00-0300",28.49,27.35,18.79,24.6
"2026-09-11 12:35:00-0300",28.48,27.34,18.75,24.6
"2026-09-11 12:36:00-0300",28.41,27.32,18.75,24.6
"2026-09-11 12:37:00-0300",28.47,27.34,18.75,24.6
"2026-09-11 12:38:00-0300",28.47,27.34,18.75,24.5
"2026-09-11 12:39:00-0300",28.48,27.34,18.75,24.5
"2026-09-11 12:40:00-0300",28.48,27.34,18.75,24.6
"2026-09-11 12:41:00-0300",28.48,27.34,18.75,24.6
"2026-09-11 12:42:00-0300",28.41,27.32,18.75,24.6
"2026-09-11 12:43:00-0300",28.47,27.34,18.75,24.6
"2026-09-11 12:44:00-0300",28.47,27.34,18.75,24.5
"2026-09-11 12:45:00-0300",28.46,27.34,18.75,24.5
"2026-09-11 12:46:00-0300",28.46,27.34,18.75,24.5
"2026-09-11 12:47:00-0300",28.45,27.34,18.75,24.5
"2026-09-11 12:48:00-0300",28.37,27.31,18.75,24.5
"2026-09-11 12:49:00-0300",28.45,27.33,18.75,24.5
"2026-09-11 12:50:00-0300",28.44,27.33,18.75,24.5
"2026-09-11 12:51:00-0300",28.44,27.33,18.75,24.5
"2026-09-11 12:52:00-0300",28.43,27.33,18.75,24.5
"2026-09-11 12:53:00-0300",28.42,27.33,18.75,24.5
"2026-09-11 12:54:00-0300",28.37,27.31,18.75,24.5
"2026-09-11 12:55:00-0300",28.42,27.32,18.75,24.5
"2026-09-11 12:56:00-0300",28.42,27.32,18.75,24.4
"2026-09-11 12:57:00-0300",28.41,27.32,18.75,24.4
"2026-09-11 12:58:00-0300",28.4,27.32,18.75,24.5
"2026-09-11 12:59:00-0300",28.4,27.32,18.69,24.5
"2026-09-11 13:00:00-0300",28.37,27.31,18.69,24.4
"2026-09-11 13:01:00-0300",28.39,27.32,18.69,24.5
"2026-09-11 13:02:00-0300",28.39,27.32,18.69,24.4
"2026-09-11 13:03:00-0300",28.38,27.31,18.69,24.4
"2026-09-11 13:04:00-0300",28.38,27.31,18.63,24.4
"2026-09-11 13:05:00-0300",28.38,27.31,18.63,24.4
"2026-09-11 13:06:00-0300",28.37,27.31,18.63,24.4
"2026-09-11 13:07:00-0300",28.37,27.31,18.59,24.4
"2026-09-11 13:08:00-0300",28.37,27.31,18.59,24.4
"2026-09-11 13:09:00-0300",28.36,27.31,18.53,24.4
"2026-09-11 13:10:00-0300",28.36,27.31,18.53,24.4
"2026-09-11 13:11:00-0300",28.36,27.31,18.53,24.4
"2026-09-11 13:12:00-0300",28.37,27.31,18.53,24.4
"2026-09-11 13:13:00-0300",28.35,27.3,18.53,24.4
"2026-09-11 13:14:00-0300",28.34,27.3,18.53,24.4
"2026-09-11 13:15:00-0300",28.34,27.3,18.53,24.4
"2026-09-11 13:16:00-0300",28.34,27.3,18.53,24.4
"2026-09-11 13:17:00-0300",28.33,27.3,18.53,24.4
"2026-09-11 13:18:00-0300",28.37,27.31,18.53,24.4
"2026-09-11 13:19:00-0300",28.33,27.3,18.53,24.4
"2026-09-11 13:20:00-0300",28.32,27.29,18.53,24.4
"2026-09-11 13:21:00-0300",28.32,27.29,18.53,24.4
"2026-09-11 13:22:00-0300",28.32,27.29,18.53,24.4
"2026-09-11 13:23:00-0300",28.31,27.29,18.53,24.4
"2026-09-11 13:24:00-0300",28.37,27.31,18.53,24.3
"2026-09-11 13:25:00-0300",28.3,27.29,18.53,24.4
"2026-09-11 13:26:00-0300",28.3,27.29,18.53,24.3
"2026-09-11 13:27:00-0300",28.3,27.29,18.53,24.3
"2026-09-11 13:28:00-0300",28.29,27.29,18.53,24.3
"2026-09-11 13:29:00-0300",28.29,27.28,18.53,24.3
"2026-09-11 13:30:00-0300",28.37,27.31,18.53,24.3
"2026-09-11 13:31:00-0300",28.28,27.28,18.53,24.3
"2026-09-11 13:32:00-0300",28.28,27.28,18.53,24.3
"2026-09-11 13:33:00-0300",28.27,27.28,18.53,24.3
"2026-09-11 13:34:00-0300",28.27,27.28,18.53,24.3
"2026-09-11 13:35:00-0300",28.27,27.28,18.53,24.3
"2026-09-11 13:36:00-0300",28.37,27.31,18.53,24.3
"2026-09-11 13:37:00-0300",28.26,27.27,18.53,24.3
"2026-09-11 13:38:00-0300",28.25,27.27,18.47,24.2
"2026-09-11 13:39:00-0300",28.25,27.27,18.53,24.3
"2026-09-11 13:40:00-0300",28.24,27.27,18.47,24.3
"2026-09-11 13:41:00-0300",28.24,27.27,18.47,24.3
"2026-09-11 13:42:00-0300",28.37,27.31,18.53,24.2
"2026-09-11 13:43:00-0300",28.23,27.27,18.47,24.3
"2026-09-11 13:44:00-0300",28.23,27.27,18.47,24.2
"2026-09-11 13:45:00-0300",28.23,27.26,18.47,24.3
"2026-09-11 13:46:00-0300",28.22,27.26,18.47,24.3
"2026-09-11 13:47:00-0300",28.22,27.26,18.47,24.3
"2026-09-11 13:48:00-0300",28.3,27.29,18.47,24.2
"2026-09-11 13:49:00-0300",28.22,27.26,18.47,24.3
"2026-09-11 13:50:00-0300",28.21,27.26,18.43,24.2
"2026-09-11 13:51:00-0300",28.2,27.26,18.47,24.3
"2026-09-11 13:52:00-0300",28.2,27.26,18.47,24.3
"2026-09-11 13:53:00-0300",28.19,27.25,18.47,24.3
"2026-09-11 13:54:00-0300",28.24,27.27,18.43,24.2
"2026-09-11 13:55:00-0300",28.19,27.25,18.37,24.3
"2026-09-11 13:56:00-0300",28.19,27.25,18.43,24.1
"2026-09-11 13:57:00-0300",28.19,27.25,18.37,24.3
"2026-09-11 13:58:00-0300",28.2,27.25,18.37,24.3
"2026-09-11 13:59:00-0300",28.18,27.25,18.37,24.2
"2026-09-11 14:00:00-0300",28.22,27.26,18.37,24.2
"2026-09-11 14:01:00-0300",28.17,27.25,18.37,24.2
"2026-09-11 14:02:00-0300",28.17,27.25,18.37,24.2
"2026-09-11 14:03:00-0300",28.17,27.25,18.37,24.2
"2026-09-11 14:04:00-0300",28.16,27.24,18.37,24.2
"2026-09-11 14:05:00-0300",28.16,27.24,18.37,24.2
"2026-09-11 14:06:00-0300",28.15,27.24,18.37,24.2
"2026-09-11 14:07:00-0300",28.2,27.26,18.37,24.2
"2026-09-11 14:08:00-0300",28.15,27.24,18.37,24.1
"2026-09-11 14:09:00-0300",28.14,27.24,18.37,24.2
"2026-09-11 14:10:00-0300",28.14,27.24,18.37,24.2
"2026-09-11 14:11:00-0300",28.14,27.24,18.37,24.2
"2026-09-11 14:12:00-0300",28.13,27.23,18.37,24.2
"2026-09-11 14:13:00-0300",28.17,27.25,18.37,24.1
"2026-09-11 14:14:00-0300",28.13,27.23,18.37,24.1
"2026-09-11 14:15:00-0300",28.12,27.23,18.37,24.2
"2026-09-11 14:16:00-0300",28.12,27.23,18.37,24.2
"2026-09-11 14:17:00-0300",28.12,27.23,18.37,24.2
"2026-09-11 14:18:00-0300",28.12,27.23,18.37,24.2
"2026-09-11 14:19:00-0300",28.15,27.24,18.37,24.1
"2026-09-11 14:20:00-0300",28.11,27.23,18.37,24.1
"2026-09-11 14:21:00-0300",28.11,27.23,18.37,24.2
"2026-09-11 14:22:00-0300",28.1,27.22,18.37,24.2
"2026-09-11 14:23:00-0300",28.1,27.22,18.37,24.2
"2026-09-11 14:24:00-0300",28.09,27.22,18.37,24.2
"2026-09-11 14:25:00-0300",28.09,27.22,18.37,24.1
"2026-09-11 14:26:00-0300",28.09,27.22,18.37,24.1
"2026-09-11 14:27:00-0300",28.08,27.22,18.37,24.1
"2026-09-11 14:28:00-0300",28.08,27.22,18.34,24.1
"2026-09-11 14:29:00-0300",28.08,27.22,18.34,24.1
"2026-09-11 14:30:00-0300",28.08,27.22,18.34,24.1
"2026-09-11 14:31:00-0300",28.07,27.22,18.34,24.1
"2026-09-11 14:32:00-0300",28.1,27.22,18.34,24.1
"2026-09-11 14:33:00-0300",28.07,27.21,18.34,24.1
"2026-09-11 14:34:00-0300",28.06,27.21,18.34,24.1
"2026-09-11 14:35:00-0300",28.06,27.21,18.34,24.1
"2026-09-11 14:36:00-0300",28.06,27.21,18.28,24.1
"2026-09-11 14:37:00-0300",28.05,27.21,18.28,24
"2026-09-11 14:38:00-0300",28.07,27.22,18.34,24
"2026-09-11 14:39:00-0300",28.05,27.21,18.28,24.1
"2026-09-11 14:40:00-0300",28.05,27.21,18.28,23.9
"2026-09-11 14:41:00-0300",28.04,27.21,18.28,24
"2026-09-11 14:42:00-0300",28.04,27.21,18.22,24
"2026-09-11 14:43:00-0300",28.03,27.2,18.22,24.1
"2026-09-11 14:44:00-0300",28.05,27.21,18.22,24.1
"2026-09-11 14:45:00-0300",28.02,27.2,18.22,24.1
"2026-09-11 14:46:00-0300",28.02,27.2,18.22,24.1
"2026-09-11 14:47:00-0300",28.02,27.2,18.22,24
"2026-09-11 14:48:00-0300",28.01,27.2,18.22,24.1
"2026-09-11 14:49:00-0300",28.01,27.2,18.22,24.2
"2026-09-11 14:50:00-0300",28,27.19,18.22,24.1
"2026-09-11 14:51:00-0300",28.03,27.2,18.22,24.1
"2026-09-11 14:52:00-0300",28,27.19,18.22,24.2
"2026-09-11 14:53:00-0300",28,27.19,18.22,24.1
"2026-09-11 14:54:00-0300",27.99,27.19,18.22,24.1
"2026-09-11 14:55:00-0300",27.99,27.19,18.22,24.1
"2026-09-11 14:56:00-0300",27.99,27.19,18.22,24.1
"2026-09-11 14:57:00-0300",28,27.19,18.22,24.1
"2026-09-11 14:58:00-0300",27.98,27.19,18.22,24.1
"2026-09-11 14:59:00-0300",27.98,27.19,18.22,24.1
"2026-09-11 15:00:00-0300",27.98,27.19,18.22,24.1
"2026-09-11 15:01:00-0300",27.98,27.19,18.22,24
"2026-09-11 15:02:00-0300",27.97,27.18,18.22,24.1
"2026-09-11 15:03:00-0300",27.97,27.18,18.22,24.1
"2026-09-11 15:04:00-0300",27.99,27.19,18.22,24.1
"2026-09-11 15:05:00-0300",27.96,27.18,18.22,24
"2026-09-11 15:06:00-0300",27.96,27.18,18.22,24.1
"2026-09-11 15:07:00-0300",27.95,27.18,18.22,24.1
"2026-09-11 15:08:00-0300",27.95,27.18,18.22,24.1
"2026-09-11 15:09:00-0300",27.95,27.18,18.22,24.1
"2026-09-11 15:10:00-0300",27.97,27.18,18.22,24
"2026-09-11 15:11:00-0300",27.94,27.17,18.22,24
"2026-09-11 15:12:00-0300",27.94,27.17,18.22,24
"2026-09-11 15:13:00-0300",27.93,27.17,18.22,24.1
"2026-09-11 15:14:00-0300",27.93,27.17,18.22,24.1
"2026-09-11 15:15:00-0300",27.93,27.17,18.22,24.1
"2026-09-11 15:16:00-0300",27.95,27.18,18.22,24
"2026-09-11 15:17:00-0300",27.92,27.17,18.22,24
"2026-09-11 15:18:00-0300",27.92,27.17,18.22,24.1
"2026-09-11 15:19:00-0300",27.91,27.17,18.22,24.1
"2026-09-11 15:20:00-0300",27.91,27.17,18.22,24.1
"2026-09-11 15:21:00-0300",27.91,27.17,18.22,24.1
"2026-09-11 15:22:00-0300",27.93,27.17,18.22,24
"2026-09-11 15:23:00-0300",27.91,27.16,18.22,24
"2026-09-11 15:24:00-0300",27.9,27.16,18.22,24
"2026-09-11 15:25:00-0300",27.9,27.16,18.22,24
"2026-09-11 15:26:00-0300",27.89,27.16,18.22,24
"2026-09-11 15:27:00-0300",27.89,27.16,18.22,24
"2026-09-11 15:28:00-0300",27.9,27.16,18.22,23.9
"2026-09-11 15:29:00-0300",27.89,27.16,18.18,24
"2026-09-11 15:30:00-0300",27.89,27.16,18.18,24
"2026-09-11 15:31:00-0300",27.88,27.15,18.18,24
"2026-09-11 15:32:00-0300",27.87,27.15,18.18,24
"2026-09-11 15:33:00-0300",27.87,27.15,18.18,24
"2026-09-11 15:34:00-0300",27.87,27.15,18.18,24
"2026-09-11 15:35:00-0300",27.87,27.15,18.18,24
"2026-09-11 15:36:00-0300",27.86,27.15,18.18,24
"2026-09-11 15:37:00-0300",27.86,27.15,18.18,24
"2026-09-11 15:38:00-0300",27.86,27.15,18.12,24
"2026-09-11 15:39:00-0300",27.85,27.15,18.12,24
"2026-09-11 15:40:00-0300",27.85,27.15,18.12,24
"2026-09-11 15:41:00-0300",27.87,27.15,18.12,23.9
"2026-09-11 15:42:00-0300",27.85,27.14,18.12,24
"2026-09-11 15:43:00-0300",27.84,27.14,18.08,24
"2026-09-11 15:44:00-0300",27.84,27.14,18.12,24
"2026-09-11 15:45:00-0300",27.84,27.14,18.08,23.8
"2026-09-11 15:46:00-0300",27.84,27.14,18.12,23.9
"2026-09-11 15:47:00-0300",27.85,27.15,18.08,23.9
"2026-09-11 15:48:00-0300",27.83,27.14,18.02,24
"2026-09-11 15:49:00-0300",27.83,27.14,18.08,24
"2026-09-11 15:50:00-0300",27.83,27.14,18.08,24
"2026-09-11 15:51:00-0300",27.82,27.14,18.02,24
"2026-09-11 15:52:00-0300",27.82,27.14,18.02,23.9
"2026-09-11 15:53:00-0300",27.84,27.14,18.02,24
"2026-09-11 15:54:00-0300",27.82,27.14,18.02,24
"2026-09-11 15:55:00-0300",27.82,27.14,18.02,24
"2026-09-11 15:56:00-0300",27.82,27.13,18.02,24
"2026-09-11 15:57:00-0300",27.81,27.13,18.02,24
"2026-09-11 15:58:00-0300",27.81,27.13,18.02,23.9
"2026-09-11 15:59:00-0300",27.82,27.14,18.02,23.9
"2026-09-11 16:00:00-0300",27.8,27.13,18.02,24
"2026-09-11 16:01:00-0300",27.8,27.13,18.02,24
"2026-09-11 16:02:00-0300",27.8,27.13,18.02,24
"2026-09-11 16:03:00-0300",27.8,27.13,18.02,24
"2026-09-11 16:04:00-0300",27.79,27.13,18.02,23.9
"2026-09-11 16:05:00-0300",27.79,27.13,18.02,23.9
"2026-09-11 16:06:00-0300",27.79,27.13,18.02,23.9
"2026-09-11 16:07:00-0300",27.78,27.13,18.02,23.9
"2026-09-11 16:08:00-0300",27.78,27.12,18.02,23.9
"2026-09-11 16:09:00-0300",27.78,27.12,18.02,23.9
"2026-09-11 16:10:00-0300",27.78,27.12,18.02,23.9
"2026-09-11 16:11:00-0300",27.77,27.12,18.02,23.9
"2026-09-11 16:12:00-0300",27.78,27.12,18.02,23.9
"2026-09-11 16:13:00-0300",27.77,27.12,18.02,23.9
"2026-09-11 16:14:00-0300",27.76,27.12,18.02,23.9
"2026-09-11 16:15:00-0300",27.76,27.12,18.02,23.9
"2026-09-11 16:16:00-0300",27.76,27.12,18.02,23.9
"2026-09-11 16:17:00-0300",27.75,27.12,18.02,23.9
"2026-09-11 16:18:00-0300",27.77,27.12,18.02,23.9
"2026-09-11 16:19:00-0300",27.75,27.11,18.02,23.9
"2026-09-11 16:20:00-0300",27.75,27.11,18.02,23.9
"2026-09-11 16:21:00-0300",27.74,27.11,18.02,23.9
"2026-09-11 16:22:00-0300",27.74,27.11,18.02,23.9
"2026-09-11 16:23:00-0300",27.74,27.11,18.02,23.9
"2026-09-11 16:24:00-0300",27.75,27.11,18.02,23.9
"2026-09-11 16:25:00-0300",27.73,27.11,18.02,23.9
"2026-09-11 16:26:00-0300",27.73,27.11,18.02,23.9
"2026-09-11 16:27:00-0300",27.73,27.11,18.02,23.9
"2026-09-11 16:28:00-0300",27.73,27.11,18.02,23.8
"2026-09-11 16:29:00-0300",27.72,27.11,18.02,23.9
"2026-09-11 16:30:00-0300",27.72,27.1,18.02,23.9
"2026-09-11 16:31:00-0300",27.73,27.11,18.02,23.9
"2026-09-11 16:32:00-0300",27.71,27.1,17.98,23.9
"2026-09-11 16:33:00-0300",27.71,27.1,18.02,23.9
"2026-09-11 16:34:00-0300",27.71,27.1,18.02,23.8
"2026-09-11 16:35:00-0300",27.71,27.1,18.02,23.9
"2026-09-11 16:36:00-0300",27.7,27.1,18.02,23.9
"2026-09-11 16:37:00-0300",27.71,27.1,17.98,23.9
"2026-09-11 16:38:00-0300",27.7,27.1,18.02,23.9
"2026-09-11 16:39:00-0300",27.7,27.1,18.02,23.8
"2026-09-11 16:40:00-0300",27.69,27.1,17.98,23.8
"2026-09-11 16:41:00-0300",27.69,27.1,18.02,23.9
"2026-09-11 16:42:00-0300",27.69,27.09,17.98,23.9
"2026-09-11 16:43:00-0300",27.7,27.1,18.02,23.8
"2026-09-11 16:44:00-0300",27.68,27.09,17.98,23.7
"2026-09-11 16:45:00-0300",27.68,27.09,17.98,23.9
"2026-09-11 16:46:00-0300",27.68,27.09,17.98,23.8
"2026-09-11 16:47:00-0300",27.68,27.09,18.02,23.8
"2026-09-11 16:48:00-0300",27.68,27.09,17.98,23.8
"2026-09-11 16:49:00-0300",27.67,27.09,17.98,23.9
"2026-09-11 16:50:00-0300",27.67,27.09,17.98,23.9
"2026-09-11 16:51:00-0300",27.67,27.09,17.98,23.8
"2026-09-11 16:52:00-0300",27.66,27.09,18.02,23.8
"2026-09-11 16:53:00-0300",27.66,27.09,17.98,23.8
"2026-09-11 16:54:00-0300",27.66,27.09,17.98,23.8
"2026-09-11 16:55:00-0300",27.66,27.08,17.98,23.8
"2026-09-11 16:56:00-0300",27.66,27.08,17.98,23.8
"2026-09-11 16:57:00-0300",27.65,27.08,17.98,23.8
"2026-09-11 16:58:00-0300",27.65,27.08,17.98,23.8
"2026-09-11 16:59:00-0300",27.65,27.08,17.98,23.8
"2026-09-11 17:00:00-0300",27.64,27.08,17.98,23.8
"2026-09-11 17:01:00-0300",27.64,27.08,17.98,23.8
"2026-09-11 17:02:00-0300",27.65,27.08,17.98,23.8
"2026-09-11 17:03:00-0300",27.64,27.08,17.98,23.8
"2026-09-11 17:04:00-0300",27.64,27.08,17.98,23.8
"2026-09-11 17:05:00-0300",27.63,27.08,17.98,23.8
"2026-09-11 17:06:00-0300",27.63,27.08,17.92,23.8
"2026-09-11 17:07:00-0300",27.63,27.08,17.92,23.8
"2026-09-11 17:08:00-0300",27.64,27.08,17.98,23.8
"2026-09-11 17:09:00-0300",27.62,27.07,17.86,23.8
"2026-09-11 17:10:00-0300",27.62,27.07,17.92,23.8
"2026-09-11 17:11:00-0300",27.62,27.07,17.92,23.7
"2026-09-11 17:12:00-0300",27.62,27.07,17.92,23.8
"2026-09-11 17:13:00-0300",27.61,27.07,17.92,23.8
"2026-09-11 17:14:00-0300",27.61,27.07,17.92,23.7
"2026-09-11 17:15:00-0300",27.61,27.07,17.92,23.8
"2026-09-11 17:16:00-0300",27.6,27.07,17.86,23.7
"2026-09-11 17:17:00-0300",27.6,27.07,17.86,23.8
"2026-09-11 17:18:00-0300",27.6,27.07,17.92,23.8
"2026-09-11 17:19:00-0300",27.6,27.07,17.86,23.8
"2026-09-11 17:20:00-0300",27.6,27.07,17.86,23.8
"2026-09-11 17:21:00-0300",27.61,27.07,17.86,23.8
"2026-09-11 17:22:00-0300",27.59,27.06,17.86,23.7
"2026-09-11 17:23:00-0300",27.59,27.06,17.86,23.8
"2026-09-11 17:24:00-0300",27.59,27.06,17.86,23.8
"2026-09-11 17:25:00-0300",27.59,27.06,17.86,23.8
"2026-09-11 17:26:00-0300",27.58,27.06,17.86,23.8
"2026-09-11 17:27:00-0300",27.59,27.06,17.86,23.8
"2026-09-11 17:28:00-0300",27.58,27.06,17.86,23.8
"2026-09-11 17:29:00-0300",27.58,27.06,17.86,23.8
"2026-09-11 17:30:00-0300",27.58,27.06,17.86,23.8
"2026-09-11 17:31:00-0300",27.58,27.06,17.86,23.8
"2026-09-11 17:32:00-0300",27.57,27.06,17.86,23.8
"2026-09-11 17:33:00-0300",27.58,27.06,17.86,23.7
"2026-09-11 17:34:00-0300",27.57,27.06,17.86,23.7
"2026-09-11 17:35:00-0300",27.57,27.06,17.86,23.8
"2026-09-11 17:36:00-0300",27.56,27.05,17.86,23.8
"2026-09-11 17:37:00-0300",27.56,27.05,17.86,23.7
"2026-09-11 17:38:00-0300",27.56,27.05,17.86,23.8
"2026-09-11 17:39:00-0300",27.56,27.05,17.86,23.7
"2026-09-11 17:40:00-0300",27.57,27.06,17.86,23.7
"2026-09-11 17:41:00-0300",27.56,27.05,17.86,23.8
"2026-09-11 17:42:00-0300",27.57,27.06,17.86,23.9
"2026-09-11 17:43:00-0300",27.61,27.07,17.86,23.6
"2026-09-11 17:44:00-0300",27.6,27.07,17.86,23.6
"2026-09-11 17:45:00-0300",27.6,27.07,17.86,23.6
"2026-09-11 17:46:00-0300",27.62,27.07,17.86,23.7
"2026-09-11 17:47:00-0300",27.55,27.05,17.86,23.7
"2026-09-11 17:48:00-0300",27.56,27.05,17.86,23.8
"2026-09-11 17:49:00-0300",27.57,27.06,17.86,23.6
"2026-09-11 17:50:00-0300",27.6,27.07,17.86,23.8
"2026-09-11 17:51:00-0300",27.6,27.07,17.86,23.8
"2026-09-11 17:52:00-0300",27.6,27.07,17.86,23.8
"2026-09-11 17:53:00-0300",27.6,27.07,17.86,23.7
"2026-09-11 17:54:00-0300",27.59,27.06,17.86,23.8
"2026-09-11 17:55:00-0300",27.58,27.06,17.86,23.7
"2026-09-11 17:56:00-0300",27.53,27.04,17.86,23.5
"2026-09-11 17:57:00-0300",27.52,27.04,17.86,23.6
"2026-09-11 17:58:00-0300",27.52,27.04,17.86,23.6
"2026-09-11 17:59:00-0300",27.54,27.05,17.86,23.6
"2026-09-11 18:00:00-0300",27.51,27.04,17.86,23.6
"2026-09-11 18:01:00-0300",27.51,27.04,17.86,23.7
"2026-09-11 18:02:00-0300",27.51,27.04,17.86,23.7
"2026-09-11 18:03:00-0300",27.5,27.04,17.86,23.6
"2026-09-11 18:04:00-0300",27.49,27.03,17.86,23.6
"2026-09-11 18:05:00-0300",27.47,27.03,17.86,23.9
"2026-09-11 18:06:00-0300",27.45,27.02,17.86,23.7
"2026-09-11 18:07:00-0300",27.46,27.02,17.86,23.7
"2026-09-11 18:08:00-0300",27.46,27.02,17.86,23.7
"2026-09-11 18:09:00-0300",27.46,27.02,17.86,23.9
"2026-09-11 18:10:00-0300",27.46,27.02,17.86,24.5
"2026-09-11 18:11:00-0300",27.49,27.03,17.86,25.5
"2026-09-11 18:12:00-0300",27.47,27.03,17.86,27.2
"2026-09-11 18:13:00-0300",27.48,27.03,17.86,29
"2026-09-11 18:14:00-0300",27.48,27.03,17.86,30.3
"2026-09-11 18:15:00-0300",27.5,27.04,17.86,32.3
"2026-09-11 18:16:00-0300",27.54,27.05,17.86,34.6
"2026-09-11 18:17:00-0300",27.59,27.06,17.86,38.5
"2026-09-11 18:18:00-0300",27.65,27.08,17.86,40.6
"2026-09-11 18:19:00-0300",27.74,27.11,17.92,41.5
"2026-09-11 18:20:00-0300",27.86,27.15,17.98,42.1
"2026-09-11 18:21:00-0300",28.02,27.2,18.02,42.3
"2026-09-11 18:22:00-0300",28.21,27.26,18.18,43
"2026-09-11 18:23:00-0300",28.37,27.31,18.34,43.5
"2026-09-11 18:24:00-0300",28.63,27.39,18.53,43.6
"2026-09-11 18:25:00-0300",28.84,27.46,18.9,43.8
"2026-09-11 18:26:00-0300",29.03,27.51,19.25,44
"2026-09-11 18:27:00-0300",29.19,27.57,19.56,43.5
"2026-09-11 18:28:00-0300",29.34,27.61,19.77,43.3
"2026-09-11 18:29:00-0300",29.47,27.65,19.92,44
"2026-09-11 18:30:00-0300",29.58,27.68,20.13,44.3
"2026-09-11 18:31:00-0300",29.67,27.71,20.28,44.5
"2026-09-11 18:32:00-0300",29.75,27.74,20.34,44.5
"2026-09-11 18:33:00-0300",29.83,27.76,20.45,44.5
"2026-09-11 18:34:00-0300",29.91,27.79,20.6,45
"2026-09-11 18:35:00-0300",30,27.82,20.66,45.3
"2026-09-11 18:36:00-0300",30.08,27.84,20.81,45.3
"2026-09-11 18:37:00-0300",30.19,27.87,20.97,45.1
"2026-09-11 18:38:00-0300",30.31,27.91,21.18,45.3
"2026-09-11 18:39:00-0300",30.43,27.95,21.33,44.6
"2026-09-11 18:40:00-0300",30.53,27.97,21.49,45.1
"2026-09-11 18:41:00-0300",30.6,28,21.49,45.1
"2026-09-11 18:42:00-0300",30.66,28.02,21.6,45.6
"2026-09-11 18:43:00-0300",30.72,28.03,21.69,45.6
"2026-09-11 18:44:00-0300",30.77,28.05,21.69,45.6
"2026-09-11 18:45:00-0300",30.83,28.07,21.86,45.1
"2026-09-11 18:46:00-0300",30.97,28.11,22.07,45.5
"2026-09-11 18:47:00-0300",31.08,28.14,22.22,45.3
"2026-09-11 18:48:00-0300",31.19,28.18,22.38,45.3
"2026-09-11 18:49:00-0300",31.3,28.21,22.59,45.3
"2026-09-11 18:50:00-0300",31.4,28.24,22.75,45.3
"2026-09-11 18:51:00-0300",31.5,28.27,22.91,45.3
"2026-09-11 18:52:00-0300",31.63,28.31,23.13,45.1
"2026-09-11 18:53:00-0300",31.7,28.33,23.28,45.8
"2026-09-11 18:54:00-0300",31.81,28.36,23.44,46.1
"2026-09-11 18:55:00-0300",31.92,28.39,23.67,46.3
"2026-09-11 18:56:00-0300",32.01,28.42,23.67,46.1
"2026-09-11 18:57:00-0300",32.07,28.44,23.67,46
"2026-09-11 18:58:00-0300",32.15,28.46,23.77,46
"2026-09-11 18:59:00-0300",32.17,28.47,23.82,45.6
"2026-09-11 19:00:00-0300",32.22,28.48,23.82,46.8
"2026-09-11 19:01:00-0300",32.25,28.49,23.93,47.1
"2026-09-11 19:02:00-0300",32.29,28.5,23.98,47.1
"2026-09-11 19:03:00-0300",32.32,28.51,24.03,47
"2026-09-11 19:04:00-0300",32.38,28.53,24.03,46.8
"2026-09-11 19:05:00-0300",32.37,28.53,23.98,47.1
"2026-09-11 19:06:00-0300",32.38,28.53,23.98,47.8
"2026-09-11 19:07:00-0300",32.4,28.54,23.98,47.8
"2026-09-11 19:08:00-0300",32.41,28.54,23.98,48.1
"2026-09-11 19:09:00-0300",32.41,28.54,24.03,47.6
"2026-09-11 19:10:00-0300",32.42,28.54,23.98,47.1
"2026-09-11 19:11:00-0300",32.43,28.55,24.03,48
"2026-09-11 19:12:00-0300",32.45,28.55,24.03,48.1
"2026-09-11 19:13:00-0300",32.47,28.56,24.03,48.3
"2026-09-11 19:14:00-0300",32.47,28.56,23.98,48.6
"2026-09-11 19:15:00-0300",32.51,28.57,23.98,48.3
"2026-09-11 19:16:00-0300",32.47,28.56,23.82,48.6
"2026-09-11 19:17:00-0300",32.46,28.56,23.82,49.3
"2026-09-11 19:18:00-0300",32.45,28.55,23.82,49.5
"2026-09-11 19:19:00-0300",32.44,28.55,23.77,48.8
"2026-09-11 19:20:00-0300",32.43,28.55,23.77,49
"2026-09-11 19:21:00-0300",32.45,28.55,23.72,49
"2026-09-11 19:22:00-0300",32.41,28.54,23.67,48.8
"2026-09-11 19:23:00-0300",32.39,28.54,23.67,48.8
"2026-09-11 19:24:00-0300",32.38,28.53,23.67,49.1
"2026-09-11 19:25:00-0300",32.37,28.53,23.62,48.5
"2026-09-11 19:26:00-0300",32.39,28.53,23.55,49
"2026-09-11 19:27:00-0300",32.35,28.52,23.44,48.8
"2026-09-11 19:28:00-0300",32.34,28.52,23.49,48.6
"2026-09-11 19:29:00-0300",32.34,28.52,23.49,48.6
"2026-09-11 19:30:00-0300",32.35,28.52,23.55,48.6
"2026-09-11 19:31:00-0300",32.36,28.53,23.55,48
"2026-09-11 19:32:00-0300",32.41,28.54,23.62,48.1
"2026-09-11 19:33:00-0300",32.39,28.53,23.62,48.5
"2026-09-11 19:34:00-0300",32.4,28.54,23.62,48.3
"2026-09-11 19:35:00-0300",32.41,28.54,23.62,48.3
"2026-09-11 19:36:00-0300",32.41,28.54,23.62,48.3
"2026-09-11 19:37:00-0300",32.42,28.54,23.62,48
"2026-09-11 19:38:00-0300",32.43,28.55,23.62,48
"2026-09-11 19:39:00-0300",32.44,28.55,23.62,48.3
"2026-09-11 19:40:00-0300",32.45,28.55,23.62,48.1
"2026-09-11 19:41:00-0300",32.46,28.55,23.55,48
"2026-09-11 19:42:00-0300",32.46,28.56,23.49,48
"2026-09-11 19:43:00-0300",32.49,28.57,23.49,47.6
"2026-09-11 19:44:00-0300",32.46,28.55,23.44,47.6
"2026-09-11 19:45:00-0300",32.45,28.55,23.44,47.8
"2026-09-11 19:46:00-0300",32.44,28.55,23.44,47.6
"2026-09-11 19:47:00-0300",32.44,28.55,23.44,48.1
"2026-09-11 19:48:00-0300",32.43,28.55,23.44,48.1
"2026-09-11 19:49:00-0300",32.42,28.55,23.44,48.1
"2026-09-11 19:50:00-0300",32.43,28.55,23.44,48
"2026-09-11 19:51:00-0300",32.46,28.55,23.44,48.5
"2026-09-11 19:52:00-0300",32.5,28.57,23.44,48.8
"2026-09-11 19:53:00-0300",32.54,28.58,23.44,48.5
"2026-09-11 19:54:00-0300",32.6,28.6,23.49,48.6
"2026-09-11 19:55:00-0300",32.57,28.59,23.44,48.5
"2026-09-11 19:56:00-0300",32.57,28.59,23.44,48.3
"2026-09-11 19:57:00-0300",32.56,28.59,23.44,48.5
"2026-09-11 19:58:00-0300",32.55,28.58,23.44,48.5
"2026-09-11 19:59:00-0300",32.53,28.58,23.44,48.6
"2026-09-11 20:00:00-0300",32.51,28.57,23.44,48.6
"2026-09-11 20:01:00-0300",32.49,28.56,23.28,47.1
"2026-09-11 20:02:00-0300",32.46,28.56,23.28,48.1
"2026-09-11 20:03:00-0300",32.44,28.55,23.28,48.5
"2026-09-11 20:04:00-0300",32.43,28.55,23.23,48.6
"2026-09-11 20:05:00-0300",32.45,28.55,23.23,48.6
"2026-09-11 20:06:00-0300",32.44,28.55,23.28,48.5
"2026-09-11 20:07:00-0300",32.41,28.54,23.23,47.6
"2026-09-11 20:08:00-0300",32.41,28.54,23.23,48.3
"2026-09-11 20:09:00-0300",32.4,28.54,23.18,48.5
"2026-09-11 20:10:00-0300",32.43,28.55,23.13,48.6
"2026-09-11 20:11:00-0300",32.38,28.53,23.13,48.5
"2026-09-11 20:12:00-0300",32.38,28.53,23.13,48.5
"2026-09-11 20:13:00-0300",32.39,28.53,23.13,47.6
"2026-09-11 20:14:00-0300",32.41,28.54,23.18,48.5
"2026-09-11 20:15:00-0300",32.44,28.55,23.23,47.8
"2026-09-11 20:16:00-0300",32.46,28.56,23.28,48.6
"2026-09-11 20:17:00-0300",32.48,28.56,23.28,48.8
"2026-09-11 20:18:00-0300",32.49,28.57,23.28,47.8
"2026-09-11 20:19:00-0300",32.51,28.57,23.28,48.5
"2026-09-11 20:20:00-0300",32.52,28.57,23.28,48.8
"2026-09-11 20:21:00-0300",32.55,28.58,23.28,47.6
"2026-09-11 20:22:00-0300",32.57,28.59,23.34,49.3
"2026-09-11 20:23:00-0300",32.6,28.6,23.39,49.3
"2026-09-11 20:24:00-0300",32.62,28.6,23.44,47.8
"2026-09-11 20:25:00-0300",32.65,28.61,23.44,49
"2026-09-11 20:26:00-0300",32.7,28.63,23.44,49.5
"2026-09-11 20:27:00-0300",32.69,28.62,23.44,50
"2026-09-11 20:28:00-0300",32.72,28.63,23.44,50.2
"2026-09-11 20:29:00-0300",32.73,28.64,23.44,50.5
"2026-09-11 20:30:00-0300",32.74,28.64,23.44,51
"2026-09-11 20:31:00-0300",32.78,28.65,23.44,50.7
"2026-09-11 20:32:00-0300",32.75,28.64,23.44,50.5
"2026-09-11 20:33:00-0300",32.75,28.64,23.44,50.5
"2026-09-11 20:34:00-0300",32.75,28.64,23.44,50.5
"2026-09-11 20:35:00-0300",32.77,28.65,23.49,48.8
"2026-09-11 20:36:00-0300",32.82,28.66,23.55,50.5
"2026-09-11 20:37:00-0300",32.82,28.66,23.67,50.5
"2026-09-11 20:38:00-0300",32.84,28.67,23.67,51
"2026-09-11 20:39:00-0300",32.86,28.67,23.67,51.2
"2026-09-11 20:40:00-0300",32.87,28.68,23.67,51.5
"2026-09-11 20:41:00-0300",32.88,28.68,23.67,50.5
"2026-09-11 20:42:00-0300",32.91,28.69,23.67,51
"2026-09-11 20:43:00-0300",32.88,28.68,23.67,51.7
"2026-09-11 20:44:00-0300",32.88,28.68,23.67,50.5
"2026-09-11 20:45:00-0300",32.86,28.67,23.67,51.2
"2026-09-11 20:46:00-0300",32.86,28.67,23.62,51.5
"2026-09-11 20:47:00-0300",32.88,28.68,23.55,50.7
"2026-09-11 20:48:00-0300",32.83,28.66,23.49,51.7
"2026-09-11 20:49:00-0300",32.81,28.66,23.44,50
"2026-09-11 20:50:00-0300",32.78,28.65,23.44,51.5
"2026-09-11 20:51:00-0300",32.76,28.65,23.44,52
"2026-09-11 20:52:00-0300",32.78,28.65,23.44,52.2
"2026-09-11 20:53:00-0300",32.74,28.64,23.44,52
"2026-09-11 20:54:00-0300",32.74,28.64,23.44,52
"2026-09-11 20:55:00-0300",32.75,28.64,23.44,51
"2026-09-11 20:56:00-0300",32.77,28.65,23.44,50.5
"2026-09-11 20:57:00-0300",32.82,28.66,23.55,49.8
"2026-09-11 20:58:00-0300",32.8,28.66,23.62,49.5
"2026-09-11 20:59:00-0300",32.82,28.66,23.67,51
"2026-09-11 21:00:00-0300",32.83,28.67,23.67,51
"2026-09-11 21:01:00-0300",32.85,28.67,23.72,51.7
"2026-09-11 21:02:00-0300",32.88,28.68,23.77,51.7
"2026-09-11 21:03:00-0300",32.87,28.68,23.82,51.7
"2026-09-11 21:04:00-0300",32.87,28.68,23.82,50.5
"2026-09-11 21:05:00-0300",32.89,28.68,23.82,51
"2026-09-11 21:06:00-0300",32.89,28.68,23.82,52.5
"2026-09-11 21:07:00-0300",32.91,28.69,23.82,52.7
"2026-09-11 21:08:00-0300",32.9,28.68,23.82,53
"2026-09-11 21:09:00-0300",32.91,28.69,23.98,53
"2026-09-11 21:10:00-0300",32.93,28.69,24.03,51.7
"2026-09-11 21:11:00-0300",32.95,28.7,24.03,51.5
"2026-09-11 21:12:00-0300",33,28.71,24.03,50.5
"2026-09-11 21:13:00-0300",32.99,28.71,24.03,51.5
"2026-09-11 21:14:00-0300",33.01,28.72,24.03,51.5
"2026-09-11 21:15:00-0300",33.03,28.72,24.03,50.5
"2026-09-11 21:16:00-0300",33.05,28.73,24.03,49.6
"2026-09-11 21:17:00-0300",33.09,28.74,24.03,51.5
"2026-09-11 21:18:00-0300",33.06,28.73,24.03,49.6
"2026-09-11 21:19:00-0300",33.06,28.73,24.03,50
"2026-09-11 21:20:00-0300",33.05,28.73,24.03,49.5
"2026-09-11 21:21:00-0300",33.03,28.72,23.98,51.7
"2026-09-11 21:22:00-0300",33.01,28.72,23.82,49.6
"2026-09-11 21:23:00-0300",32.99,28.71,23.82,49.8
"2026-09-11 21:24:00-0300",32.96,28.7,23.82,51.2
"2026-09-11 21:25:00-0300",32.94,28.7,23.77,51
"2026-09-11 21:26:00-0300",32.92,28.69,23.67,51.2
"2026-09-11 21:27:00-0300",32.9,28.69,23.67,49.1
"2026-09-11 21:28:00-0300",32.87,28.68,23.67,49
"2026-09-11 21:29:00-0300",32.85,28.67,23.55,49.6
"2026-09-11 21:30:00-0300",32.82,28.66,23.44,50
"2026-09-11 21:31:00-0300",32.78,28.65,23.44,50.2
"2026-09-11 21:32:00-0300",32.75,28.64,23.44,50
"2026-09-11 21:33:00-0300",32.72,28.63,23.34,50
"2026-09-11 21:34:00-0300",32.69,28.62,23.28,50
"2026-09-11 21:35:00-0300",32.67,28.62,23.28,49.1
"2026-09-11 21:36:00-0300",32.64,28.61,23.28,49.3
"2026-09-11 21:37:00-0300",32.62,28.6,23.18,49.1
"2026-09-11 21:38:00-0300",32.61,28.6,23.18,49.8
"2026-09-11 21:39:00-0300",32.59,28.59,23.13,50.2
"2026-09-11 21:40:00-0300",32.57,28.59,23.13,48.6
"2026-09-11 21:41:00-0300",32.55,28.58,23.13,49.3
"2026-09-11 21:42:00-0300",32.53,28.58,23.13,49.8
"2026-09-11 21:43:00-0300",32.52,28.57,23.13,49.8
"2026-09-11 21:44:00-0300",32.5,28.57,23.07,50.2
"2026-09-11 21:45:00-0300",32.49,28.56,23.02,50
"2026-09-11 21:46:00-0300",32.47,28.56,23.02,50
"2026-09-11 21:47:00-0300",32.46,28.56,22.91,50
"2026-09-11 21:48:00-0300",32.44,28.55,22.91,50
"2026-09-11 21:49:00-0300",32.43,28.55,22.91,48.5
"2026-09-11 21:50:00-0300",32.41,28.54,22.91,48.5
"2026-09-11 21:51:00-0300",32.4,28.54,22.91,49.5
"2026-09-11 21:52:00-0300",32.39,28.53,22.91,49
"2026-09-11 21:53:00-0300",32.37,28.53,22.91,49.1
"2026-09-11 21:54:00-0300",32.36,28.53,22.81,49.5
"2026-09-11 21:55:00-0300",32.35,28.52,22.75,49.5
"2026-09-11 21:56:00-0300",32.33,28.52,22.75,49.5
"2026-09-11 21:57:00-0300",32.31,28.51,22.75,47.8
"2026-09-11 21:58:00-0300",32.29,28.5,22.75,47.6
"2026-09-11 21:59:00-0300",32.27,28.5,22.75,49.1
"2026-09-11 22:00:00-0300",32.25,28.49,22.65,47.3
"2026-09-11 22:01:00-0300",32.22,28.48,22.65,47.3
"2026-09-11 22:02:00-0300",32.2,28.48,22.59,47.6
"2026-09-11 22:03:00-0300",32.2,28.48,22.59,47.6
"2026-09-11 22:04:00-0300",32.14,28.46,22.59,47.5
"2026-09-11 22:05:00-0300",32.12,28.45,22.54,47.3
"2026-09-11 22:06:00-0300",32.09,28.45,22.43,45.3
"2026-09-11 22:07:00-0300",32.07,28.44,22.38,45.6
"2026-09-11 22:08:00-0300",32.07,28.44,22.38,46.1
"2026-09-11 22:09:00-0300",32.02,28.42,22.33,44.3
"2026-09-11 22:10:00-0300",31.99,28.42,22.33,44.8
"2026-09-11 22:11:00-0300",31.97,28.41,22.33,44.8
"2026-09-11 22:12:00-0300",31.94,28.4,22.27,44.6
"2026-09-11 22:13:00-0300",31.95,28.4,22.22,43.5
"2026-09-11 22:14:00-0300",31.9,28.39,22.22,42.8
"2026-09-11 22:15:00-0300",31.88,28.38,22.22,42.6
"2026-09-11 22:16:00-0300",31.85,28.38,22.18,43.1
"2026-09-11 22:17:00-0300",31.84,28.37,22.18,43.1
"2026-09-11 22:18:00-0300",31.85,28.37,22.13,41.6
"2026-09-11 22:19:00-0300",31.8,28.36,22.13,42.5
"2026-09-11 22:20:00-0300",31.79,28.36,22.07,42.5
"2026-09-11 22:21:00-0300",31.77,28.35,22.13,42.3
"2026-09-11 22:22:00-0300",31.76,28.35,22.07,40.8
"2026-09-11 22:23:00-0300",31.77,28.35,22.07,40.6
"2026-09-11 22:24:00-0300",31.73,28.34,22.07,41.8
"2026-09-11 22:25:00-0300",31.72,28.33,22.07,40.1
"2026-09-11 22:26:00-0300",31.7,28.33,22.07,40.6
"2026-09-11 22:27:00-0300",31.69,28.33,22.07,40
"2026-09-11 22:28:00-0300",31.71,28.33,22.07,41.3
"2026-09-11 22:29:00-0300",31.66,28.32,22.07,41.1
"2026-09-11 22:30:00-0300",31.65,28.31,22.07,39.4
"2026-09-11 22:31:00-0300",31.64,28.31,22.07,40.1
"2026-09-11 22:32:00-0300",31.63,28.31,22.07,40.6
"2026-09-11 22:33:00-0300",31.65,28.31,22.07,40.1
"2026-09-11 22:34:00-0300",31.61,28.3,22.07,39.4
"2026-09-11 22:35:00-0300",31.61,28.3,22.13,40.1
"2026-09-11 22:36:00-0300",31.61,28.3,22.07,40.6
"2026-09-11 22:37:00-0300",31.61,28.3,22.18,41
"2026-09-11 22:38:00-0300",31.63,28.31,22.18,38.5
"2026-09-11 22:39:00-0300",31.61,28.3,22.22,40.5
"2026-09-11 22:40:00-0300",31.6,28.3,22.22,40.6
"2026-09-11 22:41:00-0300",31.6,28.3,22.22,38.8
"2026-09-11 22:42:00-0300",31.61,28.3,22.22,39.4
"2026-09-11 22:43:00-0300",31.61,28.3,22.22,40.3
"2026-09-11 22:44:00-0300",31.61,28.3,22.22,40
"2026-09-11 22:45:00-0300",31.62,28.3,22.22,40.6
"2026-09-11 22:46:00-0300",31.62,28.31,22.22,40.8
"2026-09-11 22:47:00-0300",31.63,28.31,22.22,38.8
"2026-09-11 22:48:00-0300",31.65,28.31,22.27,41
"2026-09-11 22:49:00-0300",31.67,28.32,22.33,41.1
"2026-09-11 22:50:00-0300",31.69,28.32,22.33,40
"2026-09-11 22:51:00-0300",31.71,28.33,22.38,40.3
"2026-09-11 22:52:00-0300",31.74,28.34,22.38,40.5
"2026-09-11 22:53:00-0300",31.76,28.35,22.38,40.6
"2026-09-11 22:54:00-0300",31.79,28.36,22.38,42.3
"2026-09-11 22:55:00-0300",31.83,28.37,22.49,41.1
"2026-09-11 22:56:00-0300",31.86,28.38,22.54,42.1
"2026-09-11 22:57:00-0300",31.9,28.39,22.59,42.6
"2026-09-11 22:58:00-0300",31.94,28.4,22.59,43.8
"2026-09-11 22:59:00-0300",32,28.42,22.59,44
"2026-09-11 23:00:00-0300",32.01,28.42,22.65,44.3
"2026-09-11 23:01:00-0300",32.04,28.43,22.65,44.8
"2026-09-11 23:02:00-0300",32.07,28.44,22.7,45.3
"2026-09-11 23:03:00-0300",32.09,28.45,22.75,45.6
"2026-09-11 23:04:00-0300",32.15,28.46,22.75,46
"2026-09-11 23:05:00-0300",32.14,28.46,22.75,46.1
"2026-09-11 23:06:00-0300",32.17,28.47,22.75,45
"2026-09-11 23:07:00-0300",32.19,28.47,22.75,46.5
"2026-09-11 23:08:00-0300",32.2,28.48,22.75,45.3
"2026-09-11 23:09:00-0300",32.22,28.48,22.75,46.5
"2026-09-11 23:10:00-0300",32.23,28.49,22.81,45.6
"2026-09-11 23:11:00-0300",32.25,28.49,22.81,46.1
"2026-09-11 23:12:00-0300",32.26,28.5,22.86,46.5
"2026-09-11 23:13:00-0300",32.27,28.5,22.91,46.6
"2026-09-11 23:14:00-0300",32.29,28.5,22.91,45.5
"2026-09-11 23:15:00-0300",32.3,28.51,22.91,45.5
"2026-09-11 23:16:00-0300",32.31,28.51,22.91,46.1
"2026-09-11 23:17:00-0300",32.33,28.52,22.91,46.5
"2026-09-11 23:18:00-0300",32.34,28.52,22.91,47.3
"2026-09-11 23:19:00-0300",32.35,28.52,22.91,48.5
"2026-09-11 23:20:00-0300",32.39,28.54,22.91,48.3
"2026-09-11 23:21:00-0300",32.37,28.53,22.91,48.5
"2026-09-11 23:22:00-0300",32.38,28.53,22.91,48
"2026-09-11 23:23:00-0300",32.39,28.54,22.91,48.6
"2026-09-11 23:24:00-0300",32.4,28.54,22.91,48.5
"2026-09-11 23:25:00-0300",32.45,28.55,22.91,48.1
"2026-09-11 23:26:00-0300",32.43,28.55,22.91,48.5
"2026-09-11 23:27:00-0300",32.45,28.55,22.97,48.6
"2026-09-11 23:28:00-0300",32.47,28.56,23.02,47.1
"2026-09-11 23:29:00-0300",32.48,28.56,23.13,48.6
"2026-09-11 23:30:00-0300",32.52,28.57,23.07,48.8
"2026-09-11 23:31:00-0300",32.49,28.57,23.07,47.5
"2026-09-11 23:32:00-0300",32.49,28.57,23.13,48.1
"2026-09-11 23:33:00-0300",32.49,28.57,23.13,48.6
"2026-09-11 23:34:00-0300",32.5,28.57,23.13,49
"2026-09-11 23:35:00-0300",32.54,28.58,23.13,48.8
"2026-09-11 23:36:00-0300",32.51,28.57,23.13,48.8
"2026-09-11 23:37:00-0300",32.52,28.57,23.13,49.1
"2026-09-11 23:38:00-0300",32.52,28.57,23.13,49.1
"2026-09-11 23:39:00-0300",32.53,28.58,23.13,47.6
"2026-09-11 23:40:00-0300",32.57,28.59,23.18,49.1
"2026-09-11 23:41:00-0300",32.55,28.58,23.18,49.3
"2026-09-11 23:42:00-0300",32.56,28.59,23.23,49.5
"2026-09-11 23:43:00-0300",32.58,28.59,23.23,49.5
"2026-09-11 23:44:00-0300",32.59,28.59,23.23,48.1
"2026-09-11 23:45:00-0300",32.6,28.6,23.28,48.3
"2026-09-11 23:46:00-0300",32.61,28.6,23.28,49.8
"2026-09-11 23:47:00-0300",32.62,28.6,23.28,48.5
"2026-09-11 23:48:00-0300",32.63,28.61,23.28,48.8
"2026-09-11 23:49:00-0300",32.64,28.61,23.28,49.1
"2026-09-11 23:50:00-0300",32.64,28.61,23.28,49.6
"2026-09-11 23:51:00-0300",32.68,28.62,23.28,49.6
"2026-09-11 23:52:00-0300",32.65,28.61,23.28,49.8
"2026-09-11 23:53:00-0300",32.65,28.61,23.28,48
"2026-09-11 23:54:00-0300",32.65,28.61,23.28,49.8
"2026-09-11 23:55:00-0300",32.65,28.61,23.28,48.1
"2026-09-11 23:56:00-0300",32.69,28.62,23.28,48.3
"2026-09-11 23:57:00-0300",32.65,28.61,23.28,48.5
"2026-09-11 23:58:00-0300",32.65,28.61,23.23,49.5
"2026-09-11 23:59:00-0300",32.65,28.61,23.28,49.6
"2026-09-12 00:00:00-0300",32.65,28.61,23.23,49.5
"2026-09-12 00:01:00-0300",32.65,28.61,23.23,49.5
"2026-09-12 00:02:00-0300",32.65,28.61,23.28,49.8
"2026-09-12 00:03:00-0300",32.65,28.61,23.23,50
"2026-09-12 00:04:00-0300",32.65,28.61,23.23,50.2
"2026-09-12 00:05:00-0300",32.65,28.61,23.23,49.1
"2026-09-12 00:06:00-0300",32.64,28.61,23.23,49.3
"2026-09-12 00:07:00-0300",32.64,28.61,23.23,49.5
"2026-09-12 00:08:00-0300",32.64,28.61,23.23,50.7
"2026-09-12 00:09:00-0300",32.64,28.61,23.18,50
"2026-09-12 00:10:00-0300",32.63,28.61,23.18,49.8
"2026-09-12 00:11:00-0300",32.66,28.62,23.18,49.8
"2026-09-12 00:12:00-0300",32.62,28.6,23.18,50
"2026-09-12 00:13:00-0300",32.6,28.6,23.13,48.1
"2026-09-12 00:14:00-0300",32.59,28.6,23.13,48.1
"2026-09-12 00:15:00-0300",32.58,28.59,23.13,49
"2026-09-12 00:16:00-0300",32.6,28.6,23.13,48.3
"2026-09-12 00:17:00-0300",32.56,28.58,23.13,48.5
"2026-09-12 00:18:00-0300",32.54,28.58,23.13,49.1
"2026-09-12 00:19:00-0300",32.53,28.58,23.13,49.3
"2026-09-12 00:20:00-0300",32.51,28.57,23.07,49.5
"2026-09-12 00:21:00-0300",32.53,28.58,23.02,49.3
"2026-09-12 00:22:00-0300",32.48,28.56,22.97,49.3
"2026-09-12 00:23:00-0300",32.47,28.56,22.97,49.3
"2026-09-12 00:24:00-0300",32.46,28.56,23.02,49.1
"2026-09-12 00:25:00-0300",32.46,28.55,23.02,49.1
"2026-09-12 00:26:00-0300",32.48,28.56,23.02,49.1
"2026-09-12 00:27:00-0300",32.45,28.55,23.02,47.6
"2026-09-12 00:28:00-0300",32.45,28.55,23.02,49.1
"2026-09-12 00:29:00-0300",32.45,28.55,23.02,47.6
"2026-09-12 00:30:00-0300",32.45,28.55,23.07,47.8
"2026-09-12 00:31:00-0300",32.48,28.56,23.02,49.1
"2026-09-12 00:32:00-0300",32.45,28.55,22.97,48.8
"2026-09-12 00:33:00-0300",32.44,28.55,22.97,48.5
"2026-09-12 00:34:00-0300",32.44,28.55,22.97,48.8
"2026-09-12 00:35:00-0300",32.44,28.55,22.91,49
"2026-09-12 00:36:00-0300",32.46,28.56,22.91,49
"2026-09-12 00:37:00-0300",32.43,28.55,22.91,48.3
"2026-09-12 00:38:00-0300",32.42,28.54,22.91,48.8
"2026-09-12 00:39:00-0300",32.41,28.54,22.91,48.3
"2026-09-12 00:40:00-0300",32.41,28.54,22.91,48.3
"2026-09-12 00:41:00-0300",32.44,28.55,22.91,48.8
"2026-09-12 00:42:00-0300",32.41,28.54,22.91,48.8
"2026-09-12 00:43:00-0300",32.42,28.54,22.91,48.6
"2026-09-12 00:44:00-0300",32.43,28.55,22.91,49
"2026-09-12 00:45:00-0300",32.44,28.55,22.91,47.5
"2026-09-12 00:46:00-0300",32.49,28.56,22.97,47.5
"2026-09-12 00:47:00-0300",32.48,28.56,23.02,48.3
"2026-09-12 00:48:00-0300",32.5,28.57,23.02,49
"2026-09-12 00:49:00-0300",32.52,28.57,23.07,49.1
"2026-09-12 00:50:00-0300",32.54,28.58,23.07,48.8
"2026-09-12 00:51:00-0300",32.59,28.6,23.07,49.1
"2026-09-12 00:52:00-0300",32.58,28.59,23.07,48.6
"2026-09-12 00:53:00-0300",32.59,28.59,23.07,48.6
"2026-09-12 00:54:00-0300",32.59,28.59,23.07,49
"2026-09-12 00:55:00-0300",32.59,28.59,23.02,49
"2026-09-12 00:56:00-0300",32.62,28.6,22.97,49.5
"2026-09-12 00:57:00-0300",32.59,28.59,22.91,48.6
"2026-09-12 00:58:00-0300",32.55,28.58,22.91,48
"2026-09-12 00:59:00-0300",32.54,28.58,22.91,47.5
"2026-09-12 01:00:00-0300",32.51,28.57,22.91,48.5
"2026-09-12 01:01:00-0300",32.49,28.56,22.91,48
"2026-09-12 01:02:00-0300",32.47,28.56,22.86,47.8
"2026-09-12 01:03:00-0300",32.44,28.55,22.75,48.3
"2026-09-12 01:04:00-0300",32.42,28.54,22.75,48.8
"2026-09-12 01:05:00-0300",32.39,28.54,22.75,48.6
"2026-09-12 01:06:00-0300",32.37,28.53,22.7,47.3
"2026-09-12 01:07:00-0300",32.34,28.52,22.65,47.1
"2026-09-12 01:08:00-0300",32.31,28.51,22.59,47.3
"2026-09-12 01:09:00-0300",32.28,28.5,22.59,47.8
"2026-09-12 01:10:00-0300",32.25,28.49,22.59,48.1
"2026-09-12 01:11:00-0300",32.23,28.49,22.54,48
"2026-09-12 01:12:00-0300",32.22,28.49,22.38,47.5
"2026-09-12 01:13:00-0300",32.17,28.47,22.38,45.6
"2026-09-12 01:14:00-0300",32.13,28.46,22.38,45.5
"2026-09-12 01:15:00-0300",32.11,28.45,22.38,45.3
"2026-09-12 01:16:00-0300",32.08,28.44,22.33,45.6
"2026-09-12 01:17:00-0300",32.08,28.44,22.27,45.6
"2026-09-12 01:18:00-0300",32.02,28.43,22.22,45.6
"2026-09-12 01:19:00-0300",31.99,28.42,22.22,44.3
"2026-09-12 01:20:00-0300",31.96,28.41,22.22,44
"2026-09-12 01:21:00-0300",31.94,28.4,22.22,44.5
"2026-09-12 01:22:00-0300",31.94,28.4,22.18,44
"2026-09-12 01:23:00-0300",31.88,28.38,22.07,44.1
"2026-09-12 01:24:00-0300",31.85,28.38,22.07,44
"2026-09-12 01:25:00-0300",31.83,28.37,22.07,43.8
"2026-09-12 01:26:00-0300",31.8,28.36,22.07,42.1
"2026-09-12 01:27:00-0300",31.8,28.36,22.07,41.8
"2026-09-12 01:28:00-0300",31.75,28.34,21.96,42.6
"2026-09-12 01:29:00-0300",31.72,28.34,21.91,41.5
"2026-09-12 01:30:00-0300",31.7,28.33,21.86,41.3
"2026-09-12 01:31:00-0300",31.67,28.32,21.86,42
"2026-09-12 01:32:00-0300",31.68,28.32,21.86,40.6
"2026-09-12 01:33:00-0300",31.62,28.31,21.86,42
"2026-09-12 01:34:00-0300",31.6,28.3,21.8,40.1
"2026-09-12 01:35:00-0300",31.57,28.29,21.8,41.6
"2026-09-12 01:36:00-0300",31.55,28.28,21.75,40
"2026-09-12 01:37:00-0300",31.56,28.29,21.69,40.1
"2026-09-12 01:38:00-0300",31.5,28.27,21.69,40.3
"2026-09-12 01:39:00-0300",31.48,28.26,21.69,40.6
"2026-09-12 01:40:00-0300",31.46,28.26,21.69,39.4
"2026-09-12 01:41:00-0300",31.44,28.25,21.69,40.1
"2026-09-12 01:42:00-0300",31.44,28.25,21.66,40.3
"2026-09-12 01:43:00-0300",31.39,28.24,21.6,40
"2026-09-12 01:44:00-0300",31.37,28.23,21.55,40
"2026-09-12 01:45:00-0300",31.35,28.22,21.49,37.6
"2026-09-12 01:46:00-0300",31.33,28.22,21.49,38.5
"2026-09-12 01:47:00-0300",31.31,28.21,21.49,38.5
"2026-09-12 01:48:00-0300",31.28,28.2,21.49,38.2
"2026-09-12 01:49:00-0300",31.26,28.2,21.44,38.2
"2026-09-12 01:50:00-0300",31.24,28.19,21.38,38.5
"2026-09-12 01:51:00-0300",31.22,28.18,21.33,35.8
"2026-09-12 01:52:00-0300",31.2,28.18,21.33,36.7
"2026-09-12 01:53:00-0300",31.18,28.17,21.33,36.7
"2026-09-12 01:54:00-0300",31.16,28.17,21.33,37
"2026-09-12 01:55:00-0300",31.14,28.16,21.33,37.3
"2026-09-12 01:56:00-0300",31.12,28.15,21.33,37.9
"2026-09-12 01:57:00-0300",31.1,28.15,21.33,37.6
"2026-09-12 01:58:00-0300",31.11,28.15,21.29,37.3
"2026-09-12 01:59:00-0300",31.07,28.14,21.23,37.3
"2026-09-12 02:00:00-0300",31.05,28.13,21.23,34.7
"2026-09-12 02:01:00-0300",31.03,28.13,21.18,35.8
"2026-09-12 02:02:00-0300",31.02,28.12,21.18,36.1
"2026-09-12 02:03:00-0300",31.03,28.13,21.18,35.8
"2026-09-12 02:04:00-0300",30.98,28.11,21.18,35.8
"2026-09-12 02:05:00-0300",30.97,28.11,21.18,35.5
"2026-09-12 02:06:00-0300",30.95,28.1,21.18,35.5
"2026-09-12 02:07:00-0300",30.93,28.1,21.18,35.2
"2026-09-12 02:08:00-0300",30.94,28.1,21.18,35.2
"2026-09-12 02:09:00-0300",30.9,28.09,21.12,34.2
"2026-09-12 02:10:00-0300",30.88,28.08,21.12,34.5
"2026-09-12 02:11:00-0300",30.87,28.08,21.07,34.7
"2026-09-12 02:12:00-0300",30.85,28.07,21.07,33.5
"2026-09-12 02:13:00-0300",30.85,28.07,21.01,33.5
"2026-09-12 02:14:00-0300",30.82,28.06,20.97,33.3
"2026-09-12 02:15:00-0300",30.8,28.06,21.01,33.3
"2026-09-12 02:16:00-0300",30.79,28.05,20.97,33.6
"2026-09-12 02:17:00-0300",30.78,28.05,20.97,32.5
"2026-09-12 02:18:00-0300",30.78,28.05,20.97,33.5
"2026-09-12 02:19:00-0300",30.76,28.05,20.97,33.2
"2026-09-12 02:20:00-0300",30.75,28.04,20.97,33.5
"2026-09-12 02:21:00-0300",30.74,28.04,20.97,33.5
"2026-09-12 02:22:00-0300",30.73,28.04,20.97,32.3
"2026-09-12 02:23:00-0300",30.72,28.03,20.97,32.8
"2026-09-12 02:24:00-0300",30.71,28.03,20.97,32.2
"2026-09-12 02:25:00-0300",30.7,28.03,20.97,33.1
"2026-09-12 02:26:00-0300",30.69,28.02,20.97,33.2
"2026-09-12 02:27:00-0300",30.67,28.02,20.97,33.3
"2026-09-12 02:28:00-0300",30.66,28.02,20.97,32.2
"2026-09-12 02:29:00-0300",30.66,28.02,20.97,32.2
"2026-09-12 02:30:00-0300",30.64,28.01,20.92,33
"2026-09-12 02:31:00-0300",30.63,28.01,20.86,32
"2026-09-12 02:32:00-0300",30.61,28,20.81,32.3
"2026-09-12 02:33:00-0300",30.6,28,20.81,32.8
"2026-09-12 02:34:00-0300",30.61,28,20.81,32.8
"2026-09-12 02:35:00-0300",30.58,27.99,20.81,33
"2026-09-12 02:36:00-0300",30.57,27.99,20.81,32.2
"2026-09-12 02:37:00-0300",30.56,27.98,20.81,32.8
"2026-09-12 02:38:00-0300",30.55,27.98,20.81,32.2
"2026-09-12 02:39:00-0300",30.53,27.98,20.81,32.2
"2026-09-12 02:40:00-0300",30.52,27.97,20.81,33.2
"2026-09-12 02:41:00-0300",30.51,27.97,20.81,32.2
"2026-09-12 02:42:00-0300",30.5,27.97,20.81,32.7
"2026-09-12 02:43:00-0300",30.49,27.96,20.81,32.7
"2026-09-12 02:44:00-0300",30.48,27.96,20.81,32.5
"2026-09-12 02:45:00-0300",30.48,27.96,20.75,32.2
"2026-09-12 02:46:00-0300",30.46,27.95,20.71,32.3
"2026-09-12 02:47:00-0300",30.44,27.95,20.71,32.6
"2026-09-12 02:48:00-0300",30.43,27.95,20.71,32.6
"2026-09-12 02:49:00-0300",30.42,27.94,20.66,31.5
"2026-09-12 02:50:00-0300",30.42,27.94,20.66,32.1
"2026-09-12 02:51:00-0300",30.4,27.94,20.66,32
"2026-09-12 02:52:00-0300",30.39,27.93,20.66,32.1
"2026-09-12 02:53:00-0300",30.38,27.93,20.66,32.3
"2026-09-12 02:54:00-0300",30.36,27.93,20.66,31.7
"2026-09-12 02:55:00-0300",30.35,27.92,20.66,31.7
"2026-09-12 02:56:00-0300",30.34,27.92,20.66,31.8
"2026-09-12 02:57:00-0300",30.33,27.92,20.66,31.5
"2026-09-12 02:58:00-0300",30.32,27.91,20.66,31.8
"2026-09-12 02:59:00-0300",30.31,27.91,20.6,31.8
"2026-09-12 03:00:00-0300",30.3,27.91,20.66,32.1
"2026-09-12 03:01:00-0300",30.31,27.91,20.66,32.2
"2026-09-12 03:02:00-0300",30.3,27.91,20.6,32.1
"2026-09-12 03:03:00-0300",30.29,27.9,20.6,32
"2026-09-12 03:04:00-0300",30.28,27.9,20.6,32
"2026-09-12 03:05:00-0300",30.26,27.89,20.55,31
"2026-09-12 03:06:00-0300",30.27,27.9,20.49,30.8
"2026-09-12 03:07:00-0300",30.26,27.89,20.49,31.2
"2026-09-12 03:08:00-0300",30.26,27.89,20.45,31.6
"2026-09-12 03:09:00-0300",30.25,27.89,20.45,31.7
"2026-09-12 03:10:00-0300",30.24,27.89,20.45,31.7
"2026-09-12 03:11:00-0300",30.24,27.89,20.45,31.7
"2026-09-12 03:12:00-0300",30.22,27.88,20.45,30.7
"2026-09-12 03:13:00-0300",30.22,27.88,20.45,31.7
"2026-09-12 03:14:00-0300",30.2,27.88,20.45,30.6
"2026-09-12 03:15:00-0300",30.19,27.87,20.45,31.1
"2026-09-12 03:16:00-0300",30.19,27.87,20.45,31.3
"2026-09-12 03:17:00-0300",30.17,27.87,20.45,31.5
"2026-09-12 03:18:00-0300",30.15,27.86,20.45,31.2
"2026-09-12 03:19:00-0300",30.16,27.86,20.45,31.1
"2026-09-12 03:20:00-0300",30.14,27.86,20.45,31.6
"2026-09-12 03:21:00-0300",30.14,27.86,20.4,31.5
"2026-09-12 03:22:00-0300",30.13,27.85,20.4,31.5
"2026-09-12 03:23:00-0300",30.12,27.85,20.4,31.5
"2026-09-12 03:24:00-0300",30.11,27.85,20.4,31.5
"2026-09-12 03:25:00-0300",30.1,27.85,20.4,31.5
"2026-09-12 03:26:00-0300",30.1,27.84,20.4,31.3
"2026-09-12 03:27:00-0300",30.11,27.85,20.4,31.5
"2026-09-12 03:28:00-0300",30.09,27.84,20.34,30.3
"2026-09-12 03:29:00-0300",30.08,27.84,20.34,30.6
"2026-09-12 03:30:00-0300",30.07,27.83,20.28,31
"2026-09-12 03:31:00-0300",30.06,27.83,20.28,31.1
"2026-09-12 03:32:00-0300",30.06,27.83,20.28,30.6
"2026-09-12 03:33:00-0300",30.05,27.83,20.28,30.1
"2026-09-12 03:34:00-0300",30.04,27.83,20.28,30.7
"2026-09-12 03:35:00-0300",30.03,27.82,20.28,30.8
"2026-09-12 03:36:00-0300",30.02,27.82,20.28,30.8
"2026-09-12 03:37:00-0300",30.02,27.82,20.28,31
"2026-09-12 03:38:00-0300",30.01,27.82,20.28,30.8
"2026-09-12 03:39:00-0300",30,27.81,20.28,31
"2026-09-12 03:40:00-0300",29.99,27.81,20.28,30.8
"2026-09-12 03:41:00-0300",29.98,27.81,20.28,29.8
"2026-09-12 03:42:00-0300",29.98,27.81,20.28,30.6
"2026-09-12 03:43:00-0300",29.97,27.8,20.28,30.3
"2026-09-12 03:44:00-0300",29.96,27.8,20.28,30.7
"2026-09-12 03:45:00-0300",29.96,27.8,20.28,30
"2026-09-12 03:46:00-0300",29.95,27.8,20.28,30.5
"2026-09-12 03:47:00-0300",29.94,27.8,20.24,30.8
"2026-09-12 03:48:00-0300",29.95,27.8,20.24,30.7
"2026-09-12 03:49:00-0300",29.93,27.79,20.24,30.7
"2026-09-12 03:50:00-0300",29.92,27.79,20.24,30.7
"2026-09-12 03:51:00-0300",29.92,27.79,20.24,30.5
"2026-09-12 03:52:00-0300",29.91,27.79,20.19,30.6
"2026-09-12 03:53:00-0300",29.92,27.79,20.19,30.7
"2026-09-12 03:54:00-0300",29.91,27.79,20.13,30.7
"2026-09-12 03:55:00-0300",29.9,27.78,20.13,30.7
"2026-09-12 03:56:00-0300",29.9,27.78,20.13,30.6
"2026-09-12 03:57:00-0300",29.9,27.78,20.13,30.6
"2026-09-12 03:58:00-0300",29.91,27.79,20.13,30.6
"2026-09-12 03:59:00-0300",29.9,27.78,20.13,30.6
"2026-09-12 04:00:00-0300",29.9,27.78,20.13,29.6
"2026-09-12 04:01:00-0300",29.9,27.78,20.13,29.8
"2026-09-12 04:02:00-0300",29.89,27.78,20.13,30.3
"2026-09-12 04:03:00-0300",29.88,27.78,20.13,30.6
"2026-09-12 04:04:00-0300",29.85,27.77,20.13,30.5
"2026-09-12 04:05:00-0300",29.82,27.76,20.13,30.5
"2026-09-12 04:06:00-0300",29.81,27.76,20.13,30.5
"2026-09-12 04:07:00-0300",29.8,27.75,20.13,30.2
"2026-09-12 04:08:00-0300",29.79,27.75,20.13,30.5
"2026-09-12 04:09:00-0300",29.77,27.74,20.13,30.5
"2026-09-12 04:10:00-0300",29.76,27.74,20.13,30.3
"2026-09-12 04:11:00-0300",29.76,27.74,20.13,29.4
"2026-09-12 04:12:00-0300",29.75,27.74,20.07,29.7
"2026-09-12 04:13:00-0300",29.75,27.74,20.07,30.2
"2026-09-12 04:14:00-0300",29.73,27.73,20.07,30.1
"2026-09-12 04:15:00-0300",29.73,27.73,20.07,29.8
"2026-09-12 04:16:00-0300",29.72,27.73,20.07,30.1
"2026-09-12 04:17:00-0300",29.71,27.73,20.04,29.4
"2026-09-12 04:18:00-0300",29.71,27.73,20.07,30
"2026-09-12 04:19:00-0300",29.69,27.72,20.04,29.3
"2026-09-12 04:20:00-0300",29.69,27.72,19.98,29.3
"2026-09-12 04:21:00-0300",29.69,27.72,19.92,29.3
"2026-09-12 04:22:00-0300",29.68,27.72,19.92,29.5
"2026-09-12 04:23:00-0300",29.69,27.72,19.98,29.5
"2026-09-12 04:24:00-0300",29.67,27.71,19.92,30
"2026-09-12 04:25:00-0300",29.66,27.71,19.92,29.2
"2026-09-12 04:26:00-0300",29.65,27.71,19.92,30.1
"2026-09-12 04:27:00-0300",29.65,27.71,19.92,30
"2026-09-12 04:28:00-0300",29.65,27.71,19.92,29.2
"2026-09-12 04:29:00-0300",29.63,27.7,19.92,29.1
"2026-09-12 04:30:00-0300",29.63,27.7,19.92,29.7
"2026-09-12 04:31:00-0300",29.61,27.7,19.92,29.7
"2026-09-12 04:32:00-0300",29.61,27.69,19.92,30
"2026-09-12 04:33:00-0300",29.61,27.7,19.92,30
"2026-09-12 04:34:00-0300",29.59,27.69,19.92,30
"2026-09-12 04:35:00-0300",29.59,27.69,19.92,29.7
"2026-09-12 04:36:00-0300",29.58,27.69,19.92,29.6
"2026-09-12 04:37:00-0300",29.58,27.68,19.92,29.8
"2026-09-12 04:38:00-0300",29.58,27.68,19.92,29.8
"2026-09-12 04:39:00-0300",29.56,27.68,19.92,29.8
"2026-09-12 04:40:00-0300",29.56,27.68,19.92,29
"2026-09-12 04:41:00-0300",29.55,27.68,19.92,29.6
"2026-09-12 04:42:00-0300",29.55,27.67,19.92,29.3
"2026-09-12 04:43:00-0300",29.55,27.68,19.87,29.5
"2026-09-12 04:44:00-0300",29.53,27.67,19.87,29.7
"2026-09-12 04:45:00-0300",29.53,27.67,19.87,28.7
"2026-09-12 04:46:00-0300",29.52,27.67,19.87,29.3
"2026-09-12 04:47:00-0300",29.52,27.67,19.87,29.3
"2026-09-12 04:48:00-0300",29.52,27.67,19.87,29.4
"2026-09-12 04:49:00-0300",29.51,27.66,19.87,29.6
"2026-09-12 04:50:00-0300",29.5,27.66,19.87,29.5
"2026-09-12 04:51:00-0300",29.49,27.66,19.87,28.6
"2026-09-12 04:52:00-0300",29.49,27.66,19.87,29.2
"2026-09-12 04:53:00-0300",29.5,27.66,19.87,29.6
"2026-09-12 04:54:00-0300",29.48,27.65,19.87,29.4
"2026-09-12 04:55:00-0300",29.48,27.65,19.83,29.5
"2026-09-12 04:56:00-0300",29.47,27.65,19.77,28.5
"2026-09-12 04:57:00-0300",29.46,27.65,19.77,29
"2026-09-12 04:58:00-0300",29.46,27.65,19.77,29.1
"2026-09-12 04:59:00-0300",29.45,27.65,19.77,29.5
"2026-09-12 05:00:00-0300",29.45,27.64,19.77,29.5
"2026-09-12 05:01:00-0300",29.44,27.64,19.77,29.6
"2026-09-12 05:02:00-0300",29.43,27.64,19.77,28.7
"2026-09-12 05:03:00-0300",29.43,27.64,19.77,29.5
"2026-09-12 05:04:00-0300",29.42,27.64,19.77,29.5
"2026-09-12 05:05:00-0300",29.42,27.64,19.77,28.6
"2026-09-12 05:06:00-0300",29.42,27.63,19.77,28.6
"2026-09-12 05:07:00-0300",29.41,27.63,19.77,29.4
"2026-09-12 05:08:00-0300",29.4,27.63,19.77,29.1
"2026-09-12 05:09:00-0300",29.4,27.63,19.77,28.8
"2026-09-12 05:10:00-0300",29.39,27.63,19.77,29.2
"2026-09-12 05:11:00-0300",29.38,27.62,19.77,29.4
"2026-09-12 05:12:00-0300",29.39,27.62,19.77,29.5
"2026-09-12 05:13:00-0300",29.38,27.62,19.77,29.5
"2026-09-12 05:14:00-0300",29.38,27.62,19.77,28.6
"2026-09-12 05:15:00-0300",29.37,27.62,19.77,28.5
"2026-09-12 05:16:00-0300",29.36,27.62,19.77,29.2
"2026-09-12 05:17:00-0300",29.36,27.62,19.77,29.3
"2026-09-12 05:18:00-0300",29.36,27.62,19.71,29.2
"2026-09-12 05:19:00-0300",29.35,27.61,19.77,29.3
"2026-09-12 05:20:00-0300",29.34,27.61,19.77,28.4
"2026-09-12 05:21:00-0300",29.34,27.61,19.77,29.3
"2026-09-12 05:22:00-0300",29.34,27.61,19.77,28.4
"2026-09-12 05:23:00-0300",29.33,27.61,19.71,28.3
"2026-09-12 05:24:00-0300",29.33,27.61,19.77,29.3
"2026-09-12 05:25:00-0300",29.32,27.6,19.71,28.3
"2026-09-12 05:26:00-0300",29.31,27.6,19.71,28.5
"2026-09-12 05:27:00-0300",29.31,27.6,19.77,28.2
"2026-09-12 05:28:00-0300",29.3,27.6,19.71,28.3
"2026-09-12 05:29:00-0300",29.3,27.6,19.71,28.7
"2026-09-12 05:30:00-0300",29.29,27.6,19.67,28.5
"2026-09-12 05:31:00-0300",29.28,27.59,19.67,29
"2026-09-12 05:32:00-0300",29.28,27.59,19.67,29
"2026-09-12 05:33:00-0300",29.27,27.59,19.62,29.1
"2026-09-12 05:34:00-0300",29.27,27.59,19.62,28.1
"2026-09-12 05:35:00-0300",29.28,27.59,19.62,29
"2026-09-12 05:36:00-0300",29.28,27.59,19.62,29
"2026-09-12 05:37:00-0300",29.31,27.6,19.62,29
"2026-09-12 05:38:00-0300",29.32,27.6,19.62,29
"2026-09-12 05:39:00-0300",29.31,27.6,19.62,28.1
"2026-09-12 05:40:00-0300",29.3,27.6,19.62,28.7
"2026-09-12 05:41:00-0300",29.31,27.6,19.62,28.7
"2026-09-12 05:42:00-0300",29.31,27.6,19.62,29
"2026-09-12 05:43:00-0300",29.29,27.6,19.62,28.6
"2026-09-12 05:44:00-0300",29.31,27.6,19.62,28
"2026-09-12 05:45:00-0300",29.3,27.6,19.62,28
"2026-09-12 05:46:00-0300",29.29,27.6,19.62,28.7
"2026-09-12 05:47:00-0300",29.3,27.6,19.62,28.8
"2026-09-12 05:48:00-0300",29.29,27.59,19.62,28.5
"2026-09-12 05:49:00-0300",29.29,27.59,19.62,28.6
"2026-09-12 05:50:00-0300",29.29,27.59,19.62,28.2
"2026-09-12 05:51:00-0300",29.27,27.59,19.62,27.8
"2026-09-12 05:52:00-0300",29.3,27.6,19.62,28.7
"2026-09-12 05:53:00-0300",29.28,27.59,19.62,27.8
"2026-09-12 05:54:00-0300",29.28,27.59,19.62,27.7
"2026-09-12 05:55:00-0300",29.3,27.6,19.62,28.1
"2026-09-12 05:56:00-0300",29.3,27.6,19.62,28.5
"2026-09-12 05:57:00-0300",29.31,27.6,19.62,28.5
"2026-09-12 05:58:00-0300",29.3,27.6,19.62,28.6
"2026-09-12 05:59:00-0300",29.29,27.6,19.62,28.6
"2026-09-12 06:00:00-0300",29.29,27.59,19.62,27.6
"2026-09-12 06:01:00-0300",29.28,27.59,19.62,28.2
"2026-09-12 06:02:00-0300",29.29,27.59,19.62,28.5
"2026-09-12 06:03:00-0300",29.28,27.59,19.62,28.4
"2026-09-12 06:04:00-0300",29.3,27.6,19.56,28.5
"2026-09-12 06:05:00-0300",29.29,27.59,19.62,28.6
"2026-09-12 06:06:00-0300",29.29,27.59,19.62,27.6
"2026-09-12 06:07:00-0300",29.29,27.6,19.62,28.2
"2026-09-12 06:08:00-0300",29.28,27.59,19.62,28.6
"2026-09-12 06:09:00-0300",29.27,27.59,19.62,28.4
"2026-09-12 06:10:00-0300",29.26,27.59,19.62,28.5
"2026-09-12 06:11:00-0300",29.27,27.59,19.62,27.6
"2026-09-12 06:12:00-0300",29.28,27.59,19.62,28.4
"2026-09-12 06:13:00-0300",29.27,27.59,19.62,28.5
"2026-09-12 06:14:00-0300",29.27,27.59,19.62,27.6
"2026-09-12 06:15:00-0300",29.25,27.58,19.56,27.5
"2026-09-12 06:16:00-0300",29.25,27.58,19.56,28.3
"2026-09-12 06:17:00-0300",29.25,27.58,19.56,28.4
"2026-09-12 06:18:00-0300",29.25,27.58,19.56,28.3
"2026-09-12 06:19:00-0300",29.22,27.57,19.56,27.8
"2026-09-12 06:20:00-0300",29.22,27.57,19.56,27.5
"2026-09-12 06:21:00-0300",29.22,27.57,19.52,27.8
"2026-09-12 06:22:00-0300",29.21,27.57,19.52,28.3
"2026-09-12 06:23:00-0300",29.2,27.57,19.52,28.2
"2026-09-12 06:24:00-0300",29.19,27.56,19.52,28.3
"2026-09-12 06:25:00-0300",29.19,27.56,19.52,28.3
"2026-09-12 06:26:00-0300",29.18,27.56,19.52,27.4
"2026-09-12 06:27:00-0300",29.19,27.56,19.52,27.7
"2026-09-12 06:28:00-0300",29.18,27.56,19.41,28.4
"2026-09-12 06:29:00-0300",29.17,27.56,19.41,27.6
"2026-09-12 06:30:00-0300",29.17,27.56,19.41,28.5
"2026-09-12 06:31:00-0300",29.17,27.56,19.41,27.5
"2026-09-12 06:32:00-0300",29.17,27.56,19.41,27.8
"2026-09-12 06:33:00-0300",29.16,27.55,19.41,27.8
"2026-09-12 06:34:00-0300",29.15,27.55,19.41,28.2
"2026-09-12 06:35:00-0300",29.15,27.55,19.41,28.3
"2026-09-12 06:36:00-0300",29.14,27.55,19.41,28.3
"2026-09-12 06:37:00-0300",29.14,27.55,19.41,28.3
"2026-09-12 06:38:00-0300",29.14,27.55,19.41,28.3
"2026-09-12 06:39:00-0300",29.13,27.55,19.41,27.7
"2026-09-12 06:40:00-0300",29.12,27.54,19.41,28
"2026-09-12 06:41:00-0300",29.14,27.55,19.41,28.3
"2026-09-12 06:42:00-0300",29.13,27.55,19.41,28.2
"2026-09-12 06:43:00-0300",29.14,27.55,19.41,28.2
"2026-09-12 06:44:00-0300",29.12,27.54,19.41,28.3
"2026-09-12 06:45:00-0300",29.12,27.54,19.41,28.2
"2026-09-12 06:46:00-0300",29.11,27.54,19.41,28.1
"2026-09-12 06:47:00-0300",29.11,27.54,19.41,28
"2026-09-12 06:48:00-0300",29.11,27.54,19.41,27.3
"2026-09-12 06:49:00-0300",29.1,27.54,19.41,28.2
"2026-09-12 06:50:00-0300",29.1,27.54,19.41,28.2
"2026-09-12 06:51:00-0300",29.1,27.54,19.41,27.2
"2026-09-12 06:52:00-0300",29.09,27.53,19.41,27.7
"2026-09-12 06:53:00-0300",29.09,27.53,19.41,28
"2026-09-12 06:54:00-0300",29.09,27.53,19.41,28.1
"2026-09-12 06:55:00-0300",29.08,27.53,19.41,27.8
"2026-09-12 06:56:00-0300",29.1,27.54,19.41,28.2
"2026-09-12 06:57:00-0300",29.1,27.54,19.41,27.4
"2026-09-12 06:58:00-0300",29.11,27.54,19.41,27.7
"2026-09-12 06:59:00-0300",29.1,27.54,19.41,27.5
"2026-09-12 07:00:00-0300",29.1,27.54,19.41,27.2
"2026-09-12 07:01:00-0300",29.1,27.54,19.41,27.5
"2026-09-12 07:02:00-0300",29.09,27.53,19.41,27.6
"2026-09-12 07:03:00-0300",29.08,27.53,19.41,28.1
"2026-09-12 07:04:00-0300",29.1,27.54,19.41,28.1
"2026-09-12 07:05:00-0300",29.09,27.53,19.41,28
"2026-09-12 07:06:00-0300",29.09,27.53,19.35,28
"2026-09-12 07:07:00-0300",29.08,27.53,19.41,28.1
"2026-09-12 07:08:00-0300",29.07,27.53,19.35,27.1
"2026-09-12 07:09:00-0300",29.07,27.53,19.41,28.1
"2026-09-12 07:10:00-0300",29.05,27.52,19.35,28.1
"2026-09-12 07:11:00-0300",29.07,27.53,19.35,28.1
"2026-09-12 07:12:00-0300",29.06,27.52,19.35,28
"2026-09-12 07:13:00-0300",29.05,27.52,19.35,28.1
"2026-09-12 07:14:00-0300",29.05,27.52,19.35,27.6
"2026-09-12 07:15:00-0300",29.04,27.52,19.35,27.6
"2026-09-12 07:16:00-0300",29.01,27.51,19.31,27.7
"2026-09-12 07:17:00-0300",29.04,27.52,19.35,27.8
"2026-09-12 07:18:00-0300",29.04,27.52,19.35,27
"2026-09-12 07:19:00-0300",29.04,27.52,19.31,27.2
"2026-09-12 07:20:00-0300",29.03,27.52,19.31,27.3
"2026-09-12 07:21:00-0300",29.03,27.51,19.31,27.6
"2026-09-12 07:22:00-0300",29.03,27.51,19.31,27.7
"2026-09-12 07:23:00-0300",29.02,27.51,19.31,27.8
"2026-09-12 07:24:00-0300",29.02,27.51,19.31,27
"2026-09-12 07:25:00-0300",29.02,27.51,19.31,26.8
"2026-09-12 07:26:00-0300",29.02,27.51,19.31,27.3
"2026-09-12 07:27:00-0300",29.01,27.51,19.31,27.5
"2026-09-12 07:28:00-0300",29,27.5,19.31,27
"2026-09-12 07:29:00-0300",29,27.51,19.31,27.5
"2026-09-12 07:30:00-0300",28.98,27.5,19.31,27.5
"2026-09-12 07:31:00-0300",28.98,27.5,19.31,27.7
"2026-09-12 07:32:00-0300",28.99,27.5,19.31,27.7
"2026-09-12 07:33:00-0300",29,27.5,19.25,26.8
"2026-09-12 07:34:00-0300",28.99,27.5,19.31,27.7
"2026-09-12 07:35:00-0300",28.99,27.5,19.25,27.8
"2026-09-12 07:36:00-0300",28.99,27.5,19.25,26.8
"2026-09-12 07:37:00-0300",28.97,27.5,19.25,27.4
"2026-09-12 07:38:00-0300",28.96,27.49,19.25,26.8
"2026-09-12 07:39:00-0300",28.96,27.49,19.25,27.2
"2026-09-12 07:40:00-0300",28.95,27.49,19.25,27.7
"2026-09-12 07:41:00-0300",28.96,27.49,19.25,26.8
"2026-09-12 07:42:00-0300",28.95,27.49,19.25,27.4
"2026-09-12 07:43:00-0300",28.93,27.48,19.25,27.4
"2026-09-12 07:44:00-0300",28.9,27.47,19.25,27.5
"2026-09-12 07:45:00-0300",28.88,27.47,19.25,27.5
"2026-09-12 07:46:00-0300",28.88,27.47,19.25,27.5
"2026-09-12 07:47:00-0300",28.88,27.47,19.25,26.6
"2026-09-12 07:48:00-0300",28.87,27.46,19.25,26.6
"2026-09-12 07:49:00-0300",28.86,27.46,19.25,27.3
"2026-09-12 07:50:00-0300",28.85,27.46,19.25,26.7
"2026-09-12 07:51:00-0300",28.85,27.46,19.25,27.5
"2026-09-12 07:52:00-0300",28.83,27.45,19.25,26.6
"2026-09-12 07:53:00-0300",28.83,27.45,19.25,27.1
"2026-09-12 07:54:00-0300",28.83,27.45,19.25,26.5
"2026-09-12 07:55:00-0300",28.82,27.45,19.25,26.8
"2026-09-12 07:56:00-0300",28.8,27.44,19.25,27.1
"2026-09-12 07:57:00-0300",28.8,27.44,19.25,26.6
"2026-09-12 07:58:00-0300",28.8,27.44,19.25,26.6
"2026-09-12 07:59:00-0300",28.79,27.44,19.25,27
"2026-09-12 08:00:00-0300",28.79,27.44,19.25,27.2
"2026-09-12 08:01:00-0300",28.78,27.44,19.25,26.3
"2026-09-12 08:02:00-0300",28.78,27.44,19.25,26.7
"2026-09-12 08:03:00-0300",28.78,27.44,19.25,27.3
"2026-09-12 08:04:00-0300",28.78,27.44,19.25,27.2
"2026-09-12 08:05:00-0300",28.78,27.44,19.25,27.2
"2026-09-12 08:06:00-0300",28.76,27.43,19.25,26.8
"2026-09-12 08:07:00-0300",28.77,27.43,19.25,27.2
"2026-09-12 08:08:00-0300",28.76,27.43,19.25,27.1
"2026-09-12 08:09:00-0300",28.76,27.43,19.25,27.1
"2026-09-12 08:10:00-0300",28.76,27.43,19.25,26.3
"2026-09-12 08:11:00-0300",28.74,27.42,19.25,26.8
"2026-09-12 08:12:00-0300",28.75,27.43,19.25,26.8
"2026-09-12 08:13:00-0300",28.74,27.42,19.25,27.1
"2026-09-12 08:14:00-0300",28.73,27.42,19.25,27.2
"2026-09-12 08:15:00-0300",28.72,27.42,19.19,27.1
"2026-09-12 08:16:00-0300",28.69,27.41,19.25,26.7
"2026-09-12 08:17:00-0300",28.71,27.42,19.19,26.6
"2026-09-12 08:18:00-0300",28.7,27.41,19.25,27
"2026-09-12 08:19:00-0300",28.69,27.41,19.19,27
"2026-09-12 08:20:00-0300",28.69,27.41,19.19,27
"2026-09-12 08:21:00-0300",28.69,27.41,19.25,26.2
"2026-09-12 08:22:00-0300",28.66,27.4,19.25,26.1
"2026-09-12 08:23:00-0300",28.7,27.41,19.19,26.8
"2026-09-12 08:24:00-0300",28.71,27.41,19.19,26
"2026-09-12 08:25:00-0300",28.7,27.41,19.25,26.5
"2026-09-12 08:26:00-0300",28.7,27.41,19.25,26
"2026-09-12 08:27:00-0300",28.67,27.4,19.19,26.2
"2026-09-12 08:28:00-0300",28.69,27.41,19.19,26.2
"2026-09-12 08:29:00-0300",28.67,27.4,19.19,26.5
"2026-09-12 08:30:00-0300",28.67,27.4,19.19,26.8
"2026-09-12 08:31:00-0300",28.67,27.4,19.19,26.4
"2026-09-12 08:32:00-0300",28.65,27.4,19.19,26.6
"2026-09-12 08:33:00-0300",28.65,27.4,19.19,26.6
"2026-09-12 08:34:00-0300",28.65,27.4,19.19,26.8
"2026-09-12 08:35:00-0300",28.67,27.4,19.19,26.6
"2026-09-12 08:36:00-0300",28.66,27.4,19.16,26.6
"2026-09-12 08:37:00-0300",28.67,27.4,19.16,26.7
"2026-09-12 08:38:00-0300",28.66,27.4,19.19,26.4
"2026-09-12 08:39:00-0300",28.66,27.4,19.16,26.5
"2026-09-12 08:40:00-0300",28.67,27.4,19.16,26.6
"2026-09-12 08:41:00-0300",28.66,27.4,19.16,26.6
"2026-09-12 08:42:00-0300",28.65,27.4,19.16,26.6
"2026-09-12 08:43:00-0300",28.6,27.38,19.16,26.6
"2026-09-12 08:44:00-0300",28.66,27.4,19.16,26.1
"2026-09-12 08:45:00-0300",28.69,27.41,19.1,26.6
"2026-09-12 08:46:00-0300",28.68,27.41,19.16,25.8
"2026-09-12 08:47:00-0300",28.69,27.41,19.1,26.3
"2026-09-12 08:48:00-0300",28.67,27.4,19.1,26.4
"2026-09-12 08:49:00-0300",28.7,27.41,19.1,26.1
"2026-09-12 08:50:00-0300",28.7,27.41,19.1,26.3
"2026-09-12 08:51:00-0300",28.7,27.41,19.1,26.4
"2026-09-12 08:52:00-0300",28.7,27.41,19.1,26.4
"2026-09-12 08:53:00-0300",28.67,27.4,19.1,26.5
"2026-09-12 08:54:00-0300",28.69,27.41,19.1,26.6
"2026-09-12 08:55:00-0300",28.69,27.41,19.04,26.5
"2026-09-12 08:56:00-0300",28.68,27.41,19.04,26.5
"2026-09-12 08:57:00-0300",28.69,27.41,19.04,25.8
"2026-09-12 08:58:00-0300",28.69,27.41,19.04,26.4
"2026-09-12 08:59:00-0300",28.65,27.4,19.04,26.2
"2026-09-12 09:00:00-0300",28.68,27.41,19.04,26.4
"2026-09-12 09:01:00-0300",28.68,27.41,19.04,26.3
"2026-09-12 09:02:00-0300",28.69,27.41,19.04,26.4
"2026-09-12 09:03:00-0300",28.68,27.41,19.04,26.4
"2026-09-12 09:04:00-0300",28.64,27.39,19.04,26.4
"2026-09-12 09:05:00-0300",28.68,27.41,19.04,26.4
"2026-09-12 09:06:00-0300",28.67,27.4,19.04,26
"2026-09-12 09:07:00-0300",28.67,27.4,19.04,26.3
"2026-09-12 09:08:00-0300",28.67,27.4,19.04,25.6
"2026-09-12 09:09:00-0300",28.63,27.39,19.04,26.4
"2026-09-12 09:10:00-0300",28.66,27.4,19.04,26.4
"2026-09-12 09:11:00-0300",28.66,27.4,19.04,26.5
"2026-09-12 09:12:00-0300",28.66,27.4,19.04,26.1
"2026-09-12 09:13:00-0300",28.65,27.4,19.04,26.5
"2026-09-12 09:14:00-0300",28.65,27.4,19.04,26.5
"2026-09-12 09:15:00-0300",28.65,27.4,19.04,26.4
"2026-09-12 09:16:00-0300",28.64,27.39,19.04,26.5
"2026-09-12 09:17:00-0300",28.64,27.39,19.04,26.5
"2026-09-12 09:18:00-0300",28.63,27.39,19.04,26.1
"2026-09-12 09:19:00-0300",28.63,27.39,19.04,26.2
"2026-09-12 09:20:00-0300",28.58,27.37,19.04,26.4
"2026-09-12 09:21:00-0300",28.63,27.39,19.04,26.3
"2026-09-12 09:22:00-0300",28.63,27.39,19.04,26
"2026-09-12 09:23:00-0300",28.63,27.39,19.04,26.1
"2026-09-12 09:24:00-0300",28.62,27.39,19.04,25.6
"2026-09-12 09:25:00-0300",28.54,27.36,19.04,26.1
"2026-09-12 09:26:00-0300",28.62,27.39,19.04,26.2
"2026-09-12 09:27:00-0300",28.62,27.39,19.04,26.4
"2026-09-12 09:28:00-0300",28.61,27.39,19.04,26.4
"2026-09-12 09:29:00-0300",28.61,27.38,19.04,26.2
"2026-09-12 09:30:00-0300",28.61,27.38,19.04,26.2
"2026-09-12 09:31:00-0300",28.61,27.38,19.04,26.4
"2026-09-12 09:32:00-0300",28.61,27.38,19.04,26.1
"2026-09-12 09:33:00-0300",28.61,27.38,19.04,26.4
"2026-09-12 09:34:00-0300",28.6,27.38,19.04,26.4
"2026-09-12 09:35:00-0300",28.6,27.38,19.04,26
"2026-09-12 09:36:00-0300",28.45,27.33,19.04,26.1
"2026-09-12 09:37:00-0300",28.6,27.38,19.04,25.8
"2026-09-12 09:38:00-0300",28.6,27.38,19.04,26.3
"2026-09-12 09:39:00-0300",28.6,27.38,19.04,26.4
"2026-09-12 09:40:00-0300",28.6,27.38,19.04,26.3
"2026-09-12 09:41:00-0300",28.46,27.34,19.04,26.4
"2026-09-12 09:42:00-0300",28.59,27.38,19.04,26.4
"2026-09-12 09:43:00-0300",28.59,27.38,19.04,26.4
"2026-09-12 09:44:00-0300",28.59,27.38,19.04,26.1
"2026-09-12 09:45:00-0300",28.59,27.38,19.04,26.3
"2026-09-12 09:46:00-0300",28.58,27.37,19.04,26.3
"2026-09-12 09:47:00-0300",28.57,27.37,19.04,26.3
"2026-09-12 09:48:00-0300",28.54,27.36,19.04,26.4
"2026-09-12 09:49:00-0300",28.51,27.35,19.04,26.4
"2026-09-12 09:50:00-0300",28.5,27.35,19.04,26.2
"2026-09-12 09:51:00-0300",28.51,27.35,19.04,26.2
"2026-09-12 09:52:00-0300",28.41,27.32,19.04,26.2
"2026-09-12 09:53:00-0300",28.5,27.35,19.04,26.3
"2026-09-12 09:54:00-0300",28.5,27.35,19.04,26.3
"2026-09-12 09:55:00-0300",28.5,27.35,19.04,26.3
"2026-09-12 09:56:00-0300",28.5,27.35,19.04,26.2
"2026-09-12 09:57:00-0300",28.49,27.35,19.04,26.3
"2026-09-12 09:58:00-0300",28.47,27.34,19.04,26.3
"2026-09-12 09:59:00-0300",28.47,27.34,19.04,26.1
"2026-09-12 10:00:00-0300",28.46,27.34,19.04,26.3
"2026-09-12 10:01:00-0300",28.46,27.34,19.04,26.3
"2026-09-12 10:02:00-0300",28.46,27.34,19.04,26
"2026-09-12 10:03:00-0300",28.37,27.31,19.04,26.2
"2026-09-12 10:04:00-0300",28.44,27.33,19.04,26.1
"2026-09-12 10:05:00-0300",28.44,27.33,19.04,26.1
"2026-09-12 10:06:00-0300",28.44,27.33,19.04,26.2
"2026-09-12 10:07:00-0300",28.43,27.33,19,26.2
"2026-09-12 10:08:00-0300",28.43,27.33,19,26
"2026-09-12 10:09:00-0300",28.37,27.31,19,26
"2026-09-12 10:10:00-0300",28.43,27.33,18.94,26.1
"2026-09-12 10:11:00-0300",28.43,27.33,19,26.2
"2026-09-12 10:12:00-0300",28.42,27.33,18.9,26.1
"2026-09-12 10:13:00-0300",28.42,27.33,18.94,26
"2026-09-12 10:14:00-0300",28.37,27.31,18.94,25.7
"2026-09-12 10:15:00-0300",28.42,27.32,18.94,25.7
"2026-09-12 10:16:00-0300",28.42,27.32,18.9,25.8
"2026-09-12 10:17:00-0300",28.41,27.32,18.9,26
"2026-09-12 10:18:00-0300",28.42,27.32,18.9,26
"2026-09-12 10:19:00-0300",28.42,27.32,18.9,26
"2026-09-12 10:20:00-0300",28.37,27.31,18.9,25.8
"2026-09-12 10:21:00-0300",28.45,27.33,18.9,25.7
"2026-09-12 10:22:00-0300",28.45,27.33,18.9,25.8
"2026-09-12 10:23:00-0300",28.44,27.33,18.9,26
"2026-09-12 10:24:00-0300",28.44,27.33,18.9,25.8
"2026-09-12 10:25:00-0300",28.37,27.31,18.9,25.8
"2026-09-12 10:26:00-0300",28.43,27.33,18.9,25.3
"2026-09-12 10:27:00-0300",28.43,27.33,18.9,25.6
"2026-09-12 10:28:00-0300",28.43,27.33,18.9,25.8
"2026-09-12 10:29:00-0300",28.42,27.33,18.9,25.7
"2026-09-12 10:30:00-0300",28.42,27.32,18.9,25.8
"2026-09-12 10:31:00-0300",28.37,27.31,18.9,25.7
"2026-09-12 10:32:00-0300",28.41,27.32,18.9,25
"2026-09-12 10:33:00-0300",28.41,27.32,18.9,25.6
"2026-09-12 10:34:00-0300",28.42,27.32,18.9,25.8
"2026-09-12 10:35:00-0300",28.41,27.32,18.9,25.7
"2026-09-12 10:36:00-0300",28.41,27.32,18.9,25.7
"2026-09-12 10:37:00-0300",28.37,27.31,18.9,25.7
"2026-09-12 10:38:00-0300",28.41,27.32,18.9,25.7
"2026-09-12 10:39:00-0300",28.4,27.32,18.9,25.6
"2026-09-12 10:40:00-0300",28.4,27.32,18.9,25.6
"2026-09-12 10:41:00-0300",28.39,27.32,18.9,25.6
"2026-09-12 10:42:00-0300",28.37,27.31,18.9,25.6
"2026-09-12 10:43:00-0300",28.38,27.31,18.9,25.8
"2026-09-12 10:44:00-0300",28.38,27.31,18.9,25.7
"2026-09-12 10:45:00-0300",28.37,27.31,18.9,25.6
"2026-09-12 10:46:00-0300",28.37,27.31,18.9,25.7
"2026-09-12 10:47:00-0300",28.37,27.31,18.9,25.7
"2026-09-12 10:48:00-0300",28.37,27.31,18.9,25.6
"2026-09-12 10:49:00-0300",28.36,27.31,18.9,25.6
"2026-09-12 10:50:00-0300",28.36,27.31,18.9,25.6
"2026-09-12 10:51:00-0300",28.36,27.31,18.9,25.5
"2026-09-12 10:52:00-0300",28.36,27.31,18.9,25.5
"2026-09-12 10:53:00-0300",28.36,27.31,18.9,25.6
"2026-09-12 10:54:00-0300",28.36,27.31,18.9,25.5
"2026-09-12 10:55:00-0300",28.36,27.3,18.9,25.6
"2026-09-12 10:56:00-0300",28.35,27.3,18.9,25.6
"2026-09-12 10:57:00-0300",28.35,27.3,18.9,25.6
"2026-09-12 10:58:00-0300",28.35,27.3,18.9,25.5
"2026-09-12 10:59:00-0300",28.37,27.31,18.9,25.6
"2026-09-12 11:00:00-0300",28.34,27.3,18.9,25.6
"2026-09-12 11:01:00-0300",28.34,27.3,18.9,25.6
"2026-09-12 11:02:00-0300",28.33,27.3,18.9,25.6
"2026-09-12 11:03:00-0300",28.33,27.3,18.9,25.6
"2026-09-12 11:04:00-0300",28.33,27.3,18.9,25.5
"2026-09-12 11:05:00-0300",28.37,27.31,18.84,25.6
"2026-09-12 11:06:00-0300",28.32,27.29,18.9,25.6
"2026-09-12 11:07:00-0300",28.32,27.29,18.84,25.6
"2026-09-12 11:08:00-0300",28.31,27.29,18.84,25.6
"2026-09-12 11:09:00-0300",28.31,27.29,18.84,25.3
"2026-09-12 11:10:00-0300",28.31,27.29,18.84,25.5
"2026-09-12 11:11:00-0300",28.37,27.31,18.84,25.5
"2026-09-12 11:12:00-0300",28.31,27.29,18.84,25.6
"2026-09-12 11:13:00-0300",28.29,27.28,18.84,25.5
"2026-09-12 11:14:00-0300",28.28,27.28,18.84,25.6
"2026-09-12 11:15:00-0300",28.28,27.28,18.84,25.4
"2026-09-12 11:16:00-0300",28.37,27.31,18.84,25.4
"2026-09-12 11:17:00-0300",28.28,27.28,18.84,25.6
"2026-09-12 11:18:00-0300",28.28,27.28,18.84,25.7
"2026-09-12 11:19:00-0300",28.28,27.28,18.79,25.7
"2026-09-12 11:20:00-0300",28.28,27.28,18.84,25.6
"2026-09-12 11:21:00-0300",28.28,27.28,18.79,25.3
"2026-09-12 11:22:00-0300",28.37,27.31,18.84,25.5
"2026-09-12 11:23:00-0300",28.27,27.28,18.79,25.5
"2026-09-12 11:24:00-0300",28.27,27.28,18.79,25.6
"2026-09-12 11:25:00-0300",28.27,27.28,18.79,25.5
"2026-09-12 11:26:00-0300",28.27,27.28,18.79,25.5
"2026-09-12 11:27:00-0300",28.27,27.28,18.79,25.5
"2026-09-12 11:28:00-0300",28.37,27.31,18.79,25.4
"2026-09-12 11:29:00-0300",28.26,27.28,18.79,25.5
"2026-09-12 11:30:00-0300",28.28,27.28,18.79,25.6
"2026-09-12 11:31:00-0300",28.28,27.28,18.79,25.4
"2026-09-12 11:32:00-0300",28.28,27.28,18.79,25.5
"2026-09-12 11:33:00-0300",28.26,27.27,18.79,25.5
"2026-09-12 11:34:00-0300",28.37,27.31,18.79,25.5
"2026-09-12 11:35:00-0300",28.25,27.27,18.75,25.5
"2026-09-12 11:36:00-0300",28.25,27.27,18.79,25.5
"2026-09-12 11:37:00-0300",28.25,27.27,18.75,25.2
"2026-09-12 11:38:00-0300",28.25,27.27,18.75,25.4
"2026-09-12 11:39:00-0300",28.26,27.27,18.75,25.5
"2026-09-12 11:40:00-0300",28.25,27.27,18.75,25.4
"2026-09-12 11:41:00-0300",28.25,27.27,18.75,25.4
"2026-09-12 11:42:00-0300",28.25,27.27,18.75,25.4
"2026-09-12 11:43:00-0300",28.24,27.27,18.75,25.4
"2026-09-12 11:44:00-0300",28.24,27.27,18.75,25.5
"2026-09-12 11:45:00-0300",28.37,27.31,18.75,25.5
"2026-09-12 11:46:00-0300",28.24,27.27,18.75,25.5
"2026-09-12 11:47:00-0300",28.24,27.27,18.75,25.4
"2026-09-12 11:48:00-0300",28.24,27.27,18.75,25.4
"2026-09-12 11:49:00-0300",28.24,27.27,18.75,25.1
"2026-09-12 11:50:00-0300",28.21,27.26,18.75,25.4
"2026-09-12 11:51:00-0300",28.37,27.31,18.75,25.4
"2026-09-12 11:52:00-0300",28.21,27.26,18.75,25.3
"2026-09-12 11:53:00-0300",28.21,27.26,18.75,25.3
"2026-09-12 11:54:00-0300",28.2,27.26,18.75,25.3
"2026-09-12 11:55:00-0300",28.2,27.26,18.75,25.2
"2026-09-12 11:56:00-0300",28.2,27.25,18.75,25.2
"2026-09-12 11:57:00-0300",28.36,27.31,18.75,25.3
"2026-09-12 11:58:00-0300",28.19,27.25,18.75,25.3
"2026-09-12 11:59:00-0300",28.19,27.25,18.75,25.3
"2026-09-12 12:00:00-0300",28.19,27.25,18.75,25.3
"2026-09-12 12:01:00-0300",28.19,27.25,18.75,25
"2026-09-12 12:02:00-0300",28.19,27.25,18.75,25.3
"2026-09-12 12:03:00-0300",28.35,27.3,18.75,25.2
"2026-09-12 12:04:00-0300",28.19,27.25,18.75,25.2
"2026-09-12 12:05:00-0300",28.19,27.25,18.75,25.2
"2026-09-12 12:06:00-0300",28.19,27.25,18.75,25.2
"2026-09-12 12:07:00-0300",28.19,27.25,18.75,25
"2026-09-12 12:08:00-0300",28.29,27.28,18.75,25.1
"2026-09-12 12:09:00-0300",28.18,27.25,18.75,25
"2026-09-12 12:10:00-0300",28.18,27.25,18.75,25
"2026-09-12 12:11:00-0300",28.18,27.25,18.75,25
"2026-09-12 12:12:00-0300",28.17,27.25,18.75,25.1
"2026-09-12 12:13:00-0300",28.18,27.25,18.75,25.1
"2026-09-12 12:14:00-0300",28.26,27.27,18.75,25
"2026-09-12 12:15:00-0300",28.17,27.25,18.75,25.3
"2026-09-12 12:16:00-0300",28.17,27.25,18.75,25.2
"2026-09-12 12:17:00-0300",28.16,27.24,18.75,25.2
"2026-09-12 12:18:00-0300",28.16,27.24,18.75,25.2
"2026-09-12 12:19:00-0300",28.16,27.24,18.69,25
"2026-09-12 12:20:00-0300",28.23,27.27,18.75,24.9
"2026-09-12 12:21:00-0300",28.16,27.24,18.75,25.1
"2026-09-12 12:22:00-0300",28.16,27.24,18.75,25.1
"2026-09-12 12:23:00-0300",28.15,27.24,18.69,25
"2026-09-12 12:24:00-0300",28.15,27.24,18.69,24.8
"2026-09-12 12:25:00-0300",28.15,27.24,18.69,24.9
"2026-09-12 12:26:00-0300",28.22,27.26,18.69,24.9
"2026-09-12 12:27:00-0300",28.15,27.24,18.69,24.9
"2026-09-12 12:28:00-0300",28.15,27.24,18.69,25
"2026-09-12 12:29:00-0300",28.15,27.24,18.69,25
"2026-09-12 12:30:00-0300",28.15,27.24,18.69,25
"2026-09-12 12:31:00-0300",28.15,27.24,18.63,24.9
"2026-09-12 12:32:00-0300",28.2,27.26,18.63,24.9
"2026-09-12 12:33:00-0300",28.14,27.24,18.69,24.9
"2026-09-12 12:34:00-0300",28.14,27.24,18.63,24.9
"2026-09-12 12:35:00-0300",28.14,27.24,18.69,25
"2026-09-12 12:36:00-0300",28.13,27.23,18.63,24.9
"2026-09-12 12:37:00-0300",28.13,27.23,18.63,24.9
"2026-09-12 12:38:00-0300",28.18,27.25,18.63,24.9
"2026-09-12 12:39:00-0300",28.13,27.23,18.59,24.9
"2026-09-12 12:40:00-0300",28.13,27.23,18.59,25
"2026-09-12 12:41:00-0300",28.12,27.23,18.59,24.7
"2026-09-12 12:42:00-0300",28.12,27.23,18.53,24.9
"2026-09-12 12:43:00-0300",28.12,27.23,18.59,24.9
"2026-09-12 12:44:00-0300",28.17,27.25,18.59,24.9
"2026-09-12 12:45:00-0300",28.11,27.23,18.59,24.9
"2026-09-12 12:46:00-0300",28.11,27.23,18.59,24.9
"2026-09-12 12:47:00-0300",28.11,27.23,18.53,24.9
"2026-09-12 12:48:00-0300",28.11,27.23,18.53,24.9
"2026-09-12 12:49:00-0300",28.11,27.23,18.53,24.9
"2026-09-12 12:50:00-0300",28.16,27.24,18.53,24.9
"2026-09-12 12:51:00-0300",28.1,27.23,18.53,24.9
"2026-09-12 12:52:00-0300",28.1,27.22,18.53,24.9
"2026-09-12 12:53:00-0300",28.09,27.22,18.53,24.8
"2026-09-12 12:54:00-0300",28.09,27.22,18.53,24.9
"2026-09-12 12:55:00-0300",28.09,27.22,18.53,24.9
"2026-09-12 12:56:00-0300",28.09,27.22,18.53,24.9
"2026-09-12 12:57:00-0300",28.09,27.22,18.53,24.9
"2026-09-12 12:58:00-0300",28.09,27.22,18.53,24.9
"2026-09-12 12:59:00-0300",28.08,27.22,18.53,24.8
"2026-09-12 13:00:00-0300",28.08,27.22,18.53,24.9
"2026-09-12 13:01:00-0300",28.08,27.22,18.53,24.9
"2026-09-12 13:02:00-0300",28.08,27.22,18.53,24.9
"2026-09-12 13:03:00-0300",28.12,27.23,18.53,24.9
"2026-09-12 13:04:00-0300",28.07,27.22,18.53,24.9
"2026-09-12 13:05:00-0300",28.07,27.22,18.53,24.8
"2026-09-12 13:06:00-0300",28.06,27.21,18.53,24.7
"2026-09-12 13:07:00-0300",28.06,27.21,18.53,24.9
"2026-09-12 13:08:00-0300",28.06,27.21,18.53,24.9
"2026-09-12 13:09:00-0300",28.06,27.21,18.53,24.9
"2026-09-12 13:10:00-0300",28.06,27.21,18.53,24.9
"2026-09-12 13:11:00-0300",28.05,27.21,18.53,24.8
"2026-09-12 13:12:00-0300",28.05,27.21,18.53,24.9
"2026-09-12 13:13:00-0300",28.05,27.21,18.53,24.9
"2026-09-12 13:14:00-0300",28.05,27.21,18.53,24.9
"2026-09-12 13:15:00-0300",28.05,27.21,18.53,24.9
"2026-09-12 13:16:00-0300",28.04,27.21,18.53,24.9
"2026-09-12 13:17:00-0300",28.04,27.21,18.47,24.8
"2026-09-12 13:18:00-0300",28.04,27.2,18.53,24.9
"2026-09-12 13:19:00-0300",28.03,27.2,18.53,24.9
"2026-09-12 13:20:00-0300",28.03,27.2,18.53,24.8
"2026-09-12 13:21:00-0300",28.07,27.22,18.53,24.8
"2026-09-12 13:22:00-0300",28.02,27.2,18.53,24.9
"2026-09-12 13:23:00-0300",28.02,27.2,18.53,24.8
"2026-09-12 13:24:00-0300",28.02,27.2,18.47,24.9
"2026-09-12 13:25:00-0300",28.02,27.2,18.47,24.8
"2026-09-12 13:26:00-0300",28.02,27.2,18.47,24.8
"2026-09-12 13:27:00-0300",28.07,27.22,18.47,24.8
"2026-09-12 13:28:00-0300",28.03,27.2,18.47,24.6
"2026-09-12 13:29:00-0300",28.01,27.2,18.47,24.8
"2026-09-12 13:30:00-0300",28.02,27.2,18.47,24.8
"2026-09-12 13:31:00-0300",28.02,27.2,18.47,24.8
"2026-09-12 13:32:00-0300",28.02,27.2,18.47,24.8
"2026-09-12 13:33:00-0300",28.04,27.21,18.47,24.8
"2026-09-12 13:34:00-0300",28.01,27.2,18.43,24.8
"2026-09-12 13:35:00-0300",28.01,27.2,18.43,24.8
"2026-09-12 13:36:00-0300",28.02,27.2,18.43,24.8
"2026-09-12 13:37:00-0300",28.03,27.2,18.43,24.8
"2026-09-12 13:38:00-0300",28.03,27.2,18.43,24.8
"2026-09-12 13:39:00-0300",28.07,27.21,18.43,24.8
"2026-09-12 13:40:00-0300",28.04,27.2,18.43,24.8
"2026-09-12 13:41:00-0300",28.03,27.2,18.37,24.8
"2026-09-12 13:42:00-0300",28.02,27.2,18.37,24.8
"2026-09-12 13:43:00-0300",27.98,27.19,18.37,24.8
"2026-09-12 13:44:00-0300",27.99,27.19,18.37,24.8
"2026-09-12 13:45:00-0300",28.02,27.2,18.37,24.8
"2026-09-12 13:46:00-0300",27.98,27.19,18.37,24.8
"2026-09-12 13:47:00-0300",27.97,27.18,18.37,24.7
"2026-09-12 13:48:00-0300",27.95,27.18,18.37,24.8
"2026-09-12 13:49:00-0300",27.95,27.18,18.37,24.8
"2026-09-12 13:50:00-0300",27.95,27.18,18.37,24.7
"2026-09-12 13:51:00-0300",27.97,27.18,18.37,24.8
"2026-09-12 13:52:00-0300",27.94,27.18,18.37,24.8
"2026-09-12 13:53:00-0300",27.94,27.17,18.37,24.8
"2026-09-12 13:54:00-0300",27.94,27.17,18.37,24.7
"2026-09-12 13:55:00-0300",27.93,27.17,18.37,24.8
"2026-09-12 13:56:00-0300",27.93,27.17,18.37,24.8
"2026-09-12 13:57:00-0300",27.95,27.18,18.37,24.8
"2026-09-12 13:58:00-0300",27.93,27.17,18.37,24.7
"2026-09-12 13:59:00-0300",27.92,27.17,18.37,24.7
"2026-09-12 14:00:00-0300",27.92,27.17,18.37,24.7
"2026-09-12 14:01:00-0300",27.92,27.17,18.37,24.7
"2026-09-12 14:02:00-0300",27.91,27.17,18.37,24.6
"2026-09-12 14:03:00-0300",27.93,27.17,18.37,24.7
"2026-09-12 14:04:00-0300",27.91,27.16,18.37,24.8
"2026-09-12 14:05:00-0300",27.9,27.16,18.37,24.7
"2026-09-12 14:06:00-0300",27.9,27.16,18.37,24.7
"2026-09-12 14:07:00-0300",27.9,27.16,18.37,24.7
"2026-09-12 14:08:00-0300",27.9,27.16,18.37,24.8
"2026-09-12 14:09:00-0300",27.89,27.16,18.37,24.7
"2026-09-12 14:10:00-0300",27.89,27.16,18.37,24.7
"2026-09-12 14:11:00-0300",27.89,27.16,18.37,24.5
"2026-09-12 14:12:00-0300",27.88,27.16,18.37,24.7
"2026-09-12 14:13:00-0300",27.88,27.16,18.37,24.7
"2026-09-12 14:14:00-0300",27.9,27.16,18.37,24.7
"2026-09-12 14:15:00-0300",27.87,27.15,18.37,24.7
"2026-09-12 14:16:00-0300",27.87,27.15,18.37,24.7
"2026-09-12 14:17:00-0300",27.87,27.15,18.37,24.7
"2026-09-12 14:18:00-0300",27.87,27.15,18.37,24.7
"2026-09-12 14:19:00-0300",27.87,27.15,18.37,24.6
"2026-09-12 14:20:00-0300",27.89,27.16,18.37,24.7
"2026-09-12 14:21:00-0300",27.86,27.15,18.37,24.7
"2026-09-12 14:22:00-0300",27.86,27.15,18.37,24.7
"2026-09-12 14:23:00-0300",27.85,27.15,18.37,24.7
"2026-09-12 14:24:00-0300",27.85,27.15,18.34,24.7
"2026-09-12 14:25:00-0300",27.85,27.14,18.37,24.6
"2026-09-12 14:26:00-0300",27.87,27.15,18.37,24.6
"2026-09-12 14:27:00-0300",27.84,27.14,18.34,24.7
"2026-09-12 14:28:00-0300",27.84,27.14,18.37,24.6
"2026-09-12 14:29:00-0300",27.84,27.14,18.34,24.7
"2026-09-12 14:30:00-0300",27.83,27.14,18.34,24.6
"2026-09-12 14:31:00-0300",27.83,27.14,18.34,24.5
"2026-09-12 14:32:00-0300",27.85,27.15,18.34,24.6
"2026-09-12 14:33:00-0300",27.83,27.14,18.34,24.6
"2026-09-12 14:34:00-0300",27.83,27.14,18.34,24.7
"2026-09-12 14:35:00-0300",27.82,27.14,18.28,24.7
"2026-09-12 14:36:00-0300",27.82,27.14,18.28,24.7
"2026-09-12 14:37:00-0300",27.82,27.14,18.28,24.6
"2026-09-12 14:38:00-0300",27.82,27.14,18.28,24.6
"2026-09-12 14:39:00-0300",27.81,27.13,18.28,24.7
"2026-09-12 14:40:00-0300",27.81,27.13,18.22,24.6
"2026-09-12 14:41:00-0300",27.81,27.13,18.28,24.6
"2026-09-12 14:42:00-0300",27.81,27.13,18.28,24.6
"2026-09-12 14:43:00-0300",27.83,27.14,18.22,24.6
"2026-09-12 14:44:00-0300",27.81,27.13,18.22,24.6
"2026-09-12 14:45:00-0300",27.81,27.13,18.22,24.7
"2026-09-12 14:46:00-0300",27.8,27.13,18.22,24.6
"2026-09-12 14:47:00-0300",27.8,27.13,18.22,24.6
"2026-09-12 14:48:00-0300",27.8,27.13,18.22,24.6
"2026-09-12 14:49:00-0300",27.82,27.14,18.22,24.6
"2026-09-12 14:50:00-0300",27.8,27.13,18.22,24.4
"2026-09-12 14:51:00-0300",27.79,27.13,18.22,24.6
"2026-09-12 14:52:00-0300",27.78,27.12,18.22,24.6
"2026-09-12 14:53:00-0300",27.79,27.13,18.22,24.6
"2026-09-12 14:54:00-0300",27.78,27.12,18.22,24.6
"2026-09-12 14:55:00-0300",27.8,27.13,18.22,24.6
"2026-09-12 14:56:00-0300",27.78,27.12,18.22,24.6
"2026-09-12 14:57:00-0300",27.77,27.12,18.22,24.6
"2026-09-12 14:58:00-0300",27.77,27.12,18.22,24.6
"2026-09-12 14:59:00-0300",27.77,27.12,18.22,24.6
"2026-09-12 15:00:00-0300",27.77,27.12,18.22,24.6
"2026-09-12 15:01:00-0300",27.79,27.13,18.22,24.5
"2026-09-12 15:02:00-0300",27.77,27.12,18.22,24.5
"2026-09-12 15:03:00-0300",27.76,27.12,18.22,24.6
"2026-09-12 15:04:00-0300",27.77,27.12,18.22,24.6
"2026-09-12 15:05:00-0300",27.76,27.12,18.22,24.6
"2026-09-12 15:06:00-0300",27.75,27.11,18.22,24.6
"2026-09-12 15:07:00-0300",27.76,27.12,18.22,24.6
"2026-09-12 15:08:00-0300",27.75,27.11,18.22,24.6
"2026-09-12 15:09:00-0300",27.74,27.11,18.22,24.6
"2026-09-12 15:10:00-0300",27.74,27.11,18.22,24.6
"2026-09-12 15:11:00-0300",27.74,27.11,18.22,24.6
"2026-09-12 15:12:00-0300",27.73,27.11,18.22,24.6
"2026-09-12 15:13:00-0300",27.75,27.11,18.22,24.6
"2026-09-12 15:14:00-0300",27.73,27.11,18.22,24.5
"2026-09-12 15:15:00-0300",27.73,27.11,18.22,24.6
"2026-09-12 15:16:00-0300",27.72,27.11,18.22,24.6
"2026-09-12 15:17:00-0300",27.72,27.11,18.22,24.6
"2026-09-12 15:18:00-0300",27.72,27.1,18.22,24.6
"2026-09-12 15:19:00-0300",27.73,27.11,18.22,24.6
"2026-09-12 15:20:00-0300",27.71,27.1,18.22,24.5
"2026-09-12 15:21:00-0300",27.71,27.1,18.22,24.6
"2026-09-12 15:22:00-0300",27.71,27.1,18.22,24.6
"2026-09-12 15:23:00-0300",27.7,27.1,18.22,24.6
"2026-09-12 15:24:00-0300",27.7,27.1,18.22,24.6
"2026-09-12 15:25:00-0300",27.72,27.1,18.22,24.6
"2026-09-12 15:26:00-0300",27.7,27.1,18.22,24.5
"2026-09-12 15:27:00-0300",27.69,27.1,18.22,24.6
"2026-09-12 15:28:00-0300",27.69,27.1,18.22,24.6
"2026-09-12 15:29:00-0300",27.69,27.09,18.22,24.6
"2026-09-12 15:30:00-0300",27.69,27.09,18.22,24.6
"2026-09-12 15:31:00-0300",27.68,27.09,18.22,24.6
"2026-09-12 15:32:00-0300",27.68,27.09,18.22,24.5
"2026-09-12 15:33:00-0300",27.68,27.09,18.22,24.5
"2026-09-12 15:34:00-0300",27.68,27.09,18.22,24.6
"2026-09-12 15:35:00-0300",27.67,27.09,18.22,24.6
"2026-09-12 15:36:00-0300",27.68,27.09,18.22,24.6
"2026-09-12 15:37:00-0300",27.67,27.09,18.22,24.6
"2026-09-12 15:38:00-0300",27.66,27.09,18.22,24.5
"2026-09-12 15:39:00-0300",27.66,27.09,18.22,24.5
"2026-09-12 15:40:00-0300",27.66,27.08,18.22,24.5
"2026-09-12 15:41:00-0300",27.66,27.08,18.18,24.6
"2026-09-12 15:42:00-0300",27.67,27.09,18.22,24.5
"2026-09-12 15:43:00-0300",27.65,27.08,18.22,24.6
"2026-09-12 15:44:00-0300",27.65,27.08,18.22,24.5
"2026-09-12 15:45:00-0300",27.64,27.08,18.22,24.5
"2026-09-12 15:46:00-0300",27.64,27.08,18.18,24.5
"2026-09-12 15:47:00-0300",27.64,27.08,18.18,24.5
"2026-09-12 15:48:00-0300",27.65,27.08,18.22,24.6
"2026-09-12 15:49:00-0300",27.63,27.08,18.18,24.5
"2026-09-12 15:50:00-0300",27.63,27.08,18.18,24.4
"2026-09-12 15:51:00-0300",27.63,27.08,18.18,24.5
"2026-09-12 15:52:00-0300",27.62,27.07,18.18,24.5
"2026-09-12 15:53:00-0300",27.64,27.08,18.18,24.5
"2026-09-12 15:54:00-0300",27.62,27.07,18.18,24.5
"2026-09-12 15:55:00-0300",27.62,27.07,18.18,24.5
"2026-09-12 15:56:00-0300",27.61,27.07,18.18,24.5
"2026-09-12 15:57:00-0300",27.61,27.07,18.12,24.5
"2026-09-12 15:58:00-0300",27.61,27.07,18.18,24.5
"2026-09-12 15:59:00-0300",27.62,27.07,18.18,24.5
"2026-09-12 16:00:00-0300",27.6,27.07,18.18,24.5
"2026-09-12 16:01:00-0300",27.6,27.07,18.12,24.5
"2026-09-12 16:02:00-0300",27.6,27.07,18.12,24.5
"2026-09-12 16:03:00-0300",27.6,27.07,18.12,24.5
"2026-09-12 16:04:00-0300",27.6,27.07,18.12,24.5
"2026-09-12 16:05:00-0300",27.61,27.07,18.12,24.5
"2026-09-12 16:06:00-0300",27.59,27.06,18.08,24.5
"2026-09-12 16:07:00-0300",27.59,27.06,18.08,24.5
"2026-09-12 16:08:00-0300",27.58,27.06,18.08,24.4
"2026-09-12 16:09:00-0300",27.58,27.06,18.12,24.5
"2026-09-12 16:10:00-0300",27.58,27.06,18.12,24.5
"2026-09-12 16:11:00-0300",27.58,27.06,18.08,24.5
"2026-09-12 16:12:00-0300",27.58,27.06,18.08,24.5
"2026-09-12 16:13:00-0300",27.57,27.06,18.08,24.5
"2026-09-12 16:14:00-0300",27.57,27.06,18.08,24.4
"2026-09-12 16:15:00-0300",27.57,27.06,18.08,24.5
"2026-09-12 16:16:00-0300",27.58,27.06,18.02,24.5
"2026-09-12 16:17:00-0300",27.56,27.05,18.08,24.5
"2026-09-12 16:18:00-0300",27.56,27.05,18.02,24.5
"2026-09-12 16:19:00-0300",27.55,27.05,18.02,24.5
"2026-09-12 16:20:00-0300",27.55,27.05,18.02,24.5
"2026-09-12 16:21:00-0300",27.55,27.05,18.02,24.5
"2026-09-12 16:22:00-0300",27.56,27.05,18.02,24.5
"2026-09-12 16:23:00-0300",27.54,27.05,18.02,24.5
"2026-09-12 16:24:00-0300",27.54,27.05,18.02,24.5
"2026-09-12 16:25:00-0300",27.54,27.05,18.02,24.5
"2026-09-12 16:26:00-0300",27.53,27.05,18.02,24.5
"2026-09-12 16:27:00-0300",27.53,27.04,18.02,24.5
"2026-09-12 16:28:00-0300",27.54,27.05,18.02,24.5
"2026-09-12 16:29:00-0300",27.52,27.04,18.02,24.5
"2026-09-12 16:30:00-0300",27.52,27.04,18.02,24.5
"2026-09-12 16:31:00-0300",27.52,27.04,18.02,24.5
"2026-09-12 16:32:00-0300",27.52,27.04,18.02,24.5
"2026-09-12 16:33:00-0300",27.51,27.04,18.02,24.5
"2026-09-12 16:34:00-0300",27.51,27.04,18.02,24.5
"2026-09-12 16:35:00-0300",27.51,27.04,18.02,24.5
"2026-09-12 16:36:00-0300",27.5,27.04,18.02,24.5
"2026-09-12 16:37:00-0300",27.5,27.04,18.02,24.5
"2026-09-12 16:38:00-0300",27.5,27.03,18.02,24.5
"2026-09-12 16:39:00-0300",27.51,27.04,18.02,24.4
"2026-09-12 16:40:00-0300",27.49,27.03,18.02,24.5
"2026-09-12 16:41:00-0300",27.49,27.03,18.02,24.5
"2026-09-12 16:42:00-0300",27.49,27.03,18.02,24.5
"2026-09-12 16:43:00-0300",27.48,27.03,18.02,24.5
"2026-09-12 16:44:00-0300",27.48,27.03,18.02,24.5
"2026-09-12 16:45:00-0300",27.49,27.03,18.02,24.4
"2026-09-12 16:46:00-0300",27.48,27.03,18.02,24.5
"2026-09-12 16:47:00-0300",27.48,27.03,18.02,24.5
"2026-09-12 16:48:00-0300",27.47,27.03,18.02,24.5
"2026-09-12 16:49:00-0300",27.47,27.03,18.02,24.5
"2026-09-12 16:50:00-0300",27.47,27.03,18.02,24.4
"2026-09-12 16:51:00-0300",27.47,27.02,18.02,24.4
"2026-09-12 16:52:00-0300",27.46,27.02,18.02,24.4
"2026-09-12 16:53:00-0300",27.46,27.02,18.02,24.5
"2026-09-12 16:54:00-0300",27.46,27.02,18.02,24.5
"2026-09-12 16:55:00-0300",27.45,27.02,18.02,24.5
"2026-09-12 16:56:00-0300",27.46,27.02,18.02,24.4
"2026-09-12 16:57:00-0300",27.45,27.02,18.02,24.4
"2026-09-12 16:58:00-0300",27.45,27.02,18.02,24.4
"2026-09-12 16:59:00-0300",27.45,27.02,18.02,24.5
"2026-09-12 17:00:00-0300",27.44,27.02,18.02,24.4
"2026-09-12 17:01:00-0300",27.45,27.02,18.02,24.4
"2026-09-12 17:02:00-0300",27.44,27.02,18.02,24.4
"2026-09-12 17:03:00-0300",27.44,27.01,18.02,24.3
"2026-09-12 17:04:00-0300",27.43,27.01,18.02,24.4
"2026-09-12 17:05:00-0300",27.43,27.01,18.02,24.4
"2026-09-12 17:06:00-0300",27.43,27.01,18.02,24.4
"2026-09-12 17:07:00-0300",27.44,27.02,18.02,24.5
"2026-09-12 17:08:00-0300",27.42,27.01,18.02,24.4
"2026-09-12 17:09:00-0300",27.42,27.01,18.02,24.4
"2026-09-12 17:10:00-0300",27.42,27.01,18.02,24.4
"2026-09-12 17:11:00-0300",27.41,27.01,18.02,24.5
"2026-09-12 17:12:00-0300",27.42,27.01,18.02,24.4
"2026-09-12 17:13:00-0300",27.42,27.01,18.02,24.4
"2026-09-12 17:14:00-0300",27.4,27,18.02,24.4
"2026-09-12 17:15:00-0300",27.4,27,18.02,24.4
"2026-09-12 17:16:00-0300",27.4,27,18.02,24.4
"2026-09-12 17:17:00-0300",27.4,27,17.98,24.4
"2026-09-12 17:18:00-0300",27.4,27,18.02,24.4
"2026-09-12 17:19:00-0300",27.39,27,17.98,24.4
"2026-09-12 17:20:00-0300",27.39,27,18.02,24.4
"2026-09-12 17:21:00-0300",27.39,27,18.02,24.4
"2026-09-12 17:22:00-0300",27.38,27,18.02,24.4
"2026-09-12 17:23:00-0300",27.38,27,17.98,24.4
"2026-09-12 17:24:00-0300",27.39,27,17.98,24.4
"2026-09-12 17:25:00-0300",27.37,26.99,17.98,24.4
"2026-09-12 17:26:00-0300",27.38,27,17.98,24.4
"2026-09-12 17:27:00-0300",27.37,26.99,17.98,24.4
"2026-09-12 17:28:00-0300",27.37,26.99,18.02,24.4
"2026-09-12 17:29:00-0300",27.37,26.99,18.02,24.4
"2026-09-12 17:30:00-0300",27.36,26.99,18.02,24.4
"2026-09-12 17:31:00-0300",27.36,26.99,17.98,24.4
"2026-09-12 17:32:00-0300",27.36,26.99,17.98,24.4
"2026-09-12 17:33:00-0300",27.36,26.99,17.98,24.4
"2026-09-12 17:34:00-0300",27.36,26.99,18.02,24.4
"2026-09-12 17:35:00-0300",27.36,26.99,17.98,24.4
"2026-09-12 17:36:00-0300",27.35,26.99,17.98,24.4
"2026-09-12 17:37:00-0300",27.35,26.99,17.98,24.4
"2026-09-12 17:38:00-0300",27.35,26.99,17.98,24.4
"2026-09-12 17:39:00-0300",27.34,26.99,17.98,24.4
"2026-09-12 17:40:00-0300",27.34,26.98,17.98,24.4
"2026-09-12 17:41:00-0300",27.35,26.99,17.98,24.4
"2026-09-12 17:42:00-0300",27.34,26.98,17.98,24.4
"2026-09-12 17:43:00-0300",27.33,26.98,17.98,24.3
"2026-09-12 17:44:00-0300",27.33,26.98,17.98,24.4
"2026-09-12 17:45:00-0300",27.33,26.98,17.98,24.4
"2026-09-12 17:46:00-0300",27.32,26.98,17.98,24.4
"2026-09-12 17:47:00-0300",27.32,26.98,17.98,24.4
"2026-09-12 17:48:00-0300",27.32,26.98,17.98,24.4
"2026-09-12 17:49:00-0300",27.32,26.98,17.98,24.3
"2026-09-12 17:50:00-0300",27.31,26.98,17.98,24.4
"2026-09-12 17:51:00-0300",27.31,26.98,17.98,24.4
"2026-09-12 17:52:00-0300",27.32,26.98,17.98,24.4
"2026-09-12 17:53:00-0300",27.3,26.97,17.98,24.4
"2026-09-12 17:54:00-0300",27.3,26.97,17.98,24.3
"2026-09-12 17:55:00-0300",27.3,26.97,17.98,24.4
"2026-09-12 17:56:00-0300",27.3,26.97,17.98,24.3
"2026-09-12 17:57:00-0300",27.3,26.97,17.98,24.4
"2026-09-12 17:58:00-0300",27.3,26.97,17.92,24.4
"2026-09-12 17:59:00-0300",27.29,26.97,17.98,24.4
"2026-09-12 18:00:00-0300",27.29,26.97,17.92,24.4
"2026-09-12 18:01:00-0300",27.29,26.97,17.98,24.3
"2026-09-12 18:02:00-0300",27.29,26.97,17.92,24.4
"2026-09-12 18:03:00-0300",27.29,26.97,17.98,24.4
"2026-09-12 18:04:00-0300",27.28,26.97,17.92,24.4
"2026-09-12 18:05:00-0300",27.28,26.96,17.92,24.4
"2026-09-12 18:06:00-0300",27.28,26.96,17.92,24.4
"2026-09-12 18:07:00-0300",27.27,26.96,17.92,24.3
"2026-09-12 18:08:00-0300",27.27,26.96,17.86,24.3
"2026-09-12 18:09:00-0300",27.27,26.96,17.92,24.4
"2026-09-12 18:10:00-0300",27.26,26.96,17.92,24.4
"2026-09-12 18:11:00-0300",27.26,26.96,17.86,24.4
"2026-09-12 18:12:00-0300",27.26,26.96,17.92,24.4
"2026-09-12 18:13:00-0300",27.26,26.96,17.92,24.3
"2026-09-12 18:14:00-0300",27.27,26.96,17.92,24.3
"2026-09-12 18:15:00-0300",27.26,26.96,17.92,24.3
"2026-09-12 18:16:00-0300",27.26,26.96,17.86,24.4
"2026-09-12 18:17:00-0300",27.25,26.96,17.86,24.4
"2026-09-12 18:18:00-0300",27.25,26.96,17.86,24.4
"2026-09-12 18:19:00-0300",27.25,26.96,17.86,24.3
"2026-09-12 18:20:00-0300",27.24,26.95,17.86,24.3
"2026-09-12 18:21:00-0300",27.24,26.95,17.86,24.4
"2026-09-12 18:22:00-0300",27.24,26.95,17.86,24.4
"2026-09-12 18:23:00-0300",27.24,26.95,17.86,24.4
"2026-09-12 18:24:00-0300",27.24,26.95,17.86,24.4
"2026-09-12 18:25:00-0300",27.25,26.95,17.86,24.4
"2026-09-12 18:26:00-0300",27.23,26.95,17.86,24.3
"2026-09-12 18:27:00-0300",27.23,26.95,17.86,24.4
"2026-09-12 18:28:00-0300",27.23,26.95,17.86,24.4
"2026-09-12 18:29:00-0300",27.23,26.95,17.86,24.4
"2026-09-12 18:30:00-0300",27.22,26.95,17.86,24.3
"2026-09-12 18:31:00-0300",27.22,26.95,17.86,24.4
"2026-09-12 18:32:00-0300",27.22,26.95,17.86,24.3
"2026-09-12 18:33:00-0300",27.22,26.94,17.86,24.4
"2026-09-12 18:34:00-0300",27.21,26.94,17.86,24.4
"2026-09-12 18:35:00-0300",27.21,26.94,17.86,24.3
"2026-09-12 18:36:00-0300",27.22,26.95,17.86,24.4
"2026-09-12 18:37:00-0300",27.21,26.94,17.86,24.2
"2026-09-12 18:38:00-0300",27.21,26.94,17.86,24.3
"2026-09-12 18:39:00-0300",27.2,26.94,17.86,24.1
"2026-09-12 18:40:00-0300",27.2,26.94,17.86,24.4
"2026-09-12 18:41:00-0300",27.2,26.94,17.86,24.3
"2026-09-12 18:42:00-0300",27.2,26.94,17.86,24.4
"2026-09-12 18:43:00-0300",27.19,26.94,17.86,24.2
"2026-09-12 18:44:00-0300",27.19,26.94,17.86,24.3
"2026-09-12 18:45:00-0300",27.19,26.94,17.86,24.3
"2026-09-12 18:46:00-0300",27.18,26.93,17.86,24.3
"2026-09-12 18:47:00-0300",27.19,26.94,17.86,24.3
"2026-09-12 18:48:00-0300",27.18,26.93,17.86,24.3
"2026-09-12 18:49:00-0300",27.18,26.93,17.86,24.3
"2026-09-12 18:50:00-0300",27.17,26.93,17.86,24.1
"2026-09-12 18:51:00-0300",27.17,26.93,17.86,24.3
"2026-09-12 18:52:00-0300",27.17,26.93,17.86,24.3
"2026-09-12 18:53:00-0300",27.17,26.93,17.86,24.3
"2026-09-12 18:54:00-0300",27.17,26.93,17.86,24.3
"2026-09-12 18:55:00-0300",27.17,26.93,17.86,24.3
"2026-09-12 18:56:00-0300",27.16,26.93,17.86,24.2
"2026-09-12 18:57:00-0300",27.16,26.93,17.86,24.3
"2026-09-12 18:58:00-0300",27.17,26.93,17.86,24.3
"2026-09-12 18:59:00-0300",27.16,26.93,17.86,24.3
"2026-09-12 19:00:00-0300",27.16,26.93,17.86,24.3
"2026-09-12 19:01:00-0300",27.16,26.93,17.86,24.3
"2026-09-12 19:02:00-0300",27.15,26.93,17.86,24.3
"2026-09-12 19:03:00-0300",27.16,26.93,17.86,24.3
"2026-09-12 19:04:00-0300",27.15,26.92,17.86,24.3
"2026-09-12 19:05:00-0300",27.15,26.92,17.86,24.3
"2026-09-12 19:06:00-0300",27.18,26.93,17.86,24.3
"2026-09-12 19:07:00-0300",27.18,26.93,17.86,24.3
"2026-09-12 19:08:00-0300",27.18,26.93,17.86,24.3
"2026-09-12 19:09:00-0300",27.18,26.93,17.86,24.2
"2026-09-12 19:10:00-0300",27.18,26.93,17.86,24.3
"2026-09-12 19:11:00-0300",27.17,26.93,17.86,24.3
"2026-09-12 19:12:00-0300",27.18,26.93,17.86,24.3
"2026-09-12 19:13:00-0300",27.15,26.92,17.86,24.3
"2026-09-12 19:14:00-0300",27.18,26.93,17.86,24.3
"2026-09-12 19:15:00-0300",27.17,26.93,17.86,24.2
"2026-09-12 19:16:00-0300",27.17,26.93,17.86,24.3
"2026-09-12 19:17:00-0300",27.17,26.93,17.86,24.3
"2026-09-12 19:18:00-0300",27.16,26.93,17.86,24.3
"2026-09-12 19:19:00-0300",27.15,26.93,17.86,24.3
"2026-09-12 19:20:00-0300",27.13,26.92,17.86,24.3
"2026-09-12 19:21:00-0300",27.13,26.92,17.86,24.3
"2026-09-12 19:22:00-0300",27.16,26.93,17.86,24.3
"2026-09-12 19:23:00-0300",27.12,26.91,17.86,24.2
"2026-09-12 19:24:00-0300",27.1,26.91,17.86,24.2
"2026-09-12 19:25:00-0300",27.1,26.91,17.86,24.3
"2026-09-12 19:26:00-0300",27.09,26.91,17.86,24.3
"2026-09-12 19:27:00-0300",27.09,26.91,17.86,24.3
"2026-09-12 19:28:00-0300",27.09,26.9,17.86,24.3
"2026-09-12 19:29:00-0300",27.09,26.91,17.86,24.3
"2026-09-12 19:30:00-0300",27.09,26.9,17.86,24.2
"2026-09-12 19:31:00-0300",27.08,26.9,17.86,24.3
"2026-09-12 19:32:00-0300",27.08,26.9,17.86,24.3
"2026-09-12 19:33:00-0300",27.08,26.9,17.86,24.2
"2026-09-12 19:34:00-0300",27.08,26.9,17.86,24.3
"2026-09-12 19:35:00-0300",27.07,26.9,17.86,24.3
"2026-09-12 19:36:00-0300",27.07,26.9,17.86,24.2
"2026-09-12 19:37:00-0300",27.07,26.9,17.86,24.3
"2026-09-12 19:38:00-0300",27.06,26.9,17.86,24.3
"2026-09-12 19:39:00-0300",27.07,26.9,17.86,24.3
"2026-09-12 19:40:00-0300",27.06,26.89,17.86,24.3
"2026-09-12 19:41:00-0300",27.05,26.89,17.86,24.3
"2026-09-12 19:42:00-0300",27.05,26.89,17.86,24.3
"2026-09-12 19:43:00-0300",27.05,26.89,17.86,24.2
"2026-09-12 19:44:00-0300",27.05,26.89,17.86,24.2
"2026-09-12 19:45:00-0300",27.04,26.89,17.86,24.3
"2026-09-12 19:46:00-0300",27.04,26.89,17.86,24.3
"2026-09-12 19:47:00-0300",27.04,26.89,17.82,24.3
"2026-09-12 19:48:00-0300",27.04,26.89,17.86,24.3
"2026-09-12 19:49:00-0300",27.04,26.89,17.86,24.2
"2026-09-12 19:50:00-0300",27.04,26.89,17.86,24.2
"2026-09-12 19:51:00-0300",27.03,26.89,17.86,24.3
"2026-09-12 19:52:00-0300",27.03,26.89,17.86,24.1
"2026-09-12 19:53:00-0300",27.03,26.88,17.86,24.2
"2026-09-12 19:54:00-0300",27.03,26.89,17.86,24.2
"2026-09-12 19:55:00-0300",27.04,26.89,17.86,24.2
"2026-09-12 19:56:00-0300",27.02,26.88,17.86,24.3
"2026-09-12 19:57:00-0300",27.04,26.89,17.86,24.2
"2026-09-12 19:58:00-0300",27.03,26.88,17.82,24.1
"2026-09-12 19:59:00-0300",27.04,26.89,17.86,24.2
"2026-09-12 20:00:00-0300",27.04,26.89,17.86,24.1
"2026-09-12 20:01:00-0300",27.03,26.89,17.86,24.2
"2026-09-12 20:02:00-0300",27.03,26.89,17.86,24.2
"2026-09-12 20:03:00-0300",27.03,26.89,17.86,24.2
"2026-09-12 20:04:00-0300",27.03,26.88,17.86,24.2
"2026-09-12 20:05:00-0300",27.03,26.88,17.86,24.2
"2026-09-12 20:06:00-0300",27.02,26.88,17.86,24.2
"2026-09-12 20:07:00-0300",27.02,26.88,17.86,24.1
"2026-09-12 20:08:00-0300",27.02,26.88,17.86,24.1
"2026-09-12 20:09:00-0300",27.02,26.88,17.86,24.2
"2026-09-12 20:10:00-0300",27.01,26.88,17.82,24.2
"2026-09-12 20:11:00-0300",27.01,26.88,17.86,24.2
"2026-09-12 20:12:00-0300",27.01,26.88,17.86,24.1
"2026-09-12 20:13:00-0300",27.01,26.88,17.86,24.1
"2026-09-12 20:14:00-0300",27.01,26.88,17.82,24.1
"2026-09-12 20:15:00-0300",27.01,26.88,17.86,24.2
"2026-09-12 20:16:00-0300",27,26.88,17.86,24.2
"2026-09-12 20:17:00-0300",27,26.88,17.86,24.2
"2026-09-12 20:18:00-0300",27,26.88,17.82,24.2
"2026-09-12 20:19:00-0300",27,26.88,17.82,24.1
"2026-09-12 20:20:00-0300",27,26.88,17.82,24.2
"2026-09-12 20:21:00-0300",27,26.87,17.86,24.2
"2026-09-12 20:22:00-0300",27,26.88,17.86,24.1
"2026-09-12 20:23:00-0300",27,26.88,17.82,24.2
"2026-09-12 20:24:00-0300",27,26.88,17.86,24
"2026-09-12 20:25:00-0300",26.99,26.87,17.86,24.1
"2026-09-12 20:26:00-0300",26.98,26.87,17.86,24.1
"2026-09-12 20:27:00-0300",26.98,26.87,17.86,24.2
"2026-09-12 20:28:00-0300",26.98,26.87,17.86,24.2
"2026-09-12 20:29:00-0300",27.01,26.88,17.82,24.1
"2026-09-12 20:30:00-0300",26.99,26.87,17.86,23.9
"2026-09-12 20:31:00-0300",27,26.87,17.86,24.1
"2026-09-12 20:32:00-0300",26.98,26.87,17.86,24
"2026-09-12 20:33:00-0300",26.97,26.87,17.86,24.1
"2026-09-12 20:34:00-0300",26.97,26.87,17.82,24.1
"2026-09-12 20:35:00-0300",26.97,26.87,17.86,24.1
"2026-09-12 20:36:00-0300",26.98,26.87,17.86,24.1
"2026-09-12 20:37:00-0300",26.97,26.87,17.86,24.1
"2026-09-12 20:38:00-0300",26.97,26.87,17.86,24
"2026-09-12 20:39:00-0300",26.97,26.87,17.86,24.1
"2026-09-12 20:40:00-0300",26.97,26.87,17.86,24.1
"2026-09-12 20:41:00-0300",26.98,26.87,17.82,24
"2026-09-12 20:42:00-0300",26.98,26.87,17.86,24.1
"2026-09-12 20:43:00-0300",26.98,26.87,17.86,24
"2026-09-12 20:44:00-0300",26.99,26.87,17.86,24.1
"2026-09-12 20:45:00-0300",26.99,26.87,17.86,24.2
"2026-09-12 20:46:00-0300",27,26.88,17.86,24.2
"2026-09-12 20:47:00-0300",27,26.88,17.86,24
"2026-09-12 20:48:00-0300",27,26.88,17.86,24.2
"2026-09-12 20:49:00-0300",27.01,26.88,17.86,24
"2026-09-12 20:50:00-0300",27.01,26.88,17.86,24.1
"2026-09-12 20:51:00-0300",27.01,26.88,17.86,24.1
"2026-09-12 20:52:00-0300",27.01,26.88,17.86,24.3
"2026-09-12 20:53:00-0300",27.02,26.88,17.86,24.2
"2026-09-12 20:54:00-0300",27.03,26.89,17.86,24.3
"2026-09-12 20:55:00-0300",27.03,26.89,17.86,24.2
"2026-09-12 20:56:00-0300",27.04,26.89,17.86,24.3
"2026-09-12 20:57:00-0300",27.04,26.89,17.86,24.3
"2026-09-12 20:58:00-0300",27.06,26.89,17.86,24.4
"2026-09-12 20:59:00-0300",27.07,26.9,17.86,24.4
"2026-09-12 21:00:00-0300",27.08,26.9,17.86,24.4
"2026-09-12 21:01:00-0300",27.1,26.91,17.86,24.4
"2026-09-12 21:02:00-0300",27.12,26.91,17.86,24.4
"2026-09-12 21:03:00-0300",27.14,26.92,17.92,24.4
"2026-09-12 21:04:00-0300",27.16,26.93,17.92,24.7
"2026-09-12 21:05:00-0300",27.18,26.93,17.98,24.9
"2026-09-12 21:06:00-0300",27.21,26.94,17.98,25.4
"2026-09-12 21:07:00-0300",27.24,26.95,18.02,27.1
"2026-09-12 21:08:00-0300",27.27,26.96,18.02,27.6
"2026-09-12 21:09:00-0300",27.3,26.97,18.02,29.5
"2026-09-12 21:10:00-0300",27.34,26.98,18.02,29.8
"2026-09-12 21:11:00-0300",27.38,27,18.02,31.2
"2026-09-12 21:12:00-0300",27.42,27.01,18.02,32.8
"2026-09-12 21:13:00-0300",27.47,27.02,18.08,34.1
"2026-09-12 21:14:00-0300",27.52,27.04,18.08,34.5
"2026-09-12 21:15:00-0300",27.57,27.06,18.12,37.9
"2026-09-12 21:16:00-0300",27.61,27.07,18.18,40.1
"2026-09-12 21:17:00-0300",27.67,27.09,18.22,39.4
"2026-09-12 21:18:00-0300",27.72,27.1,18.22,41.5
"2026-09-12 21:19:00-0300",27.78,27.12,18.22,42.1
"2026-09-12 21:20:00-0300",27.86,27.15,18.22,42.5
"2026-09-12 21:21:00-0300",27.95,27.18,18.28,43.6
"2026-09-12 21:22:00-0300",28.05,27.21,18.34,44.1
"2026-09-12 21:23:00-0300",28.17,27.25,18.37,43.5
"2026-09-12 21:24:00-0300",28.32,27.29,18.37,45.5
"2026-09-12 21:25:00-0300",28.41,27.32,18.37,45.8
"2026-09-12 21:26:00-0300",28.65,27.4,18.47,46.3
"2026-09-12 21:27:00-0300",28.85,27.46,18.53,45.3
"2026-09-12 21:28:00-0300",29.03,27.51,18.53,46.8
"2026-09-12 21:29:00-0300",29.18,27.56,18.63,47.1
"2026-09-12 21:30:00-0300",29.32,27.6,18.75,47.3
"2026-09-12 21:31:00-0300",29.42,27.63,18.75,47.5
"2026-09-12 21:32:00-0300",29.51,27.66,18.9,47.6
"2026-09-12 21:33:00-0300",29.6,27.69,18.9,46.3
"2026-09-12 21:34:00-0300",29.67,27.71,19.04,46.5
"2026-09-12 21:35:00-0300",29.76,27.74,19.04,48
"2026-09-12 21:36:00-0300",29.82,27.76,19.19,46.1
"2026-09-12 21:37:00-0300",29.89,27.78,19.25,47
"2026-09-12 21:38:00-0300",29.96,27.8,19.35,46.3
"2026-09-12 21:39:00-0300",30.03,27.82,19.41,47.1
"2026-09-12 21:40:00-0300",30.1,27.84,19.62,47.1
"2026-09-12 21:41:00-0300",30.17,27.86,19.62,47.6
"2026-09-12 21:42:00-0300",30.23,27.89,19.77,48
"2026-09-12 21:43:00-0300",30.29,27.9,19.77,48.5
"2026-09-12 21:44:00-0300",30.35,27.92,19.92,47
"2026-09-12 21:45:00-0300",30.42,27.94,19.92,46.8
"2026-09-12 21:46:00-0300",30.47,27.96,20.07,48.5
"2026-09-12 21:47:00-0300",30.53,27.98,20.13,47
"2026-09-12 21:48:00-0300",30.58,27.99,20.24,47.6
"2026-09-12 21:49:00-0300",30.65,28.01,20.28,47.6
"2026-09-12 21:50:00-0300",30.69,28.03,20.4,47.5
"2026-09-12 21:51:00-0300",30.75,28.04,20.45,47.6
"2026-09-12 21:52:00-0300",30.8,28.06,20.49,48
"2026-09-12 21:53:00-0300",30.85,28.07,20.6,48.1
"2026-09-12 21:54:00-0300",30.91,28.09,20.66,47.8
"2026-09-12 21:55:00-0300",30.94,28.1,20.71,48.1
"2026-09-12 21:56:00-0300",30.98,28.11,20.81,47.3
"2026-09-12 21:57:00-0300",31.02,28.13,20.81,48
"2026-09-12 21:58:00-0300",31.06,28.14,20.92,48.3
"2026-09-12 21:59:00-0300",31.1,28.15,20.97,48.3
"2026-09-12 22:00:00-0300",31.13,28.16,20.97,48.3
"2026-09-12 22:01:00-0300",31.17,28.17,21.07,46.8
"2026-09-12 22:02:00-0300",31.2,28.18,21.18,47.3
"2026-09-12 22:03:00-0300",31.25,28.19,21.18,48
"2026-09-12 22:04:00-0300",31.26,28.2,21.18,48
"2026-09-12 22:05:00-0300",31.29,28.21,21.29,48.3
"2026-09-12 22:06:00-0300",31.32,28.21,21.33,48.5
"2026-09-12 22:07:00-0300",31.35,28.22,21.33,48.3
"2026-09-12 22:08:00-0300",31.39,28.24,21.33,48.5
"2026-09-12 22:09:00-0300",31.4,28.24,21.38,48.3
"2026-09-12 22:10:00-0300",31.43,28.25,21.49,48.5
"2026-09-12 22:11:00-0300",31.45,28.26,21.49,48.3
"2026-09-12 22:12:00-0300",31.48,28.26,21.49,48.3
"2026-09-12 22:13:00-0300",31.5,28.27,21.49,48.5
"2026-09-12 22:14:00-0300",31.52,28.27,21.6,47.6
"2026-09-12 22:15:00-0300",31.54,28.28,21.66,48.1
"2026-09-12 22:16:00-0300",31.55,28.28,21.69,48.3
"2026-09-12 22:17:00-0300",31.58,28.29,21.69,48.5
"2026-09-12 22:18:00-0300",31.57,28.29,21.69,48.3
"2026-09-12 22:19:00-0300",31.57,28.29,21.69,47
"2026-09-12 22:20:00-0300",31.57,28.29,21.69,47.6
"2026-09-12 22:21:00-0300",31.58,28.29,21.69,48
"2026-09-12 22:22:00-0300",31.57,28.29,21.69,47.8
"2026-09-12 22:23:00-0300",31.56,28.29,21.69,48.1
"2026-09-12 22:24:00-0300",31.55,28.29,21.69,48.3
"2026-09-12 22:25:00-0300",31.54,28.28,21.69,48
"2026-09-12 22:26:00-0300",31.55,28.28,21.69,48
"2026-09-12 22:27:00-0300",31.52,28.28,21.69,48
"2026-09-12 22:28:00-0300",31.51,28.27,21.69,46.5
"2026-09-12 22:29:00-0300",31.49,28.27,21.69,46.6
"2026-09-12 22:30:00-0300",31.49,28.27,21.69,47.3
"2026-09-12 22:31:00-0300",31.47,28.26,21.69,47.5
"2026-09-12 22:32:00-0300",31.45,28.25,21.69,47.5
"2026-09-12 22:33:00-0300",31.44,28.25,21.69,47.5
"2026-09-12 22:34:00-0300",31.43,28.25,21.69,46.1
"2026-09-12 22:35:00-0300",31.43,28.25,21.66,46
"2026-09-12 22:36:00-0300",31.41,28.24,21.66,46.8
"2026-09-12 22:37:00-0300",31.4,28.24,21.69,45.8
"2026-09-12 22:38:00-0300",31.37,28.23,21.66,45.8
"2026-09-12 22:39:00-0300",31.37,28.23,21.66,46.6
"2026-09-12 22:40:00-0300",31.35,28.22,21.66,45.6
"2026-09-12 22:41:00-0300",31.33,28.22,21.66,46
"2026-09-12 22:42:00-0300",31.32,28.22,21.66,47
"2026-09-12 22:43:00-0300",31.31,28.21,21.6,47.1
"2026-09-12 22:44:00-0300",31.32,28.21,21.6,47
"2026-09-12 22:45:00-0300",31.29,28.21,21.6,46.3
"2026-09-12 22:46:00-0300",31.28,28.2,21.55,47
"2026-09-12 22:47:00-0300",31.27,28.2,21.55,46.8
"2026-09-12 22:48:00-0300",31.26,28.2,21.55,46.6
"2026-09-12 22:49:00-0300",31.26,28.2,21.55,46.8
"2026-09-12 22:50:00-0300",31.26,28.2,21.49,45.1
"2026-09-12 22:51:00-0300",31.25,28.19,21.49,45.6
"2026-09-12 22:52:00-0300",31.25,28.19,21.49,44.8
"2026-09-12 22:53:00-0300",31.25,28.19,21.49,45.6
"2026-09-12 22:54:00-0300",31.23,28.19,21.49,45.8
"2026-09-12 22:55:00-0300",31.23,28.19,21.49,44.3
"2026-09-12 22:56:00-0300",31.22,28.18,21.49,45.3
"2026-09-12 22:57:00-0300",31.21,28.18,21.49,44
"2026-09-12 22:58:00-0300",31.21,28.18,21.49,43.5
"2026-09-12 22:59:00-0300",31.18,28.17,21.49,44
"2026-09-12 23:00:00-0300",31.18,28.17,21.49,44.1
"2026-09-12 23:01:00-0300",31.16,28.17,21.49,44.1
"2026-09-12 23:02:00-0300",31.15,28.16,21.49,43.8
"2026-09-12 23:03:00-0300",31.14,28.16,21.49,43.6
"2026-09-12 23:04:00-0300",31.13,28.16,21.49,42.3
"2026-09-12 23:05:00-0300",31.12,28.15,21.49,42.5
"2026-09-12 23:06:00-0300",31.11,28.15,21.49,43
"2026-09-12 23:07:00-0300",31.12,28.15,21.49,43
"2026-09-12 23:08:00-0300",31.11,28.15,21.49,42.6
"2026-09-12 23:09:00-0300",31.08,28.14,21.49,42.1
"2026-09-12 23:10:00-0300",31.1,28.15,21.38,42.3
"2026-09-12 23:11:00-0300",31.08,28.14,21.33,42.1
"2026-09-12 23:12:00-0300",31.09,28.14,21.33,42
"2026-09-12 23:13:00-0300",31.04,28.13,21.33,40.5
"2026-09-12 23:14:00-0300",31.03,28.13,21.33,41.6
"2026-09-12 23:15:00-0300",31.03,28.13,21.33,41.3
"2026-09-12 23:16:00-0300",31.02,28.12,21.33,40.8
"2026-09-12 23:17:00-0300",31.03,28.13,21.33,41
"2026-09-12 23:18:00-0300",31,28.12,21.33,40.5
"2026-09-12 23:19:00-0300",30.97,28.11,21.33,39.1
"2026-09-12 23:20:00-0300",30.96,28.11,21.33,40.8
"2026-09-12 23:21:00-0300",30.96,28.11,21.29,38.8
"2026-09-12 23:22:00-0300",30.97,28.11,21.33,40.6
"2026-09-12 23:23:00-0300",30.97,28.11,21.33,40.6
"2026-09-12 23:24:00-0300",30.98,28.11,21.33,41.1
"2026-09-12 23:25:00-0300",31.01,28.12,21.33,40.6
"2026-09-12 23:26:00-0300",31.03,28.13,21.33,41.3
"2026-09-12 23:27:00-0300",31.01,28.12,21.33,41.6
"2026-09-12 23:28:00-0300",31.06,28.14,21.33,41.8
"2026-09-12 23:29:00-0300",31.07,28.14,21.33,41.8
"2026-09-12 23:30:00-0300",31.09,28.15,21.38,42.3
"2026-09-12 23:31:00-0300",31.12,28.16,21.44,41.1
"2026-09-12 23:32:00-0300",31.12,28.16,21.49,41.5
"2026-09-12 23:33:00-0300",31.13,28.16,21.44,43.1
"2026-09-12 23:34:00-0300",31.15,28.16,21.49,41.8
"2026-09-12 23:35:00-0300",31.16,28.17,21.49,42
"2026-09-12 23:36:00-0300",31.2,28.18,21.49,42.3
"2026-09-12 23:37:00-0300",31.18,28.17,21.49,42
"2026-09-12 23:38:00-0300",31.17,28.17,21.49,42.1
"2026-09-12 23:39:00-0300",31.16,28.17,21.49,42.1
"2026-09-12 23:40:00-0300",31.17,28.17,21.49,43
"2026-09-12 23:41:00-0300",31.17,28.17,21.49,42.5
"2026-09-12 23:42:00-0300",31.17,28.17,21.49,43
"2026-09-12 23:43:00-0300",31.16,28.17,21.49,43.5
"2026-09-12 23:44:00-0300",31.19,28.18,21.49,42.3
"2026-09-12 23:45:00-0300",31.15,28.16,21.49,43.1
"2026-09-12 23:46:00-0300",31.12,28.15,21.44,42.3
"2026-09-12 23:47:00-0300",31.11,28.15,21.49,42.6
"2026-09-12 23:48:00-0300",31.11,28.15,21.44,42
"2026-09-12 23:49:00-0300",31.1,28.15,21.44,42.6
"2026-09-12 23:50:00-0300",31.12,28.15,21.44,42.6
"2026-09-12 23:51:00-0300",31.09,28.15,21.44,42.5
"2026-09-12 23:52:00-0300",31.09,28.14,21.44,42.3
"2026-09-12 23:53:00-0300",31.09,28.14,21.44,42.1
"2026-09-12 23:54:00-0300",31.08,28.14,21.38,42.5
"2026-09-12 23:55:00-0300",31.09,28.14,21.38,42.5
"2026-09-12 23:56:00-0300",31.08,28.14,21.44,41
"2026-09-12 23:57:00-0300",31.08,28.14,21.44,41.5
"2026-09-12 23:58:00-0300",31.07,28.14,21.38,42.1
"2026-09-12 23:59:00-0300",31.09,28.14,21.38,42.1
"2026-09-13 00:00:00-0300",31.07,28.14,21.38,41.6
"2026-09-13 00:01:00-0300",31.06,28.14,21.38,42
"2026-09-13 00:02:00-0300",31.06,28.14,21.44,42.1
"2026-09-13 00:03:00-0300",31.07,28.14,21.44,42.1
"2026-09-13 00:04:00-0300",31.08,28.14,21.44,42.1
"2026-09-13 00:05:00-0300",31.06,28.14,21.44,40.6
"2026-09-13 00:06:00-0300",31.06,28.14,21.44,40.5
"2026-09-13 00:07:00-0300",31.06,28.14,21.49,40.5
"2026-09-13 00:08:00-0300",31.06,28.14,21.44,41.6
"2026-09-13 00:09:00-0300",31.08,28.14,21.49,42
"2026-09-13 00:10:00-0300",31.06,28.14,21.44,40.5
"2026-09-13 00:11:00-0300",31.06,28.14,21.49,41.5
"2026-09-13 00:12:00-0300",31.06,28.14,21.49,41.6
"2026-09-13 00:13:00-0300",31.06,28.14,21.49,42
"2026-09-13 00:14:00-0300",31.06,28.14,21.49,42
"2026-09-13 00:15:00-0300",31.06,28.14,21.49,42
"2026-09-13 00:16:00-0300",31.06,28.14,21.49,40.5
"2026-09-13 00:17:00-0300",31.05,28.13,21.49,41.3
"2026-09-13 00:18:00-0300",31.07,28.14,21.44,41.6
"2026-09-13 00:19:00-0300",31.05,28.13,21.44,41.5
"2026-09-13 00:20:00-0300",31.04,28.13,21.44,41.6
"2026-09-13 00:21:00-0300",31.04,28.13,21.44,41.8
"2026-09-13 00:22:00-0300",31.04,28.13,21.38,41.6
"2026-09-13 00:23:00-0300",31.05,28.13,21.38,41.3
"2026-09-13 00:24:00-0300",31.03,28.13,21.38,40.1
"2026-09-13 00:25:00-0300",31.02,28.12,21.38,41.5
"2026-09-13 00:26:00-0300",31.01,28.12,21.33,41.3
"2026-09-13 00:27:00-0300",31.01,28.12,21.33,41.1
"2026-09-13 00:28:00-0300",31.02,28.12,21.33,41
"2026-09-13 00:29:00-0300",31,28.12,21.33,41.5
"2026-09-13 00:30:00-0300",31,28.12,21.33,40.8
"2026-09-13 00:31:00-0300",30.99,28.11,21.33,39.4
"2026-09-13 00:32:00-0300",30.98,28.11,21.33,40
"2026-09-13 00:33:00-0300",30.98,28.11,21.33,40
"2026-09-13 00:34:00-0300",30.98,28.11,21.33,40.6
"2026-09-13 00:35:00-0300",30.97,28.11,21.33,39.1
"2026-09-13 00:36:00-0300",30.97,28.11,21.33,38.5
"2026-09-13 00:37:00-0300",30.98,28.11,21.33,38.8
"2026-09-13 00:38:00-0300",30.96,28.11,21.33,40.6
"2026-09-13 00:39:00-0300",30.95,28.1,21.33,38.5
"2026-09-13 00:40:00-0300",30.95,28.1,21.33,40.6
"2026-09-13 00:41:00-0300",30.94,28.1,21.33,38.5
"2026-09-13 00:42:00-0300",30.94,28.1,21.33,38.5
"2026-09-13 00:43:00-0300",30.93,28.1,21.33,40.6
"2026-09-13 00:44:00-0300",30.93,28.1,21.33,40.3
"2026-09-13 00:45:00-0300",30.92,28.09,21.33,40.3
"2026-09-13 00:46:00-0300",30.93,28.1,21.33,38.2
"2026-09-13 00:47:00-0300",30.91,28.09,21.33,37.9
"2026-09-13 00:48:00-0300",30.91,28.09,21.33,38.8
"2026-09-13 00:49:00-0300",30.9,28.09,21.33,40
"2026-09-13 00:50:00-0300",30.89,28.09,21.33,39.1
"2026-09-13 00:51:00-0300",30.9,28.09,21.29,38.8
"2026-09-13 00:52:00-0300",30.87,28.08,21.29,38.2
"2026-09-13 00:53:00-0300",30.86,28.08,21.29,38.2
"2026-09-13 00:54:00-0300",30.86,28.07,21.29,39.1
"2026-09-13 00:55:00-0300",30.87,28.08,21.23,39.7
"2026-09-13 00:56:00-0300",30.85,28.07,21.29,39.7
"2026-09-13 00:57:00-0300",30.84,28.07,21.23,39.7
"2026-09-13 00:58:00-0300",30.83,28.07,21.23,37
"2026-09-13 00:59:00-0300",30.83,28.07,21.18,39.4
"2026-09-13 01:00:00-0300",30.83,28.07,21.23,39.4
"2026-09-13 01:01:00-0300",30.82,28.06,21.18,37
"2026-09-13 01:02:00-0300",30.81,28.06,21.18,38.2
"2026-09-13 01:03:00-0300",30.81,28.06,21.18,38.5
"2026-09-13 01:04:00-0300",30.8,28.06,21.18,39.1
"2026-09-13 01:05:00-0300",30.79,28.06,21.18,39.4
"2026-09-13 01:06:00-0300",30.78,28.05,21.18,39.1
"2026-09-13 01:07:00-0300",30.78,28.05,21.18,36.7
"2026-09-13 01:08:00-0300",30.78,28.05,21.18,36.7
"2026-09-13 01:09:00-0300",30.77,28.05,21.18,38.8
"2026-09-13 01:10:00-0300",30.76,28.05,21.18,38.2
"2026-09-13 01:11:00-0300",30.76,28.05,21.18,38.8
"2026-09-13 01:12:00-0300",30.75,28.04,21.18,38.8
"2026-09-13 01:13:00-0300",30.75,28.04,21.18,36.1
"2026-09-13 01:14:00-0300",30.75,28.04,21.18,37.3
"2026-09-13 01:15:00-0300",30.73,28.04,21.12,37
"2026-09-13 01:16:00-0300",30.72,28.03,21.12,37.9
"2026-09-13 01:17:00-0300",30.72,28.03,21.18,37
"2026-09-13 01:18:00-0300",30.71,28.03,21.12,37.3
"2026-09-13 01:19:00-0300",30.73,28.04,21.18,37.6
"2026-09-13 01:20:00-0300",30.71,28.03,21.12,37.9
"2026-09-13 01:21:00-0300",30.7,28.03,21.12,37.9
"2026-09-13 01:22:00-0300",30.7,28.03,21.12,35.2
"2026-09-13 01:23:00-0300",30.7,28.03,21.12,34.8
"2026-09-13 01:24:00-0300",30.72,28.03,21.12,37.9
"2026-09-13 01:25:00-0300",30.7,28.03,21.07,37.6
"2026-09-13 01:26:00-0300",30.7,28.03,21.12,37.3
"2026-09-13 01:27:00-0300",30.71,28.03,21.18,37.9
"2026-09-13 01:28:00-0300",30.72,28.03,21.18,38.2
"2026-09-13 01:29:00-0300",30.74,28.04,21.18,38.5
"2026-09-13 01:30:00-0300",30.76,28.04,21.18,36.7
"2026-09-13 01:31:00-0300",30.78,28.05,21.18,37
"2026-09-13 01:32:00-0300",30.81,28.06,21.18,39.7
"2026-09-13 01:33:00-0300",30.83,28.07,21.18,39.7
"2026-09-13 01:34:00-0300",30.86,28.08,21.23,39.7
"2026-09-13 01:35:00-0300",30.89,28.09,21.29,40
"2026-09-13 01:36:00-0300",30.92,28.09,21.33,40.5
"2026-09-13 01:37:00-0300",30.95,28.1,21.33,42.1
"2026-09-13 01:38:00-0300",30.99,28.12,21.33,42.5
"2026-09-13 01:39:00-0300",31,28.12,21.33,42.5
"2026-09-13 01:40:00-0300",31.01,28.12,21.33,43
"2026-09-13 01:41:00-0300",31.03,28.13,21.33,43.5
"2026-09-13 01:42:00-0300",31.05,28.13,21.33,43.5
"2026-09-13 01:43:00-0300",31.07,28.14,21.38,43.8
"2026-09-13 01:44:00-0300",31.07,28.14,21.38,43.3
"2026-09-13 01:45:00-0300",31.08,28.14,21.38,43.8
"2026-09-13 01:46:00-0300",31.08,28.14,21.44,44
"2026-09-13 01:47:00-0300",31.1,28.15,21.44,44.1
"2026-09-13 01:48:00-0300",31.09,28.14,21.44,44
"2026-09-13 01:49:00-0300",31.09,28.15,21.38,42.5
"2026-09-13 01:50:00-0300",31.09,28.15,21.44,43.1
"2026-09-13 01:51:00-0300",31.08,28.14,21.44,42.6
"2026-09-13 01:52:00-0300",31.1,28.15,21.44,42.1
"2026-09-13 01:53:00-0300",31.08,28.14,21.44,43
"2026-09-13 01:54:00-0300",31.08,28.14,21.44,41.8
"2026-09-13 01:55:00-0300",31.07,28.14,21.38,42.6
"2026-09-13 01:56:00-0300",31.07,28.14,21.38,42.8
"2026-09-13 01:57:00-0300",31.05,28.13,21.33,42.3
"2026-09-13 01:58:00-0300",31.05,28.13,21.33,42.1
"2026-09-13 01:59:00-0300",31.04,28.13,21.33,42.5
"2026-09-13 02:00:00-0300",31.03,28.13,21.33,42.5
"2026-09-13 02:01:00-0300",31.02,28.12,21.33,42.3
"2026-09-13 02:02:00-0300",31.01,28.12,21.33,41.8
"2026-09-13 02:03:00-0300",31,28.12,21.33,42
"2026-09-13 02:04:00-0300",30.99,28.12,21.33,42.1
"2026-09-13 02:05:00-0300",31,28.12,21.33,42
"2026-09-13 02:06:00-0300",30.97,28.11,21.33,42
"2026-09-13 02:07:00-0300",30.96,28.11,21.33,40.3
"2026-09-13 02:08:00-0300",30.95,28.1,21.33,41.6
"2026-09-13 02:09:00-0300",30.96,28.1,21.33,41.1
"2026-09-13 02:10:00-0300",30.93,28.1,21.33,41.6
"2026-09-13 02:11:00-0300",30.92,28.09,21.29,41.1
"2026-09-13 02:12:00-0300",30.91,28.09,21.23,39.7
"2026-09-13 02:13:00-0300",30.91,28.09,21.23,41
"2026-09-13 02:14:00-0300",30.88,28.08,21.18,41
"2026-09-13 02:15:00-0300",30.87,28.08,21.18,38.8
"2026-09-13 02:16:00-0300",30.86,28.07,21.18,40.6
"2026-09-13 02:17:00-0300",30.85,28.07,21.18,38.5
"2026-09-13 02:18:00-0300",30.85,28.07,21.18,38.5
"2026-09-13 02:19:00-0300",30.82,28.06,21.18,40.3
"2026-09-13 02:20:00-0300",30.81,28.06,21.18,40.1
"2026-09-13 02:21:00-0300",30.8,28.06,21.18,40
"2026-09-13 02:22:00-0300",30.78,28.05,21.18,37.3
"2026-09-13 02:23:00-0300",30.77,28.05,21.12,37.3
"2026-09-13 02:24:00-0300",30.76,28.05,21.12,38.8
"2026-09-13 02:25:00-0300",30.75,28.04,21.12,36.7
"2026-09-13 02:26:00-0300",30.73,28.04,21.07,39.1
"2026-09-13 02:27:00-0300",30.74,28.04,21.01,39.1
"2026-09-13 02:28:00-0300",30.71,28.03,20.97,36.4
"2026-09-13 02:29:00-0300",30.7,28.03,20.97,38.5
"2026-09-13 02:30:00-0300",30.69,28.02,20.97,36.1
"2026-09-13 02:31:00-0300",30.67,28.02,20.97,37
"2026-09-13 02:32:00-0300",30.66,28.02,20.97,36.7
"2026-09-13 02:33:00-0300",30.65,28.01,20.97,37.3
"2026-09-13 02:34:00-0300",30.64,28.01,20.97,37.3
"2026-09-13 02:35:00-0300",30.62,28,20.97,37
"2026-09-13 02:36:00-0300",30.63,28.01,20.97,37.3
"2026-09-13 02:37:00-0300",30.6,28,20.97,37.3
"2026-09-13 02:38:00-0300",30.59,27.99,20.97,37.3
"2026-09-13 02:39:00-0300",30.57,27.99,20.97,34.8
"2026-09-13 02:40:00-0300",30.56,27.99,20.92,35.8
"2026-09-13 02:41:00-0300",30.55,27.98,20.92,35
"2026-09-13 02:42:00-0300",30.54,27.98,20.86,37.3
"2026-09-13 02:43:00-0300",30.52,27.97,20.81,35
"2026-09-13 02:44:00-0300",30.51,27.97,20.81,34.5
"2026-09-13 02:45:00-0300",30.52,27.97,20.81,34.5
"2026-09-13 02:46:00-0300",30.49,27.96,20.81,34.8
"2026-09-13 02:47:00-0300",30.48,27.96,20.81,35.2
"2026-09-13 02:48:00-0300",30.47,27.96,20.81,35.5
"2026-09-13 02:49:00-0300",30.45,27.95,20.81,35.5
"2026-09-13 02:50:00-0300",30.44,27.95,20.81,35.5
"2026-09-13 02:51:00-0300",30.43,27.95,20.81,35.2
"2026-09-13 02:52:00-0300",30.42,27.94,20.81,35.2
"2026-09-13 02:53:00-0300",30.41,27.94,20.75,35
"2026-09-13 02:54:00-0300",30.41,27.94,20.75,35.2
"2026-09-13 02:55:00-0300",30.39,27.93,20.71,34.6
"2026-09-13 02:56:00-0300",30.37,27.93,20.71,34.7
"2026-09-13 02:57:00-0300",30.37,27.93,20.71,35
"2026-09-13 02:58:00-0300",30.36,27.92,20.71,35
"2026-09-13 02:59:00-0300",30.36,27.92,20.66,34.8
"2026-09-13 03:00:00-0300",30.33,27.92,20.66,34.5
"2026-09-13 03:01:00-0300",30.32,27.91,20.66,34.6
"2026-09-13 03:02:00-0300",30.31,27.91,20.66,34.7
"2026-09-13 03:03:00-0300",30.3,27.91,20.66,33.6
"2026-09-13 03:04:00-0300",30.29,27.9,20.66,34.5
"2026-09-13 03:05:00-0300",30.28,27.9,20.66,34.6
"2026-09-13 03:06:00-0300",30.27,27.9,20.66,34.5
"2026-09-13 03:07:00-0300",30.26,27.89,20.66,34.2
"2026-09-13 03:08:00-0300",30.26,27.89,20.66,34.1
"2026-09-13 03:09:00-0300",30.23,27.89,20.66,34.3
"2026-09-13 03:10:00-0300",30.22,27.88,20.6,34.3
"2026-09-13 03:11:00-0300",30.21,27.88,20.66,33.2
"2026-09-13 03:12:00-0300",30.2,27.88,20.6,33.7
"2026-09-13 03:13:00-0300",30.19,27.87,20.6,33.7
"2026-09-13 03:14:00-0300",30.18,27.87,20.6,34
"2026-09-13 03:15:00-0300",30.17,27.87,20.55,33.1
"2026-09-13 03:16:00-0300",30.16,27.86,20.55,33.8
"2026-09-13 03:17:00-0300",30.17,27.87,20.49,33.8
"2026-09-13 03:18:00-0300",30.15,27.86,20.49,33.6
"2026-09-13 03:19:00-0300",30.14,27.86,20.45,33.8
"2026-09-13 03:20:00-0300",30.13,27.85,20.49,34
"2026-09-13 03:21:00-0300",30.12,27.85,20.49,34
"2026-09-13 03:22:00-0300",30.11,27.85,20.45,34
"2026-09-13 03:23:00-0300",30.1,27.85,20.45,33
"2026-09-13 03:24:00-0300",30.1,27.84,20.45,33.5
"2026-09-13 03:25:00-0300",30.09,27.84,20.45,33.3
"2026-09-13 03:26:00-0300",30.09,27.84,20.45,33.8
"2026-09-13 03:27:00-0300",30.07,27.84,20.45,33.8
"2026-09-13 03:28:00-0300",30.06,27.83,20.45,33.7
"2026-09-13 03:29:00-0300",30.06,27.83,20.45,32.6
"2026-09-13 03:30:00-0300",30.05,27.83,20.45,32.6
"2026-09-13 03:31:00-0300",30.06,27.83,20.45,33.1
"2026-09-13 03:32:00-0300",30.03,27.82,20.45,32.5
"2026-09-13 03:33:00-0300",30.03,27.82,20.45,33.1
"2026-09-13 03:34:00-0300",30.02,27.82,20.45,33
"2026-09-13 03:35:00-0300",30.01,27.82,20.45,33.5
"2026-09-13 03:36:00-0300",30.01,27.82,20.45,33.2
"2026-09-13 03:37:00-0300",30,27.81,20.45,33.2
"2026-09-13 03:38:00-0300",29.99,27.81,20.45,32.2
"2026-09-13 03:39:00-0300",29.99,27.81,20.4,32.7
"2026-09-13 03:40:00-0300",29.99,27.81,20.4,32.7
"2026-09-13 03:41:00-0300",29.97,27.8,20.4,33
"2026-09-13 03:42:00-0300",29.96,27.8,20.4,33.3
"2026-09-13 03:43:00-0300",29.95,27.8,20.4,33.5
"2026-09-13 03:44:00-0300",29.95,27.8,20.4,32.3
"2026-09-13 03:45:00-0300",29.94,27.79,20.34,32.2
"2026-09-13 03:46:00-0300",29.93,27.79,20.34,33.2
"2026-09-13 03:47:00-0300",29.92,27.79,20.34,32.2
"2026-09-13 03:48:00-0300",29.92,27.79,20.34,32.7
"2026-09-13 03:49:00-0300",29.92,27.79,20.34,33.1
"2026-09-13 03:50:00-0300",29.9,27.78,20.28,32.6
"2026-09-13 03:51:00-0300",29.89,27.78,20.28,33
"2026-09-13 03:52:00-0300",29.89,27.78,20.28,32.6
"2026-09-13 03:53:00-0300",29.88,27.78,20.28,32.5
"2026-09-13 03:54:00-0300",29.88,27.78,20.28,32.8
"2026-09-13 03:55:00-0300",29.86,27.77,20.28,32.7
"2026-09-13 03:56:00-0300",29.86,27.77,20.28,32.3
"2026-09-13 03:57:00-0300",29.85,27.77,20.28,32.6
"2026-09-13 03:58:00-0300",29.84,27.77,20.28,32.2
"2026-09-13 03:59:00-0300",29.84,27.77,20.28,31.7
"2026-09-13 04:00:00-0300",29.82,27.76,20.28,32.8
"2026-09-13 04:01:00-0300",29.82,27.76,20.28,32.8
"2026-09-13 04:02:00-0300",29.81,27.76,20.24,32.7
"2026-09-13 04:03:00-0300",29.8,27.75,20.28,31.7
"2026-09-13 04:04:00-0300",29.79,27.75,20.28,32.6
"2026-09-13 04:05:00-0300",29.79,27.75,20.24,32.7
"2026-09-13 04:06:00-0300",29.78,27.75,20.28,31.7
"2026-09-13 04:07:00-0300",29.77,27.74,20.24,32.1
"2026-09-13 04:08:00-0300",29.78,27.75,20.28,31.6
"2026-09-13 04:09:00-0300",29.76,27.74,20.24,31.6
"2026-09-13 04:10:00-0300",29.75,27.74,20.24,32.7
"2026-09-13 04:11:00-0300",29.75,27.74,20.24,31.6
"2026-09-13 04:12:00-0300",29.74,27.73,20.24,32.1
"2026-09-13 04:13:00-0300",29.75,27.74,20.19,31.5
"2026-09-13 04:14:00-0300",29.73,27.73,20.19,31.6
"2026-09-13 04:15:00-0300",29.72,27.73,20.13,31.8
"2026-09-13 04:16:00-0300",29.71,27.73,20.13,32.2
"2026-09-13 04:17:00-0300",29.72,27.73,20.13,32.5
"2026-09-13 04:18:00-0300",29.7,27.72,20.13,32.3
"2026-09-13 04:19:00-0300",29.7,27.72,20.13,32.3
"2026-09-13 04:20:00-0300",29.69,27.72,20.13,31.2
"2026-09-13 04:21:00-0300",29.68,27.72,20.13,32.1
"2026-09-13 04:22:00-0300",29.68,27.72,20.13,31.8
"2026-09-13 04:23:00-0300",29.66,27.71,20.13,32.2
"2026-09-13 04:24:00-0300",29.66,27.71,20.13,32.2
"2026-09-13 04:25:00-0300",29.65,27.71,20.13,32.2
"2026-09-13 04:26:00-0300",29.65,27.71,20.13,31.2
"2026-09-13 04:27:00-0300",29.64,27.7,20.13,31.2
"2026-09-13 04:28:00-0300",29.64,27.7,20.13,31.7
"2026-09-13 04:29:00-0300",29.63,27.7,20.13,32
"2026-09-13 04:30:00-0300",29.62,27.7,20.13,32.1
"2026-09-13 04:31:00-0300",29.63,27.7,20.13,31.8
"2026-09-13 04:32:00-0300",29.61,27.69,20.13,32.2
"2026-09-13 04:33:00-0300",29.6,27.69,20.13,32.1
"2026-09-13 04:34:00-0300",29.59,27.69,20.13,32.1
"2026-09-13 04:35:00-0300",29.59,27.69,20.13,32.1
"2026-09-13 04:36:00-0300",29.58,27.69,20.13,31.3
"2026-09-13 04:37:00-0300",29.58,27.68,20.13,31.8
"2026-09-13 04:38:00-0300",29.57,27.68,20.13,31.8
"2026-09-13 04:39:00-0300",29.57,27.68,20.13,31.8
"2026-09-13 04:40:00-0300",29.57,27.68,20.13,31
"2026-09-13 04:41:00-0300",29.56,27.68,20.07,31.8
"2026-09-13 04:42:00-0300",29.55,27.68,20.07,32
"2026-09-13 04:43:00-0300",29.54,27.67,20.07,30.8
"2026-09-13 04:44:00-0300",29.54,27.67,20.07,31.3
"2026-09-13 04:45:00-0300",29.54,27.67,20.07,31
"2026-09-13 04:46:00-0300",29.53,27.67,20.04,31.6
"2026-09-13 04:47:00-0300",29.52,27.67,20.04,31.2
"2026-09-13 04:48:00-0300",29.52,27.67,20.04,31.8
"2026-09-13 04:49:00-0300",29.52,27.67,20.04,31.1
"2026-09-13 04:50:00-0300",29.51,27.66,19.98,31.1
"2026-09-13 04:51:00-0300",29.5,27.66,19.98,31.6
"2026-09-13 04:52:00-0300",29.5,27.66,19.92,31.6
"2026-09-13 04:53:00-0300",29.5,27.66,19.92,31.6
"2026-09-13 04:54:00-0300",29.49,27.66,19.92,31.5
"2026-09-13 04:55:00-0300",29.49,27.66,19.92,31.5
"2026-09-13 04:56:00-0300",29.48,27.66,19.92,31.3
"2026-09-13 04:57:00-0300",29.49,27.66,19.92,31.5
"2026-09-13 04:58:00-0300",29.48,27.65,19.92,31.2
"2026-09-13 04:59:00-0300",29.49,27.66,19.92,31.6
"2026-09-13 05:00:00-0300",29.48,27.65,19.92,31.5
"2026-09-13 05:01:00-0300",29.48,27.65,19.92,31.5
"2026-09-13 05:02:00-0300",29.47,27.65,19.92,30.5
"2026-09-13 05:03:00-0300",29.48,27.65,19.92,30.6
"2026-09-13 05:04:00-0300",29.47,27.65,19.92,31.1
"2026-09-13 05:05:00-0300",29.46,27.65,19.92,31.3
"2026-09-13 05:06:00-0300",29.46,27.65,19.92,31.3
"2026-09-13 05:07:00-0300",29.45,27.64,19.92,31.5
"2026-09-13 05:08:00-0300",29.45,27.65,19.92,31.5
"2026-09-13 05:09:00-0300",29.44,27.64,19.92,31.3
"2026-09-13 05:10:00-0300",29.42,27.64,19.92,31.2
"2026-09-13 05:11:00-0300",29.42,27.64,19.92,31.5
"2026-09-13 05:12:00-0300",29.41,27.63,19.92,31.1
"2026-09-13 05:13:00-0300",29.4,27.63,19.92,31
"2026-09-13 05:14:00-0300",29.4,27.63,19.92,31
"2026-09-13 05:15:00-0300",29.39,27.63,19.92,30.7
"2026-09-13 05:16:00-0300",29.4,27.63,19.92,31.1
"2026-09-13 05:17:00-0300",29.42,27.63,19.92,31.5
"2026-09-13 05:18:00-0300",29.45,27.64,19.92,32
"2026-09-13 05:19:00-0300",29.45,27.65,19.92,32.2
"2026-09-13 05:20:00-0300",29.48,27.65,19.92,32.1
"2026-09-13 05:21:00-0300",29.5,27.66,19.98,32.6
"2026-09-13 05:22:00-0300",29.54,27.67,20.07,33
"2026-09-13 05:23:00-0300",29.58,27.68,20.13,33.6
"2026-09-13 05:24:00-0300",29.6,27.69,20.13,34.2
"2026-09-13 05:25:00-0300",29.63,27.7,20.13,35.2
"2026-09-13 05:26:00-0300",29.68,27.71,20.13,36.7
"2026-09-13 05:27:00-0300",29.72,27.73,20.19,38.8
"2026-09-13 05:28:00-0300",29.76,27.74,20.24,40.1
"2026-09-13 05:29:00-0300",29.8,27.75,20.28,41.1
"2026-09-13 05:30:00-0300",29.85,27.77,20.28,42
"2026-09-13 05:31:00-0300",29.88,27.78,20.28,42.6
"2026-09-13 05:32:00-0300",29.94,27.79,20.4,43.1
"2026-09-13 05:33:00-0300",29.97,27.8,20.45,43.6
"2026-09-13 05:34:00-0300",30.01,27.82,20.45,42.6
"2026-09-13 05:35:00-0300",30.05,27.83,20.45,43.6
"2026-09-13 05:36:00-0300",30.09,27.84,20.49,43.1
"2026-09-13 05:37:00-0300",30.13,27.86,20.6,43.5
"2026-09-13 05:38:00-0300",30.16,27.86,20.66,44.8
"2026-09-13 05:39:00-0300",30.19,27.87,20.66,45.1
"2026-09-13 05:40:00-0300",30.22,27.88,20.66,44.8
"2026-09-13 05:41:00-0300",30.24,27.89,20.71,45.3
"2026-09-13 05:42:00-0300",30.27,27.9,20.71,45.8
"2026-09-13 05:43:00-0300",30.29,27.9,20.81,46
"2026-09-13 05:44:00-0300",30.31,27.91,20.81,46.3
"2026-09-13 05:45:00-0300",30.33,27.91,20.81,45
"2026-09-13 05:46:00-0300",30.35,27.92,20.81,46
"2026-09-13 05:47:00-0300",30.36,27.92,20.81,46
"2026-09-13 05:48:00-0300",30.37,27.93,20.92,46.5
"2026-09-13 05:49:00-0300",30.39,27.93,20.92,46.5
"2026-09-13 05:50:00-0300",30.4,27.94,20.97,46.6
"2026-09-13 05:51:00-0300",30.42,27.94,20.97,46.6
"2026-09-13 05:52:00-0300",30.41,27.94,20.97,45.3
"2026-09-13 05:53:00-0300",30.42,27.94,20.97,45.3
"2026-09-13 05:54:00-0300",30.43,27.95,20.97,46.3
"2026-09-13 05:55:00-0300",30.43,27.95,20.97,46.3
"2026-09-13 05:56:00-0300",30.44,27.95,20.97,46.8
"2026-09-13 05:57:00-0300",30.45,27.95,20.97,45.3
"2026-09-13 05:58:00-0300",30.45,27.95,20.97,46
"2026-09-13 05:59:00-0300",30.46,27.95,20.97,46.1
"2026-09-13 06:00:00-0300",30.48,27.96,20.97,45.3
"2026-09-13 06:01:00-0300",30.47,27.96,20.97,45.5
"2026-09-13 06:02:00-0300",30.48,27.96,20.97,46.1
"2026-09-13 06:03:00-0300",30.48,27.96,21.01,46.3
"2026-09-13 06:04:00-0300",30.49,27.96,21.01,46.3
"2026-09-13 06:05:00-0300",30.49,27.96,21.07,46.1
"2026-09-13 06:06:00-0300",30.49,27.96,21.07,45.6
"2026-09-13 06:07:00-0300",30.49,27.96,21.07,45.8
"2026-09-13 06:08:00-0300",30.49,27.96,21.07,45.8
"2026-09-13 06:09:00-0300",30.5,27.97,21.07,45.6
"2026-09-13 06:10:00-0300",30.49,27.96,21.07,44
"2026-09-13 06:11:00-0300",30.49,27.96,21.07,44.6
"2026-09-13 06:12:00-0300",30.49,27.96,21.07,45
"2026-09-13 06:13:00-0300",30.49,27.96,21.07,44.8
"2026-09-13 06:14:00-0300",30.48,27.96,21.07,44.6
"2026-09-13 06:15:00-0300",30.48,27.96,21.07,44.6
"2026-09-13 06:16:00-0300",30.47,27.96,21.07,43.1
"2026-09-13 06:17:00-0300",30.47,27.96,21.07,43.8
"2026-09-13 06:18:00-0300",30.49,27.96,21.01,43.6
"2026-09-13 06:19:00-0300",30.47,27.96,21.01,43.5
"2026-09-13 06:20:00-0300",30.47,27.96,21.01,42.6
"2026-09-13 06:21:00-0300",30.47,27.96,21.01,43
"2026-09-13 06:22:00-0300",30.46,27.95,20.97,42.1
"2026-09-13 06:23:00-0300",30.46,27.95,20.97,42.1
"2026-09-13 06:24:00-0300",30.45,27.95,20.97,42.6
"2026-09-13 06:25:00-0300",30.45,27.95,20.97,42.8
"2026-09-13 06:26:00-0300",30.44,27.95,20.97,43.1
"2026-09-13 06:27:00-0300",30.46,27.95,20.97,42.5
"2026-09-13 06:28:00-0300",30.44,27.95,20.97,42.3
"2026-09-13 06:29:00-0300",30.43,27.95,20.97,42.8
"2026-09-13 06:30:00-0300",30.43,27.95,20.97,42.3
"2026-09-13 06:31:00-0300",30.44,27.95,20.97,42.5
"2026-09-13 06:32:00-0300",30.43,27.94,20.97,42.1
"2026-09-13 06:33:00-0300",30.42,27.94,20.97,42.5
"2026-09-13 06:34:00-0300",30.42,27.94,20.97,41
"2026-09-13 06:35:00-0300",30.42,27.94,20.97,41.3
"2026-09-13 06:36:00-0300",30.41,27.94,20.97,41.3
"2026-09-13 06:37:00-0300",30.41,27.94,20.97,40.6
"2026-09-13 06:38:00-0300",30.4,27.94,20.97,41.5
"2026-09-13 06:39:00-0300",30.39,27.93,20.97,41.6
"2026-09-13 06:40:00-0300",30.4,27.94,20.97,41.5
"2026-09-13 06:41:00-0300",30.38,27.93,20.97,41.6
"2026-09-13 06:42:00-0300",30.38,27.93,20.97,41.6
"2026-09-13 06:43:00-0300",30.37,27.93,20.97,40.1
"2026-09-13 06:44:00-0300",30.37,27.93,20.97,41.5
"2026-09-13 06:45:00-0300",30.36,27.93,20.97,41.5
"2026-09-13 06:46:00-0300",30.36,27.92,20.97,40.6
"2026-09-13 06:47:00-0300",30.36,27.92,20.97,40.8
"2026-09-13 06:48:00-0300",30.36,27.92,20.97,41.1
"2026-09-13 06:49:00-0300",30.37,27.93,20.97,41.1
"2026-09-13 06:50:00-0300",30.35,27.92,20.97,41
"2026-09-13 06:51:00-0300",30.34,27.92,20.97,40.8
"2026-09-13 06:52:00-0300",30.34,27.92,20.97,40.8
"2026-09-13 06:53:00-0300",30.34,27.92,20.97,38.8
"2026-09-13 06:54:00-0300",30.34,27.92,20.97,38.8
"2026-09-13 06:55:00-0300",30.33,27.92,20.97,40
"2026-09-13 06:56:00-0300",30.33,27.91,20.97,40.1
"2026-09-13 06:57:00-0300",30.33,27.91,20.97,40.5
"2026-09-13 06:58:00-0300",30.34,27.92,20.97,40.5
"2026-09-13 06:59:00-0300",30.32,27.91,20.97,40.8
"2026-09-13 07:00:00-0300",30.32,27.91,20.97,38.5
"2026-09-13 07:01:00-0300",30.32,27.91,20.97,39.1
"2026-09-13 07:02:00-0300",30.32,27.91,20.97,40.1
"2026-09-13 07:03:00-0300",30.32,27.91,20.97,40.3
"2026-09-13 07:04:00-0300",30.32,27.91,20.97,40.1
"2026-09-13 07:05:00-0300",30.33,27.92,20.97,40
"2026-09-13 07:06:00-0300",30.34,27.92,20.97,40.3
"2026-09-13 07:07:00-0300",30.35,27.92,20.97,40.1
"2026-09-13 07:08:00-0300",30.34,27.92,20.97,40.3
"2026-09-13 07:09:00-0300",30.33,27.91,20.97,38.2
"2026-09-13 07:10:00-0300",30.33,27.91,20.97,38.8
"2026-09-13 07:11:00-0300",30.33,27.91,20.97,40.1
"2026-09-13 07:12:00-0300",30.32,27.91,20.97,40
"2026-09-13 07:13:00-0300",30.32,27.91,20.97,37.9
"2026-09-13 07:14:00-0300",30.31,27.91,20.97,39.7
"2026-09-13 07:15:00-0300",30.31,27.91,20.97,40.1
"2026-09-13 07:16:00-0300",30.32,27.91,20.97,40
"2026-09-13 07:17:00-0300",30.31,27.91,20.97,40
"2026-09-13 07:18:00-0300",30.31,27.91,20.92,40
"2026-09-13 07:19:00-0300",30.3,27.91,20.97,40
"2026-09-13 07:20:00-0300",30.29,27.9,20.92,39.7
"2026-09-13 07:21:00-0300",30.3,27.91,20.92,37
"2026-09-13 07:22:00-0300",30.29,27.9,20.92,37.9
"2026-09-13 07:23:00-0300",30.29,27.9,20.86,37
"2026-09-13 07:24:00-0300",30.28,27.9,20.86,37
"2026-09-13 07:25:00-0300",30.28,27.9,20.81,39.1
"2026-09-13 07:26:00-0300",30.27,27.9,20.81,38.5
"2026-09-13 07:27:00-0300",30.26,27.89,20.81,38.8
"2026-09-13 07:28:00-0300",30.26,27.89,20.81,38.8
"2026-09-13 07:29:00-0300",30.25,27.89,20.81,36.4
"2026-09-13 07:30:00-0300",30.26,27.89,20.81,37.9
"2026-09-13 07:31:00-0300",30.26,27.89,20.81,38.5
"2026-09-13 07:32:00-0300",30.27,27.9,20.81,36.1
"2026-09-13 07:33:00-0300",30.27,27.9,20.81,37.6
"2026-09-13 07:34:00-0300",30.27,27.9,20.81,37.9
"2026-09-13 07:35:00-0300",30.26,27.89,20.81,38.2
"2026-09-13 07:36:00-0300",30.25,27.89,20.81,38.2
"2026-09-13 07:37:00-0300",30.24,27.89,20.81,38.5
"2026-09-13 07:38:00-0300",30.23,27.89,20.81,35.8
"2026-09-13 07:39:00-0300",30.25,27.89,20.75,36.4
"2026-09-13 07:40:00-0300",30.25,27.89,20.75,37.3
"2026-09-13 07:41:00-0300",30.24,27.89,20.75,37
"2026-09-13 07:42:00-0300",30.21,27.88,20.75,36.1
"2026-09-13 07:43:00-0300",30.23,27.89,20.71,36.4
"2026-09-13 07:44:00-0300",30.23,27.89,20.71,36.4
"2026-09-13 07:45:00-0300",30.23,27.88,20.71,35.8
"2026-09-13 07:46:00-0300",30.21,27.88,20.71,36.7
"2026-09-13 07:47:00-0300",30.21,27.88,20.66,37
"2026-09-13 07:48:00-0300",30.2,27.88,20.66,37
"2026-09-13 07:49:00-0300",30.2,27.87,20.66,37
"2026-09-13 07:50:00-0300",30.19,27.87,20.66,36.4
"2026-09-13 07:51:00-0300",30.19,27.87,20.66,36.4
"2026-09-13 07:52:00-0300",30.17,27.87,20.66,34.5
"2026-09-13 07:53:00-0300",30.18,27.87,20.66,35
"2026-09-13 07:54:00-0300",30.16,27.86,20.66,34.5
"2026-09-13 07:55:00-0300",30.16,27.86,20.66,35.5
"2026-09-13 07:56:00-0300",30.15,27.86,20.66,35.5
"2026-09-13 07:57:00-0300",30.14,27.86,20.66,35.8
"2026-09-13 07:58:00-0300",30.14,27.86,20.66,35.8
"2026-09-13 07:59:00-0300",30.13,27.85,20.66,34.3
"2026-09-13 08:00:00-0300",30.13,27.85,20.6,34.6
"2026-09-13 08:01:00-0300",30.12,27.85,20.66,35.2
"2026-09-13 08:02:00-0300",30.13,27.85,20.6,34.2
"2026-09-13 08:03:00-0300",30.11,27.85,20.55,35.2
"2026-09-13 08:04:00-0300",30.1,27.85,20.6,35.2
"2026-09-13 08:05:00-0300",30.09,27.84,20.6,34
"2026-09-13 08:06:00-0300",30.09,27.84,20.49,34.2
"2026-09-13 08:07:00-0300",30.08,27.84,20.49,34.3
"2026-09-13 08:08:00-0300",30.07,27.84,20.49,34.6
"2026-09-13 08:09:00-0300",30.06,27.83,20.45,34.7
"2026-09-13 08:10:00-0300",30.07,27.83,20.45,34.7
"2026-09-13 08:11:00-0300",30.06,27.83,20.45,33.7
"2026-09-13 08:12:00-0300",30.05,27.83,20.45,34.6
"2026-09-13 08:13:00-0300",30.04,27.83,20.45,34.7
"2026-09-13 08:14:00-0300",30.04,27.83,20.45,33.6
"2026-09-13 08:15:00-0300",30.04,27.83,20.45,34.7
"2026-09-13 08:16:00-0300",30.05,27.83,20.45,34.6
"2026-09-13 08:17:00-0300",30.03,27.82,20.45,34.6
"2026-09-13 08:18:00-0300",30.03,27.82,20.45,34.5
"2026-09-13 08:19:00-0300",30.02,27.82,20.45,34.6
"2026-09-13 08:20:00-0300",30.02,27.82,20.45,34.6
"2026-09-13 08:21:00-0300",30.03,27.82,20.45,34.7
"2026-09-13 08:22:00-0300",30.02,27.82,20.45,34.6
"2026-09-13 08:23:00-0300",30.02,27.82,20.45,34.5
"2026-09-13 08:24:00-0300",30.02,27.82,20.45,34.6
"2026-09-13 08:25:00-0300",30.02,27.82,20.45,34.7
"2026-09-13 08:26:00-0300",30.02,27.82,20.45,34.7
"2026-09-13 08:27:00-0300",30.01,27.82,20.45,33.6
"2026-09-13 08:28:00-0300",30.02,27.82,20.45,34.2
"2026-09-13 08:29:00-0300",30.02,27.82,20.45,34.3
"2026-09-13 08:30:00-0300",30.03,27.82,20.45,34.7
"2026-09-13 08:31:00-0300",30.01,27.82,20.49,34.6
"2026-09-13 08:32:00-0300",30.01,27.82,20.45,34.6
"2026-09-13 08:33:00-0300",30.01,27.82,20.49,33.7
"2026-09-13 08:34:00-0300",30.01,27.82,20.45,34
"2026-09-13 08:35:00-0300",30.02,27.82,20.45,34.2
"2026-09-13 08:36:00-0300",30,27.81,20.45,33.5
"2026-09-13 08:37:00-0300",30,27.81,20.45,34
"2026-09-13 08:38:00-0300",29.99,27.81,20.45,34.5
"2026-09-13 08:39:00-0300",29.99,27.81,20.45,34.6
"2026-09-13 08:40:00-0300",30,27.81,20.45,34.5
"2026-09-13 08:41:00-0300",29.99,27.81,20.45,34.5
"2026-09-13 08:42:00-0300",29.98,27.81,20.45,34.5
"2026-09-13 08:43:00-0300",29.97,27.81,20.45,34.2
"2026-09-13 08:44:00-0300",29.97,27.81,20.45,34.5
"2026-09-13 08:45:00-0300",29.97,27.8,20.45,34.5
"2026-09-13 08:46:00-0300",29.96,27.8,20.45,34.3
"2026-09-13 08:47:00-0300",29.96,27.8,20.45,34.3
"2026-09-13 08:48:00-0300",29.96,27.8,20.45,34.3
"2026-09-13 08:49:00-0300",29.96,27.8,20.45,34.2
"2026-09-13 08:50:00-0300",29.94,27.8,20.45,34.2
"2026-09-13 08:51:00-0300",29.93,27.79,20.45,34.3
"2026-09-13 08:52:00-0300",29.93,27.79,20.45,33.2
"2026-09-13 08:53:00-0300",29.93,27.79,20.45,34.2
"2026-09-13 08:54:00-0300",29.93,27.79,20.45,34.2
"2026-09-13 08:55:00-0300",29.91,27.79,20.45,33.2
"2026-09-13 08:56:00-0300",29.9,27.78,20.45,33.7
"2026-09-13 08:57:00-0300",29.89,27.78,20.45,33.8
"2026-09-13 08:58:00-0300",29.89,27.78,20.4,34
"2026-09-13 08:59:00-0300",29.89,27.78,20.4,34
"2026-09-13 09:00:00-0300",29.87,27.78,20.4,34
"2026-09-13 09:01:00-0300",29.87,27.77,20.4,34
"2026-09-13 09:02:00-0300",29.86,27.77,20.4,33.8
"2026-09-13 09:03:00-0300",29.87,27.77,20.4,33.8
"2026-09-13 09:04:00-0300",29.86,27.77,20.4,32.8
"2026-09-13 09:05:00-0300",29.86,27.77,20.4,33.6
"2026-09-13 09:06:00-0300",29.85,27.77,20.34,33
"2026-09-13 09:07:00-0300",29.84,27.77,20.28,33.7
"2026-09-13 09:08:00-0300",29.84,27.76,20.28,33.7
"2026-09-13 09:09:00-0300",29.84,27.76,20.28,33.8
"2026-09-13 09:10:00-0300",29.83,27.76,20.28,32.7
"2026-09-13 09:11:00-0300",29.83,27.76,20.28,33.7
"2026-09-13 09:12:00-0300",29.83,27.76,20.28,33.7
"2026-09-13 09:13:00-0300",29.81,27.76,20.28,33.6
"2026-09-13 09:14:00-0300",29.81,27.75,20.28,32.5
"2026-09-13 09:15:00-0300",29.8,27.75,20.28,33.2
"2026-09-13 09:16:00-0300",29.78,27.75,20.28,33.2
"2026-09-13 09:17:00-0300",29.78,27.75,20.28,33.2
"2026-09-13 09:18:00-0300",29.77,27.74,20.28,33.3
"2026-09-13 09:19:00-0300",29.76,27.74,20.28,33.6
"2026-09-13 09:20:00-0300",29.76,27.74,20.28,33.3
"2026-09-13 09:21:00-0300",29.77,27.74,20.28,33.2
"2026-09-13 09:22:00-0300",29.75,27.74,20.28,33.3
"2026-09-13 09:23:00-0300",29.74,27.73,20.28,32.3
"2026-09-13 09:24:00-0300",29.73,27.73,20.28,33.3
"2026-09-13 09:25:00-0300",29.73,27.73,20.28,33.3
"2026-09-13 09:26:00-0300",29.72,27.73,20.24,32.7
"2026-09-13 09:27:00-0300",29.72,27.73,20.24,33.2
"2026-09-13 09:28:00-0300",29.71,27.72,20.24,32.1
"2026-09-13 09:29:00-0300",29.71,27.72,20.24,32.6
"2026-09-13 09:30:00-0300",29.71,27.73,20.24,32.1
"2026-09-13 09:31:00-0300",29.69,27.72,20.19,32
"2026-09-13 09:32:00-0300",29.69,27.72,20.13,32.6
"2026-09-13 09:33:00-0300",29.69,27.72,20.13,32
"2026-09-13 09:34:00-0300",29.67,27.71,20.13,32.6
"2026-09-13 09:35:00-0300",29.67,27.71,20.13,32.5
"2026-09-13 09:36:00-0300",29.67,27.71,20.13,32.8
"2026-09-13 09:37:00-0300",29.66,27.71,20.13,32.8
"2026-09-13 09:38:00-0300",29.65,27.71,20.13,33
"2026-09-13 09:39:00-0300",29.65,27.71,20.13,32.7
"2026-09-13 09:40:00-0300",29.64,27.7,20.13,32.8
"2026-09-13 09:41:00-0300",29.64,27.7,20.13,32.8
"2026-09-13 09:42:00-0300",29.63,27.7,20.13,32.7
"2026-09-13 09:43:00-0300",29.63,27.7,20.13,32.8
"2026-09-13 09:44:00-0300",29.64,27.7,20.13,32.7
"2026-09-13 09:45:00-0300",29.62,27.7,20.13,32.6
"2026-09-13 09:46:00-0300",29.62,27.7,20.13,32.3
"2026-09-13 09:47:00-0300",29.62,27.7,20.13,32.6
"2026-09-13 09:48:00-0300",29.62,27.7,20.13,32.5
"2026-09-13 09:49:00-0300",29.62,27.7,20.13,32.5
"2026-09-13 09:50:00-0300",29.61,27.69,20.13,32.6
"2026-09-13 09:51:00-0300",29.6,27.69,20.13,32.1
"2026-09-13 09:52:00-0300",29.6,27.69,20.13,32.5
"2026-09-13 09:53:00-0300",29.59,27.69,20.07,32.5
"2026-09-13 09:54:00-0300",29.58,27.69,20.07,32.6
"2026-09-13 09:55:00-0300",29.58,27.69,20.07,31.5
"2026-09-13 09:56:00-0300",29.58,27.68,20.07,32
"2026-09-13 09:57:00-0300",29.59,27.69,20.07,32
"2026-09-13 09:58:00-0300",29.58,27.68,20.07,32.1
"2026-09-13 09:59:00-0300",29.58,27.69,20.07,32.3
"2026-09-13 10:00:00-0300",29.58,27.68,20.04,32.3
"2026-09-13 10:01:00-0300",29.55,27.68,19.98,31.2
"2026-09-13 10:02:00-0300",29.55,27.68,20.04,31.6
"2026-09-13 10:03:00-0300",29.55,27.68,19.98,31.7
"2026-09-13 10:04:00-0300",29.56,27.68,19.92,32.1
"2026-09-13 10:05:00-0300",29.58,27.68,19.92,32.2
"2026-09-13 10:06:00-0300",29.59,27.69,19.92,32.3
"2026-09-13 10:07:00-0300",29.59,27.69,19.92,32.1
"2026-09-13 10:08:00-0300",29.54,27.67,19.92,32.1
"2026-09-13 10:09:00-0300",29.52,27.67,19.92,32.1
"2026-09-13 10:10:00-0300",29.5,27.66,19.92,31.1
"2026-09-13 10:11:00-0300",29.49,27.66,19.92,31.5
"2026-09-13 10:12:00-0300",29.5,27.66,19.92,31.3
"2026-09-13 10:13:00-0300",29.49,27.66,19.92,31.7
"2026-09-13 10:14:00-0300",29.46,27.65,19.92,31.8
"2026-09-13 10:15:00-0300",29.48,27.65,19.92,32
"2026-09-13 10:16:00-0300",29.46,27.65,19.92,31
"2026-09-13 10:17:00-0300",29.47,27.65,19.92,31
"2026-09-13 10:18:00-0300",29.46,27.65,19.92,31.8
"2026-09-13 10:19:00-0300",29.47,27.65,19.92,31
"2026-09-13 10:20:00-0300",29.48,27.65,19.92,32
"2026-09-13 10:21:00-0300",29.48,27.65,19.92,31.2
"2026-09-13 10:22:00-0300",29.48,27.65,19.92,31.1
"2026-09-13 10:23:00-0300",29.49,27.66,19.92,31.2
"2026-09-13 10:24:00-0300",29.48,27.65,19.92,32.1
"2026-09-13 10:25:00-0300",29.49,27.66,19.92,32.2
"2026-09-13 10:26:00-0300",29.5,27.66,19.92,32.2
"2026-09-13 10:27:00-0300",29.5,27.66,19.92,32.5
"2026-09-13 10:28:00-0300",29.5,27.66,19.92,31.5
"2026-09-13 10:29:00-0300",29.51,27.66,19.92,31.7
"2026-09-13 10:30:00-0300",29.52,27.67,19.92,32.2
"2026-09-13 10:31:00-0300",29.54,27.67,19.98,32
"2026-09-13 10:32:00-0300",29.55,27.68,20.04,31.3
"2026-09-13 10:33:00-0300",29.55,27.68,19.98,32.5
"2026-09-13 10:34:00-0300",29.56,27.68,20.04,32.5
"2026-09-13 10:35:00-0300",29.56,27.68,20.07,32.5
"2026-09-13 10:36:00-0300",29.56,27.68,20.04,32.5
"2026-09-13 10:37:00-0300",29.57,27.68,20.07,32.7
"2026-09-13 10:38:00-0300",29.58,27.68,20.07,32.5
"2026-09-13 10:39:00-0300",29.58,27.68,20.07,32.7
"2026-09-13 10:40:00-0300",29.6,27.69,20.07,32.7
"2026-09-13 10:41:00-0300",29.57,27.68,20.13,32.7
"2026-09-13 10:42:00-0300",29.58,27.69,20.13,31.8
"2026-09-13 10:43:00-0300",29.58,27.68,20.07,31.7
"2026-09-13 10:44:00-0300",29.58,27.68,20.07,32.3
"2026-09-13 10:45:00-0300",29.59,27.69,20.13,32.7
"2026-09-13 10:46:00-0300",29.57,27.68,20.13,32.7
"2026-09-13 10:47:00-0300",29.57,27.68,20.07,32.5
"2026-09-13 10:48:00-0300",29.58,27.68,20.07,32.7
"2026-09-13 10:49:00-0300",29.56,27.68,20.13,32.7
"2026-09-13 10:50:00-0300",29.59,27.69,20.13,32.8
"2026-09-13 10:51:00-0300",29.61,27.69,20.13,31.7
"2026-09-13 10:52:00-0300",29.61,27.69,20.07,31.7
"2026-09-13 10:53:00-0300",29.63,27.7,20.07,32.3
"2026-09-13 10:54:00-0300",29.65,27.71,20.13,32.7
"2026-09-13 10:55:00-0300",29.65,27.71,20.13,32.7
"2026-09-13 10:56:00-0300",29.65,27.71,20.13,32.8
"2026-09-13 10:57:00-0300",29.64,27.7,20.13,31.7
"2026-09-13 10:58:00-0300",29.64,27.7,20.13,32.7
"2026-09-13 10:59:00-0300",29.64,27.7,20.07,32.7
"2026-09-13 11:00:00-0300",29.63,27.7,20.07,32.6
"2026-09-13 11:01:00-0300",29.62,27.7,20.07,32.7
"2026-09-13 11:02:00-0300",29.65,27.71,20.07,31.7
"2026-09-13 11:03:00-0300",29.65,27.71,20.07,31.7
"2026-09-13 11:04:00-0300",29.63,27.7,20.07,32.2
"2026-09-13 11:05:00-0300",29.62,27.7,20.07,31.6
"2026-09-13 11:06:00-0300",29.61,27.7,20.07,32
"2026-09-13 11:07:00-0300",29.61,27.69,20.04,31.6
"2026-09-13 11:08:00-0300",29.6,27.69,20.04,32.2
"2026-09-13 11:09:00-0300",29.6,27.69,20.07,32.6
"2026-09-13 11:10:00-0300",29.59,27.69,20.07,31.5
"2026-09-13 11:11:00-0300",29.59,27.69,20.04,32
"2026-09-13 11:12:00-0300",29.58,27.69,20.04,32.1
"2026-09-13 11:13:00-0300",29.58,27.69,20.04,32.5
"2026-09-13 11:14:00-0300",29.59,27.69,20.04,32.6
"2026-09-13 11:15:00-0300",29.58,27.68,19.98,32.5
"2026-09-13 11:16:00-0300",29.57,27.68,20.04,31.5
"2026-09-13 11:17:00-0300",29.57,27.68,20.04,32.5
"2026-09-13 11:18:00-0300",29.6,27.69,19.98,32.3
"2026-09-13 11:19:00-0300",29.6,27.69,19.98,32.3
"2026-09-13 11:20:00-0300",29.59,27.69,19.98,32.5
"2026-09-13 11:21:00-0300",29.59,27.69,19.92,31.3
"2026-09-13 11:22:00-0300",29.6,27.69,19.92,32.3
"2026-09-13 11:23:00-0300",29.61,27.69,19.98,32.3
"2026-09-13 11:24:00-0300",29.61,27.7,19.92,31.2
"2026-09-13 11:25:00-0300",29.61,27.69,19.92,32
"2026-09-13 11:26:00-0300",29.63,27.7,19.92,32.3
"2026-09-13 11:27:00-0300",29.62,27.7,19.92,32.3
"2026-09-13 11:28:00-0300",29.62,27.7,19.92,32.2
"2026-09-13 11:29:00-0300",29.62,27.7,19.92,32.2
"2026-09-13 11:30:00-0300",29.62,27.7,19.92,31.2
"2026-09-13 11:31:00-0300",29.62,27.7,19.92,31.6
"2026-09-13 11:32:00-0300",29.63,27.7,19.92,31.8
"2026-09-13 11:33:00-0300",29.62,27.7,19.92,31.8
"2026-09-13 11:34:00-0300",29.59,27.69,19.92,31.2
"2026-09-13 11:35:00-0300",29.58,27.69,19.92,31.7
"2026-09-13 11:36:00-0300",29.57,27.68,19.92,31.1
"2026-09-13 11:37:00-0300",29.6,27.69,19.92,31.5
"2026-09-13 11:38:00-0300",29.57,27.68,19.92,31.3
"2026-09-13 11:39:00-0300",29.57,27.68,19.92,32
"2026-09-13 11:40:00-0300",29.58,27.69,19.92,32
"2026-09-13 11:41:00-0300",29.59,27.69,19.92,32
"2026-09-13 11:42:00-0300",29.61,27.69,19.92,31
"2026-09-13 11:43:00-0300",29.6,27.69,19.92,31.8
"2026-09-13 11:44:00-0300",29.6,27.69,19.92,32.2
"2026-09-13 11:45:00-0300",29.6,27.69,19.92,30.8
"2026-09-13 11:46:00-0300",29.59,27.69,19.92,31.5
"2026-09-13 11:47:00-0300",29.6,27.69,19.92,31.5
"2026-09-13 11:48:00-0300",29.59,27.69,19.92,31.7
"2026-09-13 11:49:00-0300",29.59,27.69,19.92,31.8
"2026-09-13 11:50:00-0300",29.58,27.69,19.92,31.7
"2026-09-13 11:51:00-0300",29.56,27.68,19.87,31.1
"2026-09-13 11:52:00-0300",29.56,27.68,19.92,31.5
"2026-09-13 11:53:00-0300",29.56,27.68,19.92,31.3
"2026-09-13 11:54:00-0300",29.56,27.68,19.87,31.7
"2026-09-13 11:55:00-0300",29.57,27.68,19.87,31.6
"2026-09-13 11:56:00-0300",29.57,27.68,19.92,30.7
"2026-09-13 11:57:00-0300",29.57,27.68,19.87,31.5
"2026-09-13 11:58:00-0300",29.57,27.68,19.87,31.6
"2026-09-13 11:59:00-0300",29.59,27.69,19.87,30.5
"2026-09-13 12:00:00-0300",29.58,27.68,19.87,31.6
"2026-09-13 12:01:00-0300",29.57,27.68,19.87,31.5
"2026-09-13 12:02:00-0300",29.55,27.68,19.87,31.5
"2026-09-13 12:03:00-0300",29.49,27.66,19.87,31.3
"2026-09-13 12:04:00-0300",29.49,27.66,19.87,30.5
"2026-09-13 12:05:00-0300",29.49,27.66,19.83,31.1
"2026-09-13 12:06:00-0300",29.48,27.66,19.83,31.5
"2026-09-13 12:07:00-0300",29.49,27.66,19.83,31.3
"2026-09-13 12:08:00-0300",29.49,27.66,19.83,31.3
"2026-09-13 12:09:00-0300",29.49,27.66,19.77,30.3
"2026-09-13 12:10:00-0300",29.47,27.65,19.77,30.3
"2026-09-13 12:11:00-0300",29.5,27.66,19.77,30.2
"2026-09-13 12:12:00-0300",29.48,27.65,19.77,30.3
"2026-09-13 12:13:00-0300",29.48,27.65,19.77,31.2
"2026-09-13 12:14:00-0300",29.46,27.65,19.77,30.2
"2026-09-13 12:15:00-0300",29.47,27.65,19.77,30.6
"2026-09-13 12:16:00-0300",29.45,27.64,19.77,30.2
"2026-09-13 12:17:00-0300",29.43,27.64,19.77,31
"2026-09-13 12:18:00-0300",29.42,27.64,19.77,31.2
"2026-09-13 12:19:00-0300",29.42,27.64,19.77,31.2
"2026-09-13 12:20:00-0300",29.43,27.64,19.77,31.2
"2026-09-13 12:21:00-0300",29.41,27.63,19.77,31.1
"2026-09-13 12:22:00-0300",29.41,27.63,19.77,31.1
"2026-09-13 12:23:00-0300",29.42,27.64,19.77,30.1
"2026-09-13 12:24:00-0300",29.44,27.64,19.77,30.5
"2026-09-13 12:25:00-0300",29.46,27.65,19.77,31
"2026-09-13 12:26:00-0300",29.42,27.64,19.77,30.1
"2026-09-13 12:27:00-0300",29.39,27.62,19.77,30
"2026-09-13 12:28:00-0300",29.36,27.62,19.77,30.3
"2026-09-13 12:29:00-0300",29.36,27.62,19.77,30.8
"2026-09-13 12:30:00-0300",29.35,27.61,19.77,30.8
"2026-09-13 12:31:00-0300",29.34,27.61,19.77,31
"2026-09-13 12:32:00-0300",29.34,27.61,19.71,30.6
"2026-09-13 12:33:00-0300",29.33,27.61,19.77,31
"2026-09-13 12:34:00-0300",29.34,27.61,19.71,30.8
"2026-09-13 12:35:00-0300",29.33,27.61,19.71,29.8
"2026-09-13 12:36:00-0300",29.32,27.61,19.71,29.7
"2026-09-13 12:37:00-0300",29.31,27.6,19.67,30.5
"2026-09-13 12:38:00-0300",29.31,27.6,19.67,30.7
"2026-09-13 12:39:00-0300",29.3,27.6,19.67,30.5
"2026-09-13 12:40:00-0300",29.3,27.6,19.62,30.2
"2026-09-13 12:41:00-0300",29.29,27.6,19.62,30.6
"2026-09-13 12:42:00-0300",29.29,27.6,19.67,30.7
"2026-09-13 12:43:00-0300",29.3,27.6,19.67,29.6
"2026-09-13 12:44:00-0300",29.29,27.59,19.62,29.6
"2026-09-13 12:45:00-0300",29.28,27.59,19.62,30.6
"2026-09-13 12:46:00-0300",29.28,27.59,19.62,29.6
"2026-09-13 12:47:00-0300",29.28,27.59,19.62,29.7
"2026-09-13 12:48:00-0300",29.29,27.6,19.62,30.6
"2026-09-13 12:49:00-0300",29.28,27.59,19.62,30.6
"2026-09-13 12:50:00-0300",29.28,27.59,19.62,30.5
"2026-09-13 12:51:00-0300",29.28,27.59,19.62,30.3
"2026-09-13 12:52:00-0300",29.28,27.59,19.62,30.5
"2026-09-13 12:53:00-0300",29.28,27.59,19.62,30.3
"2026-09-13 12:54:00-0300",29.28,27.59,19.62,30.7
"2026-09-13 12:55:00-0300",29.28,27.59,19.62,29.5
"2026-09-13 12:56:00-0300",29.29,27.59,19.62,30
"2026-09-13 12:57:00-0300",29.3,27.6,19.62,30.2
"2026-09-13 12:58:00-0300",29.28,27.59,19.62,30.2
"2026-09-13 12:59:00-0300",29.26,27.59,19.62,30.5
"2026-09-13 13:00:00-0300",29.25,27.58,19.62,30.5
"2026-09-13 13:01:00-0300",29.22,27.58,19.62,29.4
"2026-09-13 13:02:00-0300",29.22,27.57,19.62,30
"2026-09-13 13:03:00-0300",29.21,27.57,19.62,29.6
"2026-09-13 13:04:00-0300",29.21,27.57,19.62,30.1
"2026-09-13 13:05:00-0300",29.2,27.57,19.62,30.2
"2026-09-13 13:06:00-0300",29.18,27.56,19.62,30.3
"2026-09-13 13:07:00-0300",29.18,27.56,19.62,30.1
"2026-09-13 13:08:00-0300",29.17,27.56,19.62,30.3
"2026-09-13 13:09:00-0300",29.18,27.56,19.62,29.7
"2026-09-13 13:10:00-0300",29.17,27.56,19.62,30
"2026-09-13 13:11:00-0300",29.18,27.56,19.62,30
"2026-09-13 13:12:00-0300",29.16,27.56,19.62,29.6
"2026-09-13 13:13:00-0300",29.16,27.55,19.62,30
"2026-09-13 13:14:00-0300",29.16,27.55,19.56,30.1
"2026-09-13 13:15:00-0300",29.16,27.55,19.62,30.2
"2026-09-13 13:16:00-0300",29.15,27.55,19.62,30
"2026-09-13 13:17:00-0300",29.16,27.56,19.62,29.6
"2026-09-13 13:18:00-0300",29.19,27.57,19.56,29.6
"2026-09-13 13:19:00-0300",29.21,27.57,19.56,30
"2026-09-13 13:20:00-0300",29.21,27.57,19.56,30.1
"2026-09-13 13:21:00-0300",29.21,27.57,19.56,30
"2026-09-13 13:22:00-0300",29.21,27.57,19.56,30.1
"2026-09-13 13:23:00-0300",29.23,27.58,19.56,29.2
"2026-09-13 13:24:00-0300",29.21,27.57,19.52,29.8
"2026-09-13 13:25:00-0300",29.21,27.57,19.56,29.8
"2026-09-13 13:26:00-0300",29.21,27.57,19.56,29.8
"2026-09-13 13:27:00-0300",29.23,27.58,19.52,29.7
"2026-09-13 13:28:00-0300",29.23,27.58,19.52,28.8
"2026-09-13 13:29:00-0300",29.22,27.57,19.46,29.4
"2026-09-13 13:30:00-0300",29.24,27.58,19.52,29
"2026-09-13 13:31:00-0300",29.23,27.58,19.52,29.5
"2026-09-13 13:32:00-0300",29.23,27.58,19.46,29.7
"2026-09-13 13:33:00-0300",29.22,27.57,19.46,29.5
"2026-09-13 13:34:00-0300",29.23,27.58,19.46,29.6
"2026-09-13 13:35:00-0300",29.22,27.58,19.46,29.6
"2026-09-13 13:36:00-0300",29.22,27.57,19.41,29.4
"2026-09-13 13:37:00-0300",29.21,27.57,19.41,29.6
"2026-09-13 13:38:00-0300",29.21,27.57,19.41,29.6
"2026-09-13 13:39:00-0300",29.21,27.57,19.41,28.7
"2026-09-13 13:40:00-0300",29.19,27.57,19.41,28.7
"2026-09-13 13:41:00-0300",29.2,27.57,19.41,29.7
"2026-09-13 13:42:00-0300",29.19,27.56,19.41,28.7
"2026-09-13 13:43:00-0300",29.16,27.56,19.41,29.1
"2026-09-13 13:44:00-0300",29.14,27.55,19.41,28.7
"2026-09-13 13:45:00-0300",29.14,27.55,19.41,29.6
"2026-09-13 13:46:00-0300",29.14,27.55,19.41,28.8
"2026-09-13 13:47:00-0300",29.13,27.55,19.41,29.5
"2026-09-13 13:48:00-0300",29.13,27.54,19.41,29.5
"2026-09-13 13:49:00-0300",29.13,27.55,19.41,29.6
"2026-09-13 13:50:00-0300",29.12,27.54,19.41,29.6
"2026-09-13 13:51:00-0300",29.11,27.54,19.41,28.7
"2026-09-13 13:52:00-0300",29.1,27.54,19.41,29.3
"2026-09-13 13:53:00-0300",29.08,27.53,19.41,29.3
"2026-09-13 13:54:00-0300",29.08,27.53,19.41,29.4
"2026-09-13 13:55:00-0300",29.06,27.52,19.41,29.5
"2026-09-13 13:56:00-0300",29.06,27.52,19.41,29.5
"2026-09-13 13:57:00-0300",29.06,27.52,19.41,28.6
"2026-09-13 13:58:00-0300",29.06,27.53,19.41,28.7
"2026-09-13 13:59:00-0300",29.05,27.52,19.41,29.2
"2026-09-13 14:00:00-0300",29.06,27.53,19.41,29.2
"2026-09-13 14:01:00-0300",29.06,27.52,19.41,29.1
"2026-09-13 14:02:00-0300",29.06,27.52,19.41,28.6
"2026-09-13 14:03:00-0300",29.07,27.53,19.41,28.7
"2026-09-13 14:04:00-0300",29.07,27.53,19.41,29
"2026-09-13 14:05:00-0300",29.06,27.52,19.41,29.3
"2026-09-13 14:06:00-0300",29.04,27.52,19.41,29.5
"2026-09-13 14:07:00-0300",29.04,27.52,19.41,29.3
"2026-09-13 14:08:00-0300",29.03,27.52,19.41,29.5
"2026-09-13 14:09:00-0300",29.03,27.51,19.41,29.4
"2026-09-13 14:10:00-0300",29,27.51,19.41,29.5
"2026-09-13 14:11:00-0300",29,27.51,19.41,29.4
"2026-09-13 14:12:00-0300",29,27.51,19.41,29.4
"2026-09-13 14:13:00-0300",29.01,27.51,19.41,28.5
"2026-09-13 14:14:00-0300",29,27.51,19.35,29.4
"2026-09-13 14:15:00-0300",28.99,27.5,19.41,28.7
"2026-09-13 14:16:00-0300",28.99,27.5,19.41,29.2
"2026-09-13 14:17:00-0300",28.99,27.5,19.41,29.3
"2026-09-13 14:18:00-0300",28.99,27.5,19.41,29.3
"2026-09-13 14:19:00-0300",28.98,27.5,19.41,29.4
"2026-09-13 14:20:00-0300",28.97,27.5,19.41,28.5
"2026-09-13 14:21:00-0300",28.97,27.5,19.35,29
"2026-09-13 14:22:00-0300",28.97,27.5,19.41,29.3
"2026-09-13 14:23:00-0300",28.96,27.49,19.41,28.4
"2026-09-13 14:24:00-0300",28.96,27.49,19.41,29
"2026-09-13 14:25:00-0300",28.97,27.5,19.35,28.4
"2026-09-13 14:26:00-0300",28.97,27.5,19.35,29.4
"2026-09-13 14:27:00-0300",28.97,27.5,19.35,28.5
"2026-09-13 14:28:00-0300",28.97,27.5,19.35,28.5
"2026-09-13 14:29:00-0300",28.97,27.49,19.35,28.8
"2026-09-13 14:30:00-0300",28.97,27.49,19.35,28.3
"2026-09-13 14:31:00-0300",28.96,27.49,19.35,29.3
"2026-09-13 14:32:00-0300",28.95,27.49,19.35,28.4
"2026-09-13 14:33:00-0300",28.95,27.49,19.35,28.3
"2026-09-13 14:34:00-0300",28.95,27.49,19.35,28.6
"2026-09-13 14:35:00-0300",28.95,27.49,19.35,29.2
"2026-09-13 14:36:00-0300",28.95,27.49,19.31,29.3
"2026-09-13 14:37:00-0300",28.95,27.49,19.31,29.1
"2026-09-13 14:38:00-0300",28.95,27.49,19.31,29.2
"2026-09-13 14:39:00-0300",28.96,27.49,19.31,29.2
"2026-09-13 14:40:00-0300",28.93,27.48,19.31,28.2
"2026-09-13 14:41:00-0300",28.93,27.48,19.31,28.5
"2026-09-13 14:42:00-0300",28.92,27.48,19.35,28.2
"2026-09-13 14:43:00-0300",28.9,27.47,19.31,28.8
"2026-09-13 14:44:00-0300",28.87,27.47,19.31,29.1
"2026-09-13 14:45:00-0300",28.87,27.46,19.31,28.8
"2026-09-13 14:46:00-0300",28.86,27.46,19.31,28.8
"2026-09-13 14:47:00-0300",28.86,27.46,19.31,29.2
"2026-09-13 14:48:00-0300",28.86,27.46,19.31,29
"2026-09-13 14:49:00-0300",28.85,27.46,19.31,28.2
"2026-09-13 14:50:00-0300",28.85,27.46,19.25,29.1
"2026-09-13 14:51:00-0300",28.84,27.46,19.25,29
"2026-09-13 14:52:00-0300",28.85,27.46,19.25,28.2
"2026-09-13 14:53:00-0300",28.84,27.46,19.25,29.1
"2026-09-13 14:54:00-0300",28.84,27.45,19.25,29
"2026-09-13 14:55:00-0300",28.83,27.45,19.25,28.2
"2026-09-13 14:56:00-0300",28.83,27.45,19.25,28.1
"2026-09-13 14:57:00-0300",28.83,27.45,19.25,28.1
"2026-09-13 14:58:00-0300",28.83,27.45,19.25,28.2
"2026-09-13 14:59:00-0300",28.83,27.45,19.25,29
"2026-09-13 15:00:00-0300",28.81,27.45,19.25,29
"2026-09-13 15:01:00-0300",28.79,27.44,19.25,29
"2026-09-13 15:02:00-0300",28.79,27.44,19.25,29
"2026-09-13 15:03:00-0300",28.79,27.44,19.25,28
"2026-09-13 15:04:00-0300",28.78,27.44,19.25,28.4
"2026-09-13 15:05:00-0300",28.76,27.43,19.25,28.8
"2026-09-13 15:06:00-0300",28.77,27.43,19.25,28.6
"2026-09-13 15:07:00-0300",28.77,27.43,19.25,28.4
"2026-09-13 15:08:00-0300",28.77,27.43,19.25,28
"2026-09-13 15:09:00-0300",28.76,27.43,19.25,29
"2026-09-13 15:10:00-0300",28.74,27.43,19.25,28.8
"2026-09-13 15:11:00-0300",28.76,27.43,19.25,28.3
"2026-09-13 15:12:00-0300",28.75,27.43,19.25,28.5
"2026-09-13 15:13:00-0300",28.75,27.43,19.25,28.8
"2026-09-13 15:14:00-0300",28.75,27.43,19.25,29
"2026-09-13 15:15:00-0300",28.75,27.43,19.25,28.7
"2026-09-13 15:16:00-0300",28.74,27.43,19.25,28.8
"2026-09-13 15:17:00-0300",28.74,27.42,19.25,28.8
"2026-09-13 15:18:00-0300",28.74,27.42,19.25,28.8
"2026-09-13 15:19:00-0300",28.72,27.42,19.25,28.6
"2026-09-13 15:20:00-0300",28.73,27.42,19.25,28.8
"2026-09-13 15:21:00-0300",28.73,27.42,19.25,28.7
"2026-09-13 15:22:00-0300",28.73,27.42,19.25,28.6
"2026-09-13 15:23:00-0300",28.73,27.42,19.25,27.8
"2026-09-13 15:24:00-0300",28.71,27.41,19.25,28.6
"2026-09-13 15:25:00-0300",28.72,27.42,19.25,28.6
"2026-09-13 15:26:00-0300",28.72,27.42,19.25,27.8
"2026-09-13 15:27:00-0300",28.77,27.43,19.25,28.4
"2026-09-13 15:28:00-0300",28.78,27.44,19.25,28.6
"2026-09-13 15:29:00-0300",28.76,27.43,19.25,28.7
"2026-09-13 15:30:00-0300",28.79,27.44,19.25,28.7
"2026-09-13 15:31:00-0300",28.77,27.44,19.25,28.6
"2026-09-13 15:32:00-0300",28.79,27.44,19.25,28.6
"2026-09-13 15:33:00-0300",28.79,27.44,19.25,27.7
"2026-09-13 15:34:00-0300",28.79,27.44,19.25,28.6
"2026-09-13 15:35:00-0300",28.79,27.44,19.19,28.7
"2026-09-13 15:36:00-0300",28.77,27.43,19.25,27.6
"2026-09-13 15:37:00-0300",28.78,27.44,19.19,28.2
"2026-09-13 15:38:00-0300",28.74,27.42,19.25,27.7
"2026-09-13 15:39:00-0300",28.75,27.43,19.19,27.7
"2026-09-13 15:40:00-0300",28.76,27.43,19.25,28.1
"2026-09-13 15:41:00-0300",28.76,27.43,19.25,27.7
"2026-09-13 15:42:00-0300",28.75,27.43,19.19,28.5
"2026-09-13 15:43:00-0300",28.74,27.43,19.19,28.5
"2026-09-13 15:44:00-0300",28.76,27.43,19.19,28.5
"2026-09-13 15:45:00-0300",28.76,27.43,19.19,28.6
"2026-09-13 15:46:00-0300",28.74,27.42,19.19,27.7
"2026-09-13 15:47:00-0300",28.73,27.42,19.25,27.8
"2026-09-13 15:48:00-0300",28.73,27.42,19.19,28.1
"2026-09-13 15:49:00-0300",28.73,27.42,19.19,28.2
"2026-09-13 15:50:00-0300",28.73,27.42,19.19,28.5
"2026-09-13 15:51:00-0300",28.73,27.42,19.19,28.6
"2026-09-13 15:52:00-0300",28.7,27.41,19.16,28.5
"2026-09-13 15:53:00-0300",28.73,27.42,19.19,28.4
"2026-09-13 15:54:00-0300",28.72,27.42,19.16,28.6
"2026-09-13 15:55:00-0300",28.72,27.42,19.16,27.6
"2026-09-13 15:56:00-0300",28.71,27.42,19.16,27.8
"2026-09-13 15:57:00-0300",28.69,27.41,19.19,27.5
"2026-09-13 15:58:00-0300",28.7,27.41,19.19,28.2
"2026-09-13 15:59:00-0300",28.7,27.41,19.16,28.5
"2026-09-13 16:00:00-0300",28.7,27.41,19.16,28.4
"2026-09-13 16:01:00-0300",28.71,27.41,19.1,27.6
"2026-09-13 16:02:00-0300",28.69,27.41,19.16,27.7
"2026-09-13 16:03:00-0300",28.68,27.41,19.1,28.2
"2026-09-13 16:04:00-0300",28.69,27.41,19.16,28.2
"2026-09-13 16:05:00-0300",28.71,27.41,19.1,28.4
"2026-09-13 16:06:00-0300",28.68,27.4,19.1,28.5
"2026-09-13 16:07:00-0300",28.7,27.41,19.1,27.5
"2026-09-13 16:08:00-0300",28.71,27.42,19.1,28.1
"2026-09-13 16:09:00-0300",28.71,27.41,19.04,28.2
"2026-09-13 16:10:00-0300",28.7,27.41,19.04,28.3
"2026-09-13 16:11:00-0300",28.67,27.4,19.1,28.1
"2026-09-13 16:12:00-0300",28.69,27.41,19.04,28.3
"2026-09-13 16:13:00-0300",28.69,27.41,19.04,28.3
"2026-09-13 16:14:00-0300",28.69,27.41,19.04,28.4
"2026-09-13 16:15:00-0300",28.69,27.41,19.04,27.5
"2026-09-13 16:16:00-0300",28.7,27.41,19.04,27.4
"2026-09-13 16:17:00-0300",28.69,27.41,19.04,28.4
"2026-09-13 16:18:00-0300",28.68,27.41,19.04,28.4
"2026-09-13 16:19:00-0300",28.68,27.41,19.04,28.3
"2026-09-13 16:20:00-0300",28.65,27.39,19.04,27.5
"2026-09-13 16:21:00-0300",28.68,27.41,19.04,27.4
"2026-09-13 16:22:00-0300",28.68,27.4,19.04,27.7
"2026-09-13 16:23:00-0300",28.67,27.4,19.04,27.4
"2026-09-13 16:24:00-0300",28.67,27.4,19.04,27.8
"2026-09-13 16:25:00-0300",28.62,27.39,19.04,28.2
"2026-09-13 16:26:00-0300",28.66,27.4,19.04,27.5
"2026-09-13 16:27:00-0300",28.66,27.4,19.04,27.6
"2026-09-13 16:28:00-0300",28.65,27.4,19.04,28.1
"2026-09-13 16:29:00-0300",28.65,27.4,19.04,27.8
"2026-09-13 16:30:00-0300",28.59,27.38,19.04,27.6
"2026-09-13 16:31:00-0300",28.66,27.4,19.04,28
"2026-09-13 16:32:00-0300",28.66,27.4,19.04,27.3
"2026-09-13 16:33:00-0300",28.66,27.4,19.04,28.2
"2026-09-13 16:34:00-0300",28.65,27.4,19.04,28
"2026-09-13 16:35:00-0300",28.65,27.4,19.04,27.6
"2026-09-13 16:36:00-0300",28.65,27.4,19.04,28.1
"2026-09-13 16:37:00-0300",28.63,27.39,19.04,28.2
"2026-09-13 16:38:00-0300",28.64,27.39,19.04,28.3
"2026-09-13 16:39:00-0300",28.58,27.38,19.04,27.3
"2026-09-13 16:40:00-0300",28.64,27.39,19.04,27.3
"2026-09-13 16:41:00-0300",28.63,27.39,19.04,28
"2026-09-13 16:42:00-0300",28.64,27.39,19.04,27.4
"2026-09-13 16:43:00-0300",28.63,27.39,19.04,28.4
"2026-09-13 16:44:00-0300",28.57,27.37,19.04,28.1
"2026-09-13 16:45:00-0300",28.62,27.39,19.04,28.2
"2026-09-13 16:46:00-0300",28.62,27.39,19.04,28.3
"2026-09-13 16:47:00-0300",28.63,27.39,19.04,27.4
"2026-09-13 16:48:00-0300",28.57,27.37,19.04,28.3
"2026-09-13 16:49:00-0300",28.63,27.39,19.04,28.3
"2026-09-13 16:50:00-0300",28.71,27.41,19.04,27.4
"2026-09-13 16:51:00-0300",28.69,27.41,19.04,28
"2026-09-13 16:52:00-0300",28.7,27.41,19.04,27.4
"2026-09-13 16:53:00-0300",28.65,27.4,19.04,27.4
"2026-09-13 16:54:00-0300",28.69,27.41,19.04,28.3
"2026-09-13 16:55:00-0300",28.68,27.41,19.04,27.4
"2026-09-13 16:56:00-0300",28.67,27.4,19.04,27.8
"2026-09-13 16:57:00-0300",28.66,27.4,19.04,28.2
"2026-09-13 16:58:00-0300",28.66,27.4,19.04,27.4
"2026-09-13 16:59:00-0300",28.65,27.4,19.04,28
"2026-09-13 17:00:00-0300",28.64,27.39,19.04,28.3
"2026-09-13 17:01:00-0300",28.63,27.39,19.04,28.3
"2026-09-13 17:02:00-0300",28.58,27.38,19.04,28.4
"2026-09-13 17:03:00-0300",28.64,27.39,19.04,28.3
"2026-09-13 17:04:00-0300",28.64,27.39,19.04,27.4
"2026-09-13 17:05:00-0300",28.64,27.39,19.04,27.8
"2026-09-13 17:06:00-0300",28.63,27.39,19.04,28.1
"2026-09-13 17:07:00-0300",28.63,27.39,19.04,28.2
"2026-09-13 17:08:00-0300",28.62,27.39,19.04,27.8
"2026-09-13 17:09:00-0300",28.63,27.39,19.04,27.4
"2026-09-13 17:10:00-0300",28.62,27.39,19.04,27.8
"2026-09-13 17:11:00-0300",28.56,27.37,19.04,28.1
"2026-09-13 17:12:00-0300",28.61,27.38,19.04,28.2
"2026-09-13 17:13:00-0300",28.62,27.39,19.04,28.2
"2026-09-13 17:14:00-0300",28.62,27.39,19.04,28.4
"2026-09-13 17:15:00-0300",28.61,27.39,19.04,28.1
"2026-09-13 17:16:00-0300",28.62,27.39,19.04,28.3
"2026-09-13 17:17:00-0300",28.61,27.39,19.04,28.3
"2026-09-13 17:18:00-0300",28.62,27.39,19.04,27.4
"2026-09-13 17:19:00-0300",28.59,27.38,19.04,27.6
"2026-09-13 17:20:00-0300",28.46,27.34,19.04,28.2
"2026-09-13 17:21:00-0300",28.58,27.37,19.04,27.3
"2026-09-13 17:22:00-0300",28.58,27.38,19.04,27.7
"2026-09-13 17:23:00-0300",28.58,27.38,19.04,28.2
"2026-09-13 17:24:00-0300",28.58,27.37,19.04,28.2
"2026-09-13 17:25:00-0300",28.57,27.37,19.04,28.2
"2026-09-13 17:26:00-0300",28.57,27.37,19.04,28.2
"2026-09-13 17:27:00-0300",28.57,27.37,19.04,28.5
"2026-09-13 17:28:00-0300",28.59,27.38,19.04,28.4
"2026-09-13 17:29:00-0300",28.58,27.37,19.04,27.5
"2026-09-13 17:30:00-0300",28.57,27.37,19.04,27.5
"2026-09-13 17:31:00-0300",28.57,27.37,19.04,27.7
"2026-09-13 17:32:00-0300",28.56,27.37,19.04,28.2
"2026-09-13 17:33:00-0300",28.56,27.37,19.04,28.3
"2026-09-13 17:34:00-0300",28.41,27.32,19.04,28.4
"2026-09-13 17:35:00-0300",28.56,27.37,19.04,28.4
"2026-09-13 17:36:00-0300",28.56,27.37,19.04,27.5
"2026-09-13 17:37:00-0300",28.55,27.37,19.04,27.8
"2026-09-13 17:38:00-0300",28.56,27.37,19.04,28.1
"2026-09-13 17:39:00-0300",28.56,27.37,19.04,27.5
"2026-09-13 17:40:00-0300",28.56,27.37,19.04,27.8
"2026-09-13 17:41:00-0300",28.55,27.37,19.04,28.2
"2026-09-13 17:42:00-0300",28.55,27.36,19.04,27.8
"2026-09-13 17:43:00-0300",28.43,27.33,19.04,28.2
"2026-09-13 17:44:00-0300",28.56,27.37,19.04,28.1
"2026-09-13 17:45:00-0300",28.56,27.37,19.04,28.1
"2026-09-13 17:46:00-0300",28.56,27.37,19.04,28
"2026-09-13 17:47:00-0300",28.55,27.37,19.04,28.3
"2026-09-13 17:48:00-0300",28.41,27.32,19.04,28.4
"2026-09-13 17:49:00-0300",28.55,27.36,19.04,28.3
"2026-09-13 17:50:00-0300",28.54,27.36,19.04,27.4
"2026-09-13 17:51:00-0300",28.53,27.36,19.04,27.8
"2026-09-13 17:52:00-0300",28.52,27.36,19.04,28.1
"2026-09-13 17:53:00-0300",28.41,27.32,19.04,27.4
"2026-09-13 17:54:00-0300",28.5,27.35,19.04,27.8
"2026-09-13 17:55:00-0300",28.5,27.35,19.04,28.1
"2026-09-13 17:56:00-0300",28.49,27.35,19.04,28.3
"2026-09-13 17:57:00-0300",28.48,27.34,19.04,28.2
"2026-09-13 17:58:00-0300",28.47,27.34,19.04,28.3
"2026-09-13 17:59:00-0300",28.46,27.34,19.04,27.3
"2026-09-13 18:00:00-0300",28.46,27.34,19.04,27.7
"2026-09-13 18:01:00-0300",28.45,27.33,19.04,28
"2026-09-13 18:02:00-0300",28.37,27.31,19.04,28
"2026-09-13 18:03:00-0300",28.44,27.33,19.04,28.2
"2026-09-13 18:04:00-0300",28.43,27.33,19.04,27.3
"2026-09-13 18:05:00-0300",28.45,27.34,19.04,28.1
"2026-09-13 18:06:00-0300",28.42,27.33,19.04,28.2
"2026-09-13 18:07:00-0300",28.37,27.31,19.04,28.2
"2026-09-13 18:08:00-0300",28.41,27.32,19.04,28.2
"2026-09-13 18:09:00-0300",28.41,27.32,19.04,27.2
"2026-09-13 18:10:00-0300",28.41,27.32,19.04,27.2
"2026-09-13 18:11:00-0300",28.41,27.32,19.04,27.2
"2026-09-13 18:12:00-0300",28.37,27.31,19.04,28.1
"2026-09-13 18:13:00-0300",28.39,27.32,19.04,27.8
"2026-09-13 18:14:00-0300",28.39,27.32,19.04,28
"2026-09-13 18:15:00-0300",28.39,27.31,19.04,27.8
"2026-09-13 18:16:00-0300",28.4,27.32,19.04,28.1
"2026-09-13 18:17:00-0300",28.4,27.32,19.04,28.1
"2026-09-13 18:18:00-0300",28.4,27.32,19.04,27.2
"2026-09-13 18:19:00-0300",28.39,27.32,19.04,27.4
"2026-09-13 18:20:00-0300",28.39,27.32,19.04,28
"2026-09-13 18:21:00-0300",28.37,27.31,19.04,28.1
"2026-09-13 18:22:00-0300",28.38,27.31,19.04,28.1
"2026-09-13 18:23:00-0300",28.39,27.31,19.04,28
"2026-09-13 18:24:00-0300",28.38,27.31,19.04,27.5
"2026-09-13 18:25:00-0300",28.38,27.31,19.04,28.1
"2026-09-13 18:26:00-0300",28.37,27.31,19.04,28.1
"2026-09-13 18:27:00-0300",28.37,27.31,19,27.7
"2026-09-13 18:28:00-0300",28.37,27.31,19,28.1
"2026-09-13 18:29:00-0300",28.37,27.31,19,28
"2026-09-13 18:30:00-0300",28.37,27.31,19,28
"2026-09-13 18:31:00-0300",28.37,27.31,19,28
"2026-09-13 18:32:00-0300",28.38,27.31,19,27.7
"2026-09-13 18:33:00-0300",28.38,27.31,18.94,27.8
"2026-09-13 18:34:00-0300",28.38,27.31,18.94,28
"2026-09-13 18:35:00-0300",28.38,27.31,18.94,28.1
"2026-09-13 18:36:00-0300",28.37,27.31,19,28.1
"2026-09-13 18:37:00-0300",28.38,27.31,19,27.3
"2026-09-13 18:38:00-0300",28.38,27.31,19,27.4
"2026-09-13 18:39:00-0300",28.38,27.31,18.94,27.8
"2026-09-13 18:40:00-0300",28.38,27.31,19,28
"2026-09-13 18:41:00-0300",28.37,27.31,18.94,27.7
"2026-09-13 18:42:00-0300",28.37,27.31,19,28
"2026-09-13 18:43:00-0300",28.37,27.31,19,27.1
"2026-09-13 18:44:00-0300",28.38,27.31,18.94,27.7
"2026-09-13 18:45:00-0300",28.37,27.31,19,27.8
"2026-09-13 18:46:00-0300",28.38,27.31,19,27.8
"2026-09-13 18:47:00-0300",28.38,27.31,19,27.7
"2026-09-13 18:48:00-0300",28.37,27.31,19,28
"2026-09-13 18:49:00-0300",28.37,27.31,18.94,27.8
"2026-09-13 18:50:00-0300",28.37,27.31,19,28
"2026-09-13 18:51:00-0300",28.37,27.31,18.94,27.8
"2026-09-13 18:52:00-0300",28.36,27.31,18.94,27.4
"2026-09-13 18:53:00-0300",28.37,27.31,18.94,27.7
"2026-09-13 18:54:00-0300",28.37,27.31,18.9,27.8
"2026-09-13 18:55:00-0300",28.37,27.31,18.94,27.7
"2026-09-13 18:56:00-0300",28.36,27.31,18.9,27.4
"2026-09-13 18:57:00-0300",28.36,27.31,18.94,27.8
"2026-09-13 18:58:00-0300",28.35,27.3,18.9,27.6
"2026-09-13 18:59:00-0300",28.37,27.31,18.94,27.8
"2026-09-13 19:00:00-0300",28.35,27.3,18.94,27.8
"2026-09-13 19:01:00-0300",28.35,27.3,18.9,27
"2026-09-13 19:02:00-0300",28.35,27.3,18.9,27.6
"2026-09-13 19:03:00-0300",28.35,27.3,18.9,27.1
"2026-09-13 19:04:00-0300",28.35,27.3,18.9,26.8
"2026-09-13 19:05:00-0300",28.34,27.3,18.9,27.6
"2026-09-13 19:06:00-0300",28.34,27.3,18.9,27.3
"2026-09-13 19:07:00-0300",28.34,27.3,18.9,27.8
"2026-09-13 19:08:00-0300",28.37,27.31,18.9,27.8
"2026-09-13 19:09:00-0300",28.33,27.3,18.9,27.8
"2026-09-13 19:10:00-0300",28.34,27.3,18.9,26.8
"2026-09-13 19:11:00-0300",28.33,27.3,18.9,27.6
"2026-09-13 19:12:00-0300",28.32,27.29,18.9,27.7
"2026-09-13 19:13:00-0300",28.37,27.31,18.9,27.7
"2026-09-13 19:14:00-0300",28.31,27.29,18.9,27.4
"2026-09-13 19:15:00-0300",28.3,27.29,18.9,27.5
"2026-09-13 19:16:00-0300",28.3,27.29,18.9,27.2
"2026-09-13 19:17:00-0300",28.37,27.31,18.9,27.4
"2026-09-13 19:18:00-0300",28.29,27.28,18.9,27.7
"2026-09-13 19:19:00-0300",28.29,27.28,18.9,27.1
"2026-09-13 19:20:00-0300",28.28,27.28,18.9,27.5
"2026-09-13 19:21:00-0300",28.28,27.28,18.9,27.7
"2026-09-13 19:22:00-0300",28.37,27.31,18.9,27.7
"2026-09-13 19:23:00-0300",28.28,27.28,18.9,27.8
"2026-09-13 19:24:00-0300",28.28,27.28,18.9,27.7
"2026-09-13 19:25:00-0300",28.28,27.28,18.9,27.8
"2026-09-13 19:26:00-0300",28.28,27.28,18.9,27
"2026-09-13 19:27:00-0300",28.27,27.28,18.9,26.7
"2026-09-13 19:28:00-0300",28.27,27.28,18.9,27.3
"2026-09-13 19:29:00-0300",28.27,27.28,18.9,27.2
"2026-09-13 19:30:00-0300",28.27,27.28,18.9,27.7
"2026-09-13 19:31:00-0300",28.37,27.31,18.9,27.4
"2026-09-13 19:32:00-0300",28.26,27.28,18.9,27.5
"2026-09-13 19:33:00-0300",28.26,27.28,18.9,27.2
"2026-09-13 19:34:00-0300",28.26,27.27,18.9,27.4
"2026-09-13 19:35:00-0300",28.26,27.27,18.9,26.7
"2026-09-13 19:36:00-0300",28.25,27.27,18.9,27.2
"2026-09-13 19:37:00-0300",28.25,27.27,18.9,27.5
"2026-09-13 19:38:00-0300",28.25,27.27,18.9,26.7
"2026-09-13 19:39:00-0300",28.25,27.27,18.9,27
"2026-09-13 19:40:00-0300",28.37,27.31,18.9,27.5
"2026-09-13 19:41:00-0300",28.24,27.27,18.9,27.2
"2026-09-13 19:42:00-0300",28.24,27.27,18.9,27.3
"2026-09-13 19:43:00-0300",28.24,27.27,18.9,27.5
"2026-09-13 19:44:00-0300",28.24,27.27,18.9,27.4
"2026-09-13 19:45:00-0300",28.37,27.31,18.9,27.4
"2026-09-13 19:46:00-0300",28.23,27.26,18.9,27.6
"2026-09-13 19:47:00-0300",28.23,27.26,18.9,27.2
"2026-09-13 19:48:00-0300",28.23,27.26,18.9,27.5
"2026-09-13 19:49:00-0300",28.23,27.26,18.9,27.5
"2026-09-13 19:50:00-0300",28.23,27.26,18.9,26.5
"2026-09-13 19:51:00-0300",28.22,27.26,18.9,27.1
"2026-09-13 19:52:00-0300",28.22,27.26,18.9,27.5
"2026-09-13 19:53:00-0300",28.22,27.26,18.9,26.5
"2026-09-13 19:54:00-0300",28.37,27.31,18.9,27
"2026-09-13 19:55:00-0300",28.22,27.26,18.9,27.2
"2026-09-13 19:56:00-0300",28.22,27.26,18.9,27.3
"2026-09-13 19:57:00-0300",28.22,27.26,18.9,27.1
"2026-09-13 19:58:00-0300",28.21,27.26,18.9,27.3
"2026-09-13 19:59:00-0300",28.37,27.31,18.9,27.3
"2026-09-13 20:00:00-0300",28.21,27.26,18.9,27.5
"2026-09-13 20:01:00-0300",28.2,27.26,18.9,27.6
"2026-09-13 20:02:00-0300",28.2,27.26,18.9,26.5
"2026-09-13 20:03:00-0300",28.2,27.26,18.9,27
"2026-09-13 20:04:00-0300",28.2,27.26,18.9,27.3
"2026-09-13 20:05:00-0300",28.19,27.25,18.9,26.5
"2026-09-13 20:06:00-0300",28.2,27.25,18.9,27.4
"2026-09-13 20:07:00-0300",28.2,27.25,18.9,26.5
"2026-09-13 20:08:00-0300",28.36,27.31,18.84,26.8
"2026-09-13 20:09:00-0300",28.19,27.25,18.9,26.8
"2026-09-13 20:10:00-0300",28.19,27.25,18.9,27.2
"2026-09-13 20:11:00-0300",28.19,27.25,18.84,26.8
"2026-09-13 20:12:00-0300",28.19,27.25,18.84,27.3
"2026-09-13 20:13:00-0300",28.28,27.28,18.9,27.2
"2026-09-13 20:14:00-0300",28.18,27.25,18.9,27.3
"2026-09-13 20:15:00-0300",28.18,27.25,18.84,27.4
"2026-09-13 20:16:00-0300",28.18,27.25,18.9,26.4
"2026-09-13 20:17:00-0300",28.18,27.25,18.9,26.8
"2026-09-13 20:18:00-0300",28.17,27.25,18.84,26.7
"2026-09-13 20:19:00-0300",28.17,27.25,18.84,27
"2026-09-13 20:20:00-0300",28.17,27.25,18.84,27.3
"2026-09-13 20:21:00-0300",28.17,27.25,18.84,27.3
"2026-09-13 20:22:00-0300",28.23,27.26,18.9,27.3
"2026-09-13 20:23:00-0300",28.18,27.25,18.84,27.3
"2026-09-13 20:24:00-0300",28.17,27.25,18.9,27.3
"2026-09-13 20:25:00-0300",28.18,27.25,18.9,26.4
"2026-09-13 20:26:00-0300",28.18,27.25,18.84,27
"2026-09-13 20:27:00-0300",28.25,27.27,18.84,26.7
"2026-09-13 20:28:00-0300",28.18,27.25,18.9,27
"2026-09-13 20:29:00-0300",28.18,27.25,18.9,26.8
"2026-09-13 20:30:00-0300",28.17,27.25,18.84,26.4
"2026-09-13 20:31:00-0300",28.17,27.25,18.84,26.8
"2026-09-13 20:32:00-0300",28.17,27.25,18.84,27.2
"2026-09-13 20:33:00-0300",28.16,27.24,18.84,27.2
"2026-09-13 20:34:00-0300",28.16,27.24,18.84,27.3
"2026-09-13 20:35:00-0300",28.16,27.24,18.84,27.2
"2026-09-13 20:36:00-0300",28.21,27.26,18.9,27
"2026-09-13 20:37:00-0300",28.15,27.24,18.84,27.2
"2026-09-13 20:38:00-0300",28.15,27.24,18.84,27.2
"2026-09-13 20:39:00-0300",28.15,27.24,18.84,26.8
"2026-09-13 20:40:00-0300",28.15,27.24,18.79,27
"2026-09-13 20:41:00-0300",28.15,27.24,18.79,26.3
"2026-09-13 20:42:00-0300",28.15,27.24,18.79,26.6
"2026-09-13 20:43:00-0300",28.15,27.24,18.84,26.5
"2026-09-13 20:44:00-0300",28.14,27.24,18.79,27.2
"2026-09-13 20:45:00-0300",28.2,27.26,18.79,27.2
"2026-09-13 20:46:00-0300",28.14,27.24,18.79,26.3
"2026-09-13 20:47:00-0300",28.14,27.24,18.79,27.2
"2026-09-13 20:48:00-0300",28.14,27.24,18.79,26.3
"2026-09-13 20:49:00-0300",28.14,27.24,18.79,27.2
"2026-09-13 20:50:00-0300",28.14,27.24,18.79,27.2
"2026-09-13 20:51:00-0300",28.13,27.23,18.79,26.3
"2026-09-13 20:52:00-0300",28.13,27.23,18.79,26.6
"2026-09-13 20:53:00-0300",28.13,27.23,18.79,27
"2026-09-13 20:54:00-0300",28.17,27.25,18.79,27.1
"2026-09-13 20:55:00-0300",28.13,27.23,18.79,26.8
"2026-09-13 20:56:00-0300",28.12,27.23,18.79,27.1
"2026-09-13 20:57:00-0300",28.12,27.23,18.79,26.7
"2026-09-13 20:58:00-0300",28.12,27.23,18.79,27
"2026-09-13 20:59:00-0300",28.12,27.23,18.79,26.8
"2026-09-13 21:00:00-0300",28.11,27.23,18.79,27.2
"2026-09-13 21:01:00-0300",28.11,27.23,18.79,27.2
"2026-09-13 21:02:00-0300",28.11,27.23,18.79,26.2
"2026-09-13 21:03:00-0300",28.11,27.23,18.79,27.1
"2026-09-13 21:04:00-0300",28.11,27.23,18.79,26.8
"2026-09-13 21:05:00-0300",28.11,27.23,18.79,26.8
"2026-09-13 21:06:00-0300",28.1,27.23,18.79,27
"2026-09-13 21:07:00-0300",28.14,27.24,18.79,27.1
"2026-09-13 21:08:00-0300",28.1,27.22,18.79,26.5
"2026-09-13 21:09:00-0300",28.1,27.22,18.75,26.6
"2026-09-13 21:10:00-0300",28.11,27.23,18.75,27.1
"2026-09-13 21:11:00-0300",28.1,27.23,18.79,27
"2026-09-13 21:12:00-0300",28.09,27.22,18.75,27
"2026-09-13 21:13:00-0300",28.09,27.22,18.75,26.1
"2026-09-13 21:14:00-0300",28.09,27.22,18.75,26.5
"2026-09-13 21:15:00-0300",28.09,27.22,18.75,26.8
"2026-09-13 21:16:00-0300",28.12,27.23,18.75,27
"2026-09-13 21:17:00-0300",28.08,27.22,18.75,26.5
"2026-09-13 21:18:00-0300",28.08,27.22,18.75,26.7
"2026-09-13 21:19:00-0300",28.08,27.22,18.75,27
"2026-09-13 21:20:00-0300",28.08,27.22,18.75,27
"2026-09-13 21:21:00-0300",28.11,27.23,18.75,27
"2026-09-13 21:22:00-0300",28.07,27.22,18.75,26.2
"2026-09-13 21:23:00-0300",28.07,27.22,18.75,26.7
"2026-09-13 21:24:00-0300",28.07,27.22,18.75,26.8
"2026-09-13 21:25:00-0300",28.07,27.21,18.75,26.8
"2026-09-13 21:26:00-0300",28.07,27.21,18.75,27
"2026-09-13 21:27:00-0300",28.06,27.21,18.75,26.5
"2026-09-13 21:28:00-0300",28.06,27.21,18.75,27
"2026-09-13 21:29:00-0300",28.06,27.21,18.75,27
"2026-09-13 21:30:00-0300",28.06,27.21,18.75,27
"2026-09-13 21:31:00-0300",28.06,27.21,18.75,26.2
"2026-09-13 21:32:00-0300",28.05,27.21,18.75,26.6
"2026-09-13 21:33:00-0300",28.05,27.21,18.75,26.8
"2026-09-13 21:34:00-0300",28.09,27.22,18.75,26.7
"2026-09-13 21:35:00-0300",28.05,27.21,18.75,26.5
"2026-09-13 21:36:00-0300",28.05,27.21,18.75,26.2
"2026-09-13 21:37:00-0300",28.05,27.21,18.75,26.3
"2026-09-13 21:38:00-0300",28.04,27.21,18.75,26.7
"2026-09-13 21:39:00-0300",28.04,27.21,18.75,26.7
"2026-09-13 21:40:00-0300",28.04,27.21,18.75,26.8
"2026-09-13 21:41:00-0300",28.04,27.2,18.75,26.7
"2026-09-13 21:42:00-0300",28.04,27.2,18.75,27
"2026-09-13 21:43:00-0300",28.07,27.21,18.75,27
"2026-09-13 21:44:00-0300",28.03,27.2,18.75,26.2
"2026-09-13 21:45:00-0300",28.03,27.2,18.75,26.8
"2026-09-13 21:46:00-0300",28.03,27.2,18.75,26
"2026-09-13 21:47:00-0300",28.02,27.2,18.75,26.5
"2026-09-13 21:48:00-0300",28.02,27.2,18.75,26.4
"2026-09-13 21:49:00-0300",28.02,27.2,18.75,26.7
"2026-09-13 21:50:00-0300",28.02,27.2,18.75,26.8
"2026-09-13 21:51:00-0300",28.02,27.2,18.75,26.8
"2026-09-13 21:52:00-0300",28.05,27.21,18.75,26.8
"2026-09-13 21:53:00-0300",28.01,27.2,18.75,26.1
"2026-09-13 21:54:00-0300",28.01,27.2,18.75,26.8
"2026-09-13 21:55:00-0300",28.01,27.2,18.75,26.1
"2026-09-13 21:56:00-0300",28.01,27.2,18.75,26.5
"2026-09-13 21:57:00-0300",28,27.19,18.75,26.5
"2026-09-13 21:58:00-0300",28,27.19,18.75,26.7
"2026-09-13 21:59:00-0300",28,27.19,18.75,26.7
"2026-09-13 22:00:00-0300",28,27.19,18.75,26.8
"2026-09-13 22:01:00-0300",28.03,27.2,18.75,26.8
"2026-09-13 22:02:00-0300",28,27.19,18.75,26
"2026-09-13 22:03:00-0300",27.99,27.19,18.75,26.5
"2026-09-13 22:04:00-0300",27.99,27.19,18.75,26.6
"2026-09-13 22:05:00-0300",27.99,27.19,18.75,26.5
"2026-09-13 22:06:00-0300",27.99,27.19,18.75,26.8
"2026-09-13 22:07:00-0300",27.99,27.19,18.75,26.7
"2026-09-13 22:08:00-0300",27.98,27.19,18.75,26
"2026-09-13 22:09:00-0300",27.98,27.19,18.75,26.2
"2026-09-13 22:10:00-0300",28.02,27.2,18.75,26.4
"2026-09-13 22:11:00-0300",27.99,27.19,18.75,26.7
"2026-09-13 22:12:00-0300",27.98,27.19,18.75,26.8
"2026-09-13 22:13:00-0300",27.98,27.19,18.75,26.7
"2026-09-13 22:14:00-0300",28,27.19,18.75,26.6
"2026-09-13 22:15:00-0300",27.97,27.18,18.75,26.7
"2026-09-13 22:16:00-0300",27.97,27.18,18.75,26.6
"2026-09-13 22:17:00-0300",27.98,27.19,18.75,26.7
"2026-09-13 22:18:00-0300",27.97,27.18,18.69,26.5
"2026-09-13 22:19:00-0300",27.97,27.18,18.75,26.5
"2026-09-13 22:20:00-0300",27.96,27.18,18.75,26.7
"2026-09-13 22:21:00-0300",27.96,27.18,18.75,26.8
"2026-09-13 22:22:00-0300",27.96,27.18,18.75,25.8
"2026-09-13 22:23:00-0300",27.99,27.19,18.75,26.4
"2026-09-13 22:24:00-0300",27.96,27.18,18.75,26.7
"2026-09-13 22:25:00-0300",27.96,27.18,18.75,26
"2026-09-13 22:26:00-0300",27.96,27.18,18.69,26.2
"2026-09-13 22:27:00-0300",27.95,27.18,18.75,25.8
"2026-09-13 22:28:00-0300",27.95,27.18,18.75,26
"2026-09-13 22:29:00-0300",27.95,27.18,18.75,26.2
"2026-09-13 22:30:00-0300",27.95,27.18,18.75,26.5
"2026-09-13 22:31:00-0300",27.94,27.18,18.75,26.6
"2026-09-13 22:32:00-0300",27.97,27.18,18.75,26.6
"2026-09-13 22:33:00-0300",27.94,27.17,18.69,26.7
"2026-09-13 22:34:00-0300",27.94,27.17,18.69,25.8
"2026-09-13 22:35:00-0300",27.94,27.17,18.69,26.3
"2026-09-13 22:36:00-0300",27.94,27.17,18.69,25.8
"2026-09-13 22:37:00-0300",27.94,27.17,18.75,26.6
"2026-09-13 22:38:00-0300",27.94,27.17,18.75,26.7
"2026-09-13 22:39:00-0300",27.93,27.17,18.69,25.7
"2026-09-13 22:40:00-0300",27.93,27.17,18.75,26.4
"2026-09-13 22:41:00-0300",27.95,27.18,18.69,25.8
"2026-09-13 22:42:00-0300",27.93,27.17,18.75,26.6
"2026-09-13 22:43:00-0300",27.93,27.17,18.69,26.2
"2026-09-13 22:44:00-0300",27.92,27.17,18.75,26.5
"2026-09-13 22:45:00-0300",27.92,27.17,18.75,26.6
"2026-09-13 22:46:00-0300",27.95,27.18,18.69,26.6
"2026-09-13 22:47:00-0300",27.92,27.17,18.69,26.5
"2026-09-13 22:48:00-0300",27.92,27.17,18.75,26.6
"2026-09-13 22:49:00-0300",27.92,27.17,18.69,26.6
"2026-09-13 22:50:00-0300",27.94,27.17,18.69,26.7
"2026-09-13 22:51:00-0300",27.91,27.17,18.69,25.7
"2026-09-13 22:52:00-0300",27.91,27.17,18.63,26
"2026-09-13 22:53:00-0300",27.91,27.16,18.69,26.5
"2026-09-13 22:54:00-0300",27.91,27.16,18.63,26.5
"2026-09-13 22:55:00-0300",27.9,27.16,18.69,26.6
"2026-09-13 22:56:00-0300",27.9,27.16,18.69,26.5
"2026-09-13 22:57:00-0300",27.9,27.16,18.63,26.5
"2026-09-13 22:58:00-0300",27.9,27.16,18.63,26.6
"2026-09-13 22:59:00-0300",27.92,27.17,18.69,25.7
"2026-09-13 23:00:00-0300",27.89,27.16,18.63,25.7
"2026-09-13 23:01:00-0300",27.9,27.16,18.63,26.2
"2026-09-13 23:02:00-0300",27.89,27.16,18.63,26.2
"2026-09-13 23:03:00-0300",27.89,27.16,18.63,26.6
"2026-09-13 23:04:00-0300",27.9,27.16,18.63,26.4
"2026-09-13 23:05:00-0300",27.88,27.16,18.63,26.6
"2026-09-13 23:06:00-0300",27.89,27.16,18.63,25.7
"2026-09-13 23:07:00-0300",27.89,27.16,18.59,26.6
"2026-09-13 23:08:00-0300",27.91,27.16,18.63,25.7
"2026-09-13 23:09:00-0300",27.88,27.16,18.59,25.7
"2026-09-13 23:10:00-0300",27.88,27.16,18.63,26.4
"2026-09-13 23:11:00-0300",27.88,27.16,18.59,26.1
"2026-09-13 23:12:00-0300",27.88,27.16,18.63,26.5
"2026-09-13 23:13:00-0300",27.88,27.15,18.59,26.5
"2026-09-13 23:14:00-0300",27.87,27.15,18.59,26.4
"2026-09-13 23:15:00-0300",27.87,27.15,18.59,26.5
"2026-09-13 23:16:00-0300",27.87,27.15,18.59,26.4
"2026-09-13 23:17:00-0300",27.89,27.16,18.63,26.3
"2026-09-13 23:18:00-0300",27.86,27.15,18.59,26.6
"2026-09-13 23:19:00-0300",27.86,27.15,18.59,26.5
"2026-09-13 23:20:00-0300",27.86,27.15,18.59,25.6
"2026-09-13 23:21:00-0300",27.86,27.15,18.59,26.2
"2026-09-13 23:22:00-0300",27.86,27.15,18.59,25.7
"2026-09-13 23:23:00-0300",27.86,27.15,18.59,26.2
"2026-09-13 23:24:00-0300",27.85,27.15,18.59,26.4
"2026-09-13 23:25:00-0300",27.85,27.15,18.59,26.5
"2026-09-13 23:26:00-0300",27.88,27.15,18.59,25.5
"2026-09-13 23:27:00-0300",27.85,27.15,18.53,25.5
"2026-09-13 23:28:00-0300",27.85,27.15,18.59,26.1
"2026-09-13 23:29:00-0300",27.85,27.14,18.59,26.4
"2026-09-13 23:30:00-0300",27.85,27.14,18.59,26.4
"2026-09-13 23:31:00-0300",27.87,27.15,18.53,26.4
"2026-09-13 23:32:00-0300",27.84,27.14,18.53,26.5
"2026-09-13 23:33:00-0300",27.84,27.14,18.59,25.6
"2026-09-13 23:34:00-0300",27.84,27.14,18.53,25.8
"2026-09-13 23:35:00-0300",27.86,27.15,18.59,26.2
"2026-09-13 23:36:00-0300",27.83,27.14,18.53,26.2
"2026-09-13 23:37:00-0300",27.83,27.14,18.53,26.5
"2026-09-13 23:38:00-0300",27.83,27.14,18.53,26.5
"2026-09-13 23:39:00-0300",27.83,27.14,18.53,25.5
"2026-09-13 23:40:00-0300",27.85,27.15,18.53,25.5
"2026-09-13 23:41:00-0300",27.83,27.14,18.53,26.1
"2026-09-13 23:42:00-0300",27.83,27.14,18.53,26.2
"2026-09-13 23:43:00-0300",27.82,27.14,18.53,26.3
"2026-09-13 23:44:00-0300",27.82,27.14,18.53,26.4
"2026-09-13 23:45:00-0300",27.82,27.14,18.53,26.3
"2026-09-13 23:46:00-0300",27.82,27.14,18.53,25.5
"2026-09-13 23:47:00-0300",27.82,27.13,18.53,25.8
"2026-09-13 23:48:00-0300",27.81,27.13,18.53,26.1
"2026-09-13 23:49:00-0300",27.83,27.14,18.53,26.3
"2026-09-13 23:50:00-0300",27.81,27.13,18.53,26.3
"2026-09-13 23:51:00-0300",27.81,27.13,18.53,26.4
"2026-09-13 23:52:00-0300",27.81,27.13,18.53,26.4
"2026-09-13 23:53:00-0300",27.81,27.13,18.53,26.4
"2026-09-13 23:54:00-0300",27.81,27.13,18.53,26.2
"2026-09-13 23:55:00-0300",27.8,27.13,18.53,26.4
"2026-09-13 23:56:00-0300",27.8,27.13,18.53,26.4
"2026-09-13 23:57:00-0300",27.8,27.13,18.53,25.4
"2026-09-13 23:58:00-0300",27.82,27.14,18.53,25.4
"2026-09-13 23:59:00-0300",27.8,27.13,18.53,26
"2026-09-14 00:00:00-0300",27.8,27.13,18.53,26.4
"2026-09-14 00:01:00-0300",27.79,27.13,18.53,26.4
"2026-09-14 00:02:00-0300",27.82,27.13,18.53,26.4
"2026-09-14 00:03:00-0300",27.79,27.13,18.53,26.5
"2026-09-14 00:04:00-0300",27.79,27.13,18.53,25.5
"2026-09-14 00:05:00-0300",27.79,27.13,18.53,25.7
"2026-09-14 00:06:00-0300",27.79,27.13,18.53,26.1
"2026-09-14 00:07:00-0300",27.79,27.13,18.53,25.5
"2026-09-14 00:08:00-0300",27.78,27.12,18.53,26
"2026-09-14 00:09:00-0300",27.79,27.13,18.53,26.2
"2026-09-14 00:10:00-0300",27.78,27.12,18.53,26.3
"2026-09-14 00:11:00-0300",27.8,27.13,18.53,26.2
"2026-09-14 00:12:00-0300",27.78,27.12,18.53,26.3
"2026-09-14 00:13:00-0300",27.78,27.12,18.53,26.4
"2026-09-14 00:14:00-0300",27.78,27.12,18.53,26.3
"2026-09-14 00:15:00-0300",27.78,27.12,18.53,26.3
"2026-09-14 00:16:00-0300",27.78,27.12,18.53,26.4
"2026-09-14 00:17:00-0300",27.78,27.12,18.53,26.3
"2026-09-14 00:18:00-0300",27.78,27.12,18.53,25.5
"2026-09-14 00:19:00-0300",27.78,27.12,18.53,26.4
"2026-09-14 00:20:00-0300",27.79,27.13,18.53,26.3
"2026-09-14 00:21:00-0300",27.77,27.12,18.53,25.5
"2026-09-14 00:22:00-0300",27.77,27.12,18.53,26
"2026-09-14 00:23:00-0300",27.78,27.12,18.53,26.2
"2026-09-14 00:24:00-0300",27.78,27.12,18.53,26.4
"2026-09-14 00:25:00-0300",27.78,27.12,18.53,26.3
"2026-09-14 00:26:00-0300",27.77,27.12,18.53,26.3
"2026-09-14 00:27:00-0300",27.77,27.12,18.53,25.5
"2026-09-14 00:28:00-0300",27.76,27.12,18.53,25.8
"2026-09-14 00:29:00-0300",27.78,27.12,18.53,26.3
"2026-09-14 00:30:00-0300",27.76,27.12,18.53,25.4
"2026-09-14 00:31:00-0300",27.75,27.12,18.53,25.7
"2026-09-14 00:32:00-0300",27.75,27.12,18.53,25.7
"2026-09-14 00:33:00-0300",27.75,27.11,18.53,26.3
"2026-09-14 00:34:00-0300",27.75,27.11,18.53,25.8
"2026-09-14 00:35:00-0300",27.75,27.11,18.53,26.2
"2026-09-14 00:36:00-0300",27.75,27.11,18.53,26.3
"2026-09-14 00:37:00-0300",27.75,27.11,18.53,26.3
"2026-09-14 00:38:00-0300",27.77,27.12,18.53,25.4
"2026-09-14 00:39:00-0300",27.74,27.11,18.53,25.4
"2026-09-14 00:40:00-0300",27.74,27.11,18.53,25.6
"2026-09-14 00:41:00-0300",27.74,27.11,18.53,26.1
"2026-09-14 00:42:00-0300",27.74,27.11,18.53,26
"2026-09-14 00:43:00-0300",27.74,27.11,18.53,25.7
"2026-09-14 00:44:00-0300",27.73,27.11,18.53,26.2
"2026-09-14 00:45:00-0300",27.73,27.11,18.53,26.3
"2026-09-14 00:46:00-0300",27.73,27.11,18.53,26
"2026-09-14 00:47:00-0300",27.75,27.11,18.53,26.2
"2026-09-14 00:48:00-0300",27.73,27.11,18.53,26.2
"2026-09-14 00:49:00-0300",27.72,27.11,18.53,26.4
"2026-09-14 00:50:00-0300",27.72,27.11,18.53,25.3
"2026-09-14 00:51:00-0300",27.72,27.11,18.53,25.8
"2026-09-14 00:52:00-0300",27.72,27.1,18.53,26.2
"2026-09-14 00:53:00-0300",27.72,27.1,18.53,25.4
"2026-09-14 00:54:00-0300",27.72,27.1,18.53,25.8
"2026-09-14 00:55:00-0300",27.72,27.1,18.53,26.2
"2026-09-14 00:56:00-0300",27.74,27.11,18.53,26.1
"2026-09-14 00:57:00-0300",27.72,27.1,18.53,26.3
"2026-09-14 00:58:00-0300",27.72,27.11,18.53,26.1
"2026-09-14 00:59:00-0300",27.73,27.11,18.53,25.5
"2026-09-14 01:00:00-0300",27.74,27.11,18.53,26.4
"2026-09-14 01:01:00-0300",27.73,27.11,18.53,26.4
"2026-09-14 01:02:00-0300",27.73,27.11,18.53,25.4
"2026-09-14 01:03:00-0300",27.73,27.11,18.53,25.7
"2026-09-14 01:04:00-0300",27.73,27.11,18.53,26.1
"2026-09-14 01:05:00-0300",27.74,27.11,18.53,26.1
"2026-09-14 01:06:00-0300",27.73,27.11,18.53,26.3
"2026-09-14 01:07:00-0300",27.72,27.11,18.53,26.3
"2026-09-14 01:08:00-0300",27.73,27.11,18.53,25.4
"2026-09-14 01:09:00-0300",27.75,27.11,18.53,25.4
"2026-09-14 01:10:00-0300",27.73,27.11,18.53,25.7
"2026-09-14 01:11:00-0300",27.73,27.11,18.53,26
"2026-09-14 01:12:00-0300",27.73,27.11,18.53,26.2
"2026-09-14 01:13:00-0300",27.73,27.11,18.53,26.3
"2026-09-14 01:14:00-0300",27.75,27.11,18.53,26.3
"2026-09-14 01:15:00-0300",27.73,27.11,18.53,25.3
"2026-09-14 01:16:00-0300",27.73,27.11,18.53,26.2
"2026-09-14 01:17:00-0300",27.73,27.11,18.53,25.4
"2026-09-14 01:18:00-0300",27.73,27.11,18.53,26
"2026-09-14 01:19:00-0300",27.73,27.11,18.53,25.8
"2026-09-14 01:20:00-0300",27.73,27.11,18.53,26.1
"2026-09-14 01:21:00-0300",27.73,27.11,18.53,26.2
"2026-09-14 01:22:00-0300",27.73,27.11,18.53,26.1
"2026-09-14 01:23:00-0300",27.75,27.11,18.53,26.1
"2026-09-14 01:24:00-0300",27.72,27.11,18.53,26.3
"2026-09-14 01:25:00-0300",27.72,27.11,18.53,26.3
"2026-09-14 01:26:00-0300",27.72,27.1,18.53,26.2
"2026-09-14 01:27:00-0300",27.72,27.11,18.53,26.2
"2026-09-14 01:28:00-0300",27.72,27.1,18.53,26.3
"2026-09-14 01:29:00-0300",27.72,27.1,18.53,25.6
"2026-09-14 01:30:00-0300",27.72,27.1,18.53,25.5
"2026-09-14 01:31:00-0300",27.72,27.1,18.53,25.3
"2026-09-14 01:32:00-0300",27.74,27.11,18.53,25.4
"2026-09-14 01:33:00-0300",27.72,27.1,18.53,26
"2026-09-14 01:34:00-0300",27.72,27.1,18.53,25.5
"2026-09-14 01:35:00-0300",27.72,27.1,18.53,26.3
"2026-09-14 01:36:00-0300",27.71,27.1,18.53,25.4
"2026-09-14 01:37:00-0300",27.71,27.1,18.53,25.4
"2026-09-14 01:38:00-0300",27.71,27.1,18.53,26.3
"2026-09-14 01:39:00-0300",27.71,27.1,18.53,25.3
"2026-09-14 01:40:00-0300",27.71,27.1,18.53,25.7
"2026-09-14 01:41:00-0300",27.73,27.11,18.53,26.2
"2026-09-14 01:42:00-0300",27.71,27.1,18.53,26.1
"2026-09-14 01:43:00-0300",27.71,27.1,18.53,26.1
"2026-09-14 01:44:00-0300",27.71,27.1,18.53,26.3
"2026-09-14 01:45:00-0300",27.71,27.1,18.53,25.4
"2026-09-14 01:46:00-0300",27.71,27.1,18.53,25.4
"2026-09-14 01:47:00-0300",27.71,27.1,18.53,25.6
"2026-09-14 01:48:00-0300",27.7,27.1,18.53,26.2
"2026-09-14 01:49:00-0300",27.7,27.1,18.53,26.4
"2026-09-14 01:50:00-0300",27.72,27.1,18.53,26.2
"2026-09-14 01:51:00-0300",27.7,27.1,18.53,26.2
"2026-09-14 01:52:00-0300",27.7,27.1,18.53,26.3
"2026-09-14 01:53:00-0300",27.7,27.1,18.53,26.3
"2026-09-14 01:54:00-0300",27.7,27.1,18.53,26.2
"2026-09-14 01:55:00-0300",27.7,27.1,18.53,26.4
"2026-09-14 01:56:00-0300",27.69,27.1,18.53,26.3
"2026-09-14 01:57:00-0300",27.69,27.1,18.53,26.3
"2026-09-14 01:58:00-0300",27.69,27.09,18.53,26.3
"2026-09-14 01:59:00-0300",27.7,27.1,18.53,26.3
"2026-09-14 02:00:00-0300",27.68,27.09,18.53,25.3
"2026-09-14 02:01:00-0300",27.68,27.09,18.53,26
"2026-09-14 02:02:00-0300",27.68,27.09,18.53,25.8
"2026-09-14 02:03:00-0300",27.68,27.09,18.53,26.3
"2026-09-14 02:04:00-0300",27.68,27.09,18.53,26.3
"2026-09-14 02:05:00-0300",27.68,27.09,18.53,26.2
"2026-09-14 02:06:00-0300",27.67,27.09,18.53,26.1
"2026-09-14 02:07:00-0300",27.67,27.09,18.53,26.1
"2026-09-14 02:08:00-0300",27.69,27.1,18.53,26.1
"2026-09-14 02:09:00-0300",27.67,27.09,18.53,26.2
"2026-09-14 02:10:00-0300",27.67,27.09,18.53,25.3
"2026-09-14 02:11:00-0300",27.67,27.09,18.53,25.8
"2026-09-14 02:12:00-0300",27.69,27.1,18.53,26.2
"2026-09-14 02:13:00-0300",27.68,27.09,18.53,26.2
"2026-09-14 02:14:00-0300",27.69,27.09,18.53,26.2
"2026-09-14 02:15:00-0300",27.69,27.1,18.53,26.4
"2026-09-14 02:16:00-0300",27.68,27.09,18.53,25.3
"2026-09-14 02:17:00-0300",27.68,27.09,18.53,25.2
"2026-09-14 02:18:00-0300",27.68,27.09,18.53,26.3
"2026-09-14 02:19:00-0300",27.68,27.09,18.53,25.4
"2026-09-14 02:20:00-0300",27.68,27.09,18.53,25.8
"2026-09-14 02:21:00-0300",27.69,27.1,18.53,25.8
"2026-09-14 02:22:00-0300",27.68,27.09,18.53,26.1
"2026-09-14 02:23:00-0300",27.68,27.09,18.53,26.2
"2026-09-14 02:24:00-0300",27.69,27.09,18.53,26.2
"2026-09-14 02:25:00-0300",27.7,27.1,18.53,26.1
"2026-09-14 02:26:00-0300",27.68,27.09,18.53,26.2
"2026-09-14 02:27:00-0300",27.68,27.09,18.53,26.3
"2026-09-14 02:28:00-0300",27.68,27.09,18.53,26.3
"2026-09-14 02:29:00-0300",27.68,27.09,18.53,25.8
"2026-09-14 02:30:00-0300",27.68,27.09,18.53,25.7
"2026-09-14 02:31:00-0300",27.68,27.09,18.53,26.2
"2026-09-14 02:32:00-0300",27.68,27.09,18.53,25.4
"2026-09-14 02:33:00-0300",27.69,27.09,18.53,26.3
"2026-09-14 02:34:00-0300",27.68,27.09,18.53,26.3
"2026-09-14 02:35:00-0300",27.66,27.09,18.53,25.8
"2026-09-14 02:36:00-0300",27.66,27.08,18.53,26
"2026-09-14 02:37:00-0300",27.65,27.08,18.53,26.1
"2026-09-14 02:38:00-0300",27.66,27.09,18.53,26.1
"2026-09-14 02:39:00-0300",27.65,27.08,18.53,26.2
"2026-09-14 02:40:00-0300",27.65,27.08,18.53,26.2
"2026-09-14 02:41:00-0300",27.66,27.08,18.53,25.7
"2026-09-14 02:42:00-0300",27.66,27.09,18.53,25.8
"2026-09-14 02:43:00-0300",27.65,27.08,18.53,25.5
"2026-09-14 02:44:00-0300",27.65,27.08,18.53,26.1
"2026-09-14 02:45:00-0300",27.65,27.08,18.53,26
"2026-09-14 02:46:00-0300",27.65,27.08,18.53,26.1
"2026-09-14 02:47:00-0300",27.65,27.08,18.53,26
"2026-09-14 02:48:00-0300",27.65,27.08,18.53,26.2
"2026-09-14 02:49:00-0300",27.65,27.08,18.53,26.1
"2026-09-14 02:50:00-0300",27.65,27.08,18.53,26.1
"2026-09-14 02:51:00-0300",27.66,27.09,18.53,26.2
"2026-09-14 02:52:00-0300",27.65,27.08,18.53,26.2
"2026-09-14 02:53:00-0300",27.65,27.08,18.53,25.5
"2026-09-14 02:54:00-0300",27.66,27.08,18.53,25.8
"2026-09-14 02:55:00-0300",27.67,27.09,18.53,26.1
"2026-09-14 02:56:00-0300",27.66,27.08,18.53,26.1
"2026-09-14 02:57:00-0300",27.66,27.09,18.53,26.1
"2026-09-14 02:58:00-0300",27.66,27.09,18.53,25.3
"2026-09-14 02:59:00-0300",27.66,27.09,18.53,25.7
"2026-09-14 03:00:00-0300",27.66,27.09,18.53,25.7
"2026-09-14 03:01:00-0300",27.66,27.09,18.53,26
"2026-09-14 03:02:00-0300",27.66,27.09,18.53,26.1
"2026-09-14 03:03:00-0300",27.66,27.08,18.53,26.2
"2026-09-14 03:04:00-0300",27.68,27.09,18.53,26.2
"2026-09-14 03:05:00-0300",27.66,27.09,18.53,25.3
"2026-09-14 03:06:00-0300",27.66,27.09,18.53,25.6
"2026-09-14 03:07:00-0300",27.67,27.09,18.53,25.3
"2026-09-14 03:08:00-0300",27.68,27.09,18.59,26.2
"2026-09-14 03:09:00-0300",27.67,27.09,18.59,26
"2026-09-14 03:10:00-0300",27.67,27.09,18.59,25.6
"2026-09-14 03:11:00-0300",27.67,27.09,18.63,26.1
"2026-09-14 03:12:00-0300",27.68,27.09,18.63,26.2
"2026-09-14 03:13:00-0300",27.68,27.09,18.59,26.2
"2026-09-14 03:14:00-0300",27.68,27.09,18.59,26.2
"2026-09-14 03:15:00-0300",27.69,27.09,18.59,25.3
"2026-09-14 03:16:00-0300",27.69,27.1,18.59,25.8
"2026-09-14 03:17:00-0300",27.7,27.1,18.63,26
"2026-09-14 03:18:00-0300",27.69,27.1,18.63,26.1
"2026-09-14 03:19:00-0300",27.69,27.1,18.63,26.3
"2026-09-14 03:20:00-0300",27.69,27.1,18.63,26.3
"2026-09-14 03:21:00-0300",27.7,27.1,18.63,26.4
"2026-09-14 03:22:00-0300",27.69,27.1,18.63,25.4
"2026-09-14 03:23:00-0300",27.69,27.1,18.69,25.8
"2026-09-14 03:24:00-0300",27.69,27.1,18.69,26.4
"2026-09-14 03:25:00-0300",27.69,27.1,18.69,26.4
"2026-09-14 03:26:00-0300",27.69,27.1,18.69,26.4
"2026-09-14 03:27:00-0300",27.69,27.1,18.69,25.5
"2026-09-14 03:28:00-0300",27.69,27.1,18.69,26
"2026-09-14 03:29:00-0300",27.69,27.1,18.69,26.3
"2026-09-14 03:30:00-0300",27.71,27.1,18.69,26.3
"2026-09-14 03:31:00-0300",27.7,27.1,18.69,26.3
"2026-09-14 03:32:00-0300",27.69,27.1,18.69,26.5
"2026-09-14 03:33:00-0300",27.7,27.1,18.69,26.4
"2026-09-14 03:34:00-0300",27.71,27.1,18.75,26.5
"2026-09-14 03:35:00-0300",27.69,27.1,18.69,26.1
"2026-09-14 03:36:00-0300",27.7,27.1,18.69,25.6
"2026-09-14 03:37:00-0300",27.7,27.1,18.75,25.5
"2026-09-14 03:38:00-0300",27.71,27.1,18.75,25.6
"2026-09-14 03:39:00-0300",27.7,27.1,18.75,26.5
"2026-09-14 03:40:00-0300",27.7,27.1,18.75,25.7
"2026-09-14 03:41:00-0300",27.7,27.1,18.75,26.3
"2026-09-14 03:42:00-0300",27.7,27.1,18.75,26.1
"2026-09-14 03:43:00-0300",27.7,27.1,18.75,26
"2026-09-14 03:44:00-0300",27.7,27.1,18.75,26.4
"2026-09-14 03:45:00-0300",27.7,27.1,18.75,26.5
"2026-09-14 03:46:00-0300",27.7,27.1,18.75,26.2
"2026-09-14 03:47:00-0300",27.71,27.1,18.75,25.7
"2026-09-14 03:48:00-0300",27.7,27.1,18.75,25.7
"2026-09-14 03:49:00-0300",27.7,27.1,18.75,26.3
"2026-09-14 03:50:00-0300",27.7,27.1,18.75,26.2
"2026-09-14 03:51:00-0300",27.7,27.1,18.75,26.5
"2026-09-14 03:52:00-0300",27.7,27.1,18.69,26.5
"2026-09-14 03:53:00-0300",27.7,27.1,18.75,25.7
"2026-09-14 03:54:00-0300",27.7,27.1,18.75,25.7
"2026-09-14 03:55:00-0300",27.7,27.1,18.75,26.4
"2026-09-14 03:56:00-0300",27.7,27.1,18.75,26.3
"2026-09-14 03:57:00-0300",27.7,27.1,18.75,26.5
"2026-09-14 03:58:00-0300",27.7,27.1,18.75,26.5
"2026-09-14 03:59:00-0300",27.7,27.1,18.75,25.6
"2026-09-14 04:00:00-0300",27.71,27.1,18.75,25.5
"2026-09-14 04:01:00-0300",27.7,27.1,18.75,26.2
"2026-09-14 04:02:00-0300",27.7,27.1,18.75,26.4
"2026-09-14 04:03:00-0300",27.7,27.1,18.75,26
"2026-09-14 04:04:00-0300",27.71,27.1,18.75,26.4
"2026-09-14 04:05:00-0300",27.7,27.1,18.75,25.6
"2026-09-14 04:06:00-0300",27.7,27.1,18.75,26.1
"2026-09-14 04:07:00-0300",27.7,27.1,18.75,26.3
"2026-09-14 04:08:00-0300",27.71,27.1,18.75,26.5
"2026-09-14 04:09:00-0300",27.7,27.1,18.75,26.4
"2026-09-14 04:10:00-0300",27.7,27.1,18.75,26.6
"2026-09-14 04:11:00-0300",27.7,27.1,18.75,26.6
"2026-09-14 04:12:00-0300",27.7,27.1,18.75,26.5
"2026-09-14 04:13:00-0300",27.7,27.1,18.75,26.4
"2026-09-14 04:14:00-0300",27.7,27.1,18.75,26.5
"2026-09-14 04:15:00-0300",27.69,27.1,18.75,26.5
"2026-09-14 04:16:00-0300",27.69,27.1,18.75,25.6
"2026-09-14 04:17:00-0300",27.7,27.1,18.75,25.6
"2026-09-14 04:18:00-0300",27.7,27.1,18.75,26.6
"2026-09-14 04:19:00-0300",27.69,27.1,18.75,25.6
"2026-09-14 04:20:00-0300",27.69,27.1,18.75,26.2
"2026-09-14 04:21:00-0300",27.7,27.1,18.75,26
"2026-09-14 04:22:00-0300",27.69,27.1,18.75,26.5
"2026-09-14 04:23:00-0300",27.69,27.1,18.75,26.5
"2026-09-14 04:24:00-0300",27.69,27.1,18.75,26.5
"2026-09-14 04:25:00-0300",27.7,27.1,18.75,26.6
"2026-09-14 04:26:00-0300",27.69,27.1,18.75,26.2
"2026-09-14 04:27:00-0300",27.69,27.1,18.75,26.5
"2026-09-14 04:28:00-0300",27.69,27.1,18.75,26.5
"2026-09-14 04:29:00-0300",27.69,27.1,18.69,25.7
"2026-09-14 04:30:00-0300",27.69,27.1,18.75,25.6
"2026-09-14 04:31:00-0300",27.69,27.1,18.75,26.2
"2026-09-14 04:32:00-0300",27.69,27.1,18.75,26.3
"2026-09-14 04:33:00-0300",27.69,27.1,18.75,26.1
"2026-09-14 04:34:00-0300",27.7,27.1,18.75,25.7
"2026-09-14 04:35:00-0300",27.69,27.09,18.75,26.2
"2026-09-14 04:36:00-0300",27.69,27.09,18.75,25.8
"2026-09-14 04:37:00-0300",27.69,27.09,18.75,26.1
"2026-09-14 04:38:00-0300",27.7,27.1,18.75,26.5
"2026-09-14 04:39:00-0300",27.68,27.09,18.75,26.3
"2026-09-14 04:40:00-0300",27.68,27.09,18.75,26.5
"2026-09-14 04:41:00-0300",27.68,27.09,18.75,25.6
"2026-09-14 04:42:00-0300",27.69,27.1,18.75,26.2
"2026-09-14 04:43:00-0300",27.68,27.09,18.69,26
"2026-09-14 04:44:00-0300",27.68,27.09,18.75,26.3
"2026-09-14 04:45:00-0300",27.68,27.09,18.75,26.5
"2026-09-14 04:46:00-0300",27.68,27.09,18.75,26.3
"2026-09-14 04:47:00-0300",27.68,27.09,18.75,26.2
"2026-09-14 04:48:00-0300",27.68,27.09,18.75,26.4
"2026-09-14 04:49:00-0300",27.68,27.09,18.75,26.4
"2026-09-14 04:50:00-0300",27.68,27.09,18.75,25.5
"2026-09-14 04:51:00-0300",27.68,27.09,18.75,25.5
"2026-09-14 04:52:00-0300",27.67,27.09,18.75,25.8
"2026-09-14 04:53:00-0300",27.67,27.09,18.75,26.4
"2026-09-14 04:54:00-0300",27.67,27.09,18.75,26.3
"2026-09-14 04:55:00-0300",27.68,27.09,18.75,26.3
"2026-09-14 04:56:00-0300",27.67,27.09,18.75,26.3
"2026-09-14 04:57:00-0300",27.67,27.09,18.75,26.3
"2026-09-14 04:58:00-0300",27.67,27.09,18.75,26.3
"2026-09-14 04:59:00-0300",27.68,27.09,18.75,25.5
"2026-09-14 05:00:00-0300",27.67,27.09,18.75,26.3
"2026-09-14 05:01:00-0300",27.67,27.09,18.75,26.3
"2026-09-14 05:02:00-0300",27.66,27.09,18.75,25.6
"2026-09-14 05:03:00-0300",27.66,27.09,18.75,26.4
"2026-09-14 05:04:00-0300",27.66,27.09,18.75,26.5
"2026-09-14 05:05:00-0300",27.66,27.09,18.75,25.6
"2026-09-14 05:06:00-0300",27.66,27.09,18.75,25.5
"2026-09-14 05:07:00-0300",27.66,27.09,18.69,26.2
"2026-09-14 05:08:00-0300",27.68,27.09,18.69,25.5
"2026-09-14 05:09:00-0300",27.66,27.09,18.75,25.8
"2026-09-14 05:10:00-0300",27.66,27.09,18.69,26.1
"2026-09-14 05:11:00-0300",27.66,27.09,18.75,26
"2026-09-14 05:12:00-0300",27.66,27.09,18.69,26.3
"2026-09-14 05:13:00-0300",27.66,27.09,18.69,26
"2026-09-14 05:14:00-0300",27.66,27.08,18.69,26.4
"2026-09-14 05:15:00-0300",27.65,27.08,18.75,26.4
"2026-09-14 05:16:00-0300",27.65,27.08,18.69,25.4
"2026-09-14 05:17:00-0300",27.67,27.09,18.69,26
"2026-09-14 05:18:00-0300",27.65,27.08,18.69,25.8
"2026-09-14 05:19:00-0300",27.65,27.08,18.69,25.5
"2026-09-14 05:20:00-0300",27.65,27.08,18.69,25.6
"2026-09-14 05:21:00-0300",27.65,27.08,18.69,26.2
"2026-09-14 05:22:00-0300",27.65,27.08,18.69,26.1
"2026-09-14 05:23:00-0300",27.65,27.08,18.69,26.3
"2026-09-14 05:24:00-0300",27.65,27.08,18.69,26.3
"2026-09-14 05:25:00-0300",27.65,27.08,18.69,25.4
"2026-09-14 05:26:00-0300",27.66,27.09,18.63,25.7
"2026-09-14 05:27:00-0300",27.65,27.08,18.63,26
"2026-09-14 05:28:00-0300",27.65,27.08,18.69,26.1
"2026-09-14 05:29:00-0300",27.65,27.08,18.69,26.3
"2026-09-14 05:30:00-0300",27.64,27.08,18.69,26.3
"2026-09-14 05:31:00-0300",27.66,27.08,18.69,26.1
"2026-09-14 05:32:00-0300",27.64,27.08,18.69,25.7
"2026-09-14 05:33:00-0300",27.64,27.08,18.63,26.1
"2026-09-14 05:34:00-0300",27.64,27.08,18.63,26
"2026-09-14 05:35:00-0300",27.63,27.08,18.69,25.8
"2026-09-14 05:36:00-0300",27.63,27.08,18.69,26.1
"2026-09-14 05:37:00-0300",27.63,27.08,18.63,26.2
"2026-09-14 05:38:00-0300",27.63,27.08,18.63,26.2
"2026-09-14 05:39:00-0300",27.63,27.08,18.63,25.4
"2026-09-14 05:40:00-0300",27.64,27.08,18.69,26.3
"2026-09-14 05:41:00-0300",27.63,27.08,18.63,26.3
"2026-09-14 05:42:00-0300",27.63,27.08,18.63,25.3
"2026-09-14 05:43:00-0300",27.63,27.07,18.63,25.7
"2026-09-14 05:44:00-0300",27.63,27.08,18.63,26
"2026-09-14 05:45:00-0300",27.63,27.07,18.63,26.1
"2026-09-14 05:46:00-0300",27.62,27.07,18.59,26.2
"2026-09-14 05:47:00-0300",27.62,27.07,18.59,26
"2026-09-14 05:48:00-0300",27.62,27.07,18.63,26.2
"2026-09-14 05:49:00-0300",27.64,27.08,18.59,26
"2026-09-14 05:50:00-0300",27.62,27.07,18.59,26
"2026-09-14 05:51:00-0300",27.62,27.07,18.63,26.2
"2026-09-14 05:52:00-0300",27.62,27.07,18.59,26.2
"2026-09-14 05:53:00-0300",27.62,27.07,18.59,25.3
"2026-09-14 05:54:00-0300",27.63,27.08,18.59,25.2
"2026-09-14 05:55:00-0300",27.61,27.07,18.59,25.6
"2026-09-14 05:56:00-0300",27.61,27.07,18.59,25.4
"2026-09-14 05:57:00-0300",27.61,27.07,18.59,25.7
"2026-09-14 05:58:00-0300",27.61,27.07,18.59,26
"2026-09-14 05:59:00-0300",27.61,27.07,18.59,25.2
"2026-09-14 06:00:00-0300",27.61,27.07,18.59,25.2
"2026-09-14 06:01:00-0300",27.61,27.07,18.59,26.1
"2026-09-14 06:02:00-0300",27.61,27.07,18.59,26
"2026-09-14 06:03:00-0300",27.62,27.07,18.59,26.2
"2026-09-14 06:04:00-0300",27.61,27.07,18.59,26.1
"2026-09-14 06:05:00-0300",27.61,27.07,18.53,26.1
"2026-09-14 06:06:00-0300",27.61,27.07,18.53,26.1
"2026-09-14 06:07:00-0300",27.61,27.07,18.59,26.3
"2026-09-14 06:08:00-0300",27.62,27.07,18.59,25.3
"2026-09-14 06:09:00-0300",27.6,27.07,18.53,25.5
"2026-09-14 06:10:00-0300",27.6,27.07,18.53,25.8
"2026-09-14 06:11:00-0300",27.6,27.07,18.59,26.1
"2026-09-14 06:12:00-0300",27.6,27.07,18.53,26.1
"2026-09-14 06:13:00-0300",27.6,27.07,18.53,26.1
"2026-09-14 06:14:00-0300",27.6,27.07,18.53,25.3
"2026-09-14 06:15:00-0300",27.6,27.07,18.53,26
"2026-09-14 06:16:00-0300",27.6,27.07,18.53,26.1
"2026-09-14 06:17:00-0300",27.61,27.07,18.53,26.1
"2026-09-14 06:18:00-0300",27.6,27.07,18.53,26.1
"2026-09-14 06:19:00-0300",27.6,27.07,18.53,25.2
"2026-09-14 06:20:00-0300",27.59,27.06,18.53,26.1
"2026-09-14 06:21:00-0300",27.59,27.06,18.53,25.1
"2026-09-14 06:22:00-0300",27.59,27.06,18.53,25.2
"2026-09-14 06:23:00-0300",27.59,27.06,18.53,25.2
"2026-09-14 06:24:00-0300",27.59,27.06,18.53,25.2
"2026-09-14 06:25:00-0300",27.58,27.06,18.53,25.5
"2026-09-14 06:26:00-0300",27.6,27.07,18.53,25.8
"2026-09-14 06:27:00-0300",27.58,27.06,18.53,25.8
"2026-09-14 06:28:00-0300",27.58,27.06,18.53,26
"2026-09-14 06:29:00-0300",27.58,27.06,18.53,25.2
"2026-09-14 06:30:00-0300",27.58,27.06,18.53,25.5
"2026-09-14 06:31:00-0300",27.58,27.06,18.53,26.1
"2026-09-14 06:32:00-0300",27.58,27.06,18.53,25.1
"2026-09-14 06:33:00-0300",27.58,27.06,18.53,26
"2026-09-14 06:34:00-0300",27.58,27.06,18.53,25.2
"2026-09-14 06:35:00-0300",27.59,27.06,18.53,25.1
"2026-09-14 06:36:00-0300",27.58,27.06,18.53,25.5
"2026-09-14 06:37:00-0300",27.57,27.06,18.53,25.8
"2026-09-14 06:38:00-0300",27.57,27.06,18.53,26
"2026-09-14 06:39:00-0300",27.57,27.06,18.53,25.8
"2026-09-14 06:40:00-0300",27.57,27.06,18.53,25.8
"2026-09-14 06:41:00-0300",27.57,27.06,18.53,25.2
"2026-09-14 06:42:00-0300",27.57,27.06,18.53,25.8
"2026-09-14 06:43:00-0300",27.57,27.06,18.53,26
"2026-09-14 06:44:00-0300",27.58,27.06,18.53,26
"2026-09-14 06:45:00-0300",27.56,27.06,18.53,26.1
"2026-09-14 06:46:00-0300",27.56,27.06,18.53,25.1
"2026-09-14 06:47:00-0300",27.56,27.05,18.53,25.4
"2026-09-14 06:48:00-0300",27.56,27.05,18.53,25.2
"2026-09-14 06:49:00-0300",27.56,27.05,18.53,25.5
"2026-09-14 06:50:00-0300",27.56,27.05,18.53,25.5
"2026-09-14 06:51:00-0300",27.56,27.05,18.53,25.8
"2026-09-14 06:52:00-0300",27.56,27.05,18.53,26
"2026-09-14 06:53:00-0300",27.57,27.06,18.53,26
"2026-09-14 06:54:00-0300",27.55,27.05,18.53,26
"2026-09-14 06:55:00-0300",27.56,27.05,18.53,25.8
"2026-09-14 06:56:00-0300",27.55,27.05,18.53,26
"2026-09-14 06:57:00-0300",27.55,27.05,18.53,25.1
"2026-09-14 06:58:00-0300",27.56,27.06,18.53,25
"2026-09-14 06:59:00-0300",27.55,27.05,18.53,25.5
"2026-09-14 07:00:00-0300",27.55,27.05,18.53,25.8
"2026-09-14 07:01:00-0300",27.55,27.05,18.53,26
"2026-09-14 07:02:00-0300",27.56,27.05,18.53,26
"2026-09-14 07:03:00-0300",27.54,27.05,18.53,26
"2026-09-14 07:04:00-0300",27.54,27.05,18.53,25.1
"2026-09-14 07:05:00-0300",27.54,27.05,18.53,25.3
"2026-09-14 07:06:00-0300",27.54,27.05,18.53,25.1
"2026-09-14 07:07:00-0300",27.55,27.05,18.53,25
"2026-09-14 07:08:00-0300",27.54,27.05,18.53,25.2
"2026-09-14 07:09:00-0300",27.54,27.05,18.53,25.7
"2026-09-14 07:10:00-0300",27.54,27.05,18.53,26
"2026-09-14 07:11:00-0300",27.54,27.05,18.53,25.7
"2026-09-14 07:12:00-0300",27.53,27.05,18.53,25.7
"2026-09-14 07:13:00-0300",27.53,27.05,18.53,25.4
"2026-09-14 07:14:00-0300",27.53,27.05,18.53,25.2
"2026-09-14 07:15:00-0300",27.53,27.04,18.53,25.4
"2026-09-14 07:16:00-0300",27.54,27.05,18.53,25.4
"2026-09-14 07:17:00-0300",27.53,27.04,18.53,25.7
"2026-09-14 07:18:00-0300",27.53,27.05,18.53,26
"2026-09-14 07:19:00-0300",27.54,27.05,18.53,25.8
"2026-09-14 07:20:00-0300",27.54,27.05,18.53,25.8
"2026-09-14 07:21:00-0300",27.53,27.04,18.53,25.8
"2026-09-14 07:22:00-0300",27.54,27.05,18.53,25.8
"2026-09-14 07:23:00-0300",27.53,27.04,18.53,26
"2026-09-14 07:24:00-0300",27.53,27.04,18.53,26
"2026-09-14 07:25:00-0300",27.53,27.04,18.53,25.6
"2026-09-14 07:26:00-0300",27.53,27.04,18.53,25.8
"2026-09-14 07:27:00-0300",27.53,27.04,18.53,25.8
"2026-09-14 07:28:00-0300",27.53,27.04,18.53,25.1
"2026-09-14 07:29:00-0300",27.54,27.05,18.53,25.1
"2026-09-14 07:30:00-0300",27.52,27.04,18.53,25.4
"2026-09-14 07:31:00-0300",27.52,27.04,18.53,25.6
"2026-09-14 07:32:00-0300",27.52,27.04,18.53,26
"2026-09-14 07:33:00-0300",27.53,27.04,18.53,25.8
"2026-09-14 07:34:00-0300",27.51,27.04,18.47,25.8
"2026-09-14 07:35:00-0300",27.51,27.04,18.53,25.8
"2026-09-14 07:36:00-0300",27.51,27.04,18.53,25.8
"2026-09-14 07:37:00-0300",27.51,27.04,18.53,25.8
"2026-09-14 07:38:00-0300",27.52,27.04,18.53,25.8
"2026-09-14 07:39:00-0300",27.51,27.04,18.53,25.6
"2026-09-14 07:40:00-0300",27.51,27.04,18.53,25.8
"2026-09-14 07:41:00-0300",27.51,27.04,18.53,25.7
"2026-09-14 07:42:00-0300",27.51,27.04,18.53,25
"2026-09-14 07:43:00-0300",27.5,27.04,18.53,25.8
"2026-09-14 07:44:00-0300",27.5,27.04,18.53,25.4
"2026-09-14 07:45:00-0300",27.5,27.04,18.53,25.7
"2026-09-14 07:46:00-0300",27.5,27.04,18.47,25.7
"2026-09-14 07:47:00-0300",27.52,27.04,18.53,25.8
"2026-09-14 07:48:00-0300",27.5,27.04,18.53,25.8
"2026-09-14 07:49:00-0300",27.5,27.04,18.53,25.7
"2026-09-14 07:50:00-0300",27.5,27.03,18.47,25.3
"2026-09-14 07:51:00-0300",27.5,27.03,18.53,25.6
"2026-09-14 07:52:00-0300",27.5,27.04,18.53,25.8
"2026-09-14 07:53:00-0300",27.5,27.04,18.47,25.3
"2026-09-14 07:54:00-0300",27.51,27.04,18.53,25.6
"2026-09-14 07:55:00-0300",27.52,27.04,18.47,25.6
"2026-09-14 07:56:00-0300",27.52,27.04,18.47,25.8
"2026-09-14 07:57:00-0300",27.51,27.04,18.47,25.8
"2026-09-14 07:58:00-0300",27.51,27.04,18.47,25
"2026-09-14 07:59:00-0300",27.51,27.04,18.47,25.3
"2026-09-14 08:00:00-0300",27.5,27.03,18.47,25.6
"2026-09-14 08:01:00-0300",27.5,27.03,18.47,24.9
"2026-09-14 08:02:00-0300",27.5,27.03,18.47,25
"2026-09-14 08:03:00-0300",27.5,27.03,18.47,25.7
"2026-09-14 08:04:00-0300",27.5,27.03,18.47,25.3
"2026-09-14 08:05:00-0300",27.51,27.04,18.47,25.5
"2026-09-14 08:06:00-0300",27.5,27.03,18.47,25.4
"2026-09-14 08:07:00-0300",27.5,27.03,18.47,25.7
"2026-09-14 08:08:00-0300",27.49,27.03,18.47,25.7
"2026-09-14 08:09:00-0300",27.49,27.03,18.47,24.9
"2026-09-14 08:10:00-0300",27.5,27.04,18.47,24.9
"2026-09-14 08:11:00-0300",27.49,27.03,18.47,25.7
"2026-09-14 08:12:00-0300",27.49,27.03,18.47,24.9
"2026-09-14 08:13:00-0300",27.49,27.03,18.47,25.7
"2026-09-14 08:14:00-0300",27.5,27.04,18.47,24.9
"2026-09-14 08:15:00-0300",27.49,27.03,18.47,25.7
"2026-09-14 08:16:00-0300",27.49,27.03,18.47,25.4
"2026-09-14 08:17:00-0300",27.48,27.03,18.47,25.6
"2026-09-14 08:18:00-0300",27.48,27.03,18.47,25.7
"2026-09-14 08:19:00-0300",27.48,27.03,18.47,25.7
"2026-09-14 08:20:00-0300",27.49,27.03,18.47,25.6
"2026-09-14 08:21:00-0300",27.48,27.03,18.47,25
"2026-09-14 08:22:00-0300",27.49,27.03,18.47,25.3
"2026-09-14 08:23:00-0300",27.5,27.03,18.47,25.6
"2026-09-14 08:24:00-0300",27.49,27.03,18.43,24.9
"2026-09-14 08:25:00-0300",27.48,27.03,18.47,25.3
"2026-09-14 08:26:00-0300",27.48,27.03,18.47,25.7
"2026-09-14 08:27:00-0300",27.48,27.03,18.47,25.8
"2026-09-14 08:28:00-0300",27.49,27.03,18.47,25.7
"2026-09-14 08:29:00-0300",27.48,27.03,18.43,25.8
"2026-09-14 08:30:00-0300",27.48,27.03,18.43,24.9
"2026-09-14 08:31:00-0300",27.47,27.03,18.47,25.8
"2026-09-14 08:32:00-0300",27.47,27.03,18.47,24.9
"2026-09-14 08:33:00-0300",27.47,27.03,18.43,25.1
"2026-09-14 08:34:00-0300",27.47,27.03,18.43,25.3
"2026-09-14 08:35:00-0300",27.47,27.03,18.47,24.9
"2026-09-14 08:36:00-0300",27.47,27.02,18.43,25.4
"2026-09-14 08:37:00-0300",27.48,27.03,18.43,25.4
"2026-09-14 08:38:00-0300",27.47,27.02,18.43,25.5
"2026-09-14 08:39:00-0300",27.47,27.02,18.43,25.6
"2026-09-14 08:40:00-0300",27.47,27.02,18.43,25.4
"2026-09-14 08:41:00-0300",27.46,27.02,18.43,25.6
"2026-09-14 08:42:00-0300",27.47,27.03,18.37,25.7
"2026-09-14 08:43:00-0300",27.46,27.02,18.43,25.7
"2026-09-14 08:44:00-0300",27.47,27.02,18.43,24.9
"2026-09-14 08:45:00-0300",27.45,27.02,18.43,25.3
"2026-09-14 08:46:00-0300",27.47,27.02,18.37,25.5
"2026-09-14 08:47:00-0300",27.46,27.02,18.37,25.6
"2026-09-14 08:48:00-0300",27.46,27.02,18.37,25.7
"2026-09-14 08:49:00-0300",27.45,27.02,18.43,25.7
"2026-09-14 08:50:00-0300",27.45,27.02,18.37,25
"2026-09-14 08:51:00-0300",27.45,27.02,18.37,24.9
"2026-09-14 08:52:00-0300",27.45,27.02,18.37,25.1
"2026-09-14 08:53:00-0300",27.45,27.02,18.37,24.9
"2026-09-14 08:54:00-0300",27.45,27.02,18.37,25.7
"2026-09-14 08:55:00-0300",27.46,27.02,18.37,25
"2026-09-14 08:56:00-0300",27.45,27.02,18.37,24.9
"2026-09-14 08:57:00-0300",27.44,27.02,18.37,25.4
"2026-09-14 08:58:00-0300",27.44,27.02,18.37,25.7
"2026-09-14 08:59:00-0300",27.44,27.02,18.37,25.8
"2026-09-14 09:00:00-0300",27.45,27.02,18.37,25.8
"2026-09-14 09:01:00-0300",27.44,27.02,18.37,25.8
"2026-09-14 09:02:00-0300",27.44,27.01,18.37,24.9
"2026-09-14 09:03:00-0300",27.44,27.01,18.37,25.3
"2026-09-14 09:04:00-0300",27.45,27.02,18.37,25.5
"2026-09-14 09:05:00-0300",27.44,27.01,18.37,25.5
"2026-09-14 09:06:00-0300",27.44,27.01,18.37,25.7
"2026-09-14 09:07:00-0300",27.43,27.01,18.37,25.5
"2026-09-14 09:08:00-0300",27.44,27.01,18.37,25.6
"2026-09-14 09:09:00-0300",27.44,27.02,18.37,25.8
"2026-09-14 09:10:00-0300",27.43,27.01,18.37,25.8
"2026-09-14 09:11:00-0300",27.43,27.01,18.37,25
"2026-09-14 09:12:00-0300",27.42,27.01,18.37,25.7
"2026-09-14 09:13:00-0300",27.44,27.02,18.37,24.9
"2026-09-14 09:14:00-0300",27.43,27.01,18.37,25.7
"2026-09-14 09:15:00-0300",27.42,27.01,18.37,25.7
"2026-09-14 09:16:00-0300",27.42,27.01,18.37,24.9
"2026-09-14 09:17:00-0300",27.42,27.01,18.37,25.3
"2026-09-14 09:18:00-0300",27.43,27.01,18.37,25.4
"2026-09-14 09:19:00-0300",27.42,27.01,18.37,24.9
"2026-09-14 09:20:00-0300",27.42,27.01,18.37,25.4
"2026-09-14 09:21:00-0300",27.42,27.01,18.37,25.4
"2026-09-14 09:22:00-0300",27.42,27.01,18.37,25.7
"2026-09-14 09:23:00-0300",27.42,27.01,18.37,25.1
"2026-09-14 09:24:00-0300",27.42,27.01,18.37,25.4
"2026-09-14 09:25:00-0300",27.42,27.01,18.37,25.6
"2026-09-14 09:26:00-0300",27.41,27.01,18.37,25.7
"2026-09-14 09:27:00-0300",27.42,27.01,18.37,25
"2026-09-14 09:28:00-0300",27.41,27.01,18.37,25.7
"2026-09-14 09:29:00-0300",27.41,27.01,18.37,25.4
"2026-09-14 09:30:00-0300",27.41,27.01,18.37,25.5
"2026-09-14 09:31:00-0300",27.41,27.01,18.37,25.7
"2026-09-14 09:32:00-0300",27.41,27.01,18.37,25.7
"2026-09-14 09:33:00-0300",27.41,27.01,18.37,25.7
"2026-09-14 09:34:00-0300",27.41,27.01,18.37,24.9
"2026-09-14 09:35:00-0300",27.41,27.01,18.37,25.3
"2026-09-14 09:36:00-0300",27.42,27.01,18.37,25.3
"2026-09-14 09:37:00-0300",27.41,27.01,18.37,25.6
"2026-09-14 09:38:00-0300",27.41,27.01,18.37,25.7
"2026-09-14 09:39:00-0300",27.41,27.01,18.37,25.6
"2026-09-14 09:40:00-0300",27.41,27.01,18.37,24.9
"2026-09-14 09:41:00-0300",27.42,27.01,18.37,24.9
"2026-09-14 09:42:00-0300",27.41,27.01,18.37,25.4
"2026-09-14 09:43:00-0300",27.41,27.01,18.37,25.6
"2026-09-14 09:44:00-0300",27.41,27.01,18.37,25.7
"2026-09-14 09:45:00-0300",27.41,27.01,18.37,25.6
"2026-09-14 09:46:00-0300",27.41,27.01,18.37,25.6
"2026-09-14 09:47:00-0300",27.4,27,18.37,24.9
"2026-09-14 09:48:00-0300",27.41,27.01,18.37,25
"2026-09-14 09:49:00-0300",27.42,27.01,18.37,24.9
"2026-09-14 09:50:00-0300",27.4,27,18.37,24.9
"2026-09-14 09:51:00-0300",27.4,27,18.37,25.3
"2026-09-14 09:52:00-0300",27.4,27,18.37,25.7
"2026-09-14 09:53:00-0300",27.41,27.01,18.37,25.5
"2026-09-14 09:54:00-0300",27.4,27,18.37,25.6
"2026-09-14 09:55:00-0300",27.4,27,18.37,25.6
"2026-09-14 09:56:00-0300",27.4,27,18.37,24.9
"2026-09-14 09:57:00-0300",27.4,27,18.37,25.2
"2026-09-14 09:58:00-0300",27.4,27,18.37,25.2
"2026-09-14 09:59:00-0300",27.4,27,18.37,25.3
"2026-09-14 10:00:00-0300",27.4,27,18.37,25.6
"2026-09-14 10:01:00-0300",27.39,27,18.37,25.6
"2026-09-14 10:02:00-0300",27.4,27,18.37,25.6
"2026-09-14 10:03:00-0300",27.39,27,18.37,24.9
"2026-09-14 10:04:00-0300",27.39,27,18.37,25.6
"2026-09-14 10:05:00-0300",27.39,27,18.37,25.6
"2026-09-14 10:06:00-0300",27.4,27,18.37,25.6
"2026-09-14 10:07:00-0300",27.39,27,18.37,25.6
"2026-09-14 10:08:00-0300",27.38,27,18.37,25.6
"2026-09-14 10:09:00-0300",27.39,27,18.37,25.3
"2026-09-14 10:10:00-0300",27.39,27,18.37,25.4
"2026-09-14 10:11:00-0300",27.4,27,18.37,25.4
"2026-09-14 10:12:00-0300",27.4,27,18.37,25.6
"2026-09-14 10:13:00-0300",27.4,27,18.34,25.4
"2026-09-14 10:14:00-0300",27.39,27,18.37,25.5
"2026-09-14 10:15:00-0300",27.39,27,18.37,25.5
"2026-09-14 10:16:00-0300",27.39,27,18.34,25.6
"2026-09-14 10:17:00-0300",27.4,27,18.37,25.6
"2026-09-14 10:18:00-0300",27.4,27,18.37,25.6
"2026-09-14 10:19:00-0300",27.41,27.01,18.37,24.9
"2026-09-14 10:20:00-0300",27.4,27,18.34,24.9
"2026-09-14 10:21:00-0300",27.4,27,18.37,25.1
"2026-09-14 10:22:00-0300",27.4,27,18.37,25.4
"2026-09-14 10:23:00-0300",27.39,27,18.37,24.9
"2026-09-14 10:24:00-0300",27.39,27,18.37,25.6
"2026-09-14 10:25:00-0300",27.39,27,18.37,25.6
"2026-09-14 10:26:00-0300",27.39,27,18.37,24.9
"2026-09-14 10:27:00-0300",27.39,27,18.37,25.4
"2026-09-14 10:28:00-0300",27.4,27,18.34,25.5
"2026-09-14 10:29:00-0300",27.39,27,18.37,25.5
"2026-09-14 10:30:00-0300",27.39,27,18.37,25.6
"2026-09-14 10:31:00-0300",27.37,26.99,18.34,24.9
"2026-09-14 10:32:00-0300",27.38,27,18.34,25.1
"2026-09-14 10:33:00-0300",27.37,26.99,18.34,25.1
"2026-09-14 10:34:00-0300",27.37,26.99,18.34,25.4
"2026-09-14 10:35:00-0300",27.37,26.99,18.34,25.5
"2026-09-14 10:36:00-0300",27.36,26.99,18.34,25.5
"2026-09-14 10:37:00-0300",27.38,27,18.37,25.5
"2026-09-14 10:38:00-0300",27.36,26.99,18.34,25.5
"2026-09-14 10:39:00-0300",27.36,26.99,18.34,25.4
"2026-09-14 10:40:00-0300",27.38,27,18.34,25.5
"2026-09-14 10:41:00-0300",27.38,27,18.34,25.5
"2026-09-14 10:42:00-0300",27.37,26.99,18.34,25.5
"2026-09-14 10:43:00-0300",27.37,26.99,18.37,24.9
"2026-09-14 10:44:00-0300",27.37,26.99,18.34,25.1
"2026-09-14 10:45:00-0300",27.35,26.99,18.34,25.4
"2026-09-14 10:46:00-0300",27.36,26.99,18.34,25.5
"2026-09-14 10:47:00-0300",27.35,26.99,18.34,25.4
"2026-09-14 10:48:00-0300",27.34,26.98,18.34,25.4
"2026-09-14 10:49:00-0300",27.33,26.98,18.34,25.5
"2026-09-14 10:50:00-0300",27.34,26.98,18.34,25.5
"2026-09-14 10:51:00-0300",27.33,26.98,18.34,25.4
"2026-09-14 10:52:00-0300",27.32,26.98,18.28,24.9
"2026-09-14 10:53:00-0300",27.32,26.98,18.34,25.4
"2026-09-14 10:54:00-0300",27.32,26.98,18.28,25
"2026-09-14 10:55:00-0300",27.32,26.98,18.28,25.1
"2026-09-14 10:56:00-0300",27.32,26.98,18.28,25.1
"2026-09-14 10:57:00-0300",27.32,26.98,18.28,25
"2026-09-14 10:58:00-0300",27.32,26.98,18.28,25.4
"2026-09-14 10:59:00-0300",27.33,26.98,18.34,25.4
"2026-09-14 11:00:00-0300",27.32,26.98,18.28,25.4
"2026-09-14 11:01:00-0300",27.32,26.98,18.28,24.9
"2026-09-14 11:02:00-0300",27.32,26.98,18.28,24.9
"2026-09-14 11:03:00-0300",27.31,26.98,18.28,25.2
"2026-09-14 11:04:00-0300",27.31,26.98,18.28,25.2
"2026-09-14 11:05:00-0300",27.31,26.98,18.28,24.9
"2026-09-14 11:06:00-0300",27.32,26.98,18.22,24.9
"2026-09-14 11:07:00-0300",27.31,26.98,18.28,25
"2026-09-14 11:08:00-0300",27.32,26.98,18.28,24.9
"2026-09-14 11:09:00-0300",27.31,26.98,18.28,24.9
"2026-09-14 11:10:00-0300",27.31,26.98,18.22,25
"2026-09-14 11:11:00-0300",27.31,26.97,18.22,25.2
"2026-09-14 11:12:00-0300",27.31,26.97,18.22,25.4
"2026-09-14 11:13:00-0300",27.32,26.98,18.28,25.3
"2026-09-14 11:14:00-0300",27.31,26.97,18.22,25.4
"2026-09-14 11:15:00-0300",27.31,26.97,18.22,25.3
"2026-09-14 11:16:00-0300",27.31,26.97,18.22,25.4
"2026-09-14 11:17:00-0300",27.32,26.98,18.22,25.3
"2026-09-14 11:18:00-0300",27.31,26.97,18.22,25.3
"2026-09-14 11:19:00-0300",27.31,26.97,18.22,25.3
"2026-09-14 11:20:00-0300",27.3,26.97,18.22,24.9
"2026-09-14 11:21:00-0300",27.3,26.97,18.22,25.1
"2026-09-14 11:22:00-0300",27.3,26.97,18.22,24.9
"2026-09-14 11:23:00-0300",27.3,26.97,18.22,25.1
"2026-09-14 11:24:00-0300",27.3,26.97,18.22,25.3
"2026-09-14 11:25:00-0300",27.3,26.97,18.22,25.3
"2026-09-14 11:26:00-0300",27.31,26.97,18.22,25.1
"2026-09-14 11:27:00-0300",27.3,26.97,18.22,25.3
"2026-09-14 11:28:00-0300",27.3,26.97,18.22,25.4
"2026-09-14 11:29:00-0300",27.3,26.97,18.22,24.8
"2026-09-14 11:30:00-0300",27.3,26.97,18.22,25.3
"2026-09-14 11:31:00-0300",27.29,26.97,18.22,25.3
"2026-09-14 11:32:00-0300",27.29,26.97,18.22,25.3
"2026-09-14 11:33:00-0300",27.29,26.97,18.22,25.2
"2026-09-14 11:34:00-0300",27.29,26.97,18.22,24.8
"2026-09-14 11:35:00-0300",27.3,26.97,18.22,24.8
"2026-09-14 11:36:00-0300",27.29,26.97,18.22,25.2
"2026-09-14 11:37:00-0300",27.29,26.97,18.22,24.8
"2026-09-14 11:38:00-0300",27.29,26.97,18.22,24.8
"2026-09-14 11:39:00-0300",27.29,26.97,18.22,25
"2026-09-14 11:40:00-0300",27.29,26.97,18.22,24.9
"2026-09-14 11:41:00-0300",27.29,26.97,18.22,25.1
"2026-09-14 11:42:00-0300",27.29,26.97,18.22,25.2
"2026-09-14 11:43:00-0300",27.29,26.97,18.22,25.2
"2026-09-14 11:44:00-0300",27.3,26.97,18.22,25.2
"2026-09-14 11:45:00-0300",27.29,26.97,18.22,25.2
"2026-09-14 11:46:00-0300",27.29,26.97,18.22,25.1
"2026-09-14 11:47:00-0300",27.29,26.97,18.22,24.9
"2026-09-14 11:48:00-0300",27.29,26.97,18.22,24.9
"2026-09-14 11:49:00-0300",27.28,26.97,18.22,25.1
"2026-09-14 11:50:00-0300",27.28,26.97,18.22,25.2
"2026-09-14 11:51:00-0300",27.28,26.97,18.22,25.2
"2026-09-14 11:52:00-0300",27.28,26.97,18.22,24.8
"2026-09-14 11:53:00-0300",27.29,26.97,18.22,24.8
"2026-09-14 11:54:00-0300",27.28,26.97,18.22,24.9
"2026-09-14 11:55:00-0300",27.28,26.97,18.22,25
"2026-09-14 11:56:00-0300",27.28,26.97,18.22,25.1
"2026-09-14 11:57:00-0300",27.28,26.97,18.22,25.1
"2026-09-14 11:58:00-0300",27.3,26.97,18.22,24.9
"2026-09-14 11:59:00-0300",27.28,26.97,18.22,25.1
"2026-09-14 12:00:00-0300",27.28,26.97,18.22,25.2
"2026-09-14 12:01:00-0300",27.28,26.97,18.22,24.8
"2026-09-14 12:02:00-0300",27.28,26.97,18.22,25
"2026-09-14 12:03:00-0300",27.28,26.97,18.22,24.9
"2026-09-14 12:04:00-0300",27.28,26.96,18.22,24.9
"2026-09-14 12:05:00-0300",27.28,26.97,18.22,25.1
"2026-09-14 12:06:00-0300",27.28,26.96,18.22,25.2
"2026-09-14 12:07:00-0300",27.29,26.97,18.22,24.8
"2026-09-14 12:08:00-0300",27.28,26.96,18.22,24.8
"2026-09-14 12:09:00-0300",27.27,26.96,18.22,24.9
"2026-09-14 12:10:00-0300",27.27,26.96,18.22,24.8
"2026-09-14 12:11:00-0300",27.27,26.96,18.22,24.9
"2026-09-14 12:12:00-0300",27.27,26.96,18.22,24.8
"2026-09-14 12:13:00-0300",27.27,26.96,18.22,24.8
"2026-09-14 12:14:00-0300",27.27,26.96,18.22,24.9
"2026-09-14 12:15:00-0300",27.27,26.96,18.22,24.8
"2026-09-14 12:16:00-0300",27.28,26.97,18.22,25.1
"2026-09-14 12:17:00-0300",27.27,26.96,18.22,25.1
"2026-09-14 12:18:00-0300",27.27,26.96,18.22,24.8
"2026-09-14 12:19:00-0300",27.26,26.96,18.22,24.9
"2026-09-14 12:20:00-0300",27.26,26.96,18.22,24.8
"2026-09-14 12:21:00-0300",27.27,26.96,18.22,24.8
"2026-09-14 12:22:00-0300",27.26,26.96,18.22,25.1
"2026-09-14 12:23:00-0300",27.26,26.96,18.22,25
"2026-09-14 12:24:00-0300",27.26,26.96,18.22,25.1
"2026-09-14 12:25:00-0300",27.27,26.96,18.22,25
"2026-09-14 12:26:00-0300",27.26,26.96,18.22,25
"2026-09-14 12:27:00-0300",27.26,26.96,18.22,25
"2026-09-14 12:28:00-0300",27.25,26.96,18.22,25
"2026-09-14 12:29:00-0300",27.25,26.96,18.22,25.1
"2026-09-14 12:30:00-0300",27.26,26.96,18.22,25.1
"2026-09-14 12:31:00-0300",27.25,26.96,18.22,24.9
"2026-09-14 12:32:00-0300",27.25,26.96,18.22,24.9
"2026-09-14 12:33:00-0300",27.25,26.96,18.22,25.1
"2026-09-14 12:34:00-0300",27.25,26.96,18.22,25
"2026-09-14 12:35:00-0300",27.25,26.96,18.22,24.9
"2026-09-14 12:36:00-0300",27.25,26.96,18.22,25
"2026-09-14 12:37:00-0300",27.25,26.95,18.22,25.1
"2026-09-14 12:38:00-0300",27.25,26.96,18.22,24.8
"2026-09-14 12:39:00-0300",27.26,26.96,18.22,24.9
"2026-09-14 12:40:00-0300",27.25,26.96,18.22,24.8
"2026-09-14 12:41:00-0300",27.25,26.95,18.22,24.9
"2026-09-14 12:42:00-0300",27.25,26.95,18.22,24.8
"2026-09-14 12:43:00-0300",27.25,26.95,18.22,24.9
"2026-09-14 12:44:00-0300",27.24,26.95,18.22,24.9
"2026-09-14 12:45:00-0300",27.24,26.95,18.22,25
"2026-09-14 12:46:00-0300",27.24,26.95,18.22,25
"2026-09-14 12:47:00-0300",27.24,26.95,18.22,25
"2026-09-14 12:48:00-0300",27.25,26.96,18.22,24.7
"2026-09-14 12:49:00-0300",27.24,26.95,18.22,24.9
"2026-09-14 12:50:00-0300",27.24,26.95,18.22,24.7
"2026-09-14 12:51:00-0300",27.24,26.95,18.22,24.8
"2026-09-14 12:52:00-0300",27.24,26.95,18.22,24.9
"2026-09-14 12:53:00-0300",27.25,26.95,18.22,24.9
"2026-09-14 12:54:00-0300",27.24,26.95,18.22,24.9
"2026-09-14 12:55:00-0300",27.24,26.95,18.22,24.9
"2026-09-14 12:56:00-0300",27.23,26.95,18.22,24.9
"2026-09-14 12:57:00-0300",27.24,26.95,18.22,24.8
"2026-09-14 12:58:00-0300",27.23,26.95,18.22,24.9
"2026-09-14 12:59:00-0300",27.23,26.95,18.22,24.9
"2026-09-14 13:00:00-0300",27.23,26.95,18.22,24.9
"2026-09-14 13:01:00-0300",27.23,26.95,18.22,24.9
"2026-09-14 13:02:00-0300",27.23,26.95,18.22,24.8
"2026-09-14 13:03:00-0300",27.23,26.95,18.22,24.8
"2026-09-14 13:04:00-0300",27.23,26.95,18.22,24.9
"2026-09-14 13:05:00-0300",27.23,26.95,18.22,24.9
"2026-09-14 13:06:00-0300",27.23,26.95,18.18,24.9
"2026-09-14 13:07:00-0300",27.22,26.95,18.22,24.9
"2026-09-14 13:08:00-0300",27.23,26.95,18.22,24.7
"2026-09-14 13:09:00-0300",27.22,26.95,18.22,24.7
"2026-09-14 13:10:00-0300",27.23,26.95,18.22,24.9
"2026-09-14 13:11:00-0300",27.23,26.95,18.22,24.9
"2026-09-14 13:12:00-0300",27.23,26.95,18.18,24.9
"2026-09-14 13:13:00-0300",27.23,26.95,18.18,24.9
"2026-09-14 13:14:00-0300",27.22,26.95,18.22,24.7
"2026-09-14 13:15:00-0300",27.23,26.95,18.18,24.8
"2026-09-14 13:16:00-0300",27.22,26.95,18.22,24.7
"2026-09-14 13:17:00-0300",27.22,26.95,18.18,24.7
"2026-09-14 13:18:00-0300",27.22,26.95,18.22,24.8
"2026-09-14 13:19:00-0300",27.22,26.95,18.22,24.7
"2026-09-14 13:20:00-0300",27.22,26.95,18.18,24.7
"2026-09-14 13:21:00-0300",27.22,26.95,18.18,24.8
"2026-09-14 13:22:00-0300",27.22,26.95,18.18,24.8
"2026-09-14 13:23:00-0300",27.22,26.95,18.18,24.9
"2026-09-14 13:24:00-0300",27.23,26.95,18.22,24.9
"2026-09-14 13:25:00-0300",27.21,26.94,18.18,24.9
"2026-09-14 13:26:00-0300",27.21,26.94,18.18,24.8
"2026-09-14 13:27:00-0300",27.21,26.94,18.18,24.9
"2026-09-14 13:28:00-0300",27.21,26.94,18.18,24.9
"2026-09-14 13:29:00-0300",27.21,26.94,18.18,24.8
"2026-09-14 13:30:00-0300",27.21,26.94,18.18,24.9
"2026-09-14 13:31:00-0300",27.21,26.94,18.18,24.9
"2026-09-14 13:32:00-0300",27.21,26.94,18.18,24.9
"2026-09-14 13:33:00-0300",27.22,26.94,18.18,24.9
"2026-09-14 13:34:00-0300",27.21,26.94,18.18,24.9
"2026-09-14 13:35:00-0300",27.2,26.94,18.18,24.9
"2026-09-14 13:36:00-0300",27.2,26.94,18.18,24.9
"2026-09-14 13:37:00-0300",27.22,26.95,18.18,24.8
"2026-09-14 13:38:00-0300",27.21,26.94,18.18,24.8
"2026-09-14 13:39:00-0300",27.21,26.94,18.18,24.8
"2026-09-14 13:40:00-0300",27.2,26.94,18.18,24.9
"2026-09-14 13:41:00-0300",27.19,26.94,18.18,25
"2026-09-14 13:42:00-0300",27.21,26.94,18.18,24.9
"2026-09-14 13:43:00-0300",27.2,26.94,18.12,25.4
"2026-09-14 13:44:00-0300",27.2,26.94,18.18,24.7
"2026-09-14 13:45:00-0300",27.18,26.93,18.12,24.9
"2026-09-14 13:46:00-0300",27.19,26.94,18.12,24.9
"2026-09-14 13:47:00-0300",27.19,26.94,18.12,24.9
"2026-09-14 13:48:00-0300",27.2,26.94,18.12,24.9
"2026-09-14 13:49:00-0300",27.19,26.94,18.12,24.9
"2026-09-14 13:50:00-0300",27.19,26.94,18.12,24.8
"2026-09-14 13:51:00-0300",27.2,26.94,18.18,24.7
"2026-09-14 13:52:00-0300",27.19,26.94,18.12,24.9
"2026-09-14 13:53:00-0300",27.18,26.93,18.12,24.9
"2026-09-14 13:54:00-0300",27.18,26.93,18.12,24.9
"2026-09-14 13:55:00-0300",27.19,26.94,18.12,24.9
"2026-09-14 13:56:00-0300",27.19,26.94,18.12,24.7
"2026-09-14 13:57:00-0300",27.19,26.94,18.12,24.8
"2026-09-14 13:58:00-0300",27.19,26.94,18.08,24.7
"2026-09-14 13:59:00-0300",27.19,26.94,18.12,24.7
"2026-09-14 14:00:00-0300",27.2,26.94,18.12,24.7
"2026-09-14 14:01:00-0300",27.19,26.94,18.12,24.9
"2026-09-14 14:02:00-0300",27.19,26.94,18.12,24.8
"2026-09-14 14:03:00-0300",27.19,26.94,18.12,24.9
"2026-09-14 14:04:00-0300",27.19,26.94,18.08,24.8
"2026-09-14 14:05:00-0300",27.19,26.94,18.12,24.8
"2026-09-14 14:06:00-0300",27.19,26.94,18.08,24.8
"2026-09-14 14:07:00-0300",27.19,26.94,18.08,24.9
"2026-09-14 14:08:00-0300",27.19,26.94,18.08,24.9
"2026-09-14 14:09:00-0300",27.19,26.94,18.12,24.7
"2026-09-14 14:10:00-0300",27.2,26.94,18.12,24.7
"2026-09-14 14:11:00-0300",27.2,26.94,18.08,24.8
"2026-09-14 14:12:00-0300",27.21,26.94,18.08,24.8
"2026-09-14 14:13:00-0300",27.2,26.94,18.08,24.9
"2026-09-14 14:14:00-0300",27.22,26.94,18.12,24.9
"2026-09-14 14:15:00-0300",27.21,26.94,18.08,24.9
"2026-09-14 14:16:00-0300",27.21,26.94,18.02,24.7
"2026-09-14 14:17:00-0300",27.21,26.94,18.08,24.9
"2026-09-14 14:18:00-0300",27.21,26.94,18.02,24.7
"2026-09-14 14:19:00-0300",27.21,26.94,18.08,24.9
"2026-09-14 14:20:00-0300",27.19,26.94,18.08,24.7
"2026-09-14 14:21:00-0300",27.21,26.94,18.08,24.8
"2026-09-14 14:22:00-0300",27.21,26.94,18.08,24.9
"2026-09-14 14:23:00-0300",27.21,26.94,18.02,24.9
"2026-09-14 14:24:00-0300",27.21,26.94,18.02,24.9
"2026-09-14 14:25:00-0300",27.2,26.94,18.02,24.9
"2026-09-14 14:26:00-0300",27.19,26.94,18.02,24.7
"2026-09-14 14:27:00-0300",27.2,26.94,18.02,24.7
"2026-09-14 14:28:00-0300",27.19,26.94,18.08,24.8
"2026-09-14 14:29:00-0300",27.19,26.94,18.08,24.8
"2026-09-14 14:30:00-0300",27.2,26.94,18.02,24.8
"2026-09-14 14:31:00-0300",27.19,26.94,18.02,24.8
"2026-09-14 14:32:00-0300",27.19,26.94,18.02,24.8
"2026-09-14 14:33:00-0300",27.2,26.94,18.02,24.9
"2026-09-14 14:34:00-0300",27.18,26.93,18.02,24.9
"2026-09-14 14:35:00-0300",27.17,26.93,18.02,24.8
"2026-09-14 14:36:00-0300",27.16,26.93,18.02,24.9
"2026-09-14 14:37:00-0300",27.19,26.94,18.02,24.8
"2026-09-14 14:38:00-0300",27.21,26.94,18.02,24.8
"2026-09-14 14:39:00-0300",27.2,26.94,18.02,24.9
"2026-09-14 14:40:00-0300",27.19,26.94,18.02,24.7
"2026-09-14 14:41:00-0300",27.2,26.94,18.02,24.8
"2026-09-14 14:42:00-0300",27.17,26.93,18.02,24.8
"2026-09-14 14:43:00-0300",27.16,26.93,18.02,24.8
"2026-09-14 14:44:00-0300",27.16,26.93,18.02,24.8
"2026-09-14 14:45:00-0300",27.16,26.93,18.02,24.8
"2026-09-14 14:46:00-0300",27.16,26.93,18.02,24.7
"2026-09-14 14:47:00-0300",27.16,26.93,18.02,24.8
"2026-09-14 14:48:00-0300",27.16,26.93,18.02,24.8
"2026-09-14 14:49:00-0300",27.16,26.93,18.02,24.8
"2026-09-14 14:50:00-0300",27.16,26.93,18.02,24.8
"2026-09-14 14:51:00-0300",27.15,26.93,18.02,24.8
"2026-09-14 14:52:00-0300",27.16,26.93,18.02,24.9
"2026-09-14 14:53:00-0300",27.15,26.92,18.02,24.7
"2026-09-14 14:54:00-0300",27.15,26.92,18.02,24.8
"2026-09-14 14:55:00-0300",27.15,26.92,18.02,24.9
"2026-09-14 14:56:00-0300",27.15,26.92,18.02,24.8
"2026-09-14 14:57:00-0300",27.15,26.92,18.02,24.8
"2026-09-14 14:58:00-0300",27.15,26.92,18.02,24.9
"2026-09-14 14:59:00-0300",27.15,26.92,18.02,24.8
"2026-09-14 15:00:00-0300",27.15,26.92,18.02,24.8
"2026-09-14 15:01:00-0300",27.16,26.93,18.02,24.8
"2026-09-14 15:02:00-0300",27.15,26.92,18.02,24.8
"2026-09-14 15:03:00-0300",27.16,26.93,18.02,24.8
"2026-09-14 15:04:00-0300",27.15,26.92,18.02,24.8
"2026-09-14 15:05:00-0300",27.14,26.92,18.02,24.8
"2026-09-14 15:06:00-0300",27.14,26.92,18.02,24.8
"2026-09-14 15:07:00-0300",27.15,26.92,18.02,24.8
"2026-09-14 15:08:00-0300",27.15,26.92,18.02,24.8
"2026-09-14 15:09:00-0300",27.15,26.92,18.02,24.6
"2026-09-14 15:10:00-0300",27.15,26.92,18.02,24.7
"2026-09-14 15:11:00-0300",27.15,26.92,18.02,24.7
"2026-09-14 15:12:00-0300",27.14,26.92,18.02,24.7
"2026-09-14 15:13:00-0300",27.14,26.92,18.02,24.8
"2026-09-14 15:14:00-0300",27.14,26.92,18.02,24.8
"2026-09-14 15:15:00-0300",27.14,26.92,18.02,24.7
"2026-09-14 15:16:00-0300",27.13,26.92,18.02,24.7
"2026-09-14 15:17:00-0300",27.14,26.92,18.02,24.7
"2026-09-14 15:18:00-0300",27.13,26.92,18.02,24.8
"2026-09-14 15:19:00-0300",27.13,26.92,18.02,24.8
"2026-09-14 15:20:00-0300",27.13,26.92,18.02,24.8
"2026-09-14 15:21:00-0300",27.13,26.92,18.02,24.8
"2026-09-14 15:22:00-0300",27.13,26.92,18.02,24.8
"2026-09-14 15:23:00-0300",27.13,26.92,18.02,24.6
"2026-09-14 15:24:00-0300",27.13,26.92,18.02,24.7
"2026-09-14 15:25:00-0300",27.14,26.92,18.02,24.8
"2026-09-14 15:26:00-0300",27.13,26.92,18.02,24.8
"2026-09-14 15:27:00-0300",27.13,26.92,18.02,24.7
"2026-09-14 15:28:00-0300",27.13,26.92,18.02,24.8
"2026-09-14 15:29:00-0300",27.13,26.92,18.02,24.8
"2026-09-14 15:30:00-0300",27.13,26.92,18.02,24.8
"2026-09-14 15:31:00-0300",27.12,26.92,18.02,24.7
"2026-09-14 15:32:00-0300",27.12,26.91,18.02,24.8
"2026-09-14 15:33:00-0300",27.13,26.92,18.02,24.8
"2026-09-14 15:34:00-0300",27.13,26.92,18.02,24.8
"2026-09-14 15:35:00-0300",27.14,26.92,18.02,24.8
"2026-09-14 15:36:00-0300",27.13,26.92,18.02,24.8
"2026-09-14 15:37:00-0300",27.12,26.91,18.02,24.8
"2026-09-14 15:38:00-0300",27.12,26.91,18.02,24.8
"2026-09-14 15:39:00-0300",27.13,26.92,18.02,24.6
"2026-09-14 15:40:00-0300",27.14,26.92,18.02,24.6
"2026-09-14 15:41:00-0300",27.13,26.92,18.02,24.8
"2026-09-14 15:42:00-0300",27.13,26.92,18.02,24.6
"2026-09-14 15:43:00-0300",27.12,26.91,18.02,24.7
"2026-09-14 15:44:00-0300",27.12,26.91,18.02,24.7
"2026-09-14 15:45:00-0300",27.13,26.92,18.02,24.7
"2026-09-14 15:46:00-0300",27.12,26.91,18.02,24.8
"2026-09-14 15:47:00-0300",27.12,26.91,18.02,24.8
"2026-09-14 15:48:00-0300",27.12,26.91,18.02,24.6
"2026-09-14 15:49:00-0300",27.12,26.91,18.02,24.7
"2026-09-14 15:50:00-0300",27.12,26.92,18.02,24.8
"2026-09-14 15:51:00-0300",27.11,26.91,18.02,24.6
"2026-09-14 15:52:00-0300",27.11,26.91,18.02,24.6
"2026-09-14 15:53:00-0300",27.12,26.91,18.02,24.7
"2026-09-14 15:54:00-0300",27.11,26.91,18.02,24.8
"2026-09-14 15:55:00-0300",27.11,26.91,18.02,24.8
"2026-09-14 15:56:00-0300",27.11,26.91,18.02,24.8
"2026-09-14 15:57:00-0300",27.11,26.91,18.02,24.6
"2026-09-14 15:58:00-0300",27.11,26.91,18.02,24.7
"2026-09-14 15:59:00-0300",27.11,26.91,18.02,24.7
"2026-09-14 16:00:00-0300",27.11,26.91,18.02,24.7
"2026-09-14 16:01:00-0300",27.11,26.91,18.02,24.8
"2026-09-14 16:02:00-0300",27.1,26.91,18.02,24.8
"2026-09-14 16:03:00-0300",27.11,26.91,18.02,24.6
"2026-09-14 16:04:00-0300",27.1,26.91,18.02,24.7
"2026-09-14 16:05:00-0300",27.11,26.91,18.02,24.7
"2026-09-14 16:06:00-0300",27.1,26.91,18.02,24.7
"2026-09-14 16:07:00-0300",27.1,26.91,18.02,24.8
"2026-09-14 16:08:00-0300",27.1,26.91,18.02,24.8
"2026-09-14 16:09:00-0300",27.1,26.91,18.02,24.6
"2026-09-14 16:10:00-0300",27.1,26.91,18.02,24.7
"2026-09-14 16:11:00-0300",27.1,26.91,18.02,24.8
"2026-09-14 16:12:00-0300",27.09,26.91,18.02,24.6
"2026-09-14 16:13:00-0300",27.1,26.91,18.02,24.7
"2026-09-14 16:14:00-0300",27.09,26.91,18.02,24.8
"2026-09-14 16:15:00-0300",27.09,26.91,18.02,24.7
"2026-09-14 16:16:00-0300",27.09,26.91,18.02,24.8
"2026-09-14 16:17:00-0300",27.09,26.9,18.02,24.8
"2026-09-14 16:18:00-0300",27.09,26.9,18.02,24.8
"2026-09-14 16:19:00-0300",27.09,26.9,18.02,24.6
"2026-09-14 16:20:00-0300",27.09,26.9,18.02,24.8
"2026-09-14 16:21:00-0300",27.09,26.9,17.98,24.8
"2026-09-14 16:22:00-0300",27.09,26.9,18.02,24.6
"2026-09-14 16:23:00-0300",27.08,26.9,18.02,24.7
"2026-09-14 16:24:00-0300",27.09,26.9,18.02,24.7
"2026-09-14 16:25:00-0300",27.08,26.9,18.02,24.7
"2026-09-14 16:26:00-0300",27.08,26.9,18.02,24.7
"2026-09-14 16:27:00-0300",27.08,26.9,18.02,24.8
"2026-09-14 16:28:00-0300",27.08,26.9,18.02,24.8
"2026-09-14 16:29:00-0300",27.08,26.9,17.98,24.7
"2026-09-14 16:30:00-0300",27.08,26.9,18.02,24.6
"2026-09-14 16:31:00-0300",27.08,26.9,18.02,24.7
"2026-09-14 16:32:00-0300",27.08,26.9,17.98,24.7
"2026-09-14 16:33:00-0300",27.08,26.9,17.98,24.7
"2026-09-14 16:34:00-0300",27.08,26.9,17.98,24.7
"2026-09-14 16:35:00-0300",27.08,26.9,18.02,24.7
"2026-09-14 16:36:00-0300",27.07,26.9,17.98,24.6
"2026-09-14 16:37:00-0300",27.07,26.9,18.02,24.7
"2026-09-14 16:38:00-0300",27.07,26.9,18.02,24.7
"2026-09-14 16:39:00-0300",27.08,26.9,17.98,24.6
"2026-09-14 16:40:00-0300",27.07,26.9,18.02,24.6
"2026-09-14 16:41:00-0300",27.07,26.9,18.02,24.7
"2026-09-14 16:42:00-0300",27.07,26.9,17.98,24.6
"2026-09-14 16:43:00-0300",27.07,26.9,18.02,24.7
"2026-09-14 16:44:00-0300",27.08,26.9,17.98,24.7
"2026-09-14 16:45:00-0300",27.07,26.9,18.02,24.7
"2026-09-14 16:46:00-0300",27.08,26.9,17.98,24.7
"2026-09-14 16:47:00-0300",27.07,26.9,17.98,24.6
"2026-09-14 16:48:00-0300",27.07,26.9,17.98,24.6
"2026-09-14 16:49:00-0300",27.07,26.9,17.98,24.7
"2026-09-14 16:50:00-0300",27.07,26.9,17.98,24.7
"2026-09-14 16:51:00-0300",27.07,26.9,17.98,24.7
"2026-09-14 16:52:00-0300",27.07,26.9,17.98,24.8
"2026-09-14 16:53:00-0300",27.07,26.9,17.98,24.6
"2026-09-14 16:54:00-0300",27.07,26.9,17.98,24.6
"2026-09-14 16:55:00-0300",27.06,26.9,17.98,24.6
"2026-09-14 16:56:00-0300",27.06,26.89,17.98,24.7
"2026-09-14 16:57:00-0300",27.06,26.89,17.98,24.7
"2026-09-14 16:58:00-0300",27.07,26.9,17.98,24.7
"2026-09-14 16:59:00-0300",27.06,26.89,17.98,24.7
"2026-09-14 17:00:00-0300",27.05,26.89,17.98,24.7
"2026-09-14 17:01:00-0300",27.05,26.89,17.98,24.7
"2026-09-14 17:02:00-0300",27.07,26.9,17.98,24.7
"2026-09-14 17:03:00-0300",27.05,26.89,17.98,24.7
"2026-09-14 17:04:00-0300",27.05,26.89,17.98,24.7
"2026-09-14 17:05:00-0300",27.05,26.89,17.98,24.7
"2026-09-14 17:06:00-0300",27.05,26.89,17.98,24.7
"2026-09-14 17:07:00-0300",27.05,26.89,17.98,24.6
"2026-09-14 17:08:00-0300",27.05,26.89,17.98,24.7
"2026-09-14 17:09:00-0300",27.04,26.89,17.98,24.7
"2026-09-14 17:10:00-0300",27.04,26.89,17.98,24.6
"2026-09-14 17:11:00-0300",27.05,26.89,17.98,24.6
"2026-09-14 17:12:00-0300",27.04,26.89,17.98,24.7
"2026-09-14 17:13:00-0300",27.04,26.89,17.98,24.7
"2026-09-14 17:14:00-0300",27.06,26.89,17.98,24.6
"2026-09-14 17:15:00-0300",27.06,26.9,17.98,24.5
"2026-09-14 17:16:00-0300",27.07,26.9,17.98,24.6
"2026-09-14 17:17:00-0300",27.06,26.9,17.98,24.6
"2026-09-14 17:18:00-0300",27.07,26.9,17.98,24.6
"2026-09-14 17:19:00-0300",27.07,26.9,17.98,24.6
"2026-09-14 17:20:00-0300",27.06,26.9,17.98,24.6
"2026-09-14 17:21:00-0300",27.06,26.89,17.98,24.6
"2026-09-14 17:22:00-0300",27.06,26.9,17.98,24.6
"2026-09-14 17:23:00-0300",27.07,26.9,17.98,24.6
"2026-09-14 17:24:00-0300",27.06,26.9,17.98,24.6
"2026-09-14 17:25:00-0300",27.06,26.9,17.98,24.6
"2026-09-14 17:26:00-0300",27.06,26.9,17.98,24.6
"2026-09-14 17:27:00-0300",27.07,26.9,17.98,24.6
"2026-09-14 17:28:00-0300",27.06,26.9,18.02,24.5
"2026-09-14 17:29:00-0300",27.06,26.9,18.02,24.6
"2026-09-14 17:30:00-0300",27.06,26.9,17.98,24.6
"2026-09-14 17:31:00-0300",27.06,26.9,18.02,24.6
"2026-09-14 17:32:00-0300",27.06,26.9,17.98,24.6
"2026-09-14 17:33:00-0300",27.07,26.9,17.98,24.6
"2026-09-14 17:34:00-0300",27.07,26.9,18.02,24.6
"2026-09-14 17:35:00-0300",27.07,26.9,18.02,24.6
"2026-09-14 17:36:00-0300",27.07,26.9,17.98,24.4
"2026-09-14 17:37:00-0300",27.07,26.9,17.98,24.6
"2026-09-14 17:38:00-0300",27.07,26.9,18.02,24.6
"2026-09-14 17:39:00-0300",27.07,26.9,17.98,24.6
"2026-09-14 17:40:00-0300",27.08,26.9,17.98,24.6
"2026-09-14 17:41:00-0300",27.07,26.9,18.02,24.6
"2026-09-14 17:42:00-0300",27.07,26.9,18.02,24.6
"2026-09-14 17:43:00-0300",27.07,26.9,17.98,24.4
"2026-09-14 17:44:00-0300",27.07,26.9,17.98,24.5
"2026-09-14 17:45:00-0300",27.07,26.9,18.02,24.5
"2026-09-14 17:46:00-0300",27.07,26.9,18.02,24.6
"2026-09-14 17:47:00-0300",27.07,26.9,18.02,24.6
"2026-09-14 17:48:00-0300",27.07,26.9,17.98,24.6
"2026-09-14 17:49:00-0300",27.07,26.9,18.02,24.6
"2026-09-14 17:50:00-0300",27.07,26.9,18.02,24.6
"2026-09-14 17:51:00-0300",27.07,26.9,18.02,24.5
"2026-09-14 17:52:00-0300",27.07,26.9,18.02,24.6
"2026-09-14 17:53:00-0300",27.07,26.9,18.02,24.6
"2026-09-14 17:54:00-0300",27.07,26.9,18.02,24.6
"2026-09-14 17:55:00-0300",27.07,26.9,18.02,24.6
"2026-09-14 17:56:00-0300",27.07,26.9,18.02,24.6
"2026-09-14 17:57:00-0300",27.07,26.9,17.98,24.6
"2026-09-14 17:58:00-0300",27.07,26.9,18.02,24.6
"2026-09-14 17:59:00-0300",27.08,26.9,18.02,24.6
"2026-09-14 18:00:00-0300",27.07,26.9,18.02,24.6
"2026-09-14 18:01:00-0300",27.07,26.9,18.02,24.5
"2026-09-14 18:02:00-0300",27.07,26.9,18.02,24.6
"2026-09-14 18:03:00-0300",27.07,26.9,18.02,24.6
"2026-09-14 18:04:00-0300",27.07,26.9,18.02,24.6
"2026-09-14 18:05:00-0300",27.07,26.9,18.02,24.6
"2026-09-14 18:06:00-0300",27.07,26.9,18.02,24.6
"2026-09-14 18:07:00-0300",27.07,26.9,18.02,24.6
"2026-09-14 18:08:00-0300",27.07,26.9,18.02,24.6
"2026-09-14 18:09:00-0300",27.07,26.9,18.02,24.6
"2026-09-14 18:10:00-0300",27.07,26.9,18.02,24.5
"2026-09-14 18:11:00-0300",27.08,26.9,18.02,24.6
"2026-09-14 18:12:00-0300",27.09,26.9,18.02,24.6
"2026-09-14 18:13:00-0300",27.1,26.91,18.02,24.6
"2026-09-14 18:14:00-0300",27.09,26.9,18.02,24.6
"2026-09-14 18:15:00-0300",27.09,26.9,18.02,24.6
"2026-09-14 18:16:00-0300",27.1,26.91,18.02,24.5
"2026-09-14 18:17:00-0300",27.12,26.91,18.02,24.6
"2026-09-14 18:18:00-0300",27.13,26.92,18.02,24.6
"2026-09-14 18:19:00-0300",27.11,26.91,18.02,24.6
"2026-09-14 18:20:00-0300",27.07,26.9,18.02,24.7
"2026-09-14 18:21:00-0300",27.06,26.89,18.02,24.5
"2026-09-14 18:22:00-0300",27.05,26.89,18.02,24.6
"2026-09-14 18:23:00-0300",27.05,26.89,18.02,24.5
"2026-09-14 18:24:00-0300",27.05,26.89,18.02,24.6
"2026-09-14 18:25:00-0300",27.05,26.89,18.02,24.6
"2026-09-14 18:26:00-0300",27.05,26.89,18.02,24.7
"2026-09-14 18:27:00-0300",27.06,26.9,18.02,24.5
"2026-09-14 18:28:00-0300",27.06,26.89,18.02,24.7
"2026-09-14 18:29:00-0300",27.06,26.89,18.02,24.6
"2026-09-14 18:30:00-0300",27.05,26.89,18.02,24.7
"2026-09-14 18:31:00-0300",27.05,26.89,18.02,24.6
"2026-09-14 18:32:00-0300",27.06,26.89,18.02,24.5
"2026-09-14 18:33:00-0300",27.05,26.89,18.02,24.6
"2026-09-14 18:34:00-0300",27.05,26.89,18.02,24.6
"2026-09-14 18:35:00-0300",27.05,26.89,18.02,24.7
"2026-09-14 18:36:00-0300",27.05,26.89,18.02,24.6
"2026-09-14 18:37:00-0300",27.05,26.89,18.02,24.7
"2026-09-14 18:38:00-0300",27.05,26.89,18.02,24.6
"2026-09-14 18:39:00-0300",27.05,26.89,18.02,24.6
"2026-09-14 18:40:00-0300",27.05,26.89,18.02,24.6
"2026-09-14 18:41:00-0300",27.05,26.89,18.02,24.6
"2026-09-14 18:42:00-0300",27.05,26.89,18.02,24.6
"2026-09-14 18:43:00-0300",27.05,26.89,18.02,24.7
"2026-09-14 18:44:00-0300",27.07,26.9,18.02,24.7
"2026-09-14 18:45:00-0300",27.04,26.89,18.02,24.5
"2026-09-14 18:46:00-0300",27.06,26.9,18.02,24.7
"2026-09-14 18:47:00-0300",27.06,26.9,18.02,24.6
"2026-09-14 18:48:00-0300",27.06,26.89,18.02,24.6
"2026-09-14 18:49:00-0300",27.04,26.89,18.02,24.7
"2026-09-14 18:50:00-0300",27.05,26.89,18.02,24.6
"2026-09-14 18:51:00-0300",27.05,26.89,18.02,24.7
"2026-09-14 18:52:00-0300",27.05,26.89,18.02,24.6
"2026-09-14 18:53:00-0300",27.05,26.89,18.02,24.6
"2026-09-14 18:54:00-0300",27.05,26.89,18.02,24.7
"2026-09-14 18:55:00-0300",27.04,26.89,18.02,24.6
"2026-09-14 18:56:00-0300",27.04,26.89,18.02,24.7
"2026-09-14 18:57:00-0300",27.04,26.89,18.02,24.5
"2026-09-14 18:58:00-0300",27.04,26.89,18.02,24.7
"2026-09-14 18:59:00-0300",27.04,26.89,18.02,24.6
"2026-09-14 19:00:00-0300",27.04,26.89,18.02,24.6
"2026-09-14 19:01:00-0300",27.04,26.89,18.02,24.6
"2026-09-14 19:02:00-0300",27.04,26.89,18.02,24.7
"2026-09-14 19:03:00-0300",27.04,26.89,18.02,24.7
"2026-09-14 19:04:00-0300",27.04,26.89,18.02,24.7
"2026-09-14 19:05:00-0300",27.04,26.89,18.02,24.7
"2026-09-14 19:06:00-0300",27.04,26.89,18.02,24.6
"2026-09-14 19:07:00-0300",27.04,26.89,18.02,24.5
"2026-09-14 19:08:00-0300",27.04,26.89,18.02,24.6
"2026-09-14 19:09:00-0300",27.04,26.89,18.02,24.7
"2026-09-14 19:10:00-0300",27.04,26.89,18.02,24.6
"2026-09-14 19:11:00-0300",27.04,26.89,18.02,24.7
"2026-09-14 19:12:00-0300",27.05,26.89,18.02,24.7
"2026-09-14 19:13:00-0300",27.05,26.89,18.02,24.7
"2026-09-14 19:14:00-0300",27.06,26.89,18.02,24.7
"2026-09-14 19:15:00-0300",27.06,26.9,18.02,24.6
"2026-09-14 19:16:00-0300",27.07,26.9,18.02,24.7
"2026-09-14 19:17:00-0300",27.07,26.9,18.02,24.7
"2026-09-14 19:18:00-0300",27.07,26.9,18.02,24.7
"2026-09-14 19:19:00-0300",27.06,26.9,18.02,24.7
"2026-09-14 19:20:00-0300",27.07,26.9,18.02,24.7
"2026-09-14 19:21:00-0300",27.08,26.9,18.02,24.7
"2026-09-14 19:22:00-0300",27.08,26.9,18.02,24.7
"2026-09-14 19:23:00-0300",27.08,26.9,18.02,24.7
"2026-09-14 19:24:00-0300",27.07,26.9,18.02,24.8
"2026-09-14 19:25:00-0300",27.07,26.9,18.02,24.8
"2026-09-14 19:26:00-0300",27.07,26.9,18.02,24.8
"2026-09-14 19:27:00-0300",27.07,26.9,18.02,24.8
"2026-09-14 19:28:00-0300",27.07,26.9,18.02,24.8
"2026-09-14 19:29:00-0300",27.07,26.9,18.02,24.8
"2026-09-14 19:30:00-0300",27.07,26.9,18.02,24.6
"2026-09-14 19:31:00-0300",27.07,26.9,18.02,24.8
"2026-09-14 19:32:00-0300",27.08,26.9,18.02,24.7
"2026-09-14 19:33:00-0300",27.07,26.9,18.02,24.7
"2026-09-14 19:34:00-0300",27.07,26.9,18.08,24.6
"2026-09-14 19:35:00-0300",27.07,26.9,18.08,24.8
"2026-09-14 19:36:00-0300",27.08,26.9,18.08,24.6
"2026-09-14 19:37:00-0300",27.08,26.9,18.08,24.8
"2026-09-14 19:38:00-0300",27.08,26.9,18.02,24.7
"2026-09-14 19:39:00-0300",27.08,26.9,18.08,24.8
"2026-09-14 19:40:00-0300",27.07,26.9,18.08,24.8
"2026-09-14 19:41:00-0300",27.07,26.9,18.08,24.8
"2026-09-14 19:42:00-0300",27.08,26.9,18.12,24.8
"2026-09-14 19:43:00-0300",27.08,26.9,18.08,24.8
"2026-09-14 19:44:00-0300",27.08,26.9,18.12,24.6
"2026-09-14 19:45:00-0300",27.08,26.9,18.12,24.7
"2026-09-14 19:46:00-0300",27.08,26.9,18.12,24.8
"2026-09-14 19:47:00-0300",27.08,26.9,18.12,24.8
"2026-09-14 19:48:00-0300",27.08,26.9,18.12,24.8
"2026-09-14 19:49:00-0300",27.08,26.9,18.08,24.8
"2026-09-14 19:50:00-0300",27.08,26.9,18.12,24.6
"2026-09-14 19:51:00-0300",27.08,26.9,18.08,24.8
"2026-09-14 19:52:00-0300",27.08,26.9,18.08,24.8
"2026-09-14 19:53:00-0300",27.08,26.9,18.08,24.8
"2026-09-14 19:54:00-0300",27.08,26.9,18.08,24.6
"2026-09-14 19:55:00-0300",27.08,26.9,18.08,24.7
"2026-09-14 19:56:00-0300",27.08,26.9,18.12,24.7
"2026-09-14 19:57:00-0300",27.08,26.9,18.12,24.6
"2026-09-14 19:58:00-0300",27.08,26.9,18.12,24.7
"2026-09-14 19:59:00-0300",27.08,26.9,18.12,24.6
"2026-09-14 20:00:00-0300",27.08,26.9,18.12,24.7
"2026-09-14 20:01:00-0300",27.08,26.9,18.12,24.8
"2026-09-14 20:02:00-0300",27.08,26.9,18.12,24.8
"2026-09-14 20:03:00-0300",27.08,26.9,18.12,24.7
"2026-09-14 20:04:00-0300",27.08,26.9,18.12,24.8
"2026-09-14 20:05:00-0300",27.08,26.9,18.12,24.7
"2026-09-14 20:06:00-0300",27.08,26.9,18.12,24.7
"2026-09-14 20:07:00-0300",27.08,26.9,18.12,24.8
"2026-09-14 20:08:00-0300",27.08,26.9,18.12,24.8
"2026-09-14 20:09:00-0300",27.08,26.9,18.12,24.8
"2026-09-14 20:10:00-0300",27.08,26.9,18.12,24.8
"2026-09-14 20:11:00-0300",27.08,26.9,18.12,24.8
"2026-09-14 20:12:00-0300",27.08,26.9,18.12,24.8
"2026-09-14 20:13:00-0300",27.08,26.9,18.12,24.8
"2026-09-14 20:14:00-0300",27.08,26.9,18.12,24.8
"2026-09-14 20:15:00-0300",27.08,26.9,18.12,24.6
"2026-09-14 20:16:00-0300",27.08,26.9,18.12,24.6
"2026-09-14 20:17:00-0300",27.08,26.9,18.12,24.7
"2026-09-14 20:18:00-0300",27.08,26.9,18.12,24.8
"2026-09-14 20:19:00-0300",27.08,26.9,18.12,24.8
"2026-09-14 20:20:00-0300",27.09,26.9,18.12,24.7
"2026-09-14 20:21:00-0300",27.09,26.9,18.12,24.7
"2026-09-14 20:22:00-0300",27.08,26.9,18.12,24.8
"2026-09-14 20:23:00-0300",27.06,26.89,18.12,24.8
"2026-09-14 20:24:00-0300",27.06,26.89,18.12,24.8
"2026-09-14 20:25:00-0300",27.06,26.9,18.12,24.8
"2026-09-14 20:26:00-0300",27.06,26.9,18.12,24.8
"2026-09-14 20:27:00-0300",27.07,26.9,18.12,24.8
"2026-09-14 20:28:00-0300",27.08,26.9,18.18,24.6
"2026-09-14 20:29:00-0300",27.06,26.89,18.18,24.8
"2026-09-14 20:30:00-0300",27.06,26.89,18.12,24.8
"2026-09-14 20:31:00-0300",27.06,26.89,18.12,24.8
"2026-09-14 20:32:00-0300",27.06,26.89,18.18,24.8
"2026-09-14 20:33:00-0300",27.06,26.89,18.12,24.8
"2026-09-14 20:34:00-0300",27.06,26.89,18.18,24.8
"2026-09-14 20:35:00-0300",27.06,26.89,18.18,24.8
"2026-09-14 20:36:00-0300",27.06,26.89,18.18,24.6
"2026-09-14 20:37:00-0300",27.05,26.89,18.12,24.8
"2026-09-14 20:38:00-0300",27.05,26.89,18.18,24.8
"2026-09-14 20:39:00-0300",27.06,26.89,18.18,24.8
"2026-09-14 20:40:00-0300",27.06,26.89,18.12,24.7
"2026-09-14 20:41:00-0300",27.05,26.89,18.18,24.8
"2026-09-14 20:42:00-0300",27.05,26.89,18.12,24.7
"2026-09-14 20:43:00-0300",27.06,26.89,18.12,24.7
"2026-09-14 20:44:00-0300",27.05,26.89,18.12,24.7
"2026-09-14 20:45:00-0300",27.05,26.89,18.12,24.8
"2026-09-14 20:46:00-0300",27.05,26.89,18.12,24.8
"2026-09-14 20:47:00-0300",27.06,26.89,18.18,24.8
"2026-09-14 20:48:00-0300",27.05,26.89,18.18,24.8
"2026-09-14 20:49:00-0300",27.06,26.89,18.18,24.8
"2026-09-14 20:50:00-0300",27.05,26.89,18.12,24.7
"2026-09-14 20:51:00-0300",27.05,26.89,18.12,24.8
"2026-09-14 20:52:00-0300",27.05,26.89,18.12,24.8
"2026-09-14 20:53:00-0300",27.05,26.89,18.12,24.8
"2026-09-14 20:54:00-0300",27.05,26.89,18.18,24.8
"2026-09-14 20:55:00-0300",27.05,26.89,18.12,24.8
"2026-09-14 20:56:00-0300",27.06,26.89,18.12,24.8
"2026-09-14 20:57:00-0300",27.05,26.89,18.12,24.7
"2026-09-14 20:58:00-0300",27.05,26.89,18.12,24.8
"2026-09-14 20:59:00-0300",27.05,26.89,18.12,24.8
"2026-09-14 21:00:00-0300",27.05,26.89,18.18,24.8
"2026-09-14 21:01:00-0300",27.06,26.89,18.12,24.8
"2026-09-14 21:02:00-0300",27.05,26.89,18.18,24.8
"2026-09-14 21:03:00-0300",27.05,26.89,18.12,24.6
"2026-09-14 21:04:00-0300",27.05,26.89,18.12,24.7
"2026-09-14 21:05:00-0300",27.05,26.89,18.12,24.8
"2026-09-14 21:06:00-0300",27.05,26.89,18.18,24.8
"2026-09-14 21:07:00-0300",27.05,26.89,18.08,24.7
"2026-09-14 21:08:00-0300",27.05,26.89,18.12,24.6
"2026-09-14 21:09:00-0300",27.04,26.89,18.12,24.7
"2026-09-14 21:10:00-0300",27.05,26.89,18.12,24.8
"2026-09-14 21:11:00-0300",27.05,26.89,18.12,24.8
"2026-09-14 21:12:00-0300",27.05,26.89,18.12,24.8
"2026-09-14 21:13:00-0300",27.05,26.89,18.12,24.8
"2026-09-14 21:14:00-0300",27.05,26.89,18.12,24.8
"2026-09-14 21:15:00-0300",27.05,26.89,18.12,24.8
"2026-09-14 21:16:00-0300",27.05,26.89,18.08,24.8
"2026-09-14 21:17:00-0300",27.05,26.89,18.12,24.8
"2026-09-14 21:18:00-0300",27.05,26.89,18.12,24.8
"2026-09-14 21:19:00-0300",27.05,26.89,18.12,24.8
"2026-09-14 21:20:00-0300",27.05,26.89,18.12,24.8
"2026-09-14 21:21:00-0300",27.05,26.89,18.08,24.8
"2026-09-14 21:22:00-0300",27.05,26.89,18.12,24.8
"2026-09-14 21:23:00-0300",27.04,26.89,18.12,24.8
"2026-09-14 21:24:00-0300",27.05,26.89,18.12,24.8
"2026-09-14 21:25:00-0300",27.05,26.89,18.12,24.8
"2026-09-14 21:26:00-0300",27.04,26.89,18.12,24.8
"2026-09-14 21:27:00-0300",27.04,26.89,18.08,24.6
"2026-09-14 21:28:00-0300",27.04,26.89,18.08,24.7
"2026-09-14 21:29:00-0300",27.04,26.89,18.12,24.7
"2026-09-14 21:30:00-0300",27.04,26.89,18.12,24.8
"2026-09-14 21:31:00-0300",27.04,26.89,18.12,24.8
"2026-09-14 21:32:00-0300",27.04,26.89,18.12,24.8
"2026-09-14 21:33:00-0300",27.04,26.89,18.08,24.8
"2026-09-14 21:34:00-0300",27.04,26.89,18.12,24.8
"2026-09-14 21:35:00-0300",27.04,26.89,18.12,24.8
"2026-09-14 21:36:00-0300",27.04,26.89,18.12,24.8
"2026-09-14 21:37:00-0300",27.04,26.89,18.08,24.8
"2026-09-14 21:38:00-0300",27.04,26.89,18.08,24.7
"2026-09-14 21:39:00-0300",27.04,26.89,18.08,24.7
"2026-09-14 21:40:00-0300",27.03,26.89,18.12,24.7
"2026-09-14 21:41:00-0300",27.03,26.89,18.08,24.8
"2026-09-14 21:42:00-0300",27.03,26.89,18.08,24.8
"2026-09-14 21:43:00-0300",27.04,26.89,18.12,24.8
"2026-09-14 21:44:00-0300",27.04,26.89,18.12,24.8
"2026-09-14 21:45:00-0300",27.04,26.89,18.08,24.7
"2026-09-14 21:46:00-0300",27.04,26.89,18.08,24.7
"2026-09-14 21:47:00-0300",27.04,26.89,18.08,24.8
"2026-09-14 21:48:00-0300",27.03,26.89,18.08,24.8
"2026-09-14 21:49:00-0300",27.04,26.89,18.08,24.8
"2026-09-14 21:50:00-0300",27.03,26.89,18.02,24.8
"2026-09-14 21:51:00-0300",27.03,26.89,18.02,24.7
"2026-09-14 21:52:00-0300",27.04,26.89,18.08,24.7
"2026-09-14 21:53:00-0300",27.03,26.89,18.08,24.7
"2026-09-14 21:54:00-0300",27.03,26.89,18.08,24.8
"2026-09-14 21:55:00-0300",27.03,26.89,18.08,24.8
"2026-09-14 21:56:00-0300",27.03,26.89,18.12,24.8
"2026-09-14 21:57:00-0300",27.03,26.89,18.12,24.8
"2026-09-14 21:58:00-0300",27.04,26.89,18.12,24.7
"2026-09-14 21:59:00-0300",27.03,26.89,18.12,24.8
"2026-09-14 22:00:00-0300",27.03,26.89,18.12,24.8
"2026-09-14 22:01:00-0300",27.03,26.89,18.12,24.8
"2026-09-14 22:02:00-0300",27.02,26.88,18.08,24.8
"2026-09-14 22:03:00-0300",27.03,26.88,18.08,24.8
"2026-09-14 22:04:00-0300",27.04,26.89,18.12,24.8
"2026-09-14 22:05:00-0300",27.04,26.89,18.12,24.6
"2026-09-14 22:06:00-0300",27.04,26.89,18.12,24.8
"2026-09-14 22:07:00-0300",27.03,26.89,18.08,24.7
"2026-09-14 22:08:00-0300",27.03,26.89,18.12,24.8
"2026-09-14 22:09:00-0300",27.02,26.88,18.12,24.8
"2026-09-14 22:10:00-0300",27.02,26.88,18.12,24.8
"2026-09-14 22:11:00-0300",27.02,26.88,18.12,24.8
"2026-09-14 22:12:00-0300",27.02,26.88,18.12,24.6
"2026-09-14 22:13:00-0300",27.02,26.88,18.12,24.7
"2026-09-14 22:14:00-0300",27.02,26.88,18.12,24.8
"2026-09-14 22:15:00-0300",27.02,26.88,18.08,24.6
"2026-09-14 22:16:00-0300",27.02,26.88,18.12,24.8
"2026-09-14 22:17:00-0300",27.01,26.88,18.08,24.8
"2026-09-14 22:18:00-0300",27.01,26.88,18.12,24.8
"2026-09-14 22:19:00-0300",27.01,26.88,18.08,24.8
"2026-09-14 22:20:00-0300",27.01,26.88,18.12,24.8
"2026-09-14 22:21:00-0300",27.01,26.88,18.12,24.8
"2026-09-14 22:22:00-0300",27.01,26.88,18.08,24.8
"2026-09-14 22:23:00-0300",27.01,26.88,18.12,24.7
"2026-09-14 22:24:00-0300",27.01,26.88,18.12,24.7
"2026-09-14 22:25:00-0300",27.01,26.88,18.12,24.6
"2026-09-14 22:26:00-0300",27.01,26.88,18.08,24.8
"2026-09-14 22:27:00-0300",27.01,26.88,18.08,24.6
"2026-09-14 22:28:00-0300",27.01,26.88,18.12,24.7
"2026-09-14 22:29:00-0300",27.01,26.88,18.12,24.7
"2026-09-14 22:30:00-0300",27.01,26.88,18.12,24.7
"2026-09-14 22:31:00-0300",27,26.88,18.08,24.8
"2026-09-14 22:32:00-0300",27,26.88,18.08,24.8
"2026-09-14 22:33:00-0300",27.01,26.88,18.12,24.8
"2026-09-14 22:34:00-0300",27,26.88,18.08,24.7
"2026-09-14 22:35:00-0300",27,26.88,18.08,24.7
"2026-09-14 22:36:00-0300",27,26.88,18.08,24.7
"2026-09-14 22:37:00-0300",27,26.88,18.08,24.7
"2026-09-14 22:38:00-0300",27,26.88,18.08,24.7
"2026-09-14 22:39:00-0300",27,26.88,18.08,24.8
"2026-09-14 22:40:00-0300",27,26.88,18.12,24.8
"2026-09-14 22:41:00-0300",27,26.88,18.08,24.8
"2026-09-14 22:42:00-0300",27,26.88,18.12,24.7
"2026-09-14 22:43:00-0300",27,26.88,18.08,24.6
"2026-09-14 22:44:00-0300",27,26.88,18.02,24.8
"2026-09-14 22:45:00-0300",27,26.88,18.08,24.8
"2026-09-14 22:46:00-0300",27,26.88,18.08,24.8
"2026-09-14 22:47:00-0300",27,26.88,18.08,24.8
"2026-09-14 22:48:00-0300",27,26.87,18.08,24.8
"2026-09-14 22:49:00-0300",27,26.87,18.02,24.7
"2026-09-14 22:50:00-0300",27,26.87,18.02,24.6
"2026-09-14 22:51:00-0300",27,26.87,18.08,24.6
"2026-09-14 22:52:00-0300",26.99,26.87,18.02,24.6
"2026-09-14 22:53:00-0300",26.99,26.87,18.08,24.7
"2026-09-14 22:54:00-0300",26.99,26.87,18.02,24.8
"2026-09-14 22:55:00-0300",26.99,26.87,18.02,24.8
"2026-09-14 22:56:00-0300",27,26.88,18.02,24.6
"2026-09-14 22:57:00-0300",26.99,26.87,18.02,24.6
"2026-09-14 22:58:00-0300",26.99,26.87,18.02,24.7
"2026-09-14 22:59:00-0300",26.99,26.87,18.02,24.7
"2026-09-14 23:00:00-0300",26.99,26.87,18.02,24.8
"2026-09-14 23:01:00-0300",26.99,26.87,18.02,24.7
"2026-09-14 23:02:00-0300",26.99,26.87,18.02,24.7
"2026-09-14 23:03:00-0300",26.99,26.87,18.02,24.8
"2026-09-14 23:04:00-0300",26.99,26.87,18.02,24.6
"2026-09-14 23:05:00-0300",27,26.88,18.02,24.7
"2026-09-14 23:06:00-0300",26.99,26.87,18.02,24.8
"2026-09-14 23:07:00-0300",26.99,26.87,18.02,24.7
"2026-09-14 23:08:00-0300",26.99,26.87,18.02,24.8
"2026-09-14 23:09:00-0300",26.99,26.87,18.02,24.8
"2026-09-14 23:10:00-0300",27.03,26.89,18.02,24.8
"2026-09-14 23:11:00-0300",27.02,26.88,18.02,24.8
"2026-09-14 23:12:00-0300",27.03,26.89,18.02,24.8
"2026-09-14 23:13:00-0300",26.98,26.87,18.02,24.6
"2026-09-14 23:14:00-0300",26.99,26.87,18.02,24.8
"2026-09-14 23:15:00-0300",26.98,26.87,18.02,24.8
"2026-09-14 23:16:00-0300",26.98,26.87,18.02,24.6
"2026-09-14 23:17:00-0300",26.98,26.87,18.02,24.7
"2026-09-14 23:18:00-0300",26.98,26.87,18.02,24.8
"2026-09-14 23:19:00-0300",26.98,26.87,18.02,24.8
"2026-09-14 23:20:00-0300",26.98,26.87,18.02,24.8
"2026-09-14 23:21:00-0300",26.98,26.87,18.02,24.8
"2026-09-14 23:22:00-0300",26.98,26.87,18.02,24.6
"2026-09-14 23:23:00-0300",26.98,26.87,18.02,24.8
"2026-09-14 23:24:00-0300",26.98,26.87,18.02,24.8
"2026-09-14 23:25:00-0300",26.98,26.87,18.02,24.8
"2026-09-14 23:26:00-0300",26.98,26.87,18.02,24.8
"2026-09-14 23:27:00-0300",26.97,26.87,18.02,24.6
"2026-09-14 23:28:00-0300",26.97,26.87,18.02,24.6
"2026-09-14 23:29:00-0300",26.97,26.87,18.02,24.7
"2026-09-14 23:30:00-0300",26.97,26.87,18.02,24.8
"2026-09-14 23:31:00-0300",26.97,26.87,18.02,24.8
"2026-09-14 23:32:00-0300",26.98,26.87,18.02,24.8
"2026-09-14 23:33:00-0300",26.97,26.87,18.02,24.7
"2026-09-14 23:34:00-0300",26.97,26.87,18.02,24.6
"2026-09-14 23:35:00-0300",26.97,26.87,18.02,24.7
"2026-09-14 23:36:00-0300",26.97,26.87,18.02,24.7
"2026-09-14 23:37:00-0300",26.98,26.87,18.02,24.6
"2026-09-14 23:38:00-0300",26.97,26.87,18.18,24.7
"2026-09-14 23:39:00-0300",26.97,26.87,18.02,24.7
"2026-09-14 23:40:00-0300",26.97,26.87,18.02,24.8
"2026-09-14 23:41:00-0300",26.97,26.87,18.02,24.8
"2026-09-14 23:42:00-0300",26.97,26.87,18.02,24.6
"2026-09-14 23:43:00-0300",26.97,26.87,18.02,24.6
"2026-09-14 23:44:00-0300",26.97,26.87,18.02,24.7
"2026-09-14 23:45:00-0300",26.96,26.86,18.02,24.7
"2026-09-14 23:46:00-0300",26.97,26.87,18.02,24.7
"2026-09-14 23:47:00-0300",26.96,26.86,18.02,24.7
"2026-09-14 23:48:00-0300",26.96,26.86,18.12,24.7
"2026-09-14 23:49:00-0300",26.96,26.86,18.02,24.7
"2026-09-14 23:50:00-0300",26.96,26.86,18.08,24.8
"2026-09-14 23:51:00-0300",26.96,26.86,18.02,24.8
"2026-09-14 23:52:00-0300",26.96,26.86,18.02,24.7
"2026-09-14 23:53:00-0300",26.96,26.86,18.02,24.7
"2026-09-14 23:54:00-0300",26.96,26.86,18.02,24.7
"2026-09-14 23:55:00-0300",26.96,26.86,18.02,24.7
"2026-09-14 23:56:00-0300",26.96,26.86,18.02,24.7
"2026-09-14 23:57:00-0300",26.96,26.86,18.02,24.7
"2026-09-14 23:58:00-0300",26.96,26.86,18.02,24.7
"2026-09-14 23:59:00-0300",26.96,26.86,18.02,24.8
"2026-09-15 00:00:00-0300",26.96,26.86,18.02,24.6
"2026-09-15 00:01:00-0300",26.96,26.86,18.02,24.6
"2026-09-15 00:02:00-0300",26.96,26.86,18.02,24.7
"2026-09-15 00:03:00-0300",26.96,26.86,18.02,24.7
"2026-09-15 00:04:00-0300",26.96,26.86,18.02,24.7
"2026-09-15 00:05:00-0300",26.95,26.86,18.02,24.7
"2026-09-15 00:06:00-0300",26.96,26.86,18.02,24.7
"2026-09-15 00:07:00-0300",26.95,26.86,18.02,24.7
"2026-09-15 00:08:00-0300",26.95,26.86,18.02,24.7
"2026-09-15 00:09:00-0300",26.95,26.86,18.02,24.7
"2026-09-15 00:10:00-0300",26.95,26.86,18.02,24.7
"2026-09-15 00:11:00-0300",26.95,26.86,18.02,24.7
"2026-09-15 00:12:00-0300",26.95,26.86,18.02,24.7
"2026-09-15 00:13:00-0300",26.96,26.86,18.02,24.6
"2026-09-15 00:14:00-0300",26.95,26.86,18.02,24.7
"2026-09-15 00:15:00-0300",26.95,26.86,18.02,24.6
"2026-09-15 00:16:00-0300",26.95,26.86,18.02,24.6
"2026-09-15 00:17:00-0300",26.95,26.86,18.02,24.7
"2026-09-15 00:18:00-0300",26.95,26.86,18.02,24.7
"2026-09-15 00:19:00-0300",26.95,26.86,18.02,24.7
"2026-09-15 00:20:00-0300",26.95,26.86,18.02,24.7
"2026-09-15 00:21:00-0300",26.95,26.86,18.02,24.6
"2026-09-15 00:22:00-0300",26.96,26.86,18.02,24.8
"2026-09-15 00:23:00-0300",26.95,26.86,18.02,24.6
"2026-09-15 00:24:00-0300",26.95,26.86,18.02,24.7
"2026-09-15 00:25:00-0300",26.95,26.86,18.02,24.6
"2026-09-15 00:26:00-0300",26.94,26.86,18.02,24.7
"2026-09-15 00:27:00-0300",26.95,26.86,18.02,24.7
"2026-09-15 00:28:00-0300",26.94,26.86,18.02,24.7
"2026-09-15 00:29:00-0300",26.94,26.86,18.02,24.7
"2026-09-15 00:30:00-0300",26.94,26.86,18.02,24.7
"2026-09-15 00:31:00-0300",26.95,26.86,18.02,24.7
"2026-09-15 00:32:00-0300",26.94,26.86,18.02,24.7
"2026-09-15 00:33:00-0300",26.94,26.86,18.02,24.5
"2026-09-15 00:34:00-0300",26.94,26.86,18.02,24.6
"2026-09-15 00:35:00-0300",26.95,26.86,18.02,24.7
"2026-09-15 00:36:00-0300",26.94,26.86,18.02,24.7
"2026-09-15 00:37:00-0300",26.94,26.86,18.02,24.6
"2026-09-15 00:38:00-0300",26.94,26.86,18.02,24.7
"2026-09-15 00:39:00-0300",26.94,26.86,18.02,24.7
"2026-09-15 00:40:00-0300",26.95,26.86,18.02,24.7
"2026-09-15 00:41:00-0300",26.94,26.86,18.02,24.7
"2026-09-15 00:42:00-0300",26.94,26.86,18.02,24.6
"2026-09-15 00:43:00-0300",26.94,26.86,18.02,24.7
"2026-09-15 00:44:00-0300",26.94,26.86,18.02,24.7
"2026-09-15 00:45:00-0300",26.94,26.86,18.02,24.7
"2026-09-15 00:46:00-0300",26.94,26.86,18.02,24.7
"2026-09-15 00:47:00-0300",26.93,26.86,18.02,24.7
"2026-09-15 00:48:00-0300",26.93,26.85,18.02,24.6
"2026-09-15 00:49:00-0300",26.94,26.86,18.02,24.7
"2026-09-15 00:50:00-0300",26.93,26.85,18.02,24.7
"2026-09-15 00:51:00-0300",26.93,26.85,18.02,24.8
"2026-09-15 00:52:00-0300",26.93,26.85,18.02,24.8
"2026-09-15 00:53:00-0300",26.93,26.85,18.02,24.7
"2026-09-15 00:54:00-0300",26.93,26.85,18.02,24.7
"2026-09-15 00:55:00-0300",26.93,26.85,18.02,24.7
"2026-09-15 00:56:00-0300",26.93,26.85,18.02,24.5
"2026-09-15 00:57:00-0300",26.93,26.85,18.02,24.7
"2026-09-15 00:58:00-0300",26.94,26.86,18.02,24.8
"2026-09-15 00:59:00-0300",26.93,26.85,18.02,24.6
"2026-09-15 01:00:00-0300",26.93,26.85,18.02,24.7
"2026-09-15 01:01:00-0300",26.93,26.85,18.02,24.7
"2026-09-15 01:02:00-0300",26.93,26.85,18.02,24.7
"2026-09-15 01:03:00-0300",26.93,26.85,18.02,24.7
"2026-09-15 01:04:00-0300",26.93,26.85,18.02,24.7
"2026-09-15 01:05:00-0300",26.92,26.85,18.02,24.7
"2026-09-15 01:06:00-0300",26.92,26.85,18.02,24.7
"2026-09-15 01:07:00-0300",26.93,26.85,18.02,24.6
"2026-09-15 01:08:00-0300",26.92,26.85,18.02,24.6
"2026-09-15 01:09:00-0300",26.92,26.85,18.02,24.7
"2026-09-15 01:10:00-0300",26.92,26.85,18.02,24.7
"2026-09-15 01:11:00-0300",26.92,26.85,18.02,24.7
"2026-09-15 01:12:00-0300",26.92,26.85,18.02,24.7
"2026-09-15 01:13:00-0300",26.92,26.85,18.02,24.7
"2026-09-15 01:14:00-0300",26.92,26.85,18.02,24.7
"2026-09-15 01:15:00-0300",26.92,26.85,18.02,24.6
"2026-09-15 01:16:00-0300",26.93,26.85,18.02,24.7
"2026-09-15 01:17:00-0300",26.92,26.85,18.02,24.7
"2026-09-15 01:18:00-0300",26.92,26.85,17.98,24.5
"2026-09-15 01:19:00-0300",26.92,26.85,18.02,24.6
"2026-09-15 01:20:00-0300",26.92,26.85,18.02,24.5
"2026-09-15 01:21:00-0300",26.92,26.85,18.02,24.5
"2026-09-15 01:22:00-0300",26.92,26.85,18.02,24.6
"2026-09-15 01:23:00-0300",26.91,26.85,18.02,24.7
"2026-09-15 01:24:00-0300",26.92,26.85,18.02,24.7
"2026-09-15 01:25:00-0300",26.92,26.85,18.02,24.7
"2026-09-15 01:26:00-0300",26.91,26.85,18.02,24.7
"2026-09-15 01:27:00-0300",26.91,26.85,18.02,24.7
"2026-09-15 01:28:00-0300",26.91,26.85,18.02,24.7
"2026-09-15 01:29:00-0300",26.91,26.85,18.02,24.7
"2026-09-15 01:30:00-0300",26.92,26.85,18.02,24.8
"2026-09-15 01:31:00-0300",26.91,26.85,18.02,24.7
"2026-09-15 01:32:00-0300",26.91,26.85,18.02,24.7
"2026-09-15 01:33:00-0300",26.91,26.85,18.02,24.6
"2026-09-15 01:34:00-0300",26.91,26.85,18.02,24.7
"2026-09-15 01:35:00-0300",26.91,26.85,18.02,24.7
"2026-09-15 01:36:00-0300",26.91,26.85,18.02,24.6
"2026-09-15 01:37:00-0300",26.91,26.85,18.02,24.7
"2026-09-15 01:38:00-0300",26.9,26.85,18.02,24.7
"2026-09-15 01:39:00-0300",26.91,26.85,18.02,24.6
"2026-09-15 01:40:00-0300",26.9,26.85,18.02,24.5
"2026-09-15 01:41:00-0300",26.9,26.85,18.02,24.7
"2026-09-15 01:42:00-0300",26.9,26.85,17.98,24.6
"2026-09-15 01:43:00-0300",26.9,26.85,18.02,24.7
"2026-09-15 01:44:00-0300",26.9,26.85,18.02,24.7
"2026-09-15 01:45:00-0300",26.9,26.84,18.02,24.6
"2026-09-15 01:46:00-0300",26.9,26.84,18.02,24.6
"2026-09-15 01:47:00-0300",26.9,26.84,18.02,24.7
"2026-09-15 01:48:00-0300",26.91,26.85,17.98,24.7
"2026-09-15 01:49:00-0300",26.9,26.84,18.02,24.7
"2026-09-15 01:50:00-0300",26.9,26.84,17.98,24.5
"2026-09-15 01:51:00-0300",26.9,26.84,17.98,24.6
"2026-09-15 01:52:00-0300",26.9,26.84,18.02,24.7
"2026-09-15 01:53:00-0300",26.91,26.85,17.98,24.6
"2026-09-15 01:54:00-0300",26.9,26.84,17.98,24.6
"2026-09-15 01:55:00-0300",26.9,26.84,17.98,24.7
"2026-09-15 01:56:00-0300",26.9,26.84,18.02,24.6
"2026-09-15 01:57:00-0300",26.9,26.84,17.98,24.6
"2026-09-15 01:58:00-0300",26.9,26.84,17.98,24.6
"2026-09-15 01:59:00-0300",26.9,26.84,18.02,24.7
"2026-09-15 02:00:00-0300",26.89,26.84,17.98,24.6
"2026-09-15 02:01:00-0300",26.89,26.84,17.98,24.6
"2026-09-15 02:02:00-0300",26.9,26.84,17.98,24.7
"2026-09-15 02:03:00-0300",26.89,26.84,17.98,24.7
"2026-09-15 02:04:00-0300",26.89,26.84,17.98,24.6
"2026-09-15 02:05:00-0300",26.89,26.84,17.98,24.7
"2026-09-15 02:06:00-0300",26.89,26.84,17.98,24.7
"2026-09-15 02:07:00-0300",26.89,26.84,17.98,24.7
"2026-09-15 02:08:00-0300",26.89,26.84,17.98,24.7
"2026-09-15 02:09:00-0300",26.89,26.84,17.98,24.7
"2026-09-15 02:10:00-0300",26.89,26.84,17.98,24.7
"2026-09-15 02:11:00-0300",26.9,26.84,17.98,24.7
"2026-09-15 02:12:00-0300",26.89,26.84,17.98,24.5
"2026-09-15 02:13:00-0300",26.89,26.84,17.98,24.7
"2026-09-15 02:14:00-0300",26.89,26.84,17.98,24.7
"2026-09-15 02:15:00-0300",26.89,26.84,17.98,24.7
"2026-09-15 02:16:00-0300",26.88,26.84,17.98,24.7
"2026-09-15 02:17:00-0300",26.88,26.84,17.98,24.7
"2026-09-15 02:18:00-0300",26.88,26.84,17.98,24.7
"2026-09-15 02:19:00-0300",26.88,26.84,17.98,24.7
"2026-09-15 02:20:00-0300",26.88,26.84,17.98,24.7
"2026-09-15 02:21:00-0300",26.88,26.84,17.98,24.6
"2026-09-15 02:22:00-0300",26.88,26.84,17.98,24.6
"2026-09-15 02:23:00-0300",26.88,26.84,17.98,24.7
"2026-09-15 02:24:00-0300",26.89,26.84,17.98,24.7
"2026-09-15 02:25:00-0300",26.88,26.84,17.98,24.7
"2026-09-15 02:26:00-0300",26.88,26.84,17.98,24.7
"2026-09-15 02:27:00-0300",26.88,26.84,17.98,24.7
"2026-09-15 02:28:00-0300",26.88,26.84,17.98,24.7
"2026-09-15 02:29:00-0300",26.88,26.84,17.98,24.7
"2026-09-15 02:30:00-0300",26.88,26.84,17.98,24.7
"2026-09-15 02:31:00-0300",26.87,26.84,17.98,24.7
"2026-09-15 02:32:00-0300",26.88,26.84,17.98,24.7
"2026-09-15 02:33:00-0300",26.88,26.84,17.98,24.7
"2026-09-15 02:34:00-0300",26.87,26.84,17.98,24.7
"2026-09-15 02:35:00-0300",26.87,26.84,17.98,24.6
"2026-09-15 02:36:00-0300",26.87,26.83,17.92,24.6
"2026-09-15 02:37:00-0300",26.87,26.83,17.98,24.7
"2026-09-15 02:38:00-0300",26.87,26.83,17.98,24.7
"2026-09-15 02:39:00-0300",26.87,26.83,17.98,24.7
"2026-09-15 02:40:00-0300",26.87,26.83,17.98,24.7
"2026-09-15 02:41:00-0300",26.87,26.83,17.92,24.7
"2026-09-15 02:42:00-0300",26.87,26.84,17.98,24.5
"2026-09-15 02:43:00-0300",26.87,26.83,17.98,24.7
"2026-09-15 02:44:00-0300",26.87,26.83,17.92,24.5
"2026-09-15 02:45:00-0300",26.87,26.83,17.98,24.6
"2026-09-15 02:46:00-0300",26.86,26.83,17.92,24.7
"2026-09-15 02:47:00-0300",26.86,26.83,17.92,24.7
"2026-09-15 02:48:00-0300",26.86,26.83,17.98,24.7
"2026-09-15 02:49:00-0300",26.86,26.83,17.98,24.7
"2026-09-15 02:50:00-0300",26.86,26.83,17.92,24.6
"2026-09-15 02:51:00-0300",26.86,26.83,17.92,24.6
"2026-09-15 02:52:00-0300",26.86,26.83,17.92,24.6
"2026-09-15 02:53:00-0300",26.86,26.83,17.98,24.7
"2026-09-15 02:54:00-0300",26.86,26.83,17.92,24.6
"2026-09-15 02:55:00-0300",26.86,26.83,17.92,24.6
"2026-09-15 02:56:00-0300",26.86,26.83,17.92,24.7
"2026-09-15 02:57:00-0300",26.86,26.83,17.98,24.6
"2026-09-15 02:58:00-0300",26.86,26.83,17.98,24.5
"2026-09-15 02:59:00-0300",26.86,26.83,17.92,24.7
"2026-09-15 03:00:00-0300",26.86,26.83,17.98,24.7
"2026-09-15 03:01:00-0300",26.86,26.83,17.98,24.6
"2026-09-15 03:02:00-0300",26.86,26.83,17.98,24.6
"2026-09-15 03:03:00-0300",26.85,26.83,17.92,24.7
"2026-09-15 03:04:00-0300",26.85,26.83,17.92,24.7
"2026-09-15 03:05:00-0300",26.85,26.83,17.98,24.6
"2026-09-15 03:06:00-0300",26.85,26.83,17.98,24.7
"2026-09-15 03:07:00-0300",26.85,26.83,17.98,24.7
"2026-09-15 03:08:00-0300",26.86,26.83,17.92,24.7
"2026-09-15 03:09:00-0300",26.85,26.83,17.98,24.5
"2026-09-15 03:10:00-0300",26.85,26.83,17.92,24.6
"2026-09-15 03:11:00-0300",26.85,26.83,17.92,24.6
"2026-09-15 03:12:00-0300",26.85,26.83,17.92,24.6
"2026-09-15 03:13:00-0300",26.85,26.83,17.92,24.7
"2026-09-15 03:14:00-0300",26.85,26.83,17.92,24.7
"2026-09-15 03:15:00-0300",26.85,26.83,17.92,24.7
"2026-09-15 03:16:00-0300",26.85,26.83,17.92,24.6
"2026-09-15 03:17:00-0300",26.85,26.83,17.92,24.6
"2026-09-15 03:18:00-0300",26.84,26.83,17.92,24.6
"2026-09-15 03:19:00-0300",26.85,26.83,17.86,24.6
"2026-09-15 03:20:00-0300",26.85,26.83,17.92,24.6
"2026-09-15 03:21:00-0300",26.84,26.83,17.92,24.6
"2026-09-15 03:22:00-0300",26.85,26.83,17.86,24.6
"2026-09-15 03:23:00-0300",26.85,26.83,17.92,24.6
"2026-09-15 03:24:00-0300",26.85,26.83,17.86,24.7
"2026-09-15 03:25:00-0300",26.84,26.83,17.86,24.6
"2026-09-15 03:26:00-0300",26.85,26.83,17.98,24.6
"2026-09-15 03:27:00-0300",26.84,26.83,17.86,24.5
"2026-09-15 03:28:00-0300",26.84,26.83,17.92,24.6
"2026-09-15 03:29:00-0300",26.84,26.83,17.92,24.6
"2026-09-15 03:30:00-0300",26.84,26.83,17.92,24.6
"2026-09-15 03:31:00-0300",26.84,26.83,17.92,24.6
"2026-09-15 03:32:00-0300",26.84,26.82,17.92,24.6
"2026-09-15 03:33:00-0300",26.84,26.82,17.92,24.6
"2026-09-15 03:34:00-0300",26.84,26.83,17.92,24.7
"2026-09-15 03:35:00-0300",26.84,26.83,17.98,24.7
"2026-09-15 03:36:00-0300",26.85,26.83,17.92,24.7
"2026-09-15 03:37:00-0300",26.88,26.84,17.92,24.6
"2026-09-15 03:38:00-0300",26.84,26.83,17.86,24.7
"2026-09-15 03:39:00-0300",26.85,26.83,17.92,24.6
"2026-09-15 03:40:00-0300",26.87,26.83,17.86,24.6
"2026-09-15 03:41:00-0300",26.88,26.84,17.86,24.5
"2026-09-15 03:42:00-0300",26.85,26.83,17.86,24.5
"2026-09-15 03:43:00-0300",26.85,26.83,17.92,24.6
"2026-09-15 03:44:00-0300",26.84,26.82,17.86,24.6
"2026-09-15 03:45:00-0300",26.84,26.82,17.86,24.6
"2026-09-15 03:46:00-0300",26.84,26.82,17.86,24.6
"2026-09-15 03:47:00-0300",26.83,26.82,17.86,24.5
"2026-09-15 03:48:00-0300",26.83,26.82,17.86,24.6
"2026-09-15 03:49:00-0300",26.83,26.82,17.86,24.5
"2026-09-15 03:50:00-0300",26.83,26.82,17.86,24.6
"2026-09-15 03:51:00-0300",26.83,26.82,17.86,24.5
"2026-09-15 03:52:00-0300",26.84,26.82,17.86,24.6
"2026-09-15 03:53:00-0300",26.83,26.82,17.86,24.7
"2026-09-15 03:54:00-0300",26.83,26.82,17.86,24.6
"2026-09-15 03:55:00-0300",26.83,26.82,17.86,24.6
"2026-09-15 03:56:00-0300",26.83,26.82,17.86,24.6
"2026-09-15 03:57:00-0300",26.83,26.82,17.86,24.5
"2026-09-15 03:58:00-0300",26.83,26.82,17.86,24.6
"2026-09-15 03:59:00-0300",26.83,26.82,17.86,24.6
"2026-09-15 04:00:00-0300",26.83,26.82,17.86,24.6
"2026-09-15 04:01:00-0300",26.83,26.82,17.86,24.6
"2026-09-15 04:02:00-0300",26.82,26.82,17.86,24.7
"2026-09-15 04:03:00-0300",26.85,26.83,17.86,24.5
"2026-09-15 04:04:00-0300",26.83,26.82,17.86,24.6
"2026-09-15 04:05:00-0300",26.83,26.82,17.86,24.6
"2026-09-15 04:06:00-0300",26.83,26.82,17.86,24.6
"2026-09-15 04:07:00-0300",26.82,26.82,17.86,24.6
"2026-09-15 04:08:00-0300",26.82,26.82,17.92,24.6
"2026-09-15 04:09:00-0300",26.82,26.82,17.92,24.6
"2026-09-15 04:10:00-0300",26.81,26.82,17.98,24.7
"2026-09-15 04:11:00-0300",26.81,26.82,17.86,24.6
"2026-09-15 04:12:00-0300",26.81,26.82,17.86,24.6
"2026-09-15 04:13:00-0300",26.81,26.82,17.86,24.6
"2026-09-15 04:14:00-0300",26.82,26.82,17.86,24.7
"2026-09-15 04:15:00-0300",26.81,26.82,17.86,24.5
"2026-09-15 04:16:00-0300",26.81,26.82,17.86,24.6
"2026-09-15 04:17:00-0300",26.81,26.81,17.86,24.6
"2026-09-15 04:18:00-0300",26.81,26.82,17.86,24.7
"2026-09-15 04:19:00-0300",26.81,26.81,17.86,24.7
"2026-09-15 04:20:00-0300",26.81,26.81,17.86,24.7
"2026-09-15 04:21:00-0300",26.81,26.81,17.86,24.5
"2026-09-15 04:22:00-0300",26.81,26.81,17.86,24.5
"2026-09-15 04:23:00-0300",26.81,26.82,17.86,24.6
"2026-09-15 04:24:00-0300",26.81,26.81,17.86,24.6
"2026-09-15 04:25:00-0300",26.81,26.81,17.86,24.6
"2026-09-15 04:26:00-0300",26.81,26.81,17.86,24.6
"2026-09-15 04:27:00-0300",26.81,26.82,17.86,24.7
"2026-09-15 04:28:00-0300",26.81,26.81,17.86,24.6
"2026-09-15 04:29:00-0300",26.8,26.81,17.86,24.5
"2026-09-15 04:30:00-0300",26.8,26.81,17.86,24.6
"2026-09-15 04:31:00-0300",26.8,26.81,17.86,24.6
"2026-09-15 04:32:00-0300",26.8,26.81,17.86,24.7
"2026-09-15 04:33:00-0300",26.8,26.81,17.86,24.5
"2026-09-15 04:34:00-0300",26.8,26.81,17.86,24.6
"2026-09-15 04:35:00-0300",26.8,26.81,17.86,24.6
"2026-09-15 04:36:00-0300",26.8,26.81,17.86,24.7
"2026-09-15 04:37:00-0300",26.8,26.81,17.86,24.6
"2026-09-15 04:38:00-0300",26.8,26.81,17.86,24.7
"2026-09-15 04:39:00-0300",26.8,26.81,17.86,24.6
"2026-09-15 04:40:00-0300",26.8,26.81,17.86,24.6
"2026-09-15 04:41:00-0300",26.8,26.81,17.86,24.6
"2026-09-15 04:42:00-0300",26.79,26.81,17.86,24.6
"2026-09-15 04:43:00-0300",26.79,26.81,17.86,24.6
"2026-09-15 04:44:00-0300",26.8,26.81,17.86,24.6
"2026-09-15 04:45:00-0300",26.8,26.81,17.86,24.6
"2026-09-15 04:46:00-0300",26.79,26.81,17.86,24.6
"2026-09-15 04:47:00-0300",26.79,26.81,17.86,24.7
"2026-09-15 04:48:00-0300",26.79,26.81,17.86,24.6
"2026-09-15 04:49:00-0300",26.8,26.81,17.86,24.7
"2026-09-15 04:50:00-0300",26.79,26.81,17.86,24.6
"2026-09-15 04:51:00-0300",26.79,26.81,17.86,24.6
"2026-09-15 04:52:00-0300",26.79,26.81,17.86,24.6
"2026-09-15 04:53:00-0300",26.79,26.81,17.86,24.7
"2026-09-15 04:54:00-0300",26.79,26.81,17.86,24.7
"2026-09-15 04:55:00-0300",26.79,26.81,17.86,24.7
"2026-09-15 04:56:00-0300",26.79,26.81,17.86,24.6
"2026-09-15 04:57:00-0300",26.79,26.81,17.86,24.6
"2026-09-15 04:58:00-0300",26.79,26.81,17.86,24.6
"2026-09-15 04:59:00-0300",26.78,26.81,17.86,24.6
"2026-09-15 05:00:00-0300",26.78,26.81,17.86,24.7
"2026-09-15 05:01:00-0300",26.78,26.81,17.86,24.6
"2026-09-15 05:02:00-0300",26.78,26.81,17.86,24.6
"2026-09-15 05:03:00-0300",26.79,26.81,17.86,24.5
"2026-09-15 05:04:00-0300",26.78,26.81,17.86,24.6
"2026-09-15 05:05:00-0300",26.78,26.81,17.86,24.5
"2026-09-15 05:06:00-0300",26.78,26.81,17.86,24.6
"2026-09-15 05:07:00-0300",26.79,26.81,17.86,24.7
"2026-09-15 05:08:00-0300",26.78,26.81,17.86,24.6
"2026-09-15 05:09:00-0300",26.78,26.81,17.86,24.7
"2026-09-15 05:10:00-0300",26.78,26.81,17.86,24.6
"2026-09-15 05:11:00-0300",26.78,26.81,17.86,24.7
"2026-09-15 05:12:00-0300",26.78,26.8,17.86,24.7
"2026-09-15 05:13:00-0300",26.78,26.8,17.86,24.5
"2026-09-15 05:14:00-0300",26.78,26.8,17.86,24.5
"2026-09-15 05:15:00-0300",26.78,26.8,17.86,24.6
"2026-09-15 05:16:00-0300",26.78,26.81,17.86,24.6
"2026-09-15 05:17:00-0300",26.77,26.8,17.86,24.6
"2026-09-15 05:18:00-0300",26.77,26.8,17.86,24.6
"2026-09-15 05:19:00-0300",26.77,26.8,17.86,24.7
"2026-09-15 05:20:00-0300",26.78,26.8,17.86,24.6
"2026-09-15 05:21:00-0300",26.77,26.8,17.86,24.6
"2026-09-15 05:22:00-0300",26.77,26.8,17.86,24.5
"2026-09-15 05:23:00-0300",26.77,26.8,17.86,24.6
"2026-09-15 05:24:00-0300",26.77,26.8,17.86,24.6
"2026-09-15 05:25:00-0300",26.77,26.8,17.86,24.6
"2026-09-15 05:26:00-0300",26.77,26.8,17.86,24.6
"2026-09-15 05:27:00-0300",26.77,26.8,17.86,24.6
"2026-09-15 05:28:00-0300",26.77,26.8,17.86,24.6
"2026-09-15 05:29:00-0300",26.77,26.8,17.86,24.7
"2026-09-15 05:30:00-0300",26.77,26.8,17.86,24.5
"2026-09-15 05:31:00-0300",26.77,26.8,17.86,24.6
"2026-09-15 05:32:00-0300",26.77,26.8,17.86,24.6
"2026-09-15 05:33:00-0300",26.76,26.8,17.86,24.6
"2026-09-15 05:34:00-0300",26.76,26.8,17.86,24.6
"2026-09-15 05:35:00-0300",26.76,26.8,17.86,24.6
"2026-09-15 05:36:00-0300",26.76,26.8,17.86,24.6
"2026-09-15 05:37:00-0300",26.76,26.8,17.86,24.6
"2026-09-15 05:38:00-0300",26.77,26.8,17.86,24.6
"2026-09-15 05:39:00-0300",26.76,26.8,17.86,24.6
"2026-09-15 05:40:00-0300",26.76,26.8,17.86,24.6
"2026-09-15 05:41:00-0300",26.76,26.8,17.86,24.6
"2026-09-15 05:42:00-0300",26.76,26.8,17.86,24.6
"2026-09-15 05:43:00-0300",26.76,26.8,17.86,24.6
"2026-09-15 05:44:00-0300",26.76,26.8,17.86,24.6
"2026-09-15 05:45:00-0300",26.76,26.8,17.86,24.6
"2026-09-15 05:46:00-0300",26.76,26.8,17.86,24.6
"2026-09-15 05:47:00-0300",26.77,26.8,17.86,24.6
"2026-09-15 05:48:00-0300",26.76,26.8,17.86,24.7
"2026-09-15 05:49:00-0300",26.76,26.8,17.86,24.6
"2026-09-15 05:50:00-0300",26.76,26.8,17.86,24.6
"2026-09-15 05:51:00-0300",26.76,26.8,17.86,24.6
"2026-09-15 05:52:00-0300",26.76,26.8,17.86,24.6
"2026-09-15 05:53:00-0300",26.76,26.8,17.86,24.7
"2026-09-15 05:54:00-0300",26.76,26.8,17.86,24.7
"2026-09-15 05:55:00-0300",26.76,26.8,17.86,24.6
"2026-09-15 05:56:00-0300",26.76,26.8,17.86,24.6
"2026-09-15 05:57:00-0300",26.76,26.8,17.86,24.7
"2026-09-15 05:58:00-0300",26.76,26.8,17.86,24.7
"2026-09-15 05:59:00-0300",26.76,26.8,17.86,24.7
"2026-09-15 06:00:00-0300",26.76,26.8,17.86,24.6
"2026-09-15 06:01:00-0300",26.76,26.8,17.86,24.6
"2026-09-15 06:02:00-0300",26.76,26.8,17.86,24.7
"2026-09-15 06:03:00-0300",26.76,26.8,17.86,24.7
"2026-09-15 06:04:00-0300",26.75,26.8,17.86,24.7
"2026-09-15 06:05:00-0300",26.76,26.8,17.86,24.7
"2026-09-15 06:06:00-0300",26.76,26.8,17.86,24.7
"2026-09-15 06:07:00-0300",26.75,26.8,17.86,24.7
"2026-09-15 06:08:00-0300",26.75,26.8,17.86,24.7
"2026-09-15 06:09:00-0300",26.76,26.8,17.86,24.6
"2026-09-15 06:10:00-0300",26.75,26.8,17.86,24.6
"2026-09-15 06:11:00-0300",26.75,26.8,17.86,24.6
"2026-09-15 06:12:00-0300",26.75,26.8,17.86,24.7
"2026-09-15 06:13:00-0300",26.75,26.79,17.86,24.7
"2026-09-15 06:14:00-0300",26.75,26.79,17.86,24.7
"2026-09-15 06:15:00-0300",26.75,26.79,17.86,24.7
"2026-09-15 06:16:00-0300",26.75,26.8,17.86,24.7
"2026-09-15 06:17:00-0300",26.75,26.8,17.86,24.7
"2026-09-15 06:18:00-0300",26.75,26.8,17.86,24.6
"2026-09-15 06:19:00-0300",26.74,26.79,17.86,24.6
"2026-09-15 06:20:00-0300",26.75,26.79,17.86,24.7
"2026-09-15 06:21:00-0300",26.74,26.79,17.86,24.7
"2026-09-15 06:22:00-0300",26.74,26.79,17.86,24.7
"2026-09-15 06:23:00-0300",26.76,26.8,17.86,24.6
"2026-09-15 06:24:00-0300",26.76,26.8,17.86,24.6
"2026-09-15 06:25:00-0300",26.76,26.8,17.86,24.7
"2026-09-15 06:26:00-0300",26.75,26.8,17.86,24.7
"2026-09-15 06:27:00-0300",26.76,26.8,17.86,24.7
"2026-09-15 06:28:00-0300",26.75,26.8,17.86,24.7
"2026-09-15 06:29:00-0300",26.75,26.8,17.86,24.6
"2026-09-15 06:30:00-0300",26.75,26.8,17.86,24.6
"2026-09-15 06:31:00-0300",26.75,26.8,17.86,24.7
"2026-09-15 06:32:00-0300",26.75,26.8,17.86,24.7
"2026-09-15 06:33:00-0300",26.75,26.8,17.86,24.7
"2026-09-15 06:34:00-0300",26.75,26.8,17.86,24.7
"2026-09-15 06:35:00-0300",26.74,26.79,17.86,24.6
"2026-09-15 06:36:00-0300",26.74,26.79,17.86,24.6
"2026-09-15 06:37:00-0300",26.73,26.79,17.86,24.7
"2026-09-15 06:38:00-0300",26.73,26.79,17.86,24.7
"2026-09-15 06:39:00-0300",26.73,26.79,17.86,24.7
"2026-09-15 06:40:00-0300",26.73,26.79,17.86,24.7
"2026-09-15 06:41:00-0300",26.73,26.79,17.86,24.7
"2026-09-15 06:42:00-0300",26.73,26.79,17.86,24.7
"2026-09-15 06:43:00-0300",26.72,26.79,17.86,24.7
"2026-09-15 06:44:00-0300",26.72,26.79,17.86,24.5
"2026-09-15 06:45:00-0300",26.72,26.79,17.86,24.7
"2026-09-15 06:46:00-0300",26.72,26.79,17.86,24.6
"2026-09-15 06:47:00-0300",26.72,26.79,17.86,24.6
"2026-09-15 06:48:00-0300",26.72,26.79,17.86,24.7
"2026-09-15 06:49:00-0300",26.72,26.79,17.86,24.7
"2026-09-15 06:50:00-0300",26.72,26.79,17.86,24.7
"2026-09-15 06:51:00-0300",26.72,26.79,17.86,24.7
"2026-09-15 06:52:00-0300",26.72,26.79,17.86,24.7
"2026-09-15 06:53:00-0300",26.72,26.79,17.86,24.7
"2026-09-15 06:54:00-0300",26.72,26.79,17.86,24.7
"2026-09-15 06:55:00-0300",26.72,26.79,17.86,24.7
"2026-09-15 06:56:00-0300",26.72,26.79,17.86,24.7
"2026-09-15 06:57:00-0300",26.72,26.79,17.86,24.6
"2026-09-15 06:58:00-0300",26.72,26.79,17.86,24.6
"2026-09-15 06:59:00-0300",26.71,26.78,17.86,24.6
"2026-09-15 07:00:00-0300",26.71,26.78,17.86,24.6
"2026-09-15 07:01:00-0300",26.71,26.78,17.86,24.7
"2026-09-15 07:02:00-0300",26.71,26.78,17.86,24.7
"2026-09-15 07:03:00-0300",26.71,26.78,17.86,24.7
"2026-09-15 07:04:00-0300",26.71,26.78,17.86,24.7
"2026-09-15 07:05:00-0300",26.71,26.78,17.86,24.7
"2026-09-15 07:06:00-0300",26.71,26.78,17.86,24.7
"2026-09-15 07:07:00-0300",26.72,26.79,17.86,24.7
"2026-09-15 07:08:00-0300",26.71,26.78,17.86,24.7
"2026-09-15 07:09:00-0300",26.71,26.78,17.86,24.6
"2026-09-15 07:10:00-0300",26.71,26.78,17.86,24.7
"2026-09-15 07:11:00-0300",26.71,26.78,17.86,24.7
"2026-09-15 07:12:00-0300",26.71,26.78,17.86,24.6
"2026-09-15 07:13:00-0300",26.71,26.78,17.86,24.7
"2026-09-15 07:14:00-0300",26.71,26.78,17.86,24.6
"2026-09-15 07:15:00-0300",26.71,26.78,17.86,24.7
"2026-09-15 07:16:00-0300",26.72,26.79,17.86,24.7
"2026-09-15 07:17:00-0300",26.71,26.78,17.86,24.7
"2026-09-15 07:18:00-0300",26.71,26.78,17.86,24.7
"2026-09-15 07:19:00-0300",26.71,26.78,17.86,24.7
"2026-09-15 07:20:00-0300",26.71,26.78,17.86,24.7
"2026-09-15 07:21:00-0300",26.71,26.78,17.86,24.7
"2026-09-15 07:22:00-0300",26.71,26.78,17.82,24.7
"2026-09-15 07:23:00-0300",26.71,26.78,17.86,24.6
"2026-09-15 07:24:00-0300",26.71,26.78,17.86,24.6
"2026-09-15 07:25:00-0300",26.71,26.78,17.86,24.7
"2026-09-15 07:26:00-0300",26.71,26.78,17.82,24.7
"2026-09-15 07:27:00-0300",26.71,26.78,17.86,24.7
"2026-09-15 07:28:00-0300",26.71,26.78,17.82,24.7
"2026-09-15 07:29:00-0300",26.71,26.78,17.86,24.6
"2026-09-15 07:30:00-0300",26.72,26.79,17.86,24.6
"2026-09-15 07:31:00-0300",26.71,26.78,17.86,24.6
"2026-09-15 07:32:00-0300",26.71,26.78,17.82,24.7
"2026-09-15 07:33:00-0300",26.71,26.78,17.82,24.7
"2026-09-15 07:34:00-0300",26.71,26.78,17.86,24.7
"2026-09-15 07:35:00-0300",26.71,26.78,17.86,24.7
"2026-09-15 07:36:00-0300",26.71,26.78,17.82,24.7
"2026-09-15 07:37:00-0300",26.71,26.78,17.86,24.7
"2026-09-15 07:38:00-0300",26.71,26.78,17.86,24.6
"2026-09-15 07:39:00-0300",26.71,26.78,17.82,24.7
"2026-09-15 07:40:00-0300",26.71,26.78,17.86,24.6
"2026-09-15 07:41:00-0300",26.71,26.78,17.82,24.6
"2026-09-15 07:42:00-0300",26.71,26.78,17.82,24.6
"2026-09-15 07:43:00-0300",26.71,26.78,17.82,24.7
"2026-09-15 07:44:00-0300",26.71,26.78,17.82,24.7
"2026-09-15 07:45:00-0300",26.71,26.78,17.82,24.7
"2026-09-15 07:46:00-0300",26.7,26.78,17.82,24.7
"2026-09-15 07:47:00-0300",26.7,26.78,17.82,24.6
"2026-09-15 07:48:00-0300",26.7,26.78,17.82,24.7
"2026-09-15 07:49:00-0300",26.71,26.78,17.82,24.7
"2026-09-15 07:50:00-0300",26.7,26.78,17.82,24.7
"2026-09-15 07:51:00-0300",26.7,26.78,17.82,24.7
"2026-09-15 07:52:00-0300",26.7,26.78,17.82,24.6
"2026-09-15 07:53:00-0300",26.7,26.78,17.82,24.6
"2026-09-15 07:54:00-0300",26.7,26.78,17.82,24.6
"2026-09-15 07:55:00-0300",26.7,26.78,17.82,24.5
"2026-09-15 07:56:00-0300",26.7,26.78,17.82,24.6
"2026-09-15 07:57:00-0300",26.7,26.78,17.86,24.7
"2026-09-15 07:58:00-0300",26.7,26.78,17.82,24.7
"2026-09-15 07:59:00-0300",26.7,26.78,17.82,24.7
"2026-09-15 08:00:00-0300",26.7,26.78,17.82,24.7
"2026-09-15 08:01:00-0300",26.7,26.78,17.82,24.7
"2026-09-15 08:02:00-0300",26.7,26.78,17.82,24.6
"2026-09-15 08:03:00-0300",26.7,26.78,17.82,24.7
"2026-09-15 08:04:00-0300",26.69,26.78,17.82,24.6
"2026-09-15 08:05:00-0300",26.7,26.78,17.86,24.7
"2026-09-15 08:06:00-0300",26.69,26.78,17.86,24.7
"2026-09-15 08:07:00-0300",26.69,26.78,17.82,24.7
"2026-09-15 08:08:00-0300",26.7,26.78,17.86,24.6
"2026-09-15 08:09:00-0300",26.69,26.78,17.82,24.6
"2026-09-15 08:10:00-0300",26.69,26.78,17.82,24.6
"2026-09-15 08:11:00-0300",26.69,26.78,17.82,24.7
"2026-09-15 08:12:00-0300",26.69,26.78,17.82,24.5
"2026-09-15 08:13:00-0300",26.7,26.78,17.82,24.7
"2026-09-15 08:14:00-0300",26.69,26.78,17.86,24.6
"2026-09-15 08:15:00-0300",26.69,26.78,17.86,24.7
"2026-09-15 08:16:00-0300",26.69,26.78,17.86,24.6
"2026-09-15 08:17:00-0300",26.69,26.78,17.82,24.7
"2026-09-15 08:18:00-0300",26.69,26.78,17.82,24.6
"2026-09-15 08:19:00-0300",26.69,26.78,17.82,24.7
"2026-09-15 08:20:00-0300",26.69,26.78,17.82,24.7
"2026-09-15 08:21:00-0300",26.69,26.78,17.82,24.7
"2026-09-15 08:22:00-0300",26.7,26.78,17.82,24.7
"2026-09-15 08:23:00-0300",26.69,26.78,17.82,24.7
"2026-09-15 08:24:00-0300",26.69,26.78,17.82,24.7
"2026-09-15 08:25:00-0300",26.69,26.78,17.82,24.6
"2026-09-15 08:26:00-0300",26.69,26.78,17.82,24.7
"2026-09-15 08:27:00-0300",26.69,26.78,17.82,24.7
"2026-09-15 08:28:00-0300",26.69,26.78,17.82,24.7
"2026-09-15 08:29:00-0300",26.69,26.78,17.82,24.7
"2026-09-15 08:30:00-0300",26.69,26.78,17.86,24.7
"2026-09-15 08:31:00-0300",26.68,26.77,17.82,24.6
"2026-09-15 08:32:00-0300",26.69,26.78,17.82,24.7
"2026-09-15 08:33:00-0300",26.68,26.77,17.82,24.6
"2026-09-15 08:34:00-0300",26.68,26.77,17.82,24.7
"2026-09-15 08:35:00-0300",26.68,26.77,17.82,24.5
"2026-09-15 08:36:00-0300",26.68,26.77,17.82,24.6
"2026-09-15 08:37:00-0300",26.69,26.78,17.82,24.6
"2026-09-15 08:38:00-0300",26.68,26.77,17.82,24.7
"2026-09-15 08:39:00-0300",26.68,26.77,17.82,24.7
"2026-09-15 08:40:00-0300",26.68,26.77,17.86,24.5
"2026-09-15 08:41:00-0300",26.68,26.77,17.76,24.7
"2026-09-15 08:42:00-0300",26.68,26.77,17.82,24.6
"2026-09-15 08:43:00-0300",26.68,26.77,17.82,24.6
"2026-09-15 08:44:00-0300",26.68,26.77,17.82,24.7
"2026-09-15 08:45:00-0300",26.68,26.77,17.82,24.7
"2026-09-15 08:46:00-0300",26.68,26.77,17.82,24.7
"2026-09-15 08:47:00-0300",26.69,26.78,17.82,24.7
"2026-09-15 08:48:00-0300",26.68,26.77,17.82,24.6
"2026-09-15 08:49:00-0300",26.68,26.77,17.76,24.6
"2026-09-15 08:50:00-0300",26.68,26.77,17.82,24.7
"2026-09-15 08:51:00-0300",26.68,26.77,17.82,24.7
"2026-09-15 08:52:00-0300",26.68,26.77,17.76,24.6
"2026-09-15 08:53:00-0300",26.68,26.77,17.82,24.6
"2026-09-15 08:54:00-0300",26.68,26.77,17.82,24.7
"2026-09-15 08:55:00-0300",26.68,26.77,17.82,24.7
"2026-09-15 08:56:00-0300",26.68,26.77,17.76,24.5
"2026-09-15 08:57:00-0300",26.68,26.77,17.82,24.6
"2026-09-15 08:58:00-0300",26.68,26.77,17.76,24.6
"2026-09-15 08:59:00-0300",26.68,26.77,17.76,24.6
"2026-09-15 09:00:00-0300",26.68,26.77,17.82,24.7
"2026-09-15 09:01:00-0300",26.68,26.77,17.76,24.5
"2026-09-15 09:02:00-0300",26.68,26.77,17.76,24.7
"2026-09-15 09:03:00-0300",26.68,26.77,17.76,24.6
"2026-09-15 09:04:00-0300",26.68,26.77,17.76,24.6
"2026-09-15 09:05:00-0300",26.68,26.77,17.76,24.6
"2026-09-15 09:06:00-0300",26.69,26.78,17.76,24.6
"2026-09-15 09:07:00-0300",26.68,26.77,17.76,24.6
"2026-09-15 09:08:00-0300",26.68,26.77,17.82,24.6
"2026-09-15 09:09:00-0300",26.68,26.77,17.76,24.6
"2026-09-15 09:10:00-0300",26.68,26.77,17.76,24.4
"2026-09-15 09:11:00-0300",26.68,26.77,17.76,24.4
"2026-09-15 09:12:00-0300",26.68,26.77,17.82,24.5
"2026-09-15 09:13:00-0300",26.68,26.77,17.76,24.6
"2026-09-15 09:14:00-0300",26.68,26.77,17.76,24.6
"2026-09-15 09:15:00-0300",26.68,26.77,17.76,24.6
"2026-09-15 09:16:00-0300",26.69,26.78,17.76,24.6
"2026-09-15 09:17:00-0300",26.68,26.77,17.76,24.6
"2026-09-15 09:18:00-0300",26.68,26.77,17.76,24.6
"2026-09-15 09:19:00-0300",26.68,26.77,17.72,24.4
"2026-09-15 09:20:00-0300",26.68,26.77,17.76,24.4
"2026-09-15 09:21:00-0300",26.68,26.78,17.76,24.6
"2026-09-15 09:22:00-0300",26.68,26.77,17.76,24.5
"2026-09-15 09:23:00-0300",26.68,26.77,17.72,24.6
"2026-09-15 09:24:00-0300",26.68,26.77,17.76,24.6
"2026-09-15 09:25:00-0300",26.68,26.77,17.76,24.6
"2026-09-15 09:26:00-0300",26.68,26.77,17.76,24.6
"2026-09-15 09:27:00-0300",26.68,26.77,17.76,24.5
"2026-09-15 09:28:00-0300",26.69,26.78,17.72,24.6
"2026-09-15 09:29:00-0300",26.68,26.77,17.76,24.6
"2026-09-15 09:30:00-0300",26.69,26.78,17.72,24.5
"2026-09-15 09:31:00-0300",26.69,26.78,17.72,24.5
"2026-09-15 09:32:00-0300",26.69,26.78,17.72,24.6
"2026-09-15 09:33:00-0300",26.69,26.78,17.72,24.5
"2026-09-15 09:34:00-0300",26.69,26.78,17.72,24.4
"2026-09-15 09:35:00-0300",26.69,26.78,17.72,24.6
"2026-09-15 09:36:00-0300",26.69,26.78,17.72,24.5
"2026-09-15 09:37:00-0300",26.69,26.78,17.72,24.5
"2026-09-15 09:38:00-0300",26.69,26.78,17.72,24.6
"2026-09-15 09:39:00-0300",26.69,26.78,17.72,24.3
"2026-09-15 09:40:00-0300",26.7,26.78,17.72,24.5
"2026-09-15 09:41:00-0300",26.7,26.78,17.72,24.6
"2026-09-15 09:42:00-0300",26.69,26.78,17.72,24.6
"2026-09-15 09:43:00-0300",26.7,26.78,17.72,24.6
"2026-09-15 09:44:00-0300",26.69,26.78,17.72,24.5
"2026-09-15 09:45:00-0300",26.7,26.78,17.72,24.6
"2026-09-15 09:46:00-0300",26.69,26.78,17.72,24.4
"2026-09-15 09:47:00-0300",26.7,26.78,17.72,24.5
"2026-09-15 09:48:00-0300",26.7,26.78,17.72,24.5
"2026-09-15 09:49:00-0300",26.7,26.78,17.72,24.5
"2026-09-15 09:50:00-0300",26.7,26.78,17.72,24.5
"2026-09-15 09:51:00-0300",26.7,26.78,17.72,24.5
"2026-09-15 09:52:00-0300",26.7,26.78,17.72,24.5
"2026-09-15 09:53:00-0300",26.7,26.78,17.72,24.5
"2026-09-15 09:54:00-0300",26.7,26.78,17.72,24.5
"2026-09-15 09:55:00-0300",26.71,26.78,17.72,24.5
"2026-09-15 09:56:00-0300",26.7,26.78,17.72,24.5
"2026-09-15 09:57:00-0300",26.7,26.78,17.72,24.4
"2026-09-15 09:58:00-0300",26.71,26.78,17.72,24.4
"2026-09-15 09:59:00-0300",26.71,26.78,17.72,24.5
"2026-09-15 10:00:00-0300",26.72,26.79,17.72,24.5
"2026-09-15 10:01:00-0300",26.71,26.78,17.72,24.5
"2026-09-15 10:02:00-0300",26.71,26.78,17.72,24.3
"2026-09-15 10:03:00-0300",26.71,26.78,17.72,24.5
"2026-09-15 10:04:00-0300",26.72,26.79,17.72,24.5
"2026-09-15 10:05:00-0300",26.72,26.79,17.72,24.5
"2026-09-15 10:06:00-0300",26.72,26.79,17.72,24.5
"2026-09-15 10:07:00-0300",26.72,26.79,17.72,24.5
"2026-09-15 10:08:00-0300",26.72,26.79,17.72,24.3
"2026-09-15 10:09:00-0300",26.73,26.79,17.72,24.4
"2026-09-15 10:10:00-0300",26.73,26.79,17.72,24.5
"2026-09-15 10:11:00-0300",26.73,26.79,17.72,24.4
"2026-09-15 10:12:00-0300",26.73,26.79,17.72,24.4
"2026-09-15 10:13:00-0300",26.73,26.79,17.72,24.5
"2026-09-15 10:14:00-0300",26.73,26.79,17.72,24.5
"2026-09-15 10:15:00-0300",26.74,26.79,17.72,24.4
"2026-09-15 10:16:00-0300",26.74,26.79,17.72,24.5
"2026-09-15 10:17:00-0300",26.74,26.79,17.72,24.5
"2026-09-15 10:18:00-0300",26.74,26.79,17.72,24.5
"2026-09-15 10:19:00-0300",26.74,26.79,17.72,24.4
"2026-09-15 10:20:00-0300",26.74,26.79,17.72,24.5
"2026-09-15 10:21:00-0300",26.74,26.79,17.72,24.5
"2026-09-15 10:22:00-0300",26.75,26.8,17.72,24.3
"2026-09-15 10:23:00-0300",26.75,26.79,17.72,24.4
"2026-09-15 10:24:00-0300",26.75,26.8,17.72,24.3
"2026-09-15 10:25:00-0300",26.75,26.8,17.72,24.2
"2026-09-15 10:26:00-0300",26.75,26.8,17.72,24.4
"2026-09-15 10:27:00-0300",26.75,26.8,17.72,24.3
"2026-09-15 10:28:00-0300",26.76,26.8,17.72,24.4
"2026-09-15 10:29:00-0300",26.75,26.8,17.72,24.4
"2026-09-15 10:30:00-0300",26.76,26.8,17.72,24.4
"2026-09-15 10:31:00-0300",26.76,26.8,17.72,24.4
"2026-09-15 10:32:00-0300",26.76,26.8,17.72,24.2
"2026-09-15 10:33:00-0300",26.76,26.8,17.72,24.3
"2026-09-15 10:34:00-0300",26.76,26.8,17.72,24.4
"2026-09-15 10:35:00-0300",26.76,26.8,17.72,24.3
"2026-09-15 10:36:00-0300",26.77,26.8,17.72,24.3
"2026-09-15 10:37:00-0300",26.77,26.8,17.72,24.3
"2026-09-15 10:38:00-0300",26.77,26.8,17.72,24.4
"2026-09-15 10:39:00-0300",26.77,26.8,17.72,24.4
"2026-09-15 10:40:00-0300",26.77,26.8,17.72,24.3
"2026-09-15 10:41:00-0300",26.77,26.8,17.72,24.3
"2026-09-15 10:42:00-0300",26.77,26.8,17.72,24.2
"2026-09-15 10:43:00-0300",26.77,26.8,17.72,24.4
"2026-09-15 10:44:00-0300",26.77,26.8,17.72,24.4
"2026-09-15 10:45:00-0300",26.78,26.8,17.72,24.3
"2026-09-15 10:46:00-0300",26.78,26.8,17.72,24.3
"2026-09-15 10:47:00-0300",26.78,26.8,17.72,24.3
"2026-09-15 10:48:00-0300",26.77,26.8,17.72,24.3
"2026-09-15 10:49:00-0300",26.77,26.8,17.72,24.3
"2026-09-15 10:50:00-0300",26.77,26.8,17.72,24.3
"2026-09-15 10:51:00-0300",26.78,26.8,17.72,24.3
"2026-09-15 10:52:00-0300",26.78,26.81,17.72,24.3
"2026-09-15 10:53:00-0300",26.78,26.81,17.72,24.3
"2026-09-15 10:54:00-0300",26.78,26.8,17.72,24.2
"2026-09-15 10:55:00-0300",26.78,26.81,17.72,24.2
"2026-09-15 10:56:00-0300",26.78,26.8,17.72,24.3
"2026-09-15 10:57:00-0300",26.78,26.81,17.72,24.3
"2026-09-15 10:58:00-0300",26.78,26.81,17.72,24.2
"2026-09-15 10:59:00-0300",26.78,26.8,17.72,24.3
"2026-09-15 11:00:00-0300",26.78,26.8,17.72,24.3
"2026-09-15 11:01:00-0300",26.78,26.81,17.72,24.3
"2026-09-15 11:02:00-0300",26.78,26.81,17.72,24.2
"2026-09-15 11:03:00-0300",26.78,26.81,17.72,24.2
"2026-09-15 11:04:00-0300",26.78,26.81,17.72,24.3
"2026-09-15 11:05:00-0300",26.78,26.81,17.72,24.3
"2026-09-15 11:06:00-0300",26.78,26.81,17.72,24.3
"2026-09-15 11:07:00-0300",26.78,26.81,17.72,24.3
"2026-09-15 11:08:00-0300",26.78,26.8,17.72,24.2
"2026-09-15 11:09:00-0300",26.78,26.81,17.72,24.3
"2026-09-15 11:10:00-0300",26.78,26.8,17.72,24.2
"2026-09-15 11:11:00-0300",26.78,26.8,17.72,24.2
"2026-09-15 11:12:00-0300",26.78,26.81,17.72,24.1
"2026-09-15 11:13:00-0300",26.78,26.81,17.72,24.2
"2026-09-15 11:14:00-0300",26.78,26.81,17.72,24.2
"2026-09-15 11:15:00-0300",26.78,26.81,17.72,24.2
"2026-09-15 11:16:00-0300",26.78,26.81,17.72,24.2
"2026-09-15 11:17:00-0300",26.78,26.81,17.72,24.2
"2026-09-15 11:18:00-0300",26.78,26.81,17.72,24.2
"2026-09-15 11:19:00-0300",26.78,26.81,17.72,24.2
"2026-09-15 11:20:00-0300",26.78,26.81,17.72,24.2
"2026-09-15 11:21:00-0300",26.78,26.81,17.72,24.2
"2026-09-15 11:22:00-0300",26.79,26.81,17.72,24.2
"2026-09-15 11:23:00-0300",26.78,26.81,17.72,24.2
"2026-09-15 11:24:00-0300",26.78,26.81,17.72,24.1
"2026-09-15 11:25:00-0300",26.79,26.81,17.72,24.1
"2026-09-15 11:26:00-0300",26.78,26.81,17.72,24.2
"2026-09-15 11:27:00-0300",26.79,26.81,17.72,24.2
"2026-09-15 11:28:00-0300",26.79,26.81,17.72,24.2
"2026-09-15 11:29:00-0300",26.79,26.81,17.72,24.2
"2026-09-15 11:30:00-0300",26.79,26.81,17.72,24.2
"2026-09-15 11:31:00-0300",26.79,26.81,17.72,24.2
"2026-09-15 11:32:00-0300",26.79,26.81,17.72,24.3
"2026-09-15 11:33:00-0300",26.79,26.81,17.72,24.2
"2026-09-15 11:34:00-0300",26.79,26.81,17.72,24.2
"2026-09-15 11:35:00-0300",26.79,26.81,17.72,24.2
"2026-09-15 11:36:00-0300",26.8,26.81,17.72,24.2
"2026-09-15 11:37:00-0300",26.79,26.81,17.72,24.2
"2026-09-15 11:38:00-0300",26.79,26.81,17.72,24.2
"2026-09-15 11:39:00-0300",26.79,26.81,17.72,24.2
"2026-09-15 11:40:00-0300",26.79,26.81,17.72,24.2
"2026-09-15 11:41:00-0300",26.79,26.81,17.72,24.2
"2026-09-15 11:42:00-0300",26.79,26.81,17.72,24.1
"2026-09-15 11:43:00-0300",26.79,26.81,17.72,24.2
"2026-09-15 11:44:00-0300",26.79,26.81,17.72,24.2
"2026-09-15 11:45:00-0300",26.79,26.81,17.72,24.2
"2026-09-15 11:46:00-0300",26.79,26.81,17.72,24.2
"2026-09-15 11:47:00-0300",26.79,26.81,17.72,24.2
"2026-09-15 11:48:00-0300",26.79,26.81,17.72,24.2
"2026-09-15 11:49:00-0300",26.79,26.81,17.72,24.2
"2026-09-15 11:50:00-0300",26.79,26.81,17.72,24.2
"2026-09-15 11:51:00-0300",26.78,26.81,17.72,24.2
"2026-09-15 11:52:00-0300",26.79,26.81,17.72,24.2
"2026-09-15 11:53:00-0300",26.79,26.81,17.72,24.2
"2026-09-15 11:54:00-0300",26.79,26.81,17.72,24.1
"2026-09-15 11:55:00-0300",26.79,26.81,17.72,24.1
"2026-09-15 11:56:00-0300",26.78,26.81,17.72,24.2
"2026-09-15 11:57:00-0300",26.79,26.81,17.72,24.2
"2026-09-15 11:58:00-0300",26.79,26.81,17.66,24.2
"2026-09-15 11:59:00-0300",26.79,26.81,17.72,24
"2026-09-15 12:00:00-0300",26.79,26.81,17.72,24.1
"2026-09-15 12:01:00-0300",26.79,26.81,17.72,24.2
"2026-09-15 12:02:00-0300",26.79,26.81,17.72,24.1
"2026-09-15 12:03:00-0300",26.78,26.81,17.72,24.1
"2026-09-15 12:04:00-0300",26.79,26.81,17.72,24.1
"2026-09-15 12:05:00-0300",26.78,26.81,17.66,24.1
"2026-09-15 12:06:00-0300",26.78,26.81,17.72,24.1
"2026-09-15 12:07:00-0300",26.78,26.81,17.66,24.1
"2026-09-15 12:08:00-0300",26.78,26.81,17.72,24.1
"2026-09-15 12:09:00-0300",26.78,26.81,17.66,24.1
"2026-09-15 12:10:00-0300",26.78,26.8,17.72,24.1
"2026-09-15 12:11:00-0300",26.78,26.8,17.72,24.1
"2026-09-15 12:12:00-0300",26.78,26.8,17.72,24
"2026-09-15 12:13:00-0300",26.78,26.8,17.72,24.1
"2026-09-15 12:14:00-0300",26.77,26.8,17.72,24.1
"2026-09-15 12:15:00-0300",26.78,26.8,17.72,24.1
"2026-09-15 12:16:00-0300",26.77,26.8,17.66,24.1
"2026-09-15 12:17:00-0300",26.77,26.8,17.66,24.1
"2026-09-15 12:18:00-0300",26.77,26.8,17.72,24.1
"2026-09-15 12:19:00-0300",26.76,26.8,17.72,24.1
"2026-09-15 12:20:00-0300",26.77,26.8,17.72,24.1
"2026-09-15 12:21:00-0300",26.77,26.8,17.72,24.1
"2026-09-15 12:22:00-0300",26.76,26.8,17.66,24.1
"2026-09-15 12:23:00-0300",26.76,26.8,17.66,24.1
"2026-09-15 12:24:00-0300",26.76,26.8,17.66,24
"2026-09-15 12:25:00-0300",26.76,26.8,17.66,24.1
"2026-09-15 12:26:00-0300",26.76,26.8,17.66,24.1
"2026-09-15 12:27:00-0300",26.76,26.8,17.66,24.1
"2026-09-15 12:28:00-0300",26.75,26.8,17.72,24
"2026-09-15 12:29:00-0300",26.75,26.8,17.66,24.1
"2026-09-15 12:30:00-0300",26.75,26.8,17.66,24
"2026-09-15 12:31:00-0300",26.76,26.8,17.66,24.1
"2026-09-15 12:32:00-0300",26.75,26.8,17.62,24
"2026-09-15 12:33:00-0300",26.75,26.8,17.66,24.1
"2026-09-15 12:34:00-0300",26.74,26.79,17.66,24
"2026-09-15 12:35:00-0300",26.74,26.79,17.66,24
"2026-09-15 12:36:00-0300",26.75,26.79,17.66,24
"2026-09-15 12:37:00-0300",26.74,26.79,17.62,24
"2026-09-15 12:38:00-0300",26.74,26.79,17.62,24
"2026-09-15 12:39:00-0300",26.74,26.79,17.62,24
"2026-09-15 12:40:00-0300",26.74,26.79,17.62,24
"2026-09-15 12:41:00-0300",26.73,26.79,17.62,24
"2026-09-15 12:42:00-0300",26.73,26.79,17.62,24
"2026-09-15 12:43:00-0300",26.73,26.79,17.62,23.9
"2026-09-15 12:44:00-0300",26.73,26.79,17.62,24
"2026-09-15 12:45:00-0300",26.73,26.79,17.56,24
"2026-09-15 12:46:00-0300",26.72,26.79,17.62,23.8
"2026-09-15 12:47:00-0300",26.72,26.79,17.62,24
"2026-09-15 12:48:00-0300",26.72,26.79,17.56,24
"2026-09-15 12:49:00-0300",26.72,26.79,17.56,24
"2026-09-15 12:50:00-0300",26.72,26.79,17.56,24
"2026-09-15 12:51:00-0300",26.71,26.78,17.56,24
"2026-09-15 12:52:00-0300",26.72,26.79,17.56,24
"2026-09-15 12:53:00-0300",26.71,26.78,17.5,24
"2026-09-15 12:54:00-0300",26.71,26.78,17.5,24
"2026-09-15 12:55:00-0300",26.71,26.78,17.5,23.9
"2026-09-15 12:56:00-0300",26.71,26.78,17.5,24
"2026-09-15 12:57:00-0300",26.7,26.78,17.5,24
"2026-09-15 12:58:00-0300",26.7,26.78,17.5,24
"2026-09-15 12:59:00-0300",26.7,26.78,17.5,24
"2026-09-15 13:00:00-0300",26.7,26.78,17.5,24
"2026-09-15 13:01:00-0300",26.7,26.78,17.5,23.9
"2026-09-15 13:02:00-0300",26.7,26.78,17.5,24
"2026-09-15 13:03:00-0300",26.7,26.78,17.5,24
"2026-09-15 13:04:00-0300",26.69,26.78,17.5,24
"2026-09-15 13:05:00-0300",26.69,26.78,17.5,24
"2026-09-15 13:06:00-0300",26.69,26.78,17.5,24
"2026-09-15 13:07:00-0300",26.68,26.78,17.5,23.9
"2026-09-15 13:08:00-0300",26.68,26.78,17.5,23.9
"2026-09-15 13:09:00-0300",26.68,26.77,17.5,23.9
"2026-09-15 13:10:00-0300",26.68,26.77,17.5,23.9
"2026-09-15 13:11:00-0300",26.68,26.77,17.5,24
"2026-09-15 13:12:00-0300",26.68,26.77,17.5,24
"2026-09-15 13:13:00-0300",26.67,26.77,17.5,23.9
"2026-09-15 13:14:00-0300",26.67,26.77,17.5,23.8
"2026-09-15 13:15:00-0300",26.67,26.77,17.5,23.9
"2026-09-15 13:16:00-0300",26.67,26.77,17.5,23.9
"2026-09-15 13:17:00-0300",26.67,26.77,17.5,24
"2026-09-15 13:18:00-0300",26.67,26.77,17.5,23.9
"2026-09-15 13:19:00-0300",26.67,26.77,17.5,23.9
"2026-09-15 13:20:00-0300",26.66,26.77,17.5,23.9
"2026-09-15 13:21:00-0300",26.66,26.77,17.5,23.9
"2026-09-15 13:22:00-0300",26.65,26.77,17.5,23.9
"2026-09-15 13:23:00-0300",26.65,26.77,17.5,23.9
"2026-09-15 13:24:00-0300",26.65,26.77,17.5,23.9
"2026-09-15 13:25:00-0300",26.65,26.76,17.5,23.9
"2026-09-15 13:26:00-0300",26.65,26.76,17.5,23.9
"2026-09-15 13:27:00-0300",26.65,26.76,17.5,23.9
"2026-09-15 13:28:00-0300",26.64,26.76,17.5,23.9
"2026-09-15 13:29:00-0300",26.64,26.76,17.5,23.9
"2026-09-15 13:30:00-0300",26.64,26.76,17.5,23.9
"2026-09-15 13:31:00-0300",26.63,26.76,17.5,23.9
"2026-09-15 13:32:00-0300",26.63,26.76,17.5,23.8
"2026-09-15 13:33:00-0300",26.63,26.76,17.5,23.8
"2026-09-15 13:34:00-0300",26.63,26.76,17.5,23.8
"2026-09-15 13:35:00-0300",26.63,26.76,17.5,23.9
"2026-09-15 13:36:00-0300",26.62,26.76,17.5,23.9
"2026-09-15 13:37:00-0300",26.62,26.75,17.5,23.8
"2026-09-15 13:38:00-0300",26.62,26.75,17.5,23.8
"2026-09-15 13:39:00-0300",26.62,26.75,17.5,23.8
"2026-09-15 13:40:00-0300",26.62,26.75,17.5,23.8
"2026-09-15 13:41:00-0300",26.61,26.75,17.5,23.8
"2026-09-15 13:42:00-0300",26.61,26.75,17.5,23.8
"2026-09-15 13:43:00-0300",26.61,26.75,17.5,23.8
"2026-09-15 13:44:00-0300",26.6,26.75,17.5,23.8
"2026-09-15 13:45:00-0300",26.6,26.75,17.5,23.8
"2026-09-15 13:46:00-0300",26.6,26.75,17.46,23.8
"2026-09-15 13:47:00-0300",26.6,26.75,17.5,23.8
"2026-09-15 13:48:00-0300",26.6,26.75,17.5,23.9
"2026-09-15 13:49:00-0300",26.59,26.75,17.5,23.8
"2026-09-15 13:50:00-0300",26.59,26.75,17.46,23.8
"2026-09-15 13:51:00-0300",26.59,26.75,17.5,23.8
"2026-09-15 13:52:00-0300",26.59,26.74,17.5,23.9
"2026-09-15 13:53:00-0300",26.59,26.74,17.46,23.8
"2026-09-15 13:54:00-0300",26.58,26.74,17.46,23.8
"2026-09-15 13:55:00-0300",26.58,26.74,17.46,23.8
"2026-09-15 13:56:00-0300",26.58,26.74,17.46,23.8
"2026-09-15 13:57:00-0300",26.58,26.74,17.46,23.8
"2026-09-15 13:58:00-0300",26.57,26.74,17.46,23.8
"2026-09-15 13:59:00-0300",26.57,26.74,17.46,23.8
"2026-09-15 14:00:00-0300",26.57,26.74,17.46,23.8
"2026-09-15 14:01:00-0300",26.56,26.74,17.46,23.8
"2026-09-15 14:02:00-0300",26.57,26.74,17.46,23.8
"2026-09-15 14:03:00-0300",26.56,26.73,17.46,23.8
"2026-09-15 14:04:00-0300",26.56,26.73,17.46,23.8
"2026-09-15 14:05:00-0300",26.55,26.73,17.46,23.8
"2026-09-15 14:06:00-0300",26.55,26.73,17.46,23.8
"2026-09-15 14:07:00-0300",26.55,26.73,17.46,23.8
"2026-09-15 14:08:00-0300",26.55,26.73,17.4,23.8
"2026-09-15 14:09:00-0300",26.55,26.73,17.46,23.8
"2026-09-15 14:10:00-0300",26.54,26.73,17.4,23.8
"2026-09-15 14:11:00-0300",26.54,26.73,17.4,23.8
"2026-09-15 14:12:00-0300",26.54,26.73,17.4,23.6
"2026-09-15 14:13:00-0300",26.53,26.73,17.4,23.8
"2026-09-15 14:14:00-0300",26.53,26.73,17.4,23.7
"2026-09-15 14:15:00-0300",26.53,26.73,17.4,23.8
"2026-09-15 14:16:00-0300",26.53,26.73,17.4,23.8
"2026-09-15 14:17:00-0300",26.53,26.73,17.4,23.8
"2026-09-15 14:18:00-0300",26.53,26.73,17.4,23.8
"2026-09-15 14:19:00-0300",26.53,26.72,17.4,23.8
"2026-09-15 14:20:00-0300",26.52,26.72,17.4,23.8
"2026-09-15 14:21:00-0300",26.52,26.72,17.36,23.7
"2026-09-15 14:22:00-0300",26.52,26.72,17.36,23.8
"2026-09-15 14:23:00-0300",26.52,26.72,17.4,23.8
"2026-09-15 14:24:00-0300",26.52,26.72,17.36,23.8
"2026-09-15 14:25:00-0300",26.52,26.72,17.4,23.8
"2026-09-15 14:26:00-0300",26.52,26.72,17.36,23.7
"2026-09-15 14:27:00-0300",26.51,26.72,17.36,23.8
"2026-09-15 14:28:00-0300",26.51,26.72,17.36,23.8
"2026-09-15 14:29:00-0300",26.51,26.72,17.36,23.8
"2026-09-15 14:30:00-0300",26.51,26.72,17.36,23.8
"2026-09-15 14:31:00-0300",26.55,26.73,17.4,24
"2026-09-15 14:32:00-0300",26.55,26.73,17.4,23.8
